scenario	celltype	module	label	family	donor	group	sex	n_nuclei	score_mean_log2cpm
main	TAL	TAL_salt	TAL salt transport	primary_transport	Control1	Control	Male	439	8.42454114737273
main	TAL	TAL_salt	TAL salt transport	primary_transport	Control2	Control	Male	1235	8.69722765333582
main	TAL	TAL_salt	TAL salt transport	primary_transport	Control3	Control	Female	102	8.82627352953447
main	TAL	TAL_salt	TAL salt transport	primary_transport	Control4	Control	Male	954	8.70359451002528
main	TAL	TAL_salt	TAL salt transport	primary_transport	Control5	Control	Female	786	8.47721745866266
main	TAL	TAL_salt	TAL salt transport	primary_transport	Control6	Control	Female	633	8.7085121669707
main	TAL	TAL_salt	TAL salt transport	primary_transport	Control7	Control	Male	657	8.36421909494258
main	TAL	TAL_salt	TAL salt transport	primary_transport	UUO1	UUO	Male	323	6.58843713218585
main	TAL	TAL_salt	TAL salt transport	primary_transport	UUO2	UUO	Male	1126	6.98494624488313
main	TAL	TAL_salt	TAL salt transport	primary_transport	UUO3	UUO	Female	1620	8.15999599956502
main	TAL	TAL_salt	TAL salt transport	primary_transport	UUO4	UUO	Male	391	7.00458302459663
main	TAL	TAL_salt	TAL salt transport	primary_transport	UUO5	UUO	Male	1757	8.00084940421016
main	TAL	TAL_CaMg	TAL paracellular Ca/Mg	primary_transport	Control1	Control	Male	439	5.48639241332429
main	TAL	TAL_CaMg	TAL paracellular Ca/Mg	primary_transport	Control2	Control	Male	1235	6.26861494351078
main	TAL	TAL_CaMg	TAL paracellular Ca/Mg	primary_transport	Control3	Control	Female	102	6.66126889221277
main	TAL	TAL_CaMg	TAL paracellular Ca/Mg	primary_transport	Control4	Control	Male	954	5.37337323813998
main	TAL	TAL_CaMg	TAL paracellular Ca/Mg	primary_transport	Control5	Control	Female	786	6.30941900422471
main	TAL	TAL_CaMg	TAL paracellular Ca/Mg	primary_transport	Control6	Control	Female	633	5.64150329233529
main	TAL	TAL_CaMg	TAL paracellular Ca/Mg	primary_transport	Control7	Control	Male	657	6.09527119020023
main	TAL	TAL_CaMg	TAL paracellular Ca/Mg	primary_transport	UUO1	UUO	Male	323	6.38533543033314
main	TAL	TAL_CaMg	TAL paracellular Ca/Mg	primary_transport	UUO2	UUO	Male	1126	5.45281788651341
main	TAL	TAL_CaMg	TAL paracellular Ca/Mg	primary_transport	UUO3	UUO	Female	1620	5.62697287219759
main	TAL	TAL_CaMg	TAL paracellular Ca/Mg	primary_transport	UUO4	UUO	Male	391	5.81547777233032
main	TAL	TAL_CaMg	TAL paracellular Ca/Mg	primary_transport	UUO5	UUO	Male	1757	5.96351112437231
main	TAL	epithelial_injury	Epithelial injury	context	Control1	Control	Male	439	7.43979242365757
main	TAL	epithelial_injury	Epithelial injury	context	Control2	Control	Male	1235	7.47509113465153
main	TAL	epithelial_injury	Epithelial injury	context	Control3	Control	Female	102	7.35874305525683
main	TAL	epithelial_injury	Epithelial injury	context	Control4	Control	Male	954	6.68205225028569
main	TAL	epithelial_injury	Epithelial injury	context	Control5	Control	Female	786	6.9165811351453
main	TAL	epithelial_injury	Epithelial injury	context	Control6	Control	Female	633	6.2861442316064
main	TAL	epithelial_injury	Epithelial injury	context	Control7	Control	Male	657	7.27955317108439
main	TAL	epithelial_injury	Epithelial injury	context	UUO1	UUO	Male	323	9.85798950920901
main	TAL	epithelial_injury	Epithelial injury	context	UUO2	UUO	Male	1126	10.1863900199867
main	TAL	epithelial_injury	Epithelial injury	context	UUO3	UUO	Female	1620	9.08025864970322
main	TAL	epithelial_injury	Epithelial injury	context	UUO4	UUO	Male	391	8.96126565233676
main	TAL	epithelial_injury	Epithelial injury	context	UUO5	UUO	Male	1757	8.3043623605844
main	TAL	chemokine_adhesion	Chemokine / adhesion	context	Control1	Control	Male	439	0.446169581609758
main	TAL	chemokine_adhesion	Chemokine / adhesion	context	Control2	Control	Male	1235	0.102890125698483
main	TAL	chemokine_adhesion	Chemokine / adhesion	context	Control3	Control	Female	102	0.792344473188554
main	TAL	chemokine_adhesion	Chemokine / adhesion	context	Control4	Control	Male	954	0.362608460886375
main	TAL	chemokine_adhesion	Chemokine / adhesion	context	Control5	Control	Female	786	-0.0805364514604229
main	TAL	chemokine_adhesion	Chemokine / adhesion	context	Control6	Control	Female	633	-0.00667816078074758
main	TAL	chemokine_adhesion	Chemokine / adhesion	context	Control7	Control	Male	657	0.219842570863324
main	TAL	chemokine_adhesion	Chemokine / adhesion	context	UUO1	UUO	Male	323	2.88297906616147
main	TAL	chemokine_adhesion	Chemokine / adhesion	context	UUO2	UUO	Male	1126	2.31376656904461
main	TAL	chemokine_adhesion	Chemokine / adhesion	context	UUO3	UUO	Female	1620	1.22468511456106
main	TAL	chemokine_adhesion	Chemokine / adhesion	context	UUO4	UUO	Male	391	1.63572168580546
main	TAL	chemokine_adhesion	Chemokine / adhesion	context	UUO5	UUO	Male	1757	0.698160035509472
min10	TAL	TAL_salt	TAL salt transport	primary_transport	Control1	Control	Male	439	8.42454114737273
min10	TAL	TAL_salt	TAL salt transport	primary_transport	Control2	Control	Male	1235	8.69722765333582
min10	TAL	TAL_salt	TAL salt transport	primary_transport	Control3	Control	Female	102	8.82627352953447
min10	TAL	TAL_salt	TAL salt transport	primary_transport	Control4	Control	Male	954	8.70359451002528
min10	TAL	TAL_salt	TAL salt transport	primary_transport	Control5	Control	Female	786	8.47721745866266
min10	TAL	TAL_salt	TAL salt transport	primary_transport	Control6	Control	Female	633	8.7085121669707
min10	TAL	TAL_salt	TAL salt transport	primary_transport	Control7	Control	Male	657	8.36421909494258
min10	TAL	TAL_salt	TAL salt transport	primary_transport	UUO1	UUO	Male	323	6.58843713218585
min10	TAL	TAL_salt	TAL salt transport	primary_transport	UUO2	UUO	Male	1126	6.98494624488313
min10	TAL	TAL_salt	TAL salt transport	primary_transport	UUO3	UUO	Female	1620	8.15999599956502
min10	TAL	TAL_salt	TAL salt transport	primary_transport	UUO4	UUO	Male	391	7.00458302459663
min10	TAL	TAL_salt	TAL salt transport	primary_transport	UUO5	UUO	Male	1757	8.00084940421016
min10	TAL	TAL_CaMg	TAL paracellular Ca/Mg	primary_transport	Control1	Control	Male	439	5.48639241332429
min10	TAL	TAL_CaMg	TAL paracellular Ca/Mg	primary_transport	Control2	Control	Male	1235	6.26861494351078
min10	TAL	TAL_CaMg	TAL paracellular Ca/Mg	primary_transport	Control3	Control	Female	102	6.66126889221277
min10	TAL	TAL_CaMg	TAL paracellular Ca/Mg	primary_transport	Control4	Control	Male	954	5.37337323813998
min10	TAL	TAL_CaMg	TAL paracellular Ca/Mg	primary_transport	Control5	Control	Female	786	6.30941900422471
min10	TAL	TAL_CaMg	TAL paracellular Ca/Mg	primary_transport	Control6	Control	Female	633	5.64150329233529
min10	TAL	TAL_CaMg	TAL paracellular Ca/Mg	primary_transport	Control7	Control	Male	657	6.09527119020023
min10	TAL	TAL_CaMg	TAL paracellular Ca/Mg	primary_transport	UUO1	UUO	Male	323	6.38533543033314
min10	TAL	TAL_CaMg	TAL paracellular Ca/Mg	primary_transport	UUO2	UUO	Male	1126	5.45281788651341
min10	TAL	TAL_CaMg	TAL paracellular Ca/Mg	primary_transport	UUO3	UUO	Female	1620	5.62697287219759
min10	TAL	TAL_CaMg	TAL paracellular Ca/Mg	primary_transport	UUO4	UUO	Male	391	5.81547777233032
min10	TAL	TAL_CaMg	TAL paracellular Ca/Mg	primary_transport	UUO5	UUO	Male	1757	5.96351112437231
min10	TAL	epithelial_injury	Epithelial injury	context	Control1	Control	Male	439	7.43979242365757
min10	TAL	epithelial_injury	Epithelial injury	context	Control2	Control	Male	1235	7.47509113465153
min10	TAL	epithelial_injury	Epithelial injury	context	Control3	Control	Female	102	7.35874305525683
min10	TAL	epithelial_injury	Epithelial injury	context	Control4	Control	Male	954	6.68205225028569
min10	TAL	epithelial_injury	Epithelial injury	context	Control5	Control	Female	786	6.9165811351453
min10	TAL	epithelial_injury	Epithelial injury	context	Control6	Control	Female	633	6.2861442316064
min10	TAL	epithelial_injury	Epithelial injury	context	Control7	Control	Male	657	7.27955317108439
min10	TAL	epithelial_injury	Epithelial injury	context	UUO1	UUO	Male	323	9.85798950920901
min10	TAL	epithelial_injury	Epithelial injury	context	UUO2	UUO	Male	1126	10.1863900199867
min10	TAL	epithelial_injury	Epithelial injury	context	UUO3	UUO	Female	1620	9.08025864970322
min10	TAL	epithelial_injury	Epithelial injury	context	UUO4	UUO	Male	391	8.96126565233676
min10	TAL	epithelial_injury	Epithelial injury	context	UUO5	UUO	Male	1757	8.3043623605844
min10	TAL	chemokine_adhesion	Chemokine / adhesion	context	Control1	Control	Male	439	0.446169581609758
min10	TAL	chemokine_adhesion	Chemokine / adhesion	context	Control2	Control	Male	1235	0.102890125698483
min10	TAL	chemokine_adhesion	Chemokine / adhesion	context	Control3	Control	Female	102	0.792344473188554
min10	TAL	chemokine_adhesion	Chemokine / adhesion	context	Control4	Control	Male	954	0.362608460886375
min10	TAL	chemokine_adhesion	Chemokine / adhesion	context	Control5	Control	Female	786	-0.0805364514604229
min10	TAL	chemokine_adhesion	Chemokine / adhesion	context	Control6	Control	Female	633	-0.00667816078074758
min10	TAL	chemokine_adhesion	Chemokine / adhesion	context	Control7	Control	Male	657	0.219842570863324
min10	TAL	chemokine_adhesion	Chemokine / adhesion	context	UUO1	UUO	Male	323	2.88297906616147
min10	TAL	chemokine_adhesion	Chemokine / adhesion	context	UUO2	UUO	Male	1126	2.31376656904461
min10	TAL	chemokine_adhesion	Chemokine / adhesion	context	UUO3	UUO	Female	1620	1.22468511456106
min10	TAL	chemokine_adhesion	Chemokine / adhesion	context	UUO4	UUO	Male	391	1.63572168580546
min10	TAL	chemokine_adhesion	Chemokine / adhesion	context	UUO5	UUO	Male	1757	0.698160035509472
min50	TAL	TAL_salt	TAL salt transport	primary_transport	Control1	Control	Male	439	8.42454114737273
min50	TAL	TAL_salt	TAL salt transport	primary_transport	Control2	Control	Male	1235	8.69722765333582
min50	TAL	TAL_salt	TAL salt transport	primary_transport	Control3	Control	Female	102	8.82627352953447
min50	TAL	TAL_salt	TAL salt transport	primary_transport	Control4	Control	Male	954	8.70359451002528
min50	TAL	TAL_salt	TAL salt transport	primary_transport	Control5	Control	Female	786	8.47721745866266
min50	TAL	TAL_salt	TAL salt transport	primary_transport	Control6	Control	Female	633	8.7085121669707
min50	TAL	TAL_salt	TAL salt transport	primary_transport	Control7	Control	Male	657	8.36421909494258
min50	TAL	TAL_salt	TAL salt transport	primary_transport	UUO1	UUO	Male	323	6.58843713218585
min50	TAL	TAL_salt	TAL salt transport	primary_transport	UUO2	UUO	Male	1126	6.98494624488313
min50	TAL	TAL_salt	TAL salt transport	primary_transport	UUO3	UUO	Female	1620	8.15999599956502
min50	TAL	TAL_salt	TAL salt transport	primary_transport	UUO4	UUO	Male	391	7.00458302459663
min50	TAL	TAL_salt	TAL salt transport	primary_transport	UUO5	UUO	Male	1757	8.00084940421016
min50	TAL	TAL_CaMg	TAL paracellular Ca/Mg	primary_transport	Control1	Control	Male	439	5.48639241332429
min50	TAL	TAL_CaMg	TAL paracellular Ca/Mg	primary_transport	Control2	Control	Male	1235	6.26861494351078
min50	TAL	TAL_CaMg	TAL paracellular Ca/Mg	primary_transport	Control3	Control	Female	102	6.66126889221277
min50	TAL	TAL_CaMg	TAL paracellular Ca/Mg	primary_transport	Control4	Control	Male	954	5.37337323813998
min50	TAL	TAL_CaMg	TAL paracellular Ca/Mg	primary_transport	Control5	Control	Female	786	6.30941900422471
min50	TAL	TAL_CaMg	TAL paracellular Ca/Mg	primary_transport	Control6	Control	Female	633	5.64150329233529
min50	TAL	TAL_CaMg	TAL paracellular Ca/Mg	primary_transport	Control7	Control	Male	657	6.09527119020023
min50	TAL	TAL_CaMg	TAL paracellular Ca/Mg	primary_transport	UUO1	UUO	Male	323	6.38533543033314
min50	TAL	TAL_CaMg	TAL paracellular Ca/Mg	primary_transport	UUO2	UUO	Male	1126	5.45281788651341
min50	TAL	TAL_CaMg	TAL paracellular Ca/Mg	primary_transport	UUO3	UUO	Female	1620	5.62697287219759
min50	TAL	TAL_CaMg	TAL paracellular Ca/Mg	primary_transport	UUO4	UUO	Male	391	5.81547777233032
min50	TAL	TAL_CaMg	TAL paracellular Ca/Mg	primary_transport	UUO5	UUO	Male	1757	5.96351112437231
min50	TAL	epithelial_injury	Epithelial injury	context	Control1	Control	Male	439	7.43979242365757
min50	TAL	epithelial_injury	Epithelial injury	context	Control2	Control	Male	1235	7.47509113465153
min50	TAL	epithelial_injury	Epithelial injury	context	Control3	Control	Female	102	7.35874305525683
min50	TAL	epithelial_injury	Epithelial injury	context	Control4	Control	Male	954	6.68205225028569
min50	TAL	epithelial_injury	Epithelial injury	context	Control5	Control	Female	786	6.9165811351453
min50	TAL	epithelial_injury	Epithelial injury	context	Control6	Control	Female	633	6.2861442316064
min50	TAL	epithelial_injury	Epithelial injury	context	Control7	Control	Male	657	7.27955317108439
min50	TAL	epithelial_injury	Epithelial injury	context	UUO1	UUO	Male	323	9.85798950920901
min50	TAL	epithelial_injury	Epithelial injury	context	UUO2	UUO	Male	1126	10.1863900199867
min50	TAL	epithelial_injury	Epithelial injury	context	UUO3	UUO	Female	1620	9.08025864970322
min50	TAL	epithelial_injury	Epithelial injury	context	UUO4	UUO	Male	391	8.96126565233676
min50	TAL	epithelial_injury	Epithelial injury	context	UUO5	UUO	Male	1757	8.3043623605844
min50	TAL	chemokine_adhesion	Chemokine / adhesion	context	Control1	Control	Male	439	0.446169581609758
min50	TAL	chemokine_adhesion	Chemokine / adhesion	context	Control2	Control	Male	1235	0.102890125698483
min50	TAL	chemokine_adhesion	Chemokine / adhesion	context	Control3	Control	Female	102	0.792344473188554
min50	TAL	chemokine_adhesion	Chemokine / adhesion	context	Control4	Control	Male	954	0.362608460886375
min50	TAL	chemokine_adhesion	Chemokine / adhesion	context	Control5	Control	Female	786	-0.0805364514604229
min50	TAL	chemokine_adhesion	Chemokine / adhesion	context	Control6	Control	Female	633	-0.00667816078074758
min50	TAL	chemokine_adhesion	Chemokine / adhesion	context	Control7	Control	Male	657	0.219842570863324
min50	TAL	chemokine_adhesion	Chemokine / adhesion	context	UUO1	UUO	Male	323	2.88297906616147
min50	TAL	chemokine_adhesion	Chemokine / adhesion	context	UUO2	UUO	Male	1126	2.31376656904461
min50	TAL	chemokine_adhesion	Chemokine / adhesion	context	UUO3	UUO	Female	1620	1.22468511456106
min50	TAL	chemokine_adhesion	Chemokine / adhesion	context	UUO4	UUO	Male	391	1.63572168580546
min50	TAL	chemokine_adhesion	Chemokine / adhesion	context	UUO5	UUO	Male	1757	0.698160035509472
LODO_Control1	TAL	TAL_salt	TAL salt transport	primary_transport	Control2	Control	Male	1235	8.69588644124589
LODO_Control1	TAL	TAL_salt	TAL salt transport	primary_transport	Control3	Control	Female	102	8.82699047162337
LODO_Control1	TAL	TAL_salt	TAL salt transport	primary_transport	Control4	Control	Male	954	8.70344785754987
LODO_Control1	TAL	TAL_salt	TAL salt transport	primary_transport	Control5	Control	Female	786	8.47540507489862
LODO_Control1	TAL	TAL_salt	TAL salt transport	primary_transport	Control6	Control	Female	633	8.7064031542483
LODO_Control1	TAL	TAL_salt	TAL salt transport	primary_transport	Control7	Control	Male	657	8.36294043212266
LODO_Control1	TAL	TAL_salt	TAL salt transport	primary_transport	UUO1	UUO	Male	323	6.58546353285985
LODO_Control1	TAL	TAL_salt	TAL salt transport	primary_transport	UUO2	UUO	Male	1126	6.98252607915413
LODO_Control1	TAL	TAL_salt	TAL salt transport	primary_transport	UUO3	UUO	Female	1620	8.15890486708885
LODO_Control1	TAL	TAL_salt	TAL salt transport	primary_transport	UUO4	UUO	Male	391	7.00119180618028
LODO_Control1	TAL	TAL_salt	TAL salt transport	primary_transport	UUO5	UUO	Male	1757	7.99927355183742
LODO_Control1	TAL	TAL_CaMg	TAL paracellular Ca/Mg	primary_transport	Control2	Control	Male	1235	6.26683201796521
LODO_Control1	TAL	TAL_CaMg	TAL paracellular Ca/Mg	primary_transport	Control3	Control	Female	102	6.66122107654859
LODO_Control1	TAL	TAL_CaMg	TAL paracellular Ca/Mg	primary_transport	Control4	Control	Male	954	5.37234327238586
LODO_Control1	TAL	TAL_CaMg	TAL paracellular Ca/Mg	primary_transport	Control5	Control	Female	786	6.30746727861067
LODO_Control1	TAL	TAL_CaMg	TAL paracellular Ca/Mg	primary_transport	Control6	Control	Female	633	5.63872096285433
LODO_Control1	TAL	TAL_CaMg	TAL paracellular Ca/Mg	primary_transport	Control7	Control	Male	657	6.09318760980629
LODO_Control1	TAL	TAL_CaMg	TAL paracellular Ca/Mg	primary_transport	UUO1	UUO	Male	323	6.38395983434935
LODO_Control1	TAL	TAL_CaMg	TAL paracellular Ca/Mg	primary_transport	UUO2	UUO	Male	1126	5.45050801027408
LODO_Control1	TAL	TAL_CaMg	TAL paracellular Ca/Mg	primary_transport	UUO3	UUO	Female	1620	5.62517862973462
LODO_Control1	TAL	TAL_CaMg	TAL paracellular Ca/Mg	primary_transport	UUO4	UUO	Male	391	5.81421835037503
LODO_Control1	TAL	TAL_CaMg	TAL paracellular Ca/Mg	primary_transport	UUO5	UUO	Male	1757	5.961513628881
LODO_Control1	TAL	epithelial_injury	Epithelial injury	context	Control2	Control	Male	1235	7.47395528302914
LODO_Control1	TAL	epithelial_injury	Epithelial injury	context	Control3	Control	Female	102	7.35941440305496
LODO_Control1	TAL	epithelial_injury	Epithelial injury	context	Control4	Control	Male	954	6.68179023997882
LODO_Control1	TAL	epithelial_injury	Epithelial injury	context	Control5	Control	Female	786	6.91487300923091
LODO_Control1	TAL	epithelial_injury	Epithelial injury	context	Control6	Control	Female	633	6.28369129461077
LODO_Control1	TAL	epithelial_injury	Epithelial injury	context	Control7	Control	Male	657	7.27838045227663
LODO_Control1	TAL	epithelial_injury	Epithelial injury	context	UUO1	UUO	Male	323	9.85714405975824
LODO_Control1	TAL	epithelial_injury	Epithelial injury	context	UUO2	UUO	Male	1126	10.1859716162884
LODO_Control1	TAL	epithelial_injury	Epithelial injury	context	UUO3	UUO	Female	1620	9.07970072864746
LODO_Control1	TAL	epithelial_injury	Epithelial injury	context	UUO4	UUO	Male	391	8.96159480907999
LODO_Control1	TAL	epithelial_injury	Epithelial injury	context	UUO5	UUO	Male	1757	8.30320382741747
LODO_Control1	TAL	chemokine_adhesion	Chemokine / adhesion	context	Control2	Control	Male	1235	0.0713238135971902
LODO_Control1	TAL	chemokine_adhesion	Chemokine / adhesion	context	Control3	Control	Female	102	0.76207720918614
LODO_Control1	TAL	chemokine_adhesion	Chemokine / adhesion	context	Control4	Control	Male	954	0.334138903036999
LODO_Control1	TAL	chemokine_adhesion	Chemokine / adhesion	context	Control5	Control	Female	786	-0.11656502073291
LODO_Control1	TAL	chemokine_adhesion	Chemokine / adhesion	context	Control6	Control	Female	633	-0.0396589989246477
LODO_Control1	TAL	chemokine_adhesion	Chemokine / adhesion	context	Control7	Control	Male	657	0.190552647255853
LODO_Control1	TAL	chemokine_adhesion	Chemokine / adhesion	context	UUO1	UUO	Male	323	2.87764969311604
LODO_Control1	TAL	chemokine_adhesion	Chemokine / adhesion	context	UUO2	UUO	Male	1126	2.30612882515079
LODO_Control1	TAL	chemokine_adhesion	Chemokine / adhesion	context	UUO3	UUO	Female	1620	1.20813563538071
LODO_Control1	TAL	chemokine_adhesion	Chemokine / adhesion	context	UUO4	UUO	Male	391	1.62456348613321
LODO_Control1	TAL	chemokine_adhesion	Chemokine / adhesion	context	UUO5	UUO	Male	1757	0.677287216173854
LODO_Control2	TAL	TAL_salt	TAL salt transport	primary_transport	Control1	Control	Male	439	8.43070752974734
LODO_Control2	TAL	TAL_salt	TAL salt transport	primary_transport	Control3	Control	Female	102	8.83550623691753
LODO_Control2	TAL	TAL_salt	TAL salt transport	primary_transport	Control4	Control	Male	954	8.70982960781566
LODO_Control2	TAL	TAL_salt	TAL salt transport	primary_transport	Control5	Control	Female	786	8.48233923244789
LODO_Control2	TAL	TAL_salt	TAL salt transport	primary_transport	Control6	Control	Female	633	8.71292712058951
LODO_Control2	TAL	TAL_salt	TAL salt transport	primary_transport	Control7	Control	Male	657	8.37021652260889
LODO_Control2	TAL	TAL_salt	TAL salt transport	primary_transport	UUO1	UUO	Male	323	6.59705838185413
LODO_Control2	TAL	TAL_salt	TAL salt transport	primary_transport	UUO2	UUO	Male	1126	6.99209582957617
LODO_Control2	TAL	TAL_salt	TAL salt transport	primary_transport	UUO3	UUO	Female	1620	8.16737945302623
LODO_Control2	TAL	TAL_salt	TAL salt transport	primary_transport	UUO4	UUO	Male	391	7.01495875976349
LODO_Control2	TAL	TAL_salt	TAL salt transport	primary_transport	UUO5	UUO	Male	1757	8.00714493596531
LODO_Control2	TAL	TAL_CaMg	TAL paracellular Ca/Mg	primary_transport	Control1	Control	Male	439	5.49381521876964
LODO_Control2	TAL	TAL_CaMg	TAL paracellular Ca/Mg	primary_transport	Control3	Control	Female	102	6.67119844983594
LODO_Control2	TAL	TAL_CaMg	TAL paracellular Ca/Mg	primary_transport	Control4	Control	Male	954	5.38049135728733
LODO_Control2	TAL	TAL_CaMg	TAL paracellular Ca/Mg	primary_transport	Control5	Control	Female	786	6.31468971745337
LODO_Control2	TAL	TAL_CaMg	TAL paracellular Ca/Mg	primary_transport	Control6	Control	Female	633	5.64665262199454
LODO_Control2	TAL	TAL_CaMg	TAL paracellular Ca/Mg	primary_transport	Control7	Control	Male	657	6.10209851246042
LODO_Control2	TAL	TAL_CaMg	TAL paracellular Ca/Mg	primary_transport	UUO1	UUO	Male	323	6.39235514462716
LODO_Control2	TAL	TAL_CaMg	TAL paracellular Ca/Mg	primary_transport	UUO2	UUO	Male	1126	5.45986314045731
LODO_Control2	TAL	TAL_CaMg	TAL paracellular Ca/Mg	primary_transport	UUO3	UUO	Female	1620	5.63505531310507
LODO_Control2	TAL	TAL_CaMg	TAL paracellular Ca/Mg	primary_transport	UUO4	UUO	Male	391	5.82381558912438
LODO_Control2	TAL	TAL_CaMg	TAL paracellular Ca/Mg	primary_transport	UUO5	UUO	Male	1757	5.9702418812436
LODO_Control2	TAL	epithelial_injury	Epithelial injury	context	Control1	Control	Male	439	7.44575939526105
LODO_Control2	TAL	epithelial_injury	Epithelial injury	context	Control3	Control	Female	102	7.3680173969479
LODO_Control2	TAL	epithelial_injury	Epithelial injury	context	Control4	Control	Male	954	6.68840288700334
LODO_Control2	TAL	epithelial_injury	Epithelial injury	context	Control5	Control	Female	786	6.92159210005209
LODO_Control2	TAL	epithelial_injury	Epithelial injury	context	Control6	Control	Female	633	6.29093432034136
LODO_Control2	TAL	epithelial_injury	Epithelial injury	context	Control7	Control	Male	657	7.28544139742017
LODO_Control2	TAL	epithelial_injury	Epithelial injury	context	UUO1	UUO	Male	323	9.86447381337846
LODO_Control2	TAL	epithelial_injury	Epithelial injury	context	UUO2	UUO	Male	1126	10.1914844194899
LODO_Control2	TAL	epithelial_injury	Epithelial injury	context	UUO3	UUO	Female	1620	9.08711266946118
LODO_Control2	TAL	epithelial_injury	Epithelial injury	context	UUO4	UUO	Male	391	8.96805437500742
LODO_Control2	TAL	epithelial_injury	Epithelial injury	context	UUO5	UUO	Male	1757	8.31022764880796
LODO_Control2	TAL	chemokine_adhesion	Chemokine / adhesion	context	Control1	Control	Male	439	0.478313956053954
LODO_Control2	TAL	chemokine_adhesion	Chemokine / adhesion	context	Control3	Control	Female	102	0.829046790430417
LODO_Control2	TAL	chemokine_adhesion	Chemokine / adhesion	context	Control4	Control	Male	954	0.396514955202864
LODO_Control2	TAL	chemokine_adhesion	Chemokine / adhesion	context	Control5	Control	Female	786	-0.0398868507837291
LODO_Control2	TAL	chemokine_adhesion	Chemokine / adhesion	context	Control6	Control	Female	633	0.0306523337806732
LODO_Control2	TAL	chemokine_adhesion	Chemokine / adhesion	context	Control7	Control	Male	657	0.254116044548739
LODO_Control2	TAL	chemokine_adhesion	Chemokine / adhesion	context	UUO1	UUO	Male	323	2.89397833245437
LODO_Control2	TAL	chemokine_adhesion	Chemokine / adhesion	context	UUO2	UUO	Male	1126	2.32627563576558
LODO_Control2	TAL	chemokine_adhesion	Chemokine / adhesion	context	UUO3	UUO	Female	1620	1.24723347160716
LODO_Control2	TAL	chemokine_adhesion	Chemokine / adhesion	context	UUO4	UUO	Male	391	1.65363255138505
LODO_Control2	TAL	chemokine_adhesion	Chemokine / adhesion	context	UUO5	UUO	Male	1757	0.724074792885113
LODO_Control3	TAL	TAL_salt	TAL salt transport	primary_transport	Control1	Control	Male	439	8.42434843954106
LODO_Control3	TAL	TAL_salt	TAL salt transport	primary_transport	Control2	Control	Male	1235	8.69665866052307
LODO_Control3	TAL	TAL_salt	TAL salt transport	primary_transport	Control4	Control	Male	954	8.70514350036545
LODO_Control3	TAL	TAL_salt	TAL salt transport	primary_transport	Control5	Control	Female	786	8.4749305189988
LODO_Control3	TAL	TAL_salt	TAL salt transport	primary_transport	Control6	Control	Female	633	8.70845848158012
LODO_Control3	TAL	TAL_salt	TAL salt transport	primary_transport	Control7	Control	Male	657	8.36341561421003
LODO_Control3	TAL	TAL_salt	TAL salt transport	primary_transport	UUO1	UUO	Male	323	6.58375288294372
LODO_Control3	TAL	TAL_salt	TAL salt transport	primary_transport	UUO2	UUO	Male	1126	6.97977417937472
LODO_Control3	TAL	TAL_salt	TAL salt transport	primary_transport	UUO3	UUO	Female	1620	8.16036506395507
LODO_Control3	TAL	TAL_salt	TAL salt transport	primary_transport	UUO4	UUO	Male	391	6.9972199897507
LODO_Control3	TAL	TAL_salt	TAL salt transport	primary_transport	UUO5	UUO	Male	1757	8.00076332511522
LODO_Control3	TAL	TAL_CaMg	TAL paracellular Ca/Mg	primary_transport	Control1	Control	Male	439	5.48311279310562
LODO_Control3	TAL	TAL_CaMg	TAL paracellular Ca/Mg	primary_transport	Control2	Control	Male	1235	6.26693542438751
LODO_Control3	TAL	TAL_CaMg	TAL paracellular Ca/Mg	primary_transport	Control4	Control	Male	954	5.37271937862524
LODO_Control3	TAL	TAL_CaMg	TAL paracellular Ca/Mg	primary_transport	Control5	Control	Female	786	6.30678377275861
LODO_Control3	TAL	TAL_CaMg	TAL paracellular Ca/Mg	primary_transport	Control6	Control	Female	633	5.63971784902763
LODO_Control3	TAL	TAL_CaMg	TAL paracellular Ca/Mg	primary_transport	Control7	Control	Male	657	6.09244932483829
LODO_Control3	TAL	TAL_CaMg	TAL paracellular Ca/Mg	primary_transport	UUO1	UUO	Male	323	6.38469203090339
LODO_Control3	TAL	TAL_CaMg	TAL paracellular Ca/Mg	primary_transport	UUO2	UUO	Male	1126	5.44793537689031
LODO_Control3	TAL	TAL_CaMg	TAL paracellular Ca/Mg	primary_transport	UUO3	UUO	Female	1620	5.62556972324292
LODO_Control3	TAL	TAL_CaMg	TAL paracellular Ca/Mg	primary_transport	UUO4	UUO	Male	391	5.81347746287841
LODO_Control3	TAL	TAL_CaMg	TAL paracellular Ca/Mg	primary_transport	UUO5	UUO	Male	1757	5.96235493106776
LODO_Control3	TAL	epithelial_injury	Epithelial injury	context	Control1	Control	Male	439	7.44008956274924
LODO_Control3	TAL	epithelial_injury	Epithelial injury	context	Control2	Control	Male	1235	7.47503919687448
LODO_Control3	TAL	epithelial_injury	Epithelial injury	context	Control4	Control	Male	954	6.68331396374895
LODO_Control3	TAL	epithelial_injury	Epithelial injury	context	Control5	Control	Female	786	6.91455587172909
LODO_Control3	TAL	epithelial_injury	Epithelial injury	context	Control6	Control	Female	633	6.2852060186344
LODO_Control3	TAL	epithelial_injury	Epithelial injury	context	Control7	Control	Male	657	7.27901540598779
LODO_Control3	TAL	epithelial_injury	Epithelial injury	context	UUO1	UUO	Male	323	9.85867887531074
LODO_Control3	TAL	epithelial_injury	Epithelial injury	context	UUO2	UUO	Male	1126	10.1861872481856
LODO_Control3	TAL	epithelial_injury	Epithelial injury	context	UUO3	UUO	Female	1620	9.08197295903007
LODO_Control3	TAL	epithelial_injury	Epithelial injury	context	UUO4	UUO	Male	391	8.96320164980733
LODO_Control3	TAL	epithelial_injury	Epithelial injury	context	UUO5	UUO	Male	1757	8.30533639159266
LODO_Control3	TAL	chemokine_adhesion	Chemokine / adhesion	context	Control1	Control	Male	439	0.379726708411345
LODO_Control3	TAL	chemokine_adhesion	Chemokine / adhesion	context	Control2	Control	Male	1235	0.0249360842745646
LODO_Control3	TAL	chemokine_adhesion	Chemokine / adhesion	context	Control4	Control	Male	954	0.292251288592405
LODO_Control3	TAL	chemokine_adhesion	Chemokine / adhesion	context	Control5	Control	Female	786	-0.170248174859683
LODO_Control3	TAL	chemokine_adhesion	Chemokine / adhesion	context	Control6	Control	Female	633	-0.0875551888638905
LODO_Control3	TAL	chemokine_adhesion	Chemokine / adhesion	context	Control7	Control	Male	657	0.147642072767634
LODO_Control3	TAL	chemokine_adhesion	Chemokine / adhesion	context	UUO1	UUO	Male	323	2.8723705460793
LODO_Control3	TAL	chemokine_adhesion	Chemokine / adhesion	context	UUO2	UUO	Male	1126	2.29564677780002
LODO_Control3	TAL	chemokine_adhesion	Chemokine / adhesion	context	UUO3	UUO	Female	1620	1.18568460748063
LODO_Control3	TAL	chemokine_adhesion	Chemokine / adhesion	context	UUO4	UUO	Male	391	1.60903863299944
LODO_Control3	TAL	chemokine_adhesion	Chemokine / adhesion	context	UUO5	UUO	Male	1757	0.648519181201688
LODO_Control4	TAL	TAL_salt	TAL salt transport	primary_transport	Control1	Control	Male	439	8.41894500174451
LODO_Control4	TAL	TAL_salt	TAL salt transport	primary_transport	Control2	Control	Male	1235	8.6913400343193
LODO_Control4	TAL	TAL_salt	TAL salt transport	primary_transport	Control3	Control	Female	102	8.82758038854475
LODO_Control4	TAL	TAL_salt	TAL salt transport	primary_transport	Control5	Control	Female	786	8.47086887936715
LODO_Control4	TAL	TAL_salt	TAL salt transport	primary_transport	Control6	Control	Female	633	8.70280270355199
LODO_Control4	TAL	TAL_salt	TAL salt transport	primary_transport	Control7	Control	Male	657	8.35885154605636
LODO_Control4	TAL	TAL_salt	TAL salt transport	primary_transport	UUO1	UUO	Male	323	6.58565863477001
LODO_Control4	TAL	TAL_salt	TAL salt transport	primary_transport	UUO2	UUO	Male	1126	6.97986497203335
LODO_Control4	TAL	TAL_salt	TAL salt transport	primary_transport	UUO3	UUO	Female	1620	8.15605419271923
LODO_Control4	TAL	TAL_salt	TAL salt transport	primary_transport	UUO4	UUO	Male	391	7.00251182417369
LODO_Control4	TAL	TAL_salt	TAL salt transport	primary_transport	UUO5	UUO	Male	1757	7.99597108224974
LODO_Control4	TAL	TAL_CaMg	TAL paracellular Ca/Mg	primary_transport	Control1	Control	Male	439	5.4812932570748
LODO_Control4	TAL	TAL_CaMg	TAL paracellular Ca/Mg	primary_transport	Control2	Control	Male	1235	6.26291020519134
LODO_Control4	TAL	TAL_CaMg	TAL paracellular Ca/Mg	primary_transport	Control3	Control	Female	102	6.66275276766163
LODO_Control4	TAL	TAL_CaMg	TAL paracellular Ca/Mg	primary_transport	Control5	Control	Female	786	6.30313038909424
LODO_Control4	TAL	TAL_CaMg	TAL paracellular Ca/Mg	primary_transport	Control6	Control	Female	633	5.63607454711943
LODO_Control4	TAL	TAL_CaMg	TAL paracellular Ca/Mg	primary_transport	Control7	Control	Male	657	6.09022617609195
LODO_Control4	TAL	TAL_CaMg	TAL paracellular Ca/Mg	primary_transport	UUO1	UUO	Male	323	6.38199485881106
LODO_Control4	TAL	TAL_CaMg	TAL paracellular Ca/Mg	primary_transport	UUO2	UUO	Male	1126	5.44769453038974
LODO_Control4	TAL	TAL_CaMg	TAL paracellular Ca/Mg	primary_transport	UUO3	UUO	Female	1620	5.62328799712949
LODO_Control4	TAL	TAL_CaMg	TAL paracellular Ca/Mg	primary_transport	UUO4	UUO	Male	391	5.81269282889161
LODO_Control4	TAL	TAL_CaMg	TAL paracellular Ca/Mg	primary_transport	UUO5	UUO	Male	1757	5.9587981196084
LODO_Control4	TAL	epithelial_injury	Epithelial injury	context	Control1	Control	Male	439	7.43411740168176
LODO_Control4	TAL	epithelial_injury	Epithelial injury	context	Control2	Control	Male	1235	7.46911860642207
LODO_Control4	TAL	epithelial_injury	Epithelial injury	context	Control3	Control	Female	102	7.36006048235407
LODO_Control4	TAL	epithelial_injury	Epithelial injury	context	Control5	Control	Female	786	6.91018786536486
LODO_Control4	TAL	epithelial_injury	Epithelial injury	context	Control6	Control	Female	633	6.28057816234028
LODO_Control4	TAL	epithelial_injury	Epithelial injury	context	Control7	Control	Male	657	7.2741431779407
LODO_Control4	TAL	epithelial_injury	Epithelial injury	context	UUO1	UUO	Male	323	9.85446149862233
LODO_Control4	TAL	epithelial_injury	Epithelial injury	context	UUO2	UUO	Male	1126	10.1805009399172
LODO_Control4	TAL	epithelial_injury	Epithelial injury	context	UUO3	UUO	Female	1620	9.07612215984618
LODO_Control4	TAL	epithelial_injury	Epithelial injury	context	UUO4	UUO	Male	391	8.95794160497825
LODO_Control4	TAL	epithelial_injury	Epithelial injury	context	UUO5	UUO	Male	1757	8.29932055175307
LODO_Control4	TAL	chemokine_adhesion	Chemokine / adhesion	context	Control1	Control	Male	439	0.450914213761377
LODO_Control4	TAL	chemokine_adhesion	Chemokine / adhesion	context	Control2	Control	Male	1235	0.109312475952053
LODO_Control4	TAL	chemokine_adhesion	Chemokine / adhesion	context	Control3	Control	Female	102	0.800696527822612
LODO_Control4	TAL	chemokine_adhesion	Chemokine / adhesion	context	Control5	Control	Female	786	-0.0724549180925398
LODO_Control4	TAL	chemokine_adhesion	Chemokine / adhesion	context	Control6	Control	Female	633	0.000285525032469647
LODO_Control4	TAL	chemokine_adhesion	Chemokine / adhesion	context	Control7	Control	Male	657	0.22553564094461
LODO_Control4	TAL	chemokine_adhesion	Chemokine / adhesion	context	UUO1	UUO	Male	323	2.88103321221595
LODO_Control4	TAL	chemokine_adhesion	Chemokine / adhesion	context	UUO2	UUO	Male	1126	2.31079156316479
LODO_Control4	TAL	chemokine_adhesion	Chemokine / adhesion	context	UUO3	UUO	Female	1620	1.22634076282344
LODO_Control4	TAL	chemokine_adhesion	Chemokine / adhesion	context	UUO4	UUO	Male	391	1.63627713634879
LODO_Control4	TAL	chemokine_adhesion	Chemokine / adhesion	context	UUO5	UUO	Male	1757	0.700769203854716
LODO_Control5	TAL	TAL_salt	TAL salt transport	primary_transport	Control1	Control	Male	439	8.42591690899415
LODO_Control5	TAL	TAL_salt	TAL salt transport	primary_transport	Control2	Control	Male	1235	8.69936579228777
LODO_Control5	TAL	TAL_salt	TAL salt transport	primary_transport	Control3	Control	Female	102	8.82533658652853
LODO_Control5	TAL	TAL_salt	TAL salt transport	primary_transport	Control4	Control	Male	954	8.72461324909158
LODO_Control5	TAL	TAL_salt	TAL salt transport	primary_transport	Control6	Control	Female	633	8.69291310818655
LODO_Control5	TAL	TAL_salt	TAL salt transport	primary_transport	Control7	Control	Male	657	8.38045886969968
LODO_Control5	TAL	TAL_salt	TAL salt transport	primary_transport	UUO1	UUO	Male	323	6.5832308301492
LODO_Control5	TAL	TAL_salt	TAL salt transport	primary_transport	UUO2	UUO	Male	1126	6.97819233661247
LODO_Control5	TAL	TAL_salt	TAL salt transport	primary_transport	UUO3	UUO	Female	1620	8.15046028978094
LODO_Control5	TAL	TAL_salt	TAL salt transport	primary_transport	UUO4	UUO	Male	391	7.01467611596548
LODO_Control5	TAL	TAL_salt	TAL salt transport	primary_transport	UUO5	UUO	Male	1757	8.01209410524963
LODO_Control5	TAL	TAL_CaMg	TAL paracellular Ca/Mg	primary_transport	Control1	Control	Male	439	5.48682946962945
LODO_Control5	TAL	TAL_CaMg	TAL paracellular Ca/Mg	primary_transport	Control2	Control	Male	1235	6.27040602228308
LODO_Control5	TAL	TAL_CaMg	TAL paracellular Ca/Mg	primary_transport	Control3	Control	Female	102	6.6598100698868
LODO_Control5	TAL	TAL_CaMg	TAL paracellular Ca/Mg	primary_transport	Control4	Control	Male	954	5.39334429199906
LODO_Control5	TAL	TAL_CaMg	TAL paracellular Ca/Mg	primary_transport	Control6	Control	Female	633	5.62564793765017
LODO_Control5	TAL	TAL_CaMg	TAL paracellular Ca/Mg	primary_transport	Control7	Control	Male	657	6.11061917331786
LODO_Control5	TAL	TAL_CaMg	TAL paracellular Ca/Mg	primary_transport	UUO1	UUO	Male	323	6.3811505435964
LODO_Control5	TAL	TAL_CaMg	TAL paracellular Ca/Mg	primary_transport	UUO2	UUO	Male	1126	5.44612847348558
LODO_Control5	TAL	TAL_CaMg	TAL paracellular Ca/Mg	primary_transport	UUO3	UUO	Female	1620	5.61707691427305
LODO_Control5	TAL	TAL_CaMg	TAL paracellular Ca/Mg	primary_transport	UUO4	UUO	Male	391	5.82773821037127
LODO_Control5	TAL	TAL_CaMg	TAL paracellular Ca/Mg	primary_transport	UUO5	UUO	Male	1757	5.97433396436402
LODO_Control5	TAL	epithelial_injury	Epithelial injury	context	Control1	Control	Male	439	7.44131715702401
LODO_Control5	TAL	epithelial_injury	Epithelial injury	context	Control2	Control	Male	1235	7.47739059488418
LODO_Control5	TAL	epithelial_injury	Epithelial injury	context	Control3	Control	Female	102	7.3577749871753
LODO_Control5	TAL	epithelial_injury	Epithelial injury	context	Control4	Control	Male	954	6.70293418927185
LODO_Control5	TAL	epithelial_injury	Epithelial injury	context	Control6	Control	Female	633	6.27041425683649
LODO_Control5	TAL	epithelial_injury	Epithelial injury	context	Control7	Control	Male	657	7.29591032601334
LODO_Control5	TAL	epithelial_injury	Epithelial injury	context	UUO1	UUO	Male	323	9.85414395093948
LODO_Control5	TAL	epithelial_injury	Epithelial injury	context	UUO2	UUO	Male	1126	10.1808254418627
LODO_Control5	TAL	epithelial_injury	Epithelial injury	context	UUO3	UUO	Female	1620	9.0709960558738
LODO_Control5	TAL	epithelial_injury	Epithelial injury	context	UUO4	UUO	Male	391	8.97514088992449
LODO_Control5	TAL	epithelial_injury	Epithelial injury	context	UUO5	UUO	Male	1757	8.31602459665222
LODO_Control5	TAL	chemokine_adhesion	Chemokine / adhesion	context	Control1	Control	Male	439	0.427774959217001
LODO_Control5	TAL	chemokine_adhesion	Chemokine / adhesion	context	Control2	Control	Male	1235	0.0813398672626666
LODO_Control5	TAL	chemokine_adhesion	Chemokine / adhesion	context	Control3	Control	Female	102	0.770361641448552
LODO_Control5	TAL	chemokine_adhesion	Chemokine / adhesion	context	Control4	Control	Male	954	0.349960154372867
LODO_Control5	TAL	chemokine_adhesion	Chemokine / adhesion	context	Control6	Control	Female	633	-0.0339485070814647
LODO_Control5	TAL	chemokine_adhesion	Chemokine / adhesion	context	Control7	Control	Male	657	0.205012117024586
LODO_Control5	TAL	chemokine_adhesion	Chemokine / adhesion	context	UUO1	UUO	Male	323	2.87626503957409
LODO_Control5	TAL	chemokine_adhesion	Chemokine / adhesion	context	UUO2	UUO	Male	1126	2.30391237237785
LODO_Control5	TAL	chemokine_adhesion	Chemokine / adhesion	context	UUO3	UUO	Female	1620	1.20725505359371
LODO_Control5	TAL	chemokine_adhesion	Chemokine / adhesion	context	UUO4	UUO	Male	391	1.63791925564611
LODO_Control5	TAL	chemokine_adhesion	Chemokine / adhesion	context	UUO5	UUO	Male	1757	0.690097720336162
LODO_Control6	TAL	TAL_salt	TAL salt transport	primary_transport	Control1	Control	Male	439	8.41919663938058
LODO_Control6	TAL	TAL_salt	TAL salt transport	primary_transport	Control2	Control	Male	1235	8.69169947372144
LODO_Control6	TAL	TAL_salt	TAL salt transport	primary_transport	Control3	Control	Female	102	8.82400294513287
LODO_Control6	TAL	TAL_salt	TAL salt transport	primary_transport	Control4	Control	Male	954	8.69945071799279
LODO_Control6	TAL	TAL_salt	TAL salt transport	primary_transport	Control5	Control	Female	786	8.47043746741948
LODO_Control6	TAL	TAL_salt	TAL salt transport	primary_transport	Control7	Control	Male	657	8.35860330945703
LODO_Control6	TAL	TAL_salt	TAL salt transport	primary_transport	UUO1	UUO	Male	323	6.58022421648329
LODO_Control6	TAL	TAL_salt	TAL salt transport	primary_transport	UUO2	UUO	Male	1126	6.9762701386676
LODO_Control6	TAL	TAL_salt	TAL salt transport	primary_transport	UUO3	UUO	Female	1620	8.15512646048828
LODO_Control6	TAL	TAL_salt	TAL salt transport	primary_transport	UUO4	UUO	Male	391	6.99752540720812
LODO_Control6	TAL	TAL_salt	TAL salt transport	primary_transport	UUO5	UUO	Male	1757	7.99482017763297
LODO_Control6	TAL	TAL_CaMg	TAL paracellular Ca/Mg	primary_transport	Control1	Control	Male	439	5.48015535732091
LODO_Control6	TAL	TAL_CaMg	TAL paracellular Ca/Mg	primary_transport	Control2	Control	Male	1235	6.26276602257448
LODO_Control6	TAL	TAL_CaMg	TAL paracellular Ca/Mg	primary_transport	Control3	Control	Female	102	6.6584131455613
LODO_Control6	TAL	TAL_CaMg	TAL paracellular Ca/Mg	primary_transport	Control4	Control	Male	954	5.36857771348919
LODO_Control6	TAL	TAL_CaMg	TAL paracellular Ca/Mg	primary_transport	Control5	Control	Female	786	6.30254077380377
LODO_Control6	TAL	TAL_CaMg	TAL paracellular Ca/Mg	primary_transport	Control7	Control	Male	657	6.08907348608564
LODO_Control6	TAL	TAL_CaMg	TAL paracellular Ca/Mg	primary_transport	UUO1	UUO	Male	323	6.37822397650551
LODO_Control6	TAL	TAL_CaMg	TAL paracellular Ca/Mg	primary_transport	UUO2	UUO	Male	1126	5.44421466006092
LODO_Control6	TAL	TAL_CaMg	TAL paracellular Ca/Mg	primary_transport	UUO3	UUO	Female	1620	5.62158506661892
LODO_Control6	TAL	TAL_CaMg	TAL paracellular Ca/Mg	primary_transport	UUO4	UUO	Male	391	5.80996153734196
LODO_Control6	TAL	TAL_CaMg	TAL paracellular Ca/Mg	primary_transport	UUO5	UUO	Male	1757	5.95717897558636
LODO_Control6	TAL	epithelial_injury	Epithelial injury	context	Control1	Control	Male	439	7.43458956255053
LODO_Control6	TAL	epithelial_injury	Epithelial injury	context	Control2	Control	Male	1235	7.46971203420141
LODO_Control6	TAL	epithelial_injury	Epithelial injury	context	Control3	Control	Female	102	7.35643757478139
LODO_Control6	TAL	epithelial_injury	Epithelial injury	context	Control4	Control	Male	954	6.67782332289784
LODO_Control6	TAL	epithelial_injury	Epithelial injury	context	Control5	Control	Female	786	6.90987458851489
LODO_Control6	TAL	epithelial_injury	Epithelial injury	context	Control7	Control	Male	657	7.27401397540653
LODO_Control6	TAL	epithelial_injury	Epithelial injury	context	UUO1	UUO	Male	323	9.8512439062853
LODO_Control6	TAL	epithelial_injury	Epithelial injury	context	UUO2	UUO	Male	1126	10.1790538830754
LODO_Control6	TAL	epithelial_injury	Epithelial injury	context	UUO3	UUO	Female	1620	9.07578208003894
LODO_Control6	TAL	epithelial_injury	Epithelial injury	context	UUO4	UUO	Male	391	8.95690123508739
LODO_Control6	TAL	epithelial_injury	Epithelial injury	context	UUO5	UUO	Male	1757	8.29863289965308
LODO_Control6	TAL	chemokine_adhesion	Chemokine / adhesion	context	Control1	Control	Male	439	0.422034266381661
LODO_Control6	TAL	chemokine_adhesion	Chemokine / adhesion	context	Control2	Control	Male	1235	0.0754852398667469
LODO_Control6	TAL	chemokine_adhesion	Chemokine / adhesion	context	Control3	Control	Female	102	0.766447465195122
LODO_Control6	TAL	chemokine_adhesion	Chemokine / adhesion	context	Control4	Control	Male	954	0.337631296233858
LODO_Control6	TAL	chemokine_adhesion	Chemokine / adhesion	context	Control5	Control	Female	786	-0.111337950998587
LODO_Control6	TAL	chemokine_adhesion	Chemokine / adhesion	context	Control7	Control	Male	657	0.194035400369349
LODO_Control6	TAL	chemokine_adhesion	Chemokine / adhesion	context	UUO1	UUO	Male	323	2.87314056098053
LODO_Control6	TAL	chemokine_adhesion	Chemokine / adhesion	context	UUO2	UUO	Male	1126	2.30159755989384
LODO_Control6	TAL	chemokine_adhesion	Chemokine / adhesion	context	UUO3	UUO	Female	1620	1.20844130734811
LODO_Control6	TAL	chemokine_adhesion	Chemokine / adhesion	context	UUO4	UUO	Male	391	1.62303655923117
LODO_Control6	TAL	chemokine_adhesion	Chemokine / adhesion	context	UUO5	UUO	Male	1757	0.678296668187442
LODO_Control7	TAL	TAL_salt	TAL salt transport	primary_transport	Control1	Control	Male	439	8.43928245900958
LODO_Control7	TAL	TAL_salt	TAL salt transport	primary_transport	Control2	Control	Male	1235	8.71727783343526
LODO_Control7	TAL	TAL_salt	TAL salt transport	primary_transport	Control3	Control	Female	102	8.80827373895206
LODO_Control7	TAL	TAL_salt	TAL salt transport	primary_transport	Control4	Control	Male	954	8.73092702571328
LODO_Control7	TAL	TAL_salt	TAL salt transport	primary_transport	Control5	Control	Female	786	8.49541437406683
LODO_Control7	TAL	TAL_salt	TAL salt transport	primary_transport	Control6	Control	Female	633	8.69734277357408
LODO_Control7	TAL	TAL_salt	TAL salt transport	primary_transport	UUO1	UUO	Male	323	6.59028669426851
LODO_Control7	TAL	TAL_salt	TAL salt transport	primary_transport	UUO2	UUO	Male	1126	6.97378631799433
LODO_Control7	TAL	TAL_salt	TAL salt transport	primary_transport	UUO3	UUO	Female	1620	8.15577453276505
LODO_Control7	TAL	TAL_salt	TAL salt transport	primary_transport	UUO4	UUO	Male	391	7.02086136717018
LODO_Control7	TAL	TAL_salt	TAL salt transport	primary_transport	UUO5	UUO	Male	1757	8.0136046631466
LODO_Control7	TAL	TAL_CaMg	TAL paracellular Ca/Mg	primary_transport	Control1	Control	Male	439	5.49970151983102
LODO_Control7	TAL	TAL_CaMg	TAL paracellular Ca/Mg	primary_transport	Control2	Control	Male	1235	6.28809425468587
LODO_Control7	TAL	TAL_CaMg	TAL paracellular Ca/Mg	primary_transport	Control3	Control	Female	102	6.64296503511538
LODO_Control7	TAL	TAL_CaMg	TAL paracellular Ca/Mg	primary_transport	Control4	Control	Male	954	5.39945244912556
LODO_Control7	TAL	TAL_CaMg	TAL paracellular Ca/Mg	primary_transport	Control5	Control	Female	786	6.32743985281764
LODO_Control7	TAL	TAL_CaMg	TAL paracellular Ca/Mg	primary_transport	Control6	Control	Female	633	5.62993957921581
LODO_Control7	TAL	TAL_CaMg	TAL paracellular Ca/Mg	primary_transport	UUO1	UUO	Male	323	6.38863939387296
LODO_Control7	TAL	TAL_CaMg	TAL paracellular Ca/Mg	primary_transport	UUO2	UUO	Male	1126	5.44172196193081
LODO_Control7	TAL	TAL_CaMg	TAL paracellular Ca/Mg	primary_transport	UUO3	UUO	Female	1620	5.62223666091834
LODO_Control7	TAL	TAL_CaMg	TAL paracellular Ca/Mg	primary_transport	UUO4	UUO	Male	391	5.83446176671289
LODO_Control7	TAL	TAL_CaMg	TAL paracellular Ca/Mg	primary_transport	UUO5	UUO	Male	1757	5.97578895037081
LODO_Control7	TAL	epithelial_injury	Epithelial injury	context	Control1	Control	Male	439	7.4547610204694
LODO_Control7	TAL	epithelial_injury	Epithelial injury	context	Control2	Control	Male	1235	7.49540679642607
LODO_Control7	TAL	epithelial_injury	Epithelial injury	context	Control3	Control	Female	102	7.34072512427644
LODO_Control7	TAL	epithelial_injury	Epithelial injury	context	Control4	Control	Male	954	6.70922115359864
LODO_Control7	TAL	epithelial_injury	Epithelial injury	context	Control5	Control	Female	786	6.93490988211785
LODO_Control7	TAL	epithelial_injury	Epithelial injury	context	Control6	Control	Female	633	6.2747734208049
LODO_Control7	TAL	epithelial_injury	Epithelial injury	context	UUO1	UUO	Male	323	9.86177614448654
LODO_Control7	TAL	epithelial_injury	Epithelial injury	context	UUO2	UUO	Male	1126	10.176410539772
LODO_Control7	TAL	epithelial_injury	Epithelial injury	context	UUO3	UUO	Female	1620	9.07642748057598
LODO_Control7	TAL	epithelial_injury	Epithelial injury	context	UUO4	UUO	Male	391	8.98226041479725
LODO_Control7	TAL	epithelial_injury	Epithelial injury	context	UUO5	UUO	Male	1757	8.31759019357251
LODO_Control7	TAL	chemokine_adhesion	Chemokine / adhesion	context	Control1	Control	Male	439	0.430618100782283
LODO_Control7	TAL	chemokine_adhesion	Chemokine / adhesion	context	Control2	Control	Male	1235	0.0837419424996232
LODO_Control7	TAL	chemokine_adhesion	Chemokine / adhesion	context	Control3	Control	Female	102	0.762133177252919
LODO_Control7	TAL	chemokine_adhesion	Chemokine / adhesion	context	Control4	Control	Male	954	0.349555361753716
LODO_Control7	TAL	chemokine_adhesion	Chemokine / adhesion	context	Control5	Control	Female	786	-0.105738375977376
LODO_Control7	TAL	chemokine_adhesion	Chemokine / adhesion	context	Control6	Control	Female	633	-0.0358446707613784
LODO_Control7	TAL	chemokine_adhesion	Chemokine / adhesion	context	UUO1	UUO	Male	323	2.88268385866738
LODO_Control7	TAL	chemokine_adhesion	Chemokine / adhesion	context	UUO2	UUO	Male	1126	2.29952950742441
LODO_Control7	TAL	chemokine_adhesion	Chemokine / adhesion	context	UUO3	UUO	Female	1620	1.20916705727022
LODO_Control7	TAL	chemokine_adhesion	Chemokine / adhesion	context	UUO4	UUO	Male	391	1.64216203859496
LODO_Control7	TAL	chemokine_adhesion	Chemokine / adhesion	context	UUO5	UUO	Male	1757	0.689043144077251
LODO_UUO1	TAL	TAL_salt	TAL salt transport	primary_transport	Control1	Control	Male	439	8.42517622536148
LODO_UUO1	TAL	TAL_salt	TAL salt transport	primary_transport	Control2	Control	Male	1235	8.69866660581576
LODO_UUO1	TAL	TAL_salt	TAL salt transport	primary_transport	Control3	Control	Female	102	8.82052075898006
LODO_UUO1	TAL	TAL_salt	TAL salt transport	primary_transport	Control4	Control	Male	954	8.70427634229072
LODO_UUO1	TAL	TAL_salt	TAL salt transport	primary_transport	Control5	Control	Female	786	8.47743686564838
LODO_UUO1	TAL	TAL_salt	TAL salt transport	primary_transport	Control6	Control	Female	633	8.70668242784679
LODO_UUO1	TAL	TAL_salt	TAL salt transport	primary_transport	Control7	Control	Male	657	8.36652563964133
LODO_UUO1	TAL	TAL_salt	TAL salt transport	primary_transport	UUO2	UUO	Male	1126	6.98459838646982
LODO_UUO1	TAL	TAL_salt	TAL salt transport	primary_transport	UUO3	UUO	Female	1620	8.15891605968468
LODO_UUO1	TAL	TAL_salt	TAL salt transport	primary_transport	UUO4	UUO	Male	391	6.99866823524465
LODO_UUO1	TAL	TAL_salt	TAL salt transport	primary_transport	UUO5	UUO	Male	1757	8.00121111824312
LODO_UUO1	TAL	TAL_CaMg	TAL paracellular Ca/Mg	primary_transport	Control1	Control	Male	439	5.48477215096023
LODO_UUO1	TAL	TAL_CaMg	TAL paracellular Ca/Mg	primary_transport	Control2	Control	Male	1235	6.26923149566078
LODO_UUO1	TAL	TAL_CaMg	TAL paracellular Ca/Mg	primary_transport	Control3	Control	Female	102	6.65427352658712
LODO_UUO1	TAL	TAL_CaMg	TAL paracellular Ca/Mg	primary_transport	Control4	Control	Male	954	5.37246828105167
LODO_UUO1	TAL	TAL_CaMg	TAL paracellular Ca/Mg	primary_transport	Control5	Control	Female	786	6.30938021886149
LODO_UUO1	TAL	TAL_CaMg	TAL paracellular Ca/Mg	primary_transport	Control6	Control	Female	633	5.63844722757473
LODO_UUO1	TAL	TAL_CaMg	TAL paracellular Ca/Mg	primary_transport	Control7	Control	Male	657	6.09606492765293
LODO_UUO1	TAL	TAL_CaMg	TAL paracellular Ca/Mg	primary_transport	UUO2	UUO	Male	1126	5.45268344234005
LODO_UUO1	TAL	TAL_CaMg	TAL paracellular Ca/Mg	primary_transport	UUO3	UUO	Female	1620	5.62463057844661
LODO_UUO1	TAL	TAL_CaMg	TAL paracellular Ca/Mg	primary_transport	UUO4	UUO	Male	391	5.81338673144015
LODO_UUO1	TAL	TAL_CaMg	TAL paracellular Ca/Mg	primary_transport	UUO5	UUO	Male	1757	5.96309382588952
LODO_UUO1	TAL	epithelial_injury	Epithelial injury	context	Control1	Control	Male	439	7.44078540291889
LODO_UUO1	TAL	epithelial_injury	Epithelial injury	context	Control2	Control	Male	1235	7.47691275232785
LODO_UUO1	TAL	epithelial_injury	Epithelial injury	context	Control3	Control	Female	102	7.35291625368338
LODO_UUO1	TAL	epithelial_injury	Epithelial injury	context	Control4	Control	Male	954	6.68252700980369
LODO_UUO1	TAL	epithelial_injury	Epithelial injury	context	Control5	Control	Female	786	6.91699417984941
LODO_UUO1	TAL	epithelial_injury	Epithelial injury	context	Control6	Control	Female	633	6.28368811064741
LODO_UUO1	TAL	epithelial_injury	Epithelial injury	context	Control7	Control	Male	657	7.28205885653093
LODO_UUO1	TAL	epithelial_injury	Epithelial injury	context	UUO2	UUO	Male	1126	10.1897888107368
LODO_UUO1	TAL	epithelial_injury	Epithelial injury	context	UUO3	UUO	Female	1620	9.08013650162561
LODO_UUO1	TAL	epithelial_injury	Epithelial injury	context	UUO4	UUO	Male	391	8.96200146873676
LODO_UUO1	TAL	epithelial_injury	Epithelial injury	context	UUO5	UUO	Male	1757	8.30549548709613
LODO_UUO1	TAL	chemokine_adhesion	Chemokine / adhesion	context	Control1	Control	Male	439	0.398757408255547
LODO_UUO1	TAL	chemokine_adhesion	Chemokine / adhesion	context	Control2	Control	Male	1235	0.047473419044207
LODO_UUO1	TAL	chemokine_adhesion	Chemokine / adhesion	context	Control3	Control	Female	102	0.73577936238898
LODO_UUO1	TAL	chemokine_adhesion	Chemokine / adhesion	context	Control4	Control	Male	954	0.311928147728623
LODO_UUO1	TAL	chemokine_adhesion	Chemokine / adhesion	context	Control5	Control	Female	786	-0.144508218028851
LODO_UUO1	TAL	chemokine_adhesion	Chemokine / adhesion	context	Control6	Control	Female	633	-0.0652548350164387
LODO_UUO1	TAL	chemokine_adhesion	Chemokine / adhesion	context	Control7	Control	Male	657	0.169002747627544
LODO_UUO1	TAL	chemokine_adhesion	Chemokine / adhesion	context	UUO2	UUO	Male	1126	2.30365518131479
LODO_UUO1	TAL	chemokine_adhesion	Chemokine / adhesion	context	UUO3	UUO	Female	1620	1.19570122525418
LODO_UUO1	TAL	chemokine_adhesion	Chemokine / adhesion	context	UUO4	UUO	Male	391	1.61595751771953
LODO_UUO1	TAL	chemokine_adhesion	Chemokine / adhesion	context	UUO5	UUO	Male	1757	0.662638606469604
LODO_UUO2	TAL	TAL_salt	TAL salt transport	primary_transport	Control1	Control	Male	439	8.42732267453998
LODO_UUO2	TAL	TAL_salt	TAL salt transport	primary_transport	Control2	Control	Male	1235	8.69922773641517
LODO_UUO2	TAL	TAL_salt	TAL salt transport	primary_transport	Control3	Control	Female	102	8.81768070638098
LODO_UUO2	TAL	TAL_salt	TAL salt transport	primary_transport	Control4	Control	Male	954	8.72359346582131
LODO_UUO2	TAL	TAL_salt	TAL salt transport	primary_transport	Control5	Control	Female	786	8.47287305901816
LODO_UUO2	TAL	TAL_salt	TAL salt transport	primary_transport	Control6	Control	Female	633	8.70640386096206
LODO_UUO2	TAL	TAL_salt	TAL salt transport	primary_transport	Control7	Control	Male	657	8.38677520944543
LODO_UUO2	TAL	TAL_salt	TAL salt transport	primary_transport	UUO1	UUO	Male	323	6.60130860541909
LODO_UUO2	TAL	TAL_salt	TAL salt transport	primary_transport	UUO3	UUO	Female	1620	8.15045408816831
LODO_UUO2	TAL	TAL_salt	TAL salt transport	primary_transport	UUO4	UUO	Male	391	7.03848243064702
LODO_UUO2	TAL	TAL_salt	TAL salt transport	primary_transport	UUO5	UUO	Male	1757	8.01548902632802
LODO_UUO2	TAL	TAL_CaMg	TAL paracellular Ca/Mg	primary_transport	Control1	Control	Male	439	5.49123712651809
LODO_UUO2	TAL	TAL_CaMg	TAL paracellular Ca/Mg	primary_transport	Control2	Control	Male	1235	6.27137078823578
LODO_UUO2	TAL	TAL_CaMg	TAL paracellular Ca/Mg	primary_transport	Control3	Control	Female	102	6.6541159803429
LODO_UUO2	TAL	TAL_CaMg	TAL paracellular Ca/Mg	primary_transport	Control4	Control	Male	954	5.39446095443488
LODO_UUO2	TAL	TAL_CaMg	TAL paracellular Ca/Mg	primary_transport	Control5	Control	Female	786	6.30533863129179
LODO_UUO2	TAL	TAL_CaMg	TAL paracellular Ca/Mg	primary_transport	Control6	Control	Female	633	5.64063640811375
LODO_UUO2	TAL	TAL_CaMg	TAL paracellular Ca/Mg	primary_transport	Control7	Control	Male	657	6.11879462679587
LODO_UUO2	TAL	TAL_CaMg	TAL paracellular Ca/Mg	primary_transport	UUO1	UUO	Male	323	6.39582826279857
LODO_UUO2	TAL	TAL_CaMg	TAL paracellular Ca/Mg	primary_transport	UUO3	UUO	Female	1620	5.61882756765934
LODO_UUO2	TAL	TAL_CaMg	TAL paracellular Ca/Mg	primary_transport	UUO4	UUO	Male	391	5.84733606009947
LODO_UUO2	TAL	TAL_CaMg	TAL paracellular Ca/Mg	primary_transport	UUO5	UUO	Male	1757	5.97874396101629
LODO_UUO2	TAL	epithelial_injury	Epithelial injury	context	Control1	Control	Male	439	7.44224648592013
LODO_UUO2	TAL	epithelial_injury	Epithelial injury	context	Control2	Control	Male	1235	7.47674076303809
LODO_UUO2	TAL	epithelial_injury	Epithelial injury	context	Control3	Control	Female	102	7.35023635489829
LODO_UUO2	TAL	epithelial_injury	Epithelial injury	context	Control4	Control	Male	954	6.70219369645091
LODO_UUO2	TAL	epithelial_injury	Epithelial injury	context	Control5	Control	Female	786	6.91204074560102
LODO_UUO2	TAL	epithelial_injury	Epithelial injury	context	Control6	Control	Female	633	6.28467008430392
LODO_UUO2	TAL	epithelial_injury	Epithelial injury	context	Control7	Control	Male	657	7.30198200389269
LODO_UUO2	TAL	epithelial_injury	Epithelial injury	context	UUO1	UUO	Male	323	9.86768565120067
LODO_UUO2	TAL	epithelial_injury	Epithelial injury	context	UUO3	UUO	Female	1620	9.06965955128722
LODO_UUO2	TAL	epithelial_injury	Epithelial injury	context	UUO4	UUO	Male	391	8.99157238970361
LODO_UUO2	TAL	epithelial_injury	Epithelial injury	context	UUO5	UUO	Male	1757	8.31841568791218
LODO_UUO2	TAL	chemokine_adhesion	Chemokine / adhesion	context	Control1	Control	Male	439	0.491329271013124
LODO_UUO2	TAL	chemokine_adhesion	Chemokine / adhesion	context	Control2	Control	Male	1235	0.155022467403305
LODO_UUO2	TAL	chemokine_adhesion	Chemokine / adhesion	context	Control3	Control	Female	102	0.839755183426243
LODO_UUO2	TAL	chemokine_adhesion	Chemokine / adhesion	context	Control4	Control	Male	954	0.416637355784946
LODO_UUO2	TAL	chemokine_adhesion	Chemokine / adhesion	context	Control5	Control	Female	786	-0.0226004491476585
LODO_UUO2	TAL	chemokine_adhesion	Chemokine / adhesion	context	Control6	Control	Female	633	0.0464151295185348
LODO_UUO2	TAL	chemokine_adhesion	Chemokine / adhesion	context	Control7	Control	Male	657	0.275299980290611
LODO_UUO2	TAL	chemokine_adhesion	Chemokine / adhesion	context	UUO1	UUO	Male	323	2.89938858506314
LODO_UUO2	TAL	chemokine_adhesion	Chemokine / adhesion	context	UUO3	UUO	Female	1620	1.24524759659841
LODO_UUO2	TAL	chemokine_adhesion	Chemokine / adhesion	context	UUO4	UUO	Male	391	1.6771681398673
LODO_UUO2	TAL	chemokine_adhesion	Chemokine / adhesion	context	UUO5	UUO	Male	1757	0.739467525853737
LODO_UUO3	TAL	TAL_salt	TAL salt transport	primary_transport	Control1	Control	Male	439	8.41133958251
LODO_UUO3	TAL	TAL_salt	TAL salt transport	primary_transport	Control2	Control	Male	1235	8.6853863660027
LODO_UUO3	TAL	TAL_salt	TAL salt transport	primary_transport	Control3	Control	Female	102	8.80516698318689
LODO_UUO3	TAL	TAL_salt	TAL salt transport	primary_transport	Control4	Control	Male	954	8.70905075625571
LODO_UUO3	TAL	TAL_salt	TAL salt transport	primary_transport	Control5	Control	Female	786	8.45755749916662
LODO_UUO3	TAL	TAL_salt	TAL salt transport	primary_transport	Control6	Control	Female	633	8.69250236443929
LODO_UUO3	TAL	TAL_salt	TAL salt transport	primary_transport	Control7	Control	Male	657	8.37122035901312
LODO_UUO3	TAL	TAL_salt	TAL salt transport	primary_transport	UUO1	UUO	Male	323	6.59065907347041
LODO_UUO3	TAL	TAL_salt	TAL salt transport	primary_transport	UUO2	UUO	Male	1126	6.99452106733754
LODO_UUO3	TAL	TAL_salt	TAL salt transport	primary_transport	UUO4	UUO	Male	391	7.03204898097119
LODO_UUO3	TAL	TAL_salt	TAL salt transport	primary_transport	UUO5	UUO	Male	1757	8.00185261265778
LODO_UUO3	TAL	TAL_CaMg	TAL paracellular Ca/Mg	primary_transport	Control1	Control	Male	439	5.47798013632787
LODO_UUO3	TAL	TAL_CaMg	TAL paracellular Ca/Mg	primary_transport	Control2	Control	Male	1235	6.25849547043727
LODO_UUO3	TAL	TAL_CaMg	TAL paracellular Ca/Mg	primary_transport	Control3	Control	Female	102	6.64317999270075
LODO_UUO3	TAL	TAL_CaMg	TAL paracellular Ca/Mg	primary_transport	Control4	Control	Male	954	5.38178660445829
LODO_UUO3	TAL	TAL_CaMg	TAL paracellular Ca/Mg	primary_transport	Control5	Control	Female	786	6.29034034003551
LODO_UUO3	TAL	TAL_CaMg	TAL paracellular Ca/Mg	primary_transport	Control6	Control	Female	633	5.62823583391428
LODO_UUO3	TAL	TAL_CaMg	TAL paracellular Ca/Mg	primary_transport	Control7	Control	Male	657	6.10500305102375
LODO_UUO3	TAL	TAL_CaMg	TAL paracellular Ca/Mg	primary_transport	UUO1	UUO	Male	323	6.38177014116588
LODO_UUO3	TAL	TAL_CaMg	TAL paracellular Ca/Mg	primary_transport	UUO2	UUO	Male	1126	5.46208232858994
LODO_UUO3	TAL	TAL_CaMg	TAL paracellular Ca/Mg	primary_transport	UUO4	UUO	Male	391	5.83673304402702
LODO_UUO3	TAL	TAL_CaMg	TAL paracellular Ca/Mg	primary_transport	UUO5	UUO	Male	1757	5.96602492998353
LODO_UUO3	TAL	epithelial_injury	Epithelial injury	context	Control1	Control	Male	439	7.42583063376858
LODO_UUO3	TAL	epithelial_injury	Epithelial injury	context	Control2	Control	Male	1235	7.46245309362659
LODO_UUO3	TAL	epithelial_injury	Epithelial injury	context	Control3	Control	Female	102	7.33781741363326
LODO_UUO3	TAL	epithelial_injury	Epithelial injury	context	Control4	Control	Male	954	6.68789628404616
LODO_UUO3	TAL	epithelial_injury	Epithelial injury	context	Control5	Control	Female	786	6.89649233554446
LODO_UUO3	TAL	epithelial_injury	Epithelial injury	context	Control6	Control	Female	633	6.27153539810117
LODO_UUO3	TAL	epithelial_injury	Epithelial injury	context	Control7	Control	Male	657	7.28619524761379
LODO_UUO3	TAL	epithelial_injury	Epithelial injury	context	UUO1	UUO	Male	323	9.85246990526858
LODO_UUO3	TAL	epithelial_injury	Epithelial injury	context	UUO2	UUO	Male	1126	10.1891761465951
LODO_UUO3	TAL	epithelial_injury	Epithelial injury	context	UUO4	UUO	Male	391	8.97770301683556
LODO_UUO3	TAL	epithelial_injury	Epithelial injury	context	UUO5	UUO	Male	1757	8.30387450471212
LODO_UUO3	TAL	chemokine_adhesion	Chemokine / adhesion	context	Control1	Control	Male	439	0.529236906188701
LODO_UUO3	TAL	chemokine_adhesion	Chemokine / adhesion	context	Control2	Control	Male	1235	0.202576042893005
LODO_UUO3	TAL	chemokine_adhesion	Chemokine / adhesion	context	Control3	Control	Female	102	0.885423077289105
LODO_UUO3	TAL	chemokine_adhesion	Chemokine / adhesion	context	Control4	Control	Male	954	0.458385563363417
LODO_UUO3	TAL	chemokine_adhesion	Chemokine / adhesion	context	Control5	Control	Female	786	0.0329035732681767
LODO_UUO3	TAL	chemokine_adhesion	Chemokine / adhesion	context	Control6	Control	Female	633	0.0965000750769575
LODO_UUO3	TAL	chemokine_adhesion	Chemokine / adhesion	context	Control7	Control	Male	657	0.317722394975824
LODO_UUO3	TAL	chemokine_adhesion	Chemokine / adhesion	context	UUO1	UUO	Male	323	2.89387486861945
LODO_UUO3	TAL	chemokine_adhesion	Chemokine / adhesion	context	UUO2	UUO	Male	1126	2.34105507435966
LODO_UUO3	TAL	chemokine_adhesion	Chemokine / adhesion	context	UUO4	UUO	Male	391	1.68649853049606
LODO_UUO3	TAL	chemokine_adhesion	Chemokine / adhesion	context	UUO5	UUO	Male	1757	0.766017753750473
LODO_UUO4	TAL	TAL_salt	TAL salt transport	primary_transport	Control1	Control	Male	439	8.42063946387729
LODO_UUO4	TAL	TAL_salt	TAL salt transport	primary_transport	Control2	Control	Male	1235	8.6939151803302
LODO_UUO4	TAL	TAL_salt	TAL salt transport	primary_transport	Control3	Control	Female	102	8.81700053467017
LODO_UUO4	TAL	TAL_salt	TAL salt transport	primary_transport	Control4	Control	Male	954	8.69925840485836
LODO_UUO4	TAL	TAL_salt	TAL salt transport	primary_transport	Control5	Control	Female	786	8.47290905907705
LODO_UUO4	TAL	TAL_salt	TAL salt transport	primary_transport	Control6	Control	Female	633	8.70356063873535
LODO_UUO4	TAL	TAL_salt	TAL salt transport	primary_transport	Control7	Control	Male	657	8.36187708638369
LODO_UUO4	TAL	TAL_salt	TAL salt transport	primary_transport	UUO1	UUO	Male	323	6.58313128513017
LODO_UUO4	TAL	TAL_salt	TAL salt transport	primary_transport	UUO2	UUO	Male	1126	6.98035017594221
LODO_UUO4	TAL	TAL_salt	TAL salt transport	primary_transport	UUO3	UUO	Female	1620	8.15506446164551
LODO_UUO4	TAL	TAL_salt	TAL salt transport	primary_transport	UUO5	UUO	Male	1757	7.99715485306105
LODO_UUO4	TAL	TAL_CaMg	TAL paracellular Ca/Mg	primary_transport	Control1	Control	Male	439	5.48075637500417
LODO_UUO4	TAL	TAL_CaMg	TAL paracellular Ca/Mg	primary_transport	Control2	Control	Male	1235	6.2646700384899
LODO_UUO4	TAL	TAL_CaMg	TAL paracellular Ca/Mg	primary_transport	Control3	Control	Female	102	6.65104880560107
LODO_UUO4	TAL	TAL_CaMg	TAL paracellular Ca/Mg	primary_transport	Control4	Control	Male	954	5.36782584614928
LODO_UUO4	TAL	TAL_CaMg	TAL paracellular Ca/Mg	primary_transport	Control5	Control	Female	786	6.3049121855751
LODO_UUO4	TAL	TAL_CaMg	TAL paracellular Ca/Mg	primary_transport	Control6	Control	Female	633	5.63559575294795
LODO_UUO4	TAL	TAL_CaMg	TAL paracellular Ca/Mg	primary_transport	Control7	Control	Male	657	6.09176043224906
LODO_UUO4	TAL	TAL_CaMg	TAL paracellular Ca/Mg	primary_transport	UUO1	UUO	Male	323	6.3823343820567
LODO_UUO4	TAL	TAL_CaMg	TAL paracellular Ca/Mg	primary_transport	UUO2	UUO	Male	1126	5.44838330917488
LODO_UUO4	TAL	TAL_CaMg	TAL paracellular Ca/Mg	primary_transport	UUO3	UUO	Female	1620	5.62106596898659
LODO_UUO4	TAL	TAL_CaMg	TAL paracellular Ca/Mg	primary_transport	UUO5	UUO	Male	1757	5.95921330326146
LODO_UUO4	TAL	epithelial_injury	Epithelial injury	context	Control1	Control	Male	439	7.43616597186095
LODO_UUO4	TAL	epithelial_injury	Epithelial injury	context	Control2	Control	Male	1235	7.47207281250628
LODO_UUO4	TAL	epithelial_injury	Epithelial injury	context	Control3	Control	Female	102	7.34941361048858
LODO_UUO4	TAL	epithelial_injury	Epithelial injury	context	Control4	Control	Male	954	6.67755801081048
LODO_UUO4	TAL	epithelial_injury	Epithelial injury	context	Control5	Control	Female	786	6.91242136915717
LODO_UUO4	TAL	epithelial_injury	Epithelial injury	context	Control6	Control	Female	633	6.28070438707739
LODO_UUO4	TAL	epithelial_injury	Epithelial injury	context	Control7	Control	Male	657	7.2773650038189
LODO_UUO4	TAL	epithelial_injury	Epithelial injury	context	UUO1	UUO	Male	323	9.8557517983903
LODO_UUO4	TAL	epithelial_injury	Epithelial injury	context	UUO2	UUO	Male	1126	10.1846758341874
LODO_UUO4	TAL	epithelial_injury	Epithelial injury	context	UUO3	UUO	Female	1620	9.07606696830824
LODO_UUO4	TAL	epithelial_injury	Epithelial injury	context	UUO5	UUO	Male	1757	8.30126504579125
LODO_UUO4	TAL	chemokine_adhesion	Chemokine / adhesion	context	Control1	Control	Male	439	0.405487844374679
LODO_UUO4	TAL	chemokine_adhesion	Chemokine / adhesion	context	Control2	Control	Male	1235	0.056079981758633
LODO_UUO4	TAL	chemokine_adhesion	Chemokine / adhesion	context	Control3	Control	Female	102	0.744564830169467
LODO_UUO4	TAL	chemokine_adhesion	Chemokine / adhesion	context	Control4	Control	Male	954	0.319262700581248
LODO_UUO4	TAL	chemokine_adhesion	Chemokine / adhesion	context	Control5	Control	Female	786	-0.133867190610517
LODO_UUO4	TAL	chemokine_adhesion	Chemokine / adhesion	context	Control6	Control	Female	633	-0.0556688050782107
LODO_UUO4	TAL	chemokine_adhesion	Chemokine / adhesion	context	Control7	Control	Male	657	0.176630616625217
LODO_UUO4	TAL	chemokine_adhesion	Chemokine / adhesion	context	UUO1	UUO	Male	323	2.87428089610312
LODO_UUO4	TAL	chemokine_adhesion	Chemokine / adhesion	context	UUO2	UUO	Male	1126	2.3016597013521
LODO_UUO4	TAL	chemokine_adhesion	Chemokine / adhesion	context	UUO3	UUO	Female	1620	1.19825323285491
LODO_UUO4	TAL	chemokine_adhesion	Chemokine / adhesion	context	UUO5	UUO	Male	1757	0.666765768290298
LODO_UUO5	TAL	TAL_salt	TAL salt transport	primary_transport	Control1	Control	Male	439	8.42356615506483
LODO_UUO5	TAL	TAL_salt	TAL salt transport	primary_transport	Control2	Control	Male	1235	8.69665363249888
LODO_UUO5	TAL	TAL_salt	TAL salt transport	primary_transport	Control3	Control	Female	102	8.81950045265358
LODO_UUO5	TAL	TAL_salt	TAL salt transport	primary_transport	Control4	Control	Male	954	8.70175431393638
LODO_UUO5	TAL	TAL_salt	TAL salt transport	primary_transport	Control5	Control	Female	786	8.47668005724696
LODO_UUO5	TAL	TAL_salt	TAL salt transport	primary_transport	Control6	Control	Female	633	8.7047823132376
LODO_UUO5	TAL	TAL_salt	TAL salt transport	primary_transport	Control7	Control	Male	657	8.36304142397044
LODO_UUO5	TAL	TAL_salt	TAL salt transport	primary_transport	UUO1	UUO	Male	323	6.59331288996088
LODO_UUO5	TAL	TAL_salt	TAL salt transport	primary_transport	UUO2	UUO	Male	1126	6.9866707548945
LODO_UUO5	TAL	TAL_salt	TAL salt transport	primary_transport	UUO3	UUO	Female	1620	8.15870872323377
LODO_UUO5	TAL	TAL_salt	TAL salt transport	primary_transport	UUO4	UUO	Male	391	7.01192659226592
LODO_UUO5	TAL	TAL_CaMg	TAL paracellular Ca/Mg	primary_transport	Control1	Control	Male	439	5.49020510093464
LODO_UUO5	TAL	TAL_CaMg	TAL paracellular Ca/Mg	primary_transport	Control2	Control	Male	1235	6.26977329785683
LODO_UUO5	TAL	TAL_CaMg	TAL paracellular Ca/Mg	primary_transport	Control3	Control	Female	102	6.65747198905203
LODO_UUO5	TAL	TAL_CaMg	TAL paracellular Ca/Mg	primary_transport	Control4	Control	Male	954	5.37492656890229
LODO_UUO5	TAL	TAL_CaMg	TAL paracellular Ca/Mg	primary_transport	Control5	Control	Female	786	6.30943684173027
LODO_UUO5	TAL	TAL_CaMg	TAL paracellular Ca/Mg	primary_transport	Control6	Control	Female	633	5.64051391377186
LODO_UUO5	TAL	TAL_CaMg	TAL paracellular Ca/Mg	primary_transport	Control7	Control	Male	657	6.09724975442625
LODO_UUO5	TAL	TAL_CaMg	TAL paracellular Ca/Mg	primary_transport	UUO1	UUO	Male	323	6.38402034025922
LODO_UUO5	TAL	TAL_CaMg	TAL paracellular Ca/Mg	primary_transport	UUO2	UUO	Male	1126	5.45419264713177
LODO_UUO5	TAL	TAL_CaMg	TAL paracellular Ca/Mg	primary_transport	UUO3	UUO	Female	1620	5.62843937066823
LODO_UUO5	TAL	TAL_CaMg	TAL paracellular Ca/Mg	primary_transport	UUO4	UUO	Male	391	5.8148689584547
LODO_UUO5	TAL	epithelial_injury	Epithelial injury	context	Control1	Control	Male	439	7.43805746160541
LODO_UUO5	TAL	epithelial_injury	Epithelial injury	context	Control2	Control	Male	1235	7.47371549148463
LODO_UUO5	TAL	epithelial_injury	Epithelial injury	context	Control3	Control	Female	102	7.35214838604047
LODO_UUO5	TAL	epithelial_injury	Epithelial injury	context	Control4	Control	Male	954	6.68065727934475
LODO_UUO5	TAL	epithelial_injury	Epithelial injury	context	Control5	Control	Female	786	6.91563390864557
LODO_UUO5	TAL	epithelial_injury	Epithelial injury	context	Control6	Control	Female	633	6.28381439200906
LODO_UUO5	TAL	epithelial_injury	Epithelial injury	context	Control7	Control	Male	657	7.27796035383309
LODO_UUO5	TAL	epithelial_injury	Epithelial injury	context	UUO1	UUO	Male	323	9.85458176952531
LODO_UUO5	TAL	epithelial_injury	Epithelial injury	context	UUO2	UUO	Male	1126	10.1802724489498
LODO_UUO5	TAL	epithelial_injury	Epithelial injury	context	UUO3	UUO	Female	1620	9.07688931206702
LODO_UUO5	TAL	epithelial_injury	Epithelial injury	context	UUO4	UUO	Male	391	8.95443439338484
LODO_UUO5	TAL	chemokine_adhesion	Chemokine / adhesion	context	Control1	Control	Male	439	0.54143235625999
LODO_UUO5	TAL	chemokine_adhesion	Chemokine / adhesion	context	Control2	Control	Male	1235	0.214498823563492
LODO_UUO5	TAL	chemokine_adhesion	Chemokine / adhesion	context	Control3	Control	Female	102	0.898266724476703
LODO_UUO5	TAL	chemokine_adhesion	Chemokine / adhesion	context	Control4	Control	Male	954	0.463877415168933
LODO_UUO5	TAL	chemokine_adhesion	Chemokine / adhesion	context	Control5	Control	Female	786	0.0463638645196386
LODO_UUO5	TAL	chemokine_adhesion	Chemokine / adhesion	context	Control6	Control	Female	633	0.108702112884223
LODO_UUO5	TAL	chemokine_adhesion	Chemokine / adhesion	context	Control7	Control	Male	657	0.32317475687966
LODO_UUO5	TAL	chemokine_adhesion	Chemokine / adhesion	context	UUO1	UUO	Male	323	2.89714197181346
LODO_UUO5	TAL	chemokine_adhesion	Chemokine / adhesion	context	UUO2	UUO	Male	1126	2.33595597325723
LODO_UUO5	TAL	chemokine_adhesion	Chemokine / adhesion	context	UUO3	UUO	Female	1620	1.28202657148379
LODO_UUO5	TAL	chemokine_adhesion	Chemokine / adhesion	context	UUO4	UUO	Male	391	1.67310329729946
sex_adjusted	TAL	TAL_salt	TAL salt transport	primary_transport	Control1	Control	Male	439	8.42454114737273
sex_adjusted	TAL	TAL_salt	TAL salt transport	primary_transport	Control2	Control	Male	1235	8.69722765333582
sex_adjusted	TAL	TAL_salt	TAL salt transport	primary_transport	Control3	Control	Female	102	8.82627352953447
sex_adjusted	TAL	TAL_salt	TAL salt transport	primary_transport	Control4	Control	Male	954	8.70359451002528
sex_adjusted	TAL	TAL_salt	TAL salt transport	primary_transport	Control5	Control	Female	786	8.47721745866266
sex_adjusted	TAL	TAL_salt	TAL salt transport	primary_transport	Control6	Control	Female	633	8.7085121669707
sex_adjusted	TAL	TAL_salt	TAL salt transport	primary_transport	Control7	Control	Male	657	8.36421909494258
sex_adjusted	TAL	TAL_salt	TAL salt transport	primary_transport	UUO1	UUO	Male	323	6.58843713218585
sex_adjusted	TAL	TAL_salt	TAL salt transport	primary_transport	UUO2	UUO	Male	1126	6.98494624488313
sex_adjusted	TAL	TAL_salt	TAL salt transport	primary_transport	UUO3	UUO	Female	1620	8.15999599956502
sex_adjusted	TAL	TAL_salt	TAL salt transport	primary_transport	UUO4	UUO	Male	391	7.00458302459663
sex_adjusted	TAL	TAL_salt	TAL salt transport	primary_transport	UUO5	UUO	Male	1757	8.00084940421016
sex_adjusted	TAL	TAL_CaMg	TAL paracellular Ca/Mg	primary_transport	Control1	Control	Male	439	5.48639241332429
sex_adjusted	TAL	TAL_CaMg	TAL paracellular Ca/Mg	primary_transport	Control2	Control	Male	1235	6.26861494351078
sex_adjusted	TAL	TAL_CaMg	TAL paracellular Ca/Mg	primary_transport	Control3	Control	Female	102	6.66126889221277
sex_adjusted	TAL	TAL_CaMg	TAL paracellular Ca/Mg	primary_transport	Control4	Control	Male	954	5.37337323813998
sex_adjusted	TAL	TAL_CaMg	TAL paracellular Ca/Mg	primary_transport	Control5	Control	Female	786	6.30941900422471
sex_adjusted	TAL	TAL_CaMg	TAL paracellular Ca/Mg	primary_transport	Control6	Control	Female	633	5.64150329233529
sex_adjusted	TAL	TAL_CaMg	TAL paracellular Ca/Mg	primary_transport	Control7	Control	Male	657	6.09527119020023
sex_adjusted	TAL	TAL_CaMg	TAL paracellular Ca/Mg	primary_transport	UUO1	UUO	Male	323	6.38533543033314
sex_adjusted	TAL	TAL_CaMg	TAL paracellular Ca/Mg	primary_transport	UUO2	UUO	Male	1126	5.45281788651341
sex_adjusted	TAL	TAL_CaMg	TAL paracellular Ca/Mg	primary_transport	UUO3	UUO	Female	1620	5.62697287219759
sex_adjusted	TAL	TAL_CaMg	TAL paracellular Ca/Mg	primary_transport	UUO4	UUO	Male	391	5.81547777233032
sex_adjusted	TAL	TAL_CaMg	TAL paracellular Ca/Mg	primary_transport	UUO5	UUO	Male	1757	5.96351112437231
sex_adjusted	TAL	epithelial_injury	Epithelial injury	context	Control1	Control	Male	439	7.43979242365757
sex_adjusted	TAL	epithelial_injury	Epithelial injury	context	Control2	Control	Male	1235	7.47509113465153
sex_adjusted	TAL	epithelial_injury	Epithelial injury	context	Control3	Control	Female	102	7.35874305525683
sex_adjusted	TAL	epithelial_injury	Epithelial injury	context	Control4	Control	Male	954	6.68205225028569
sex_adjusted	TAL	epithelial_injury	Epithelial injury	context	Control5	Control	Female	786	6.9165811351453
sex_adjusted	TAL	epithelial_injury	Epithelial injury	context	Control6	Control	Female	633	6.2861442316064
sex_adjusted	TAL	epithelial_injury	Epithelial injury	context	Control7	Control	Male	657	7.27955317108439
sex_adjusted	TAL	epithelial_injury	Epithelial injury	context	UUO1	UUO	Male	323	9.85798950920901
sex_adjusted	TAL	epithelial_injury	Epithelial injury	context	UUO2	UUO	Male	1126	10.1863900199867
sex_adjusted	TAL	epithelial_injury	Epithelial injury	context	UUO3	UUO	Female	1620	9.08025864970322
sex_adjusted	TAL	epithelial_injury	Epithelial injury	context	UUO4	UUO	Male	391	8.96126565233676
sex_adjusted	TAL	epithelial_injury	Epithelial injury	context	UUO5	UUO	Male	1757	8.3043623605844
sex_adjusted	TAL	chemokine_adhesion	Chemokine / adhesion	context	Control1	Control	Male	439	0.446169581609758
sex_adjusted	TAL	chemokine_adhesion	Chemokine / adhesion	context	Control2	Control	Male	1235	0.102890125698483
sex_adjusted	TAL	chemokine_adhesion	Chemokine / adhesion	context	Control3	Control	Female	102	0.792344473188554
sex_adjusted	TAL	chemokine_adhesion	Chemokine / adhesion	context	Control4	Control	Male	954	0.362608460886375
sex_adjusted	TAL	chemokine_adhesion	Chemokine / adhesion	context	Control5	Control	Female	786	-0.0805364514604229
sex_adjusted	TAL	chemokine_adhesion	Chemokine / adhesion	context	Control6	Control	Female	633	-0.00667816078074758
sex_adjusted	TAL	chemokine_adhesion	Chemokine / adhesion	context	Control7	Control	Male	657	0.219842570863324
sex_adjusted	TAL	chemokine_adhesion	Chemokine / adhesion	context	UUO1	UUO	Male	323	2.88297906616147
sex_adjusted	TAL	chemokine_adhesion	Chemokine / adhesion	context	UUO2	UUO	Male	1126	2.31376656904461
sex_adjusted	TAL	chemokine_adhesion	Chemokine / adhesion	context	UUO3	UUO	Female	1620	1.22468511456106
sex_adjusted	TAL	chemokine_adhesion	Chemokine / adhesion	context	UUO4	UUO	Male	391	1.63572168580546
sex_adjusted	TAL	chemokine_adhesion	Chemokine / adhesion	context	UUO5	UUO	Male	1757	0.698160035509472
sex_ageband_adjusted	TAL	TAL_salt	TAL salt transport	primary_transport	Control1	Control	Male	439	8.42454114737273
sex_ageband_adjusted	TAL	TAL_salt	TAL salt transport	primary_transport	Control2	Control	Male	1235	8.69722765333582
sex_ageband_adjusted	TAL	TAL_salt	TAL salt transport	primary_transport	Control3	Control	Female	102	8.82627352953447
sex_ageband_adjusted	TAL	TAL_salt	TAL salt transport	primary_transport	Control4	Control	Male	954	8.70359451002528
sex_ageband_adjusted	TAL	TAL_salt	TAL salt transport	primary_transport	Control5	Control	Female	786	8.47721745866266
sex_ageband_adjusted	TAL	TAL_salt	TAL salt transport	primary_transport	Control6	Control	Female	633	8.7085121669707
sex_ageband_adjusted	TAL	TAL_salt	TAL salt transport	primary_transport	Control7	Control	Male	657	8.36421909494258
sex_ageband_adjusted	TAL	TAL_salt	TAL salt transport	primary_transport	UUO1	UUO	Male	323	6.58843713218585
sex_ageband_adjusted	TAL	TAL_salt	TAL salt transport	primary_transport	UUO2	UUO	Male	1126	6.98494624488313
sex_ageband_adjusted	TAL	TAL_salt	TAL salt transport	primary_transport	UUO3	UUO	Female	1620	8.15999599956502
sex_ageband_adjusted	TAL	TAL_salt	TAL salt transport	primary_transport	UUO4	UUO	Male	391	7.00458302459663
sex_ageband_adjusted	TAL	TAL_salt	TAL salt transport	primary_transport	UUO5	UUO	Male	1757	8.00084940421016
sex_ageband_adjusted	TAL	TAL_CaMg	TAL paracellular Ca/Mg	primary_transport	Control1	Control	Male	439	5.48639241332429
sex_ageband_adjusted	TAL	TAL_CaMg	TAL paracellular Ca/Mg	primary_transport	Control2	Control	Male	1235	6.26861494351078
sex_ageband_adjusted	TAL	TAL_CaMg	TAL paracellular Ca/Mg	primary_transport	Control3	Control	Female	102	6.66126889221277
sex_ageband_adjusted	TAL	TAL_CaMg	TAL paracellular Ca/Mg	primary_transport	Control4	Control	Male	954	5.37337323813998
sex_ageband_adjusted	TAL	TAL_CaMg	TAL paracellular Ca/Mg	primary_transport	Control5	Control	Female	786	6.30941900422471
sex_ageband_adjusted	TAL	TAL_CaMg	TAL paracellular Ca/Mg	primary_transport	Control6	Control	Female	633	5.64150329233529
sex_ageband_adjusted	TAL	TAL_CaMg	TAL paracellular Ca/Mg	primary_transport	Control7	Control	Male	657	6.09527119020023
sex_ageband_adjusted	TAL	TAL_CaMg	TAL paracellular Ca/Mg	primary_transport	UUO1	UUO	Male	323	6.38533543033314
sex_ageband_adjusted	TAL	TAL_CaMg	TAL paracellular Ca/Mg	primary_transport	UUO2	UUO	Male	1126	5.45281788651341
sex_ageband_adjusted	TAL	TAL_CaMg	TAL paracellular Ca/Mg	primary_transport	UUO3	UUO	Female	1620	5.62697287219759
sex_ageband_adjusted	TAL	TAL_CaMg	TAL paracellular Ca/Mg	primary_transport	UUO4	UUO	Male	391	5.81547777233032
sex_ageband_adjusted	TAL	TAL_CaMg	TAL paracellular Ca/Mg	primary_transport	UUO5	UUO	Male	1757	5.96351112437231
sex_ageband_adjusted	TAL	epithelial_injury	Epithelial injury	context	Control1	Control	Male	439	7.43979242365757
sex_ageband_adjusted	TAL	epithelial_injury	Epithelial injury	context	Control2	Control	Male	1235	7.47509113465153
sex_ageband_adjusted	TAL	epithelial_injury	Epithelial injury	context	Control3	Control	Female	102	7.35874305525683
sex_ageband_adjusted	TAL	epithelial_injury	Epithelial injury	context	Control4	Control	Male	954	6.68205225028569
sex_ageband_adjusted	TAL	epithelial_injury	Epithelial injury	context	Control5	Control	Female	786	6.9165811351453
sex_ageband_adjusted	TAL	epithelial_injury	Epithelial injury	context	Control6	Control	Female	633	6.2861442316064
sex_ageband_adjusted	TAL	epithelial_injury	Epithelial injury	context	Control7	Control	Male	657	7.27955317108439
sex_ageband_adjusted	TAL	epithelial_injury	Epithelial injury	context	UUO1	UUO	Male	323	9.85798950920901
sex_ageband_adjusted	TAL	epithelial_injury	Epithelial injury	context	UUO2	UUO	Male	1126	10.1863900199867
sex_ageband_adjusted	TAL	epithelial_injury	Epithelial injury	context	UUO3	UUO	Female	1620	9.08025864970322
sex_ageband_adjusted	TAL	epithelial_injury	Epithelial injury	context	UUO4	UUO	Male	391	8.96126565233676
sex_ageband_adjusted	TAL	epithelial_injury	Epithelial injury	context	UUO5	UUO	Male	1757	8.3043623605844
sex_ageband_adjusted	TAL	chemokine_adhesion	Chemokine / adhesion	context	Control1	Control	Male	439	0.446169581609758
sex_ageband_adjusted	TAL	chemokine_adhesion	Chemokine / adhesion	context	Control2	Control	Male	1235	0.102890125698483
sex_ageband_adjusted	TAL	chemokine_adhesion	Chemokine / adhesion	context	Control3	Control	Female	102	0.792344473188554
sex_ageband_adjusted	TAL	chemokine_adhesion	Chemokine / adhesion	context	Control4	Control	Male	954	0.362608460886375
sex_ageband_adjusted	TAL	chemokine_adhesion	Chemokine / adhesion	context	Control5	Control	Female	786	-0.0805364514604229
sex_ageband_adjusted	TAL	chemokine_adhesion	Chemokine / adhesion	context	Control6	Control	Female	633	-0.00667816078074758
sex_ageband_adjusted	TAL	chemokine_adhesion	Chemokine / adhesion	context	Control7	Control	Male	657	0.219842570863324
sex_ageband_adjusted	TAL	chemokine_adhesion	Chemokine / adhesion	context	UUO1	UUO	Male	323	2.88297906616147
sex_ageband_adjusted	TAL	chemokine_adhesion	Chemokine / adhesion	context	UUO2	UUO	Male	1126	2.31376656904461
sex_ageband_adjusted	TAL	chemokine_adhesion	Chemokine / adhesion	context	UUO3	UUO	Female	1620	1.22468511456106
sex_ageband_adjusted	TAL	chemokine_adhesion	Chemokine / adhesion	context	UUO4	UUO	Male	391	1.63572168580546
sex_ageband_adjusted	TAL	chemokine_adhesion	Chemokine / adhesion	context	UUO5	UUO	Male	1757	0.698160035509472
main	DCT	DCT_NaCl	DCT NaCl transport	primary_transport	Control1	Control	Male	121	8.31184842278314
main	DCT	DCT_NaCl	DCT NaCl transport	primary_transport	Control2	Control	Male	546	8.32063348229485
main	DCT	DCT_NaCl	DCT NaCl transport	primary_transport	Control4	Control	Male	117	8.01536954210096
main	DCT	DCT_NaCl	DCT NaCl transport	primary_transport	Control5	Control	Female	205	8.19701131880217
main	DCT	DCT_NaCl	DCT NaCl transport	primary_transport	Control6	Control	Female	220	8.54041173101019
main	DCT	DCT_NaCl	DCT NaCl transport	primary_transport	Control7	Control	Male	595	7.99177941261969
main	DCT	DCT_NaCl	DCT NaCl transport	primary_transport	UUO1	UUO	Male	213	7.11760092816695
main	DCT	DCT_NaCl	DCT NaCl transport	primary_transport	UUO2	UUO	Male	226	7.05418886071605
main	DCT	DCT_NaCl	DCT NaCl transport	primary_transport	UUO3	UUO	Female	60	7.91942395582538
main	DCT	DCT_NaCl	DCT NaCl transport	primary_transport	UUO4	UUO	Male	180	7.23059136262068
main	DCT	DCT_NaCl	DCT NaCl transport	primary_transport	UUO5	UUO	Male	490	8.15276775000873
main	DCT	DCT_Mg	DCT magnesium handling	primary_transport	Control1	Control	Male	121	8.49760864301724
main	DCT	DCT_Mg	DCT magnesium handling	primary_transport	Control2	Control	Male	546	8.64067410744294
main	DCT	DCT_Mg	DCT magnesium handling	primary_transport	Control4	Control	Male	117	8.513952802207
main	DCT	DCT_Mg	DCT magnesium handling	primary_transport	Control5	Control	Female	205	8.34405353641437
main	DCT	DCT_Mg	DCT magnesium handling	primary_transport	Control6	Control	Female	220	8.67950143431559
main	DCT	DCT_Mg	DCT magnesium handling	primary_transport	Control7	Control	Male	595	8.69419578462158
main	DCT	DCT_Mg	DCT magnesium handling	primary_transport	UUO1	UUO	Male	213	6.74831342751989
main	DCT	DCT_Mg	DCT magnesium handling	primary_transport	UUO2	UUO	Male	226	6.54003301440272
main	DCT	DCT_Mg	DCT magnesium handling	primary_transport	UUO3	UUO	Female	60	7.46523517479234
main	DCT	DCT_Mg	DCT magnesium handling	primary_transport	UUO4	UUO	Male	180	7.03298891906988
main	DCT	DCT_Mg	DCT magnesium handling	primary_transport	UUO5	UUO	Male	490	8.48716782843132
main	DCT	DCT_Ca	DCT calcium handling	primary_transport	Control1	Control	Male	121	7.47789658749207
main	DCT	DCT_Ca	DCT calcium handling	primary_transport	Control2	Control	Male	546	8.75209505700382
main	DCT	DCT_Ca	DCT calcium handling	primary_transport	Control4	Control	Male	117	8.36764411690596
main	DCT	DCT_Ca	DCT calcium handling	primary_transport	Control5	Control	Female	205	7.52027028626706
main	DCT	DCT_Ca	DCT calcium handling	primary_transport	Control6	Control	Female	220	8.13920395937665
main	DCT	DCT_Ca	DCT calcium handling	primary_transport	Control7	Control	Male	595	8.40499396957123
main	DCT	DCT_Ca	DCT calcium handling	primary_transport	UUO1	UUO	Male	213	7.24824572400598
main	DCT	DCT_Ca	DCT calcium handling	primary_transport	UUO2	UUO	Male	226	6.70668095840546
main	DCT	DCT_Ca	DCT calcium handling	primary_transport	UUO3	UUO	Female	60	8.54003980971167
main	DCT	DCT_Ca	DCT calcium handling	primary_transport	UUO4	UUO	Male	180	4.88582008233733
main	DCT	DCT_Ca	DCT calcium handling	primary_transport	UUO5	UUO	Male	490	8.58526636427951
main	DCT	epithelial_injury	Epithelial injury	context	Control1	Control	Male	121	6.21077828116978
main	DCT	epithelial_injury	Epithelial injury	context	Control2	Control	Male	546	6.57491715572109
main	DCT	epithelial_injury	Epithelial injury	context	Control4	Control	Male	117	5.19470386274409
main	DCT	epithelial_injury	Epithelial injury	context	Control5	Control	Female	205	5.87778994001752
main	DCT	epithelial_injury	Epithelial injury	context	Control6	Control	Female	220	5.8334897381116
main	DCT	epithelial_injury	Epithelial injury	context	Control7	Control	Male	595	6.48310535528726
main	DCT	epithelial_injury	Epithelial injury	context	UUO1	UUO	Male	213	9.53703080963995
main	DCT	epithelial_injury	Epithelial injury	context	UUO2	UUO	Male	226	9.90348635752979
main	DCT	epithelial_injury	Epithelial injury	context	UUO3	UUO	Female	60	9.16894248481808
main	DCT	epithelial_injury	Epithelial injury	context	UUO4	UUO	Male	180	9.26200064158444
main	DCT	epithelial_injury	Epithelial injury	context	UUO5	UUO	Male	490	6.6799741554582
main	DCT	chemokine_adhesion	Chemokine / adhesion	context	Control1	Control	Male	121	1.78841469069497
main	DCT	chemokine_adhesion	Chemokine / adhesion	context	Control2	Control	Male	546	1.47618410702973
main	DCT	chemokine_adhesion	Chemokine / adhesion	context	Control4	Control	Male	117	1.41122237779825
main	DCT	chemokine_adhesion	Chemokine / adhesion	context	Control5	Control	Female	205	1.68032286942597
main	DCT	chemokine_adhesion	Chemokine / adhesion	context	Control6	Control	Female	220	1.02862775156399
main	DCT	chemokine_adhesion	Chemokine / adhesion	context	Control7	Control	Male	595	1.30848824086428
main	DCT	chemokine_adhesion	Chemokine / adhesion	context	UUO1	UUO	Male	213	1.88822130700861
main	DCT	chemokine_adhesion	Chemokine / adhesion	context	UUO2	UUO	Male	226	2.32598261187579
main	DCT	chemokine_adhesion	Chemokine / adhesion	context	UUO3	UUO	Female	60	2.65333262663431
main	DCT	chemokine_adhesion	Chemokine / adhesion	context	UUO4	UUO	Male	180	1.97618456426417
main	DCT	chemokine_adhesion	Chemokine / adhesion	context	UUO5	UUO	Male	490	1.76253514042078
min10	DCT	DCT_NaCl	DCT NaCl transport	primary_transport	Control1	Control	Male	121	8.31313087491524
min10	DCT	DCT_NaCl	DCT NaCl transport	primary_transport	Control2	Control	Male	546	8.33296268124482
min10	DCT	DCT_NaCl	DCT NaCl transport	primary_transport	Control3	Control	Female	13	8.23769536417173
min10	DCT	DCT_NaCl	DCT NaCl transport	primary_transport	Control4	Control	Male	117	8.02723945943775
min10	DCT	DCT_NaCl	DCT NaCl transport	primary_transport	Control5	Control	Female	205	8.2125646076823
min10	DCT	DCT_NaCl	DCT NaCl transport	primary_transport	Control6	Control	Female	220	8.55886103230177
min10	DCT	DCT_NaCl	DCT NaCl transport	primary_transport	Control7	Control	Male	595	8.02155993348666
min10	DCT	DCT_NaCl	DCT NaCl transport	primary_transport	UUO1	UUO	Male	213	7.14977416805001
min10	DCT	DCT_NaCl	DCT NaCl transport	primary_transport	UUO2	UUO	Male	226	7.08639442488596
min10	DCT	DCT_NaCl	DCT NaCl transport	primary_transport	UUO3	UUO	Female	60	7.93692380318413
min10	DCT	DCT_NaCl	DCT NaCl transport	primary_transport	UUO4	UUO	Male	180	7.27050856453101
min10	DCT	DCT_NaCl	DCT NaCl transport	primary_transport	UUO5	UUO	Male	490	8.1691963790785
min10	DCT	DCT_Mg	DCT magnesium handling	primary_transport	Control1	Control	Male	121	8.49579730163209
min10	DCT	DCT_Mg	DCT magnesium handling	primary_transport	Control2	Control	Male	546	8.65030544831556
min10	DCT	DCT_Mg	DCT magnesium handling	primary_transport	Control3	Control	Female	13	7.95054014583379
min10	DCT	DCT_Mg	DCT magnesium handling	primary_transport	Control4	Control	Male	117	8.52279599064349
min10	DCT	DCT_Mg	DCT magnesium handling	primary_transport	Control5	Control	Female	205	8.35806312400419
min10	DCT	DCT_Mg	DCT magnesium handling	primary_transport	Control6	Control	Female	220	8.69535517904177
min10	DCT	DCT_Mg	DCT magnesium handling	primary_transport	Control7	Control	Male	595	8.71914482780078
min10	DCT	DCT_Mg	DCT magnesium handling	primary_transport	UUO1	UUO	Male	213	6.77664607100487
min10	DCT	DCT_Mg	DCT magnesium handling	primary_transport	UUO2	UUO	Male	226	6.56938295816083
min10	DCT	DCT_Mg	DCT magnesium handling	primary_transport	UUO3	UUO	Female	60	7.48117448892617
min10	DCT	DCT_Mg	DCT magnesium handling	primary_transport	UUO4	UUO	Male	180	7.06577427136053
min10	DCT	DCT_Mg	DCT magnesium handling	primary_transport	UUO5	UUO	Male	490	8.5004660213634
min10	DCT	DCT_Ca	DCT calcium handling	primary_transport	Control1	Control	Male	121	7.47797593259127
min10	DCT	DCT_Ca	DCT calcium handling	primary_transport	Control2	Control	Male	546	8.76116731234266
min10	DCT	DCT_Ca	DCT calcium handling	primary_transport	Control3	Control	Female	13	7.49819913796777
min10	DCT	DCT_Ca	DCT calcium handling	primary_transport	Control4	Control	Male	117	8.37428130940677
min10	DCT	DCT_Ca	DCT calcium handling	primary_transport	Control5	Control	Female	205	7.53914277006071
min10	DCT	DCT_Ca	DCT calcium handling	primary_transport	Control6	Control	Female	220	8.15606749417125
min10	DCT	DCT_Ca	DCT calcium handling	primary_transport	Control7	Control	Male	595	8.43026307575442
min10	DCT	DCT_Ca	DCT calcium handling	primary_transport	UUO1	UUO	Male	213	7.27990783218578
min10	DCT	DCT_Ca	DCT calcium handling	primary_transport	UUO2	UUO	Male	226	6.7421837494633
min10	DCT	DCT_Ca	DCT calcium handling	primary_transport	UUO3	UUO	Female	60	8.55409354568222
min10	DCT	DCT_Ca	DCT calcium handling	primary_transport	UUO4	UUO	Male	180	4.9571760103214
min10	DCT	DCT_Ca	DCT calcium handling	primary_transport	UUO5	UUO	Male	490	8.59816680300665
min10	DCT	epithelial_injury	Epithelial injury	context	Control1	Control	Male	121	6.21756808802236
min10	DCT	epithelial_injury	Epithelial injury	context	Control2	Control	Male	546	6.59068242845003
min10	DCT	epithelial_injury	Epithelial injury	context	Control3	Control	Female	13	5.55094316842593
min10	DCT	epithelial_injury	Epithelial injury	context	Control4	Control	Male	117	5.23485776878506
min10	DCT	epithelial_injury	Epithelial injury	context	Control5	Control	Female	205	5.90778303018387
min10	DCT	epithelial_injury	Epithelial injury	context	Control6	Control	Female	220	5.86000314226581
min10	DCT	epithelial_injury	Epithelial injury	context	Control7	Control	Male	595	6.51161272725458
min10	DCT	epithelial_injury	Epithelial injury	context	UUO1	UUO	Male	213	9.56193614065288
min10	DCT	epithelial_injury	Epithelial injury	context	UUO2	UUO	Male	226	9.92892120919349
min10	DCT	epithelial_injury	Epithelial injury	context	UUO3	UUO	Female	60	9.18247838874652
min10	DCT	epithelial_injury	Epithelial injury	context	UUO4	UUO	Male	180	9.29241207439791
min10	DCT	epithelial_injury	Epithelial injury	context	UUO5	UUO	Male	490	6.69736897824287
min10	DCT	chemokine_adhesion	Chemokine / adhesion	context	Control1	Control	Male	121	1.88617613673881
min10	DCT	chemokine_adhesion	Chemokine / adhesion	context	Control2	Control	Male	546	1.57965053303257
min10	DCT	chemokine_adhesion	Chemokine / adhesion	context	Control3	Control	Female	13	1.16237413314236
min10	DCT	chemokine_adhesion	Chemokine / adhesion	context	Control4	Control	Male	117	1.52183892284378
min10	DCT	chemokine_adhesion	Chemokine / adhesion	context	Control5	Control	Female	205	1.78407347093454
min10	DCT	chemokine_adhesion	Chemokine / adhesion	context	Control6	Control	Female	220	1.16237413314236
min10	DCT	chemokine_adhesion	Chemokine / adhesion	context	Control7	Control	Male	595	1.42630621321587
min10	DCT	chemokine_adhesion	Chemokine / adhesion	context	UUO1	UUO	Male	213	1.99180057325818
min10	DCT	chemokine_adhesion	Chemokine / adhesion	context	UUO2	UUO	Male	226	2.40811250352805
min10	DCT	chemokine_adhesion	Chemokine / adhesion	context	UUO3	UUO	Female	60	2.72197028014573
min10	DCT	chemokine_adhesion	Chemokine / adhesion	context	UUO4	UUO	Male	180	2.06937451139865
min10	DCT	chemokine_adhesion	Chemokine / adhesion	context	UUO5	UUO	Male	490	1.85447420617333
min50	DCT	DCT_NaCl	DCT NaCl transport	primary_transport	Control1	Control	Male	121	8.31184842278314
min50	DCT	DCT_NaCl	DCT NaCl transport	primary_transport	Control2	Control	Male	546	8.32063348229485
min50	DCT	DCT_NaCl	DCT NaCl transport	primary_transport	Control4	Control	Male	117	8.01536954210096
min50	DCT	DCT_NaCl	DCT NaCl transport	primary_transport	Control5	Control	Female	205	8.19701131880217
min50	DCT	DCT_NaCl	DCT NaCl transport	primary_transport	Control6	Control	Female	220	8.54041173101019
min50	DCT	DCT_NaCl	DCT NaCl transport	primary_transport	Control7	Control	Male	595	7.99177941261969
min50	DCT	DCT_NaCl	DCT NaCl transport	primary_transport	UUO1	UUO	Male	213	7.11760092816695
min50	DCT	DCT_NaCl	DCT NaCl transport	primary_transport	UUO2	UUO	Male	226	7.05418886071605
min50	DCT	DCT_NaCl	DCT NaCl transport	primary_transport	UUO3	UUO	Female	60	7.91942395582538
min50	DCT	DCT_NaCl	DCT NaCl transport	primary_transport	UUO4	UUO	Male	180	7.23059136262068
min50	DCT	DCT_NaCl	DCT NaCl transport	primary_transport	UUO5	UUO	Male	490	8.15276775000873
min50	DCT	DCT_Mg	DCT magnesium handling	primary_transport	Control1	Control	Male	121	8.49760864301724
min50	DCT	DCT_Mg	DCT magnesium handling	primary_transport	Control2	Control	Male	546	8.64067410744294
min50	DCT	DCT_Mg	DCT magnesium handling	primary_transport	Control4	Control	Male	117	8.513952802207
min50	DCT	DCT_Mg	DCT magnesium handling	primary_transport	Control5	Control	Female	205	8.34405353641437
min50	DCT	DCT_Mg	DCT magnesium handling	primary_transport	Control6	Control	Female	220	8.67950143431559
min50	DCT	DCT_Mg	DCT magnesium handling	primary_transport	Control7	Control	Male	595	8.69419578462158
min50	DCT	DCT_Mg	DCT magnesium handling	primary_transport	UUO1	UUO	Male	213	6.74831342751989
min50	DCT	DCT_Mg	DCT magnesium handling	primary_transport	UUO2	UUO	Male	226	6.54003301440272
min50	DCT	DCT_Mg	DCT magnesium handling	primary_transport	UUO3	UUO	Female	60	7.46523517479234
min50	DCT	DCT_Mg	DCT magnesium handling	primary_transport	UUO4	UUO	Male	180	7.03298891906988
min50	DCT	DCT_Mg	DCT magnesium handling	primary_transport	UUO5	UUO	Male	490	8.48716782843132
min50	DCT	DCT_Ca	DCT calcium handling	primary_transport	Control1	Control	Male	121	7.47789658749207
min50	DCT	DCT_Ca	DCT calcium handling	primary_transport	Control2	Control	Male	546	8.75209505700382
min50	DCT	DCT_Ca	DCT calcium handling	primary_transport	Control4	Control	Male	117	8.36764411690596
min50	DCT	DCT_Ca	DCT calcium handling	primary_transport	Control5	Control	Female	205	7.52027028626706
min50	DCT	DCT_Ca	DCT calcium handling	primary_transport	Control6	Control	Female	220	8.13920395937665
min50	DCT	DCT_Ca	DCT calcium handling	primary_transport	Control7	Control	Male	595	8.40499396957123
min50	DCT	DCT_Ca	DCT calcium handling	primary_transport	UUO1	UUO	Male	213	7.24824572400598
min50	DCT	DCT_Ca	DCT calcium handling	primary_transport	UUO2	UUO	Male	226	6.70668095840546
min50	DCT	DCT_Ca	DCT calcium handling	primary_transport	UUO3	UUO	Female	60	8.54003980971167
min50	DCT	DCT_Ca	DCT calcium handling	primary_transport	UUO4	UUO	Male	180	4.88582008233733
min50	DCT	DCT_Ca	DCT calcium handling	primary_transport	UUO5	UUO	Male	490	8.58526636427951
min50	DCT	epithelial_injury	Epithelial injury	context	Control1	Control	Male	121	6.21077828116978
min50	DCT	epithelial_injury	Epithelial injury	context	Control2	Control	Male	546	6.57491715572109
min50	DCT	epithelial_injury	Epithelial injury	context	Control4	Control	Male	117	5.19470386274409
min50	DCT	epithelial_injury	Epithelial injury	context	Control5	Control	Female	205	5.87778994001752
min50	DCT	epithelial_injury	Epithelial injury	context	Control6	Control	Female	220	5.8334897381116
min50	DCT	epithelial_injury	Epithelial injury	context	Control7	Control	Male	595	6.48310535528726
min50	DCT	epithelial_injury	Epithelial injury	context	UUO1	UUO	Male	213	9.53703080963995
min50	DCT	epithelial_injury	Epithelial injury	context	UUO2	UUO	Male	226	9.90348635752979
min50	DCT	epithelial_injury	Epithelial injury	context	UUO3	UUO	Female	60	9.16894248481808
min50	DCT	epithelial_injury	Epithelial injury	context	UUO4	UUO	Male	180	9.26200064158444
min50	DCT	epithelial_injury	Epithelial injury	context	UUO5	UUO	Male	490	6.6799741554582
min50	DCT	chemokine_adhesion	Chemokine / adhesion	context	Control1	Control	Male	121	1.78841469069497
min50	DCT	chemokine_adhesion	Chemokine / adhesion	context	Control2	Control	Male	546	1.47618410702973
min50	DCT	chemokine_adhesion	Chemokine / adhesion	context	Control4	Control	Male	117	1.41122237779825
min50	DCT	chemokine_adhesion	Chemokine / adhesion	context	Control5	Control	Female	205	1.68032286942597
min50	DCT	chemokine_adhesion	Chemokine / adhesion	context	Control6	Control	Female	220	1.02862775156399
min50	DCT	chemokine_adhesion	Chemokine / adhesion	context	Control7	Control	Male	595	1.30848824086428
min50	DCT	chemokine_adhesion	Chemokine / adhesion	context	UUO1	UUO	Male	213	1.88822130700861
min50	DCT	chemokine_adhesion	Chemokine / adhesion	context	UUO2	UUO	Male	226	2.32598261187579
min50	DCT	chemokine_adhesion	Chemokine / adhesion	context	UUO3	UUO	Female	60	2.65333262663431
min50	DCT	chemokine_adhesion	Chemokine / adhesion	context	UUO4	UUO	Male	180	1.97618456426417
min50	DCT	chemokine_adhesion	Chemokine / adhesion	context	UUO5	UUO	Male	490	1.76253514042078
LODO_Control1	DCT	DCT_NaCl	DCT NaCl transport	primary_transport	Control2	Control	Male	546	8.30533518516087
LODO_Control1	DCT	DCT_NaCl	DCT NaCl transport	primary_transport	Control4	Control	Male	117	8.01238830431541
LODO_Control1	DCT	DCT_NaCl	DCT NaCl transport	primary_transport	Control5	Control	Female	205	8.19358781059821
LODO_Control1	DCT	DCT_NaCl	DCT NaCl transport	primary_transport	Control6	Control	Female	220	8.53337438273881
LODO_Control1	DCT	DCT_NaCl	DCT NaCl transport	primary_transport	Control7	Control	Male	595	7.9844403833857
LODO_Control1	DCT	DCT_NaCl	DCT NaCl transport	primary_transport	UUO1	UUO	Male	213	7.11302454801135
LODO_Control1	DCT	DCT_NaCl	DCT NaCl transport	primary_transport	UUO2	UUO	Male	226	7.05594601675434
LODO_Control1	DCT	DCT_NaCl	DCT NaCl transport	primary_transport	UUO3	UUO	Female	60	7.92516993143188
LODO_Control1	DCT	DCT_NaCl	DCT NaCl transport	primary_transport	UUO4	UUO	Male	180	7.23821101347624
LODO_Control1	DCT	DCT_NaCl	DCT NaCl transport	primary_transport	UUO5	UUO	Male	490	8.15196060629511
LODO_Control1	DCT	DCT_Mg	DCT magnesium handling	primary_transport	Control2	Control	Male	546	8.62651309270402
LODO_Control1	DCT	DCT_Mg	DCT magnesium handling	primary_transport	Control4	Control	Male	117	8.51252965897504
LODO_Control1	DCT	DCT_Mg	DCT magnesium handling	primary_transport	Control5	Control	Female	205	8.34144071263001
LODO_Control1	DCT	DCT_Mg	DCT magnesium handling	primary_transport	Control6	Control	Female	220	8.67379258618232
LODO_Control1	DCT	DCT_Mg	DCT magnesium handling	primary_transport	Control7	Control	Male	595	8.68961523676935
LODO_Control1	DCT	DCT_Mg	DCT magnesium handling	primary_transport	UUO1	UUO	Male	213	6.74608699427534
LODO_Control1	DCT	DCT_Mg	DCT magnesium handling	primary_transport	UUO2	UUO	Male	226	6.54370464982122
LODO_Control1	DCT	DCT_Mg	DCT magnesium handling	primary_transport	UUO3	UUO	Female	60	7.47193447657086
LODO_Control1	DCT	DCT_Mg	DCT magnesium handling	primary_transport	UUO4	UUO	Male	180	7.04630908254847
LODO_Control1	DCT	DCT_Mg	DCT magnesium handling	primary_transport	UUO5	UUO	Male	490	8.48809046988444
LODO_Control1	DCT	DCT_Ca	DCT calcium handling	primary_transport	Control2	Control	Male	546	8.73816893204454
LODO_Control1	DCT	DCT_Ca	DCT calcium handling	primary_transport	Control4	Control	Male	117	8.36735476890968
LODO_Control1	DCT	DCT_Ca	DCT calcium handling	primary_transport	Control5	Control	Female	205	7.51508160562475
LODO_Control1	DCT	DCT_Ca	DCT calcium handling	primary_transport	Control6	Control	Female	220	8.1329821853443
LODO_Control1	DCT	DCT_Ca	DCT calcium handling	primary_transport	Control7	Control	Male	595	8.40023500374048
LODO_Control1	DCT	DCT_Ca	DCT calcium handling	primary_transport	UUO1	UUO	Male	213	7.24399260787943
LODO_Control1	DCT	DCT_Ca	DCT calcium handling	primary_transport	UUO2	UUO	Male	226	6.70621769320945
LODO_Control1	DCT	DCT_Ca	DCT calcium handling	primary_transport	UUO3	UUO	Female	60	8.54788015166433
LODO_Control1	DCT	DCT_Ca	DCT calcium handling	primary_transport	UUO4	UUO	Male	180	4.86785596168826
LODO_Control1	DCT	DCT_Ca	DCT calcium handling	primary_transport	UUO5	UUO	Male	490	8.58640842323302
LODO_Control1	DCT	epithelial_injury	Epithelial injury	context	Control2	Control	Male	546	6.55816393642478
LODO_Control1	DCT	epithelial_injury	Epithelial injury	context	Control4	Control	Male	117	5.17643159126838
LODO_Control1	DCT	epithelial_injury	Epithelial injury	context	Control5	Control	Female	205	5.86655349812008
LODO_Control1	DCT	epithelial_injury	Epithelial injury	context	Control6	Control	Female	220	5.82231141762291
LODO_Control1	DCT	epithelial_injury	Epithelial injury	context	Control7	Control	Male	595	6.47652083858076
LODO_Control1	DCT	epithelial_injury	Epithelial injury	context	UUO1	UUO	Male	213	9.53686158629922
LODO_Control1	DCT	epithelial_injury	Epithelial injury	context	UUO2	UUO	Male	226	9.90973281961308
LODO_Control1	DCT	epithelial_injury	Epithelial injury	context	UUO3	UUO	Female	60	9.17709453940846
LODO_Control1	DCT	epithelial_injury	Epithelial injury	context	UUO4	UUO	Male	180	9.27714419115552
LODO_Control1	DCT	epithelial_injury	Epithelial injury	context	UUO5	UUO	Male	490	6.67864868079437
LODO_Control1	DCT	chemokine_adhesion	Chemokine / adhesion	context	Control2	Control	Male	546	1.42086220405238
LODO_Control1	DCT	chemokine_adhesion	Chemokine / adhesion	context	Control4	Control	Male	117	1.35486355725614
LODO_Control1	DCT	chemokine_adhesion	Chemokine / adhesion	context	Control5	Control	Female	205	1.62799190104069
LODO_Control1	DCT	chemokine_adhesion	Chemokine / adhesion	context	Control6	Control	Female	220	0.959323951541499
LODO_Control1	DCT	chemokine_adhesion	Chemokine / adhesion	context	Control7	Control	Male	595	1.24898113150532
LODO_Control1	DCT	chemokine_adhesion	Chemokine / adhesion	context	UUO1	UUO	Male	213	1.83827472631314
LODO_Control1	DCT	chemokine_adhesion	Chemokine / adhesion	context	UUO2	UUO	Male	226	2.29329194120275
LODO_Control1	DCT	chemokine_adhesion	Chemokine / adhesion	context	UUO3	UUO	Female	60	2.6265058275059
LODO_Control1	DCT	chemokine_adhesion	Chemokine / adhesion	context	UUO4	UUO	Male	180	1.94081185156262
LODO_Control1	DCT	chemokine_adhesion	Chemokine / adhesion	context	UUO5	UUO	Male	490	1.71834407062433
LODO_Control2	DCT	DCT_NaCl	DCT NaCl transport	primary_transport	Control1	Control	Male	121	8.30643428805234
LODO_Control2	DCT	DCT_NaCl	DCT NaCl transport	primary_transport	Control4	Control	Male	117	8.02352098908435
LODO_Control2	DCT	DCT_NaCl	DCT NaCl transport	primary_transport	Control5	Control	Female	205	8.19864885856249
LODO_Control2	DCT	DCT_NaCl	DCT NaCl transport	primary_transport	Control6	Control	Female	220	8.5365277281519
LODO_Control2	DCT	DCT_NaCl	DCT NaCl transport	primary_transport	Control7	Control	Male	595	7.99754944931029
LODO_Control2	DCT	DCT_NaCl	DCT NaCl transport	primary_transport	UUO1	UUO	Male	213	7.13201050326721
LODO_Control2	DCT	DCT_NaCl	DCT NaCl transport	primary_transport	UUO2	UUO	Male	226	7.07324020888939
LODO_Control2	DCT	DCT_NaCl	DCT NaCl transport	primary_transport	UUO3	UUO	Female	60	7.93256127897701
LODO_Control2	DCT	DCT_NaCl	DCT NaCl transport	primary_transport	UUO4	UUO	Male	180	7.26379750301998
LODO_Control2	DCT	DCT_NaCl	DCT NaCl transport	primary_transport	UUO5	UUO	Male	490	8.15595594363695
LODO_Control2	DCT	DCT_Mg	DCT magnesium handling	primary_transport	Control1	Control	Male	121	8.48814514965356
LODO_Control2	DCT	DCT_Mg	DCT magnesium handling	primary_transport	Control4	Control	Male	117	8.51814404418392
LODO_Control2	DCT	DCT_Mg	DCT magnesium handling	primary_transport	Control5	Control	Female	205	8.34351273149865
LODO_Control2	DCT	DCT_Mg	DCT magnesium handling	primary_transport	Control6	Control	Female	220	8.67173081229879
LODO_Control2	DCT	DCT_Mg	DCT magnesium handling	primary_transport	Control7	Control	Male	595	8.69241426808674
LODO_Control2	DCT	DCT_Mg	DCT magnesium handling	primary_transport	UUO1	UUO	Male	213	6.75692415891754
LODO_Control2	DCT	DCT_Mg	DCT magnesium handling	primary_transport	UUO2	UUO	Male	226	6.5549073329095
LODO_Control2	DCT	DCT_Mg	DCT magnesium handling	primary_transport	UUO3	UUO	Female	60	7.47629957119407
LODO_Control2	DCT	DCT_Mg	DCT magnesium handling	primary_transport	UUO4	UUO	Male	180	7.05605062102596
LODO_Control2	DCT	DCT_Mg	DCT magnesium handling	primary_transport	UUO5	UUO	Male	490	8.48595445966552
LODO_Control2	DCT	DCT_Ca	DCT calcium handling	primary_transport	Control1	Control	Male	121	7.47091307746047
LODO_Control2	DCT	DCT_Ca	DCT calcium handling	primary_transport	Control4	Control	Male	117	8.368948141672
LODO_Control2	DCT	DCT_Ca	DCT calcium handling	primary_transport	Control5	Control	Female	205	7.52657588563755
LODO_Control2	DCT	DCT_Ca	DCT calcium handling	primary_transport	Control6	Control	Female	220	8.1329492055962
LODO_Control2	DCT	DCT_Ca	DCT calcium handling	primary_transport	Control7	Control	Male	595	8.40371704394406
LODO_Control2	DCT	DCT_Ca	DCT calcium handling	primary_transport	UUO1	UUO	Male	213	7.26189171839378
LODO_Control2	DCT	DCT_Ca	DCT calcium handling	primary_transport	UUO2	UUO	Male	226	6.73054952874243
LODO_Control2	DCT	DCT_Ca	DCT calcium handling	primary_transport	UUO3	UUO	Female	60	8.54859463449861
LODO_Control2	DCT	DCT_Ca	DCT calcium handling	primary_transport	UUO4	UUO	Male	180	4.96357195197683
LODO_Control2	DCT	DCT_Ca	DCT calcium handling	primary_transport	UUO5	UUO	Male	490	8.58349350927922
LODO_Control2	DCT	epithelial_injury	Epithelial injury	context	Control1	Control	Male	121	6.2125749137712
LODO_Control2	DCT	epithelial_injury	Epithelial injury	context	Control4	Control	Male	117	5.23951817366931
LODO_Control2	DCT	epithelial_injury	Epithelial injury	context	Control5	Control	Female	205	5.89964670126432
LODO_Control2	DCT	epithelial_injury	Epithelial injury	context	Control6	Control	Female	220	5.84166843072154
LODO_Control2	DCT	epithelial_injury	Epithelial injury	context	Control7	Control	Male	595	6.48691282124784
LODO_Control2	DCT	epithelial_injury	Epithelial injury	context	UUO1	UUO	Male	213	9.54043490460761
LODO_Control2	DCT	epithelial_injury	Epithelial injury	context	UUO2	UUO	Male	226	9.91260297120832
LODO_Control2	DCT	epithelial_injury	Epithelial injury	context	UUO3	UUO	Female	60	9.1768073603799
LODO_Control2	DCT	epithelial_injury	Epithelial injury	context	UUO4	UUO	Male	180	9.28165341617376
LODO_Control2	DCT	epithelial_injury	Epithelial injury	context	UUO5	UUO	Male	490	6.68453124686796
LODO_Control2	DCT	chemokine_adhesion	Chemokine / adhesion	context	Control1	Control	Male	121	1.90791879701305
LODO_Control2	DCT	chemokine_adhesion	Chemokine / adhesion	context	Control4	Control	Male	117	1.54737382330396
LODO_Control2	DCT	chemokine_adhesion	Chemokine / adhesion	context	Control5	Control	Female	205	1.80472132002613
LODO_Control2	DCT	chemokine_adhesion	Chemokine / adhesion	context	Control6	Control	Female	220	1.19455879242414
LODO_Control2	DCT	chemokine_adhesion	Chemokine / adhesion	context	Control7	Control	Male	595	1.45014596721638
LODO_Control2	DCT	chemokine_adhesion	Chemokine / adhesion	context	UUO1	UUO	Male	213	2.00924887654375
LODO_Control2	DCT	chemokine_adhesion	Chemokine / adhesion	context	UUO2	UUO	Male	226	2.41752324337283
LODO_Control2	DCT	chemokine_adhesion	Chemokine / adhesion	context	UUO3	UUO	Female	60	2.73386370196415
LODO_Control2	DCT	chemokine_adhesion	Chemokine / adhesion	context	UUO4	UUO	Male	180	2.08501923326369
LODO_Control2	DCT	chemokine_adhesion	Chemokine / adhesion	context	UUO5	UUO	Male	490	1.87088142455124
LODO_Control4	DCT	DCT_NaCl	DCT NaCl transport	primary_transport	Control1	Control	Male	121	8.2962438810563
LODO_Control4	DCT	DCT_NaCl	DCT NaCl transport	primary_transport	Control2	Control	Male	546	8.30317777901483
LODO_Control4	DCT	DCT_NaCl	DCT NaCl transport	primary_transport	Control5	Control	Female	205	8.1918563808584
LODO_Control4	DCT	DCT_NaCl	DCT NaCl transport	primary_transport	Control6	Control	Female	220	8.53055418768967
LODO_Control4	DCT	DCT_NaCl	DCT NaCl transport	primary_transport	Control7	Control	Male	595	7.98044858513206
LODO_Control4	DCT	DCT_NaCl	DCT NaCl transport	primary_transport	UUO1	UUO	Male	213	7.11048234567993
LODO_Control4	DCT	DCT_NaCl	DCT NaCl transport	primary_transport	UUO2	UUO	Male	226	7.05349049364624
LODO_Control4	DCT	DCT_NaCl	DCT NaCl transport	primary_transport	UUO3	UUO	Female	60	7.920902204864
LODO_Control4	DCT	DCT_NaCl	DCT NaCl transport	primary_transport	UUO4	UUO	Male	180	7.23590392891581
LODO_Control4	DCT	DCT_NaCl	DCT NaCl transport	primary_transport	UUO5	UUO	Male	490	8.14787808956977
LODO_Control4	DCT	DCT_Mg	DCT magnesium handling	primary_transport	Control1	Control	Male	121	8.48356968736442
LODO_Control4	DCT	DCT_Mg	DCT magnesium handling	primary_transport	Control2	Control	Male	546	8.62467376397881
LODO_Control4	DCT	DCT_Mg	DCT magnesium handling	primary_transport	Control5	Control	Female	205	8.33989928728545
LODO_Control4	DCT	DCT_Mg	DCT magnesium handling	primary_transport	Control6	Control	Female	220	8.67128016836131
LODO_Control4	DCT	DCT_Mg	DCT magnesium handling	primary_transport	Control7	Control	Male	595	8.68621680934623
LODO_Control4	DCT	DCT_Mg	DCT magnesium handling	primary_transport	UUO1	UUO	Male	213	6.74408030155342
LODO_Control4	DCT	DCT_Mg	DCT magnesium handling	primary_transport	UUO2	UUO	Male	226	6.5416480100052
LODO_Control4	DCT	DCT_Mg	DCT magnesium handling	primary_transport	UUO3	UUO	Female	60	7.46783163599684
LODO_Control4	DCT	DCT_Mg	DCT magnesium handling	primary_transport	UUO4	UUO	Male	180	7.04511837264698
LODO_Control4	DCT	DCT_Mg	DCT magnesium handling	primary_transport	UUO5	UUO	Male	490	8.48434075092578
LODO_Control4	DCT	DCT_Ca	DCT calcium handling	primary_transport	Control1	Control	Male	121	7.4629108371677
LODO_Control4	DCT	DCT_Ca	DCT calcium handling	primary_transport	Control2	Control	Male	546	8.73639521251589
LODO_Control4	DCT	DCT_Ca	DCT calcium handling	primary_transport	Control5	Control	Female	205	7.51293423120802
LODO_Control4	DCT	DCT_Ca	DCT calcium handling	primary_transport	Control6	Control	Female	220	8.13035131367504
LODO_Control4	DCT	DCT_Ca	DCT calcium handling	primary_transport	Control7	Control	Male	595	8.39679860003267
LODO_Control4	DCT	DCT_Ca	DCT calcium handling	primary_transport	UUO1	UUO	Male	213	7.24152519342436
LODO_Control4	DCT	DCT_Ca	DCT calcium handling	primary_transport	UUO2	UUO	Male	226	6.70329851638911
LODO_Control4	DCT	DCT_Ca	DCT calcium handling	primary_transport	UUO3	UUO	Female	60	8.54397383803748
LODO_Control4	DCT	DCT_Ca	DCT calcium handling	primary_transport	UUO4	UUO	Male	180	4.86048734397675
LODO_Control4	DCT	DCT_Ca	DCT calcium handling	primary_transport	UUO5	UUO	Male	490	8.58270088599034
LODO_Control4	DCT	epithelial_injury	Epithelial injury	context	Control1	Control	Male	121	6.19239115825294
LODO_Control4	DCT	epithelial_injury	Epithelial injury	context	Control2	Control	Male	546	6.5555989149906
LODO_Control4	DCT	epithelial_injury	Epithelial injury	context	Control5	Control	Female	205	5.86296684181732
LODO_Control4	DCT	epithelial_injury	Epithelial injury	context	Control6	Control	Female	220	5.81853053996937
LODO_Control4	DCT	epithelial_injury	Epithelial injury	context	Control7	Control	Male	595	6.47269394662906
LODO_Control4	DCT	epithelial_injury	Epithelial injury	context	UUO1	UUO	Male	213	9.53531953518859
LODO_Control4	DCT	epithelial_injury	Epithelial injury	context	UUO2	UUO	Male	226	9.90820770373507
LODO_Control4	DCT	epithelial_injury	Epithelial injury	context	UUO3	UUO	Female	60	9.1732417886394
LODO_Control4	DCT	epithelial_injury	Epithelial injury	context	UUO4	UUO	Male	180	9.27630312843533
LODO_Control4	DCT	epithelial_injury	Epithelial injury	context	UUO5	UUO	Male	490	6.67446770899354
LODO_Control4	DCT	chemokine_adhesion	Chemokine / adhesion	context	Control1	Control	Male	121	1.72114207514761
LODO_Control4	DCT	chemokine_adhesion	Chemokine / adhesion	context	Control2	Control	Male	546	1.40732825914727
LODO_Control4	DCT	chemokine_adhesion	Chemokine / adhesion	context	Control5	Control	Female	205	1.61451589816292
LODO_Control4	DCT	chemokine_adhesion	Chemokine / adhesion	context	Control6	Control	Female	220	0.94173657624716
LODO_Control4	DCT	chemokine_adhesion	Chemokine / adhesion	context	Control7	Control	Male	595	1.23357356624325
LODO_Control4	DCT	chemokine_adhesion	Chemokine / adhesion	context	UUO1	UUO	Male	213	1.82520099107851
LODO_Control4	DCT	chemokine_adhesion	Chemokine / adhesion	context	UUO2	UUO	Male	226	2.28355201971073
LODO_Control4	DCT	chemokine_adhesion	Chemokine / adhesion	context	UUO3	UUO	Female	60	2.6164922063964
LODO_Control4	DCT	chemokine_adhesion	Chemokine / adhesion	context	UUO4	UUO	Male	180	1.93003673612256
LODO_Control4	DCT	chemokine_adhesion	Chemokine / adhesion	context	UUO5	UUO	Male	490	1.70576886029688
LODO_Control5	DCT	DCT_NaCl	DCT NaCl transport	primary_transport	Control1	Control	Male	121	8.29639599007367
LODO_Control5	DCT	DCT_NaCl	DCT NaCl transport	primary_transport	Control2	Control	Male	546	8.30401710200411
LODO_Control5	DCT	DCT_NaCl	DCT NaCl transport	primary_transport	Control4	Control	Male	117	8.01157133540032
LODO_Control5	DCT	DCT_NaCl	DCT NaCl transport	primary_transport	Control6	Control	Female	220	8.53037950525812
LODO_Control5	DCT	DCT_NaCl	DCT NaCl transport	primary_transport	Control7	Control	Male	595	7.98390714531445
LODO_Control5	DCT	DCT_NaCl	DCT NaCl transport	primary_transport	UUO1	UUO	Male	213	7.11219895412528
LODO_Control5	DCT	DCT_NaCl	DCT NaCl transport	primary_transport	UUO2	UUO	Male	226	7.05423265516777
LODO_Control5	DCT	DCT_NaCl	DCT NaCl transport	primary_transport	UUO3	UUO	Female	60	7.92300625728946
LODO_Control5	DCT	DCT_NaCl	DCT NaCl transport	primary_transport	UUO4	UUO	Male	180	7.23923678434722
LODO_Control5	DCT	DCT_NaCl	DCT NaCl transport	primary_transport	UUO5	UUO	Male	490	8.15114930919704
LODO_Control5	DCT	DCT_Mg	DCT magnesium handling	primary_transport	Control1	Control	Male	121	8.48287087317587
LODO_Control5	DCT	DCT_Mg	DCT magnesium handling	primary_transport	Control2	Control	Male	546	8.62471505752061
LODO_Control5	DCT	DCT_Mg	DCT magnesium handling	primary_transport	Control4	Control	Male	117	8.51119075425899
LODO_Control5	DCT	DCT_Mg	DCT magnesium handling	primary_transport	Control6	Control	Female	220	8.67027699650426
LODO_Control5	DCT	DCT_Mg	DCT magnesium handling	primary_transport	Control7	Control	Male	595	8.68810286834226
LODO_Control5	DCT	DCT_Mg	DCT magnesium handling	primary_transport	UUO1	UUO	Male	213	6.74445242426347
LODO_Control5	DCT	DCT_Mg	DCT magnesium handling	primary_transport	UUO2	UUO	Male	226	6.54136827508155
LODO_Control5	DCT	DCT_Mg	DCT magnesium handling	primary_transport	UUO3	UUO	Female	60	7.46947227666474
LODO_Control5	DCT	DCT_Mg	DCT magnesium handling	primary_transport	UUO4	UUO	Male	180	7.0458165558417
LODO_Control5	DCT	DCT_Mg	DCT magnesium handling	primary_transport	UUO5	UUO	Male	490	8.48671865480488
LODO_Control5	DCT	DCT_Ca	DCT calcium handling	primary_transport	Control1	Control	Male	121	7.46272579551819
LODO_Control5	DCT	DCT_Ca	DCT calcium handling	primary_transport	Control2	Control	Male	546	8.7362718274349
LODO_Control5	DCT	DCT_Ca	DCT calcium handling	primary_transport	Control4	Control	Male	117	8.36563620512244
LODO_Control5	DCT	DCT_Ca	DCT calcium handling	primary_transport	Control6	Control	Female	220	8.12966732427595
LODO_Control5	DCT	DCT_Ca	DCT calcium handling	primary_transport	Control7	Control	Male	595	8.39878561116203
LODO_Control5	DCT	DCT_Ca	DCT calcium handling	primary_transport	UUO1	UUO	Male	213	7.24305482501558
LODO_Control5	DCT	DCT_Ca	DCT calcium handling	primary_transport	UUO2	UUO	Male	226	6.70522779557288
LODO_Control5	DCT	DCT_Ca	DCT calcium handling	primary_transport	UUO3	UUO	Female	60	8.54506152219468
LODO_Control5	DCT	DCT_Ca	DCT calcium handling	primary_transport	UUO4	UUO	Male	180	4.87573793911623
LODO_Control5	DCT	DCT_Ca	DCT calcium handling	primary_transport	UUO5	UUO	Male	490	8.58496553902351
LODO_Control5	DCT	epithelial_injury	Epithelial injury	context	Control1	Control	Male	121	6.19405529167466
LODO_Control5	DCT	epithelial_injury	Epithelial injury	context	Control2	Control	Male	546	6.55746032935371
LODO_Control5	DCT	epithelial_injury	Epithelial injury	context	Control4	Control	Male	117	5.18079625347132
LODO_Control5	DCT	epithelial_injury	Epithelial injury	context	Control6	Control	Female	220	5.82094072236092
LODO_Control5	DCT	epithelial_injury	Epithelial injury	context	Control7	Control	Male	595	6.47571749933179
LODO_Control5	DCT	epithelial_injury	Epithelial injury	context	UUO1	UUO	Male	213	9.53452218273356
LODO_Control5	DCT	epithelial_injury	Epithelial injury	context	UUO2	UUO	Male	226	9.90656286817776
LODO_Control5	DCT	epithelial_injury	Epithelial injury	context	UUO3	UUO	Female	60	9.1741786725044
LODO_Control5	DCT	epithelial_injury	Epithelial injury	context	UUO4	UUO	Male	180	9.27617226563848
LODO_Control5	DCT	epithelial_injury	Epithelial injury	context	UUO5	UUO	Male	490	6.67800413215939
LODO_Control5	DCT	chemokine_adhesion	Chemokine / adhesion	context	Control1	Control	Male	121	1.74963154287141
LODO_Control5	DCT	chemokine_adhesion	Chemokine / adhesion	context	Control2	Control	Male	546	1.43655750265727
LODO_Control5	DCT	chemokine_adhesion	Chemokine / adhesion	context	Control4	Control	Male	117	1.37213358524895
LODO_Control5	DCT	chemokine_adhesion	Chemokine / adhesion	context	Control6	Control	Female	220	0.981015308269134
LODO_Control5	DCT	chemokine_adhesion	Chemokine / adhesion	context	Control7	Control	Male	595	1.26713268154803
LODO_Control5	DCT	chemokine_adhesion	Chemokine / adhesion	context	UUO1	UUO	Male	213	1.85322082641962
LODO_Control5	DCT	chemokine_adhesion	Chemokine / adhesion	context	UUO2	UUO	Male	226	2.30288054632807
LODO_Control5	DCT	chemokine_adhesion	Chemokine / adhesion	context	UUO3	UUO	Female	60	2.63465902570839
LODO_Control5	DCT	chemokine_adhesion	Chemokine / adhesion	context	UUO4	UUO	Male	180	1.95332791553742
LODO_Control5	DCT	chemokine_adhesion	Chemokine / adhesion	context	UUO5	UUO	Male	490	1.73172835948371
LODO_Control6	DCT	DCT_NaCl	DCT NaCl transport	primary_transport	Control1	Control	Male	121	8.29541580104876
LODO_Control6	DCT	DCT_NaCl	DCT NaCl transport	primary_transport	Control2	Control	Male	546	8.30418348628919
LODO_Control6	DCT	DCT_NaCl	DCT NaCl transport	primary_transport	Control4	Control	Male	117	8.00995737242169
LODO_Control6	DCT	DCT_NaCl	DCT NaCl transport	primary_transport	Control5	Control	Female	205	8.19142171851083
LODO_Control6	DCT	DCT_NaCl	DCT NaCl transport	primary_transport	Control7	Control	Male	595	7.98294800536935
LODO_Control6	DCT	DCT_NaCl	DCT NaCl transport	primary_transport	UUO1	UUO	Male	213	7.10943541158282
LODO_Control6	DCT	DCT_NaCl	DCT NaCl transport	primary_transport	UUO2	UUO	Male	226	7.05301013198349
LODO_Control6	DCT	DCT_NaCl	DCT NaCl transport	primary_transport	UUO3	UUO	Female	60	7.92194297367437
LODO_Control6	DCT	DCT_NaCl	DCT NaCl transport	primary_transport	UUO4	UUO	Male	180	7.23877202784448
LODO_Control6	DCT	DCT_NaCl	DCT NaCl transport	primary_transport	UUO5	UUO	Male	490	8.1496360654374
LODO_Control6	DCT	DCT_Mg	DCT magnesium handling	primary_transport	Control1	Control	Male	121	8.48183591316538
LODO_Control6	DCT	DCT_Mg	DCT magnesium handling	primary_transport	Control2	Control	Male	546	8.62485327371153
LODO_Control6	DCT	DCT_Mg	DCT magnesium handling	primary_transport	Control4	Control	Male	117	8.50950387459485
LODO_Control6	DCT	DCT_Mg	DCT magnesium handling	primary_transport	Control5	Control	Female	205	8.33896658848054
LODO_Control6	DCT	DCT_Mg	DCT magnesium handling	primary_transport	Control7	Control	Male	595	8.68703438713427
LODO_Control6	DCT	DCT_Mg	DCT magnesium handling	primary_transport	UUO1	UUO	Male	213	6.74153443982577
LODO_Control6	DCT	DCT_Mg	DCT magnesium handling	primary_transport	UUO2	UUO	Male	226	6.54007262019571
LODO_Control6	DCT	DCT_Mg	DCT magnesium handling	primary_transport	UUO3	UUO	Female	60	7.46837658290586
LODO_Control6	DCT	DCT_Mg	DCT magnesium handling	primary_transport	UUO4	UUO	Male	180	7.04520644448624
LODO_Control6	DCT	DCT_Mg	DCT magnesium handling	primary_transport	UUO5	UUO	Male	490	8.48512961230877
LODO_Control6	DCT	DCT_Ca	DCT calcium handling	primary_transport	Control1	Control	Male	121	7.46172397265236
LODO_Control6	DCT	DCT_Ca	DCT calcium handling	primary_transport	Control2	Control	Male	546	8.73640422666672
LODO_Control6	DCT	DCT_Ca	DCT calcium handling	primary_transport	Control4	Control	Male	117	8.36389627380591
LODO_Control6	DCT	DCT_Ca	DCT calcium handling	primary_transport	Control5	Control	Female	205	7.51358803027226
LODO_Control6	DCT	DCT_Ca	DCT calcium handling	primary_transport	Control7	Control	Male	595	8.39772418667999
LODO_Control6	DCT	DCT_Ca	DCT calcium handling	primary_transport	UUO1	UUO	Male	213	7.24026997247945
LODO_Control6	DCT	DCT_Ca	DCT calcium handling	primary_transport	UUO2	UUO	Male	226	6.70409013866137
LODO_Control6	DCT	DCT_Ca	DCT calcium handling	primary_transport	UUO3	UUO	Female	60	8.54392708382452
LODO_Control6	DCT	DCT_Ca	DCT calcium handling	primary_transport	UUO4	UUO	Male	180	4.87592792247329
LODO_Control6	DCT	DCT_Ca	DCT calcium handling	primary_transport	UUO5	UUO	Male	490	8.58336688356751
LODO_Control6	DCT	epithelial_injury	Epithelial injury	context	Control1	Control	Male	121	6.193172455435
LODO_Control6	DCT	epithelial_injury	Epithelial injury	context	Control2	Control	Male	546	6.55766275525364
LODO_Control6	DCT	epithelial_injury	Epithelial injury	context	Control4	Control	Male	117	5.17990134040125
LODO_Control6	DCT	epithelial_injury	Epithelial injury	context	Control5	Control	Female	205	5.86737545382587
LODO_Control6	DCT	epithelial_injury	Epithelial injury	context	Control7	Control	Male	595	6.47472835255406
LODO_Control6	DCT	epithelial_injury	Epithelial injury	context	UUO1	UUO	Male	213	9.53146923789404
LODO_Control6	DCT	epithelial_injury	Epithelial injury	context	UUO2	UUO	Male	226	9.9051690923187
LODO_Control6	DCT	epithelial_injury	Epithelial injury	context	UUO3	UUO	Female	60	9.17303365695409
LODO_Control6	DCT	epithelial_injury	Epithelial injury	context	UUO4	UUO	Male	180	9.27551602326366
LODO_Control6	DCT	epithelial_injury	Epithelial injury	context	UUO5	UUO	Male	490	6.67651352684745
LODO_Control6	DCT	chemokine_adhesion	Chemokine / adhesion	context	Control1	Control	Male	121	1.75045427230354
LODO_Control6	DCT	chemokine_adhesion	Chemokine / adhesion	context	Control2	Control	Male	546	1.43771676217051
LODO_Control6	DCT	chemokine_adhesion	Chemokine / adhesion	context	Control4	Control	Male	117	1.37302961841639
LODO_Control6	DCT	chemokine_adhesion	Chemokine / adhesion	context	Control5	Control	Female	205	1.64463437187008
LODO_Control6	DCT	chemokine_adhesion	Chemokine / adhesion	context	Control7	Control	Male	595	1.26824848936018
LODO_Control6	DCT	chemokine_adhesion	Chemokine / adhesion	context	UUO1	UUO	Male	213	1.85344972294538
LODO_Control6	DCT	chemokine_adhesion	Chemokine / adhesion	context	UUO2	UUO	Male	226	2.30297876255667
LODO_Control6	DCT	chemokine_adhesion	Chemokine / adhesion	context	UUO3	UUO	Female	60	2.63470925987715
LODO_Control6	DCT	chemokine_adhesion	Chemokine / adhesion	context	UUO4	UUO	Male	180	1.953961627116
LODO_Control6	DCT	chemokine_adhesion	Chemokine / adhesion	context	UUO5	UUO	Male	490	1.73212449908301
LODO_Control7	DCT	DCT_NaCl	DCT NaCl transport	primary_transport	Control1	Control	Male	121	8.31216566117515
LODO_Control7	DCT	DCT_NaCl	DCT NaCl transport	primary_transport	Control2	Control	Male	546	8.31782793449222
LODO_Control7	DCT	DCT_NaCl	DCT NaCl transport	primary_transport	Control4	Control	Male	117	8.02725737053536
LODO_Control7	DCT	DCT_NaCl	DCT NaCl transport	primary_transport	Control5	Control	Female	205	8.20359967192262
LODO_Control7	DCT	DCT_NaCl	DCT NaCl transport	primary_transport	Control6	Control	Female	220	8.54196739733281
LODO_Control7	DCT	DCT_NaCl	DCT NaCl transport	primary_transport	UUO1	UUO	Male	213	7.13566973274678
LODO_Control7	DCT	DCT_NaCl	DCT NaCl transport	primary_transport	UUO2	UUO	Male	226	7.07777785717061
LODO_Control7	DCT	DCT_NaCl	DCT NaCl transport	primary_transport	UUO3	UUO	Female	60	7.93651369945533
LODO_Control7	DCT	DCT_NaCl	DCT NaCl transport	primary_transport	UUO4	UUO	Male	180	7.2660167260534
LODO_Control7	DCT	DCT_NaCl	DCT NaCl transport	primary_transport	UUO5	UUO	Male	490	8.161030638811
LODO_Control7	DCT	DCT_Mg	DCT magnesium handling	primary_transport	Control1	Control	Male	121	8.49468402052456
LODO_Control7	DCT	DCT_Mg	DCT magnesium handling	primary_transport	Control2	Control	Male	546	8.63470102812094
LODO_Control7	DCT	DCT_Mg	DCT magnesium handling	primary_transport	Control4	Control	Male	117	8.52268246525754
LODO_Control7	DCT	DCT_Mg	DCT magnesium handling	primary_transport	Control5	Control	Female	205	8.34890629267526
LODO_Control7	DCT	DCT_Mg	DCT magnesium handling	primary_transport	Control6	Control	Female	220	8.67794530103655
LODO_Control7	DCT	DCT_Mg	DCT magnesium handling	primary_transport	UUO1	UUO	Male	213	6.7617934639064
LODO_Control7	DCT	DCT_Mg	DCT magnesium handling	primary_transport	UUO2	UUO	Male	226	6.56036911917506
LODO_Control7	DCT	DCT_Mg	DCT magnesium handling	primary_transport	UUO3	UUO	Female	60	7.48068755099636
LODO_Control7	DCT	DCT_Mg	DCT magnesium handling	primary_transport	UUO4	UUO	Male	180	7.06054108983277
LODO_Control7	DCT	DCT_Mg	DCT magnesium handling	primary_transport	UUO5	UUO	Male	490	8.49193202345672
LODO_Control7	DCT	DCT_Ca	DCT calcium handling	primary_transport	Control1	Control	Male	121	7.476953799186
LODO_Control7	DCT	DCT_Ca	DCT calcium handling	primary_transport	Control2	Control	Male	546	8.74546529359248
LODO_Control7	DCT	DCT_Ca	DCT calcium handling	primary_transport	Control4	Control	Male	117	8.3740718895201
LODO_Control7	DCT	DCT_Ca	DCT calcium handling	primary_transport	Control5	Control	Female	205	7.53058664342961
LODO_Control7	DCT	DCT_Ca	DCT calcium handling	primary_transport	Control6	Control	Female	220	8.13885967248946
LODO_Control7	DCT	DCT_Ca	DCT calcium handling	primary_transport	UUO1	UUO	Male	213	7.26570629647357
LODO_Control7	DCT	DCT_Ca	DCT calcium handling	primary_transport	UUO2	UUO	Male	226	6.73402453222647
LODO_Control7	DCT	DCT_Ca	DCT calcium handling	primary_transport	UUO3	UUO	Female	60	8.55351319357685
LODO_Control7	DCT	DCT_Ca	DCT calcium handling	primary_transport	UUO4	UUO	Male	180	4.95591866983168
LODO_Control7	DCT	DCT_Ca	DCT calcium handling	primary_transport	UUO5	UUO	Male	490	8.58958596215586
LODO_Control7	DCT	epithelial_injury	Epithelial injury	context	Control1	Control	Male	121	6.21686674781751
LODO_Control7	DCT	epithelial_injury	Epithelial injury	context	Control2	Control	Male	546	6.57614372555538
LODO_Control7	DCT	epithelial_injury	Epithelial injury	context	Control4	Control	Male	117	5.23606476080132
LODO_Control7	DCT	epithelial_injury	Epithelial injury	context	Control5	Control	Female	205	5.9005749375654
LODO_Control7	DCT	epithelial_injury	Epithelial injury	context	Control6	Control	Female	220	5.84470936709646
LODO_Control7	DCT	epithelial_injury	Epithelial injury	context	UUO1	UUO	Male	213	9.54640628855112
LODO_Control7	DCT	epithelial_injury	Epithelial injury	context	UUO2	UUO	Male	226	9.91935548889349
LODO_Control7	DCT	epithelial_injury	Epithelial injury	context	UUO3	UUO	Female	60	9.18187229389178
LODO_Control7	DCT	epithelial_injury	Epithelial injury	context	UUO4	UUO	Male	180	9.28692600837286
LODO_Control7	DCT	epithelial_injury	Epithelial injury	context	UUO5	UUO	Male	490	6.68931928780844
LODO_Control7	DCT	chemokine_adhesion	Chemokine / adhesion	context	Control1	Control	Male	121	1.88965726130861
LODO_Control7	DCT	chemokine_adhesion	Chemokine / adhesion	context	Control2	Control	Male	546	1.57987217457999
LODO_Control7	DCT	chemokine_adhesion	Chemokine / adhesion	context	Control4	Control	Male	117	1.52600833011362
LODO_Control7	DCT	chemokine_adhesion	Chemokine / adhesion	context	Control5	Control	Female	205	1.78565784430544
LODO_Control7	DCT	chemokine_adhesion	Chemokine / adhesion	context	Control6	Control	Female	220	1.16749284806242
LODO_Control7	DCT	chemokine_adhesion	Chemokine / adhesion	context	UUO1	UUO	Male	213	1.99123997227926
LODO_Control7	DCT	chemokine_adhesion	Chemokine / adhesion	context	UUO2	UUO	Male	226	2.40631387022112
LODO_Control7	DCT	chemokine_adhesion	Chemokine / adhesion	context	UUO3	UUO	Female	60	2.72401376691612
LODO_Control7	DCT	chemokine_adhesion	Chemokine / adhesion	context	UUO4	UUO	Male	180	2.07039150272647
LODO_Control7	DCT	chemokine_adhesion	Chemokine / adhesion	context	UUO5	UUO	Male	490	1.8549551078592
LODO_UUO1	DCT	DCT_NaCl	DCT NaCl transport	primary_transport	Control1	Control	Male	121	8.29618359123552
LODO_UUO1	DCT	DCT_NaCl	DCT NaCl transport	primary_transport	Control2	Control	Male	546	8.30448151962155
LODO_UUO1	DCT	DCT_NaCl	DCT NaCl transport	primary_transport	Control4	Control	Male	117	8.00972258582305
LODO_UUO1	DCT	DCT_NaCl	DCT NaCl transport	primary_transport	Control5	Control	Female	205	8.18942944589808
LODO_UUO1	DCT	DCT_NaCl	DCT NaCl transport	primary_transport	Control6	Control	Female	220	8.52657634681076
LODO_UUO1	DCT	DCT_NaCl	DCT NaCl transport	primary_transport	Control7	Control	Male	595	7.98350614874361
LODO_UUO1	DCT	DCT_NaCl	DCT NaCl transport	primary_transport	UUO2	UUO	Male	226	7.05825630628297
LODO_UUO1	DCT	DCT_NaCl	DCT NaCl transport	primary_transport	UUO3	UUO	Female	60	7.92244455139419
LODO_UUO1	DCT	DCT_NaCl	DCT NaCl transport	primary_transport	UUO4	UUO	Male	180	7.2394633090176
LODO_UUO1	DCT	DCT_NaCl	DCT NaCl transport	primary_transport	UUO5	UUO	Male	490	8.15214705827237
LODO_UUO1	DCT	DCT_Mg	DCT magnesium handling	primary_transport	Control1	Control	Male	121	8.48262876420239
LODO_UUO1	DCT	DCT_Mg	DCT magnesium handling	primary_transport	Control2	Control	Male	546	8.6251653416896
LODO_UUO1	DCT	DCT_Mg	DCT magnesium handling	primary_transport	Control4	Control	Male	117	8.50927224234369
LODO_UUO1	DCT	DCT_Mg	DCT magnesium handling	primary_transport	Control5	Control	Female	205	8.33695443767246
LODO_UUO1	DCT	DCT_Mg	DCT magnesium handling	primary_transport	Control6	Control	Female	220	8.66636869296758
LODO_UUO1	DCT	DCT_Mg	DCT magnesium handling	primary_transport	Control7	Control	Male	595	8.68763368735985
LODO_UUO1	DCT	DCT_Mg	DCT magnesium handling	primary_transport	UUO2	UUO	Male	226	6.54546916249403
LODO_UUO1	DCT	DCT_Mg	DCT magnesium handling	primary_transport	UUO3	UUO	Female	60	7.46888915309228
LODO_UUO1	DCT	DCT_Mg	DCT magnesium handling	primary_transport	UUO4	UUO	Male	180	7.04597595753479
LODO_UUO1	DCT	DCT_Mg	DCT magnesium handling	primary_transport	UUO5	UUO	Male	490	8.48771290942157
LODO_UUO1	DCT	DCT_Ca	DCT calcium handling	primary_transport	Control1	Control	Male	121	7.46250166054281
LODO_UUO1	DCT	DCT_Ca	DCT calcium handling	primary_transport	Control2	Control	Male	546	8.73671919295897
LODO_UUO1	DCT	DCT_Ca	DCT calcium handling	primary_transport	Control4	Control	Male	117	8.36366693660727
LODO_UUO1	DCT	DCT_Ca	DCT calcium handling	primary_transport	Control5	Control	Female	205	7.5116390805933
LODO_UUO1	DCT	DCT_Ca	DCT calcium handling	primary_transport	Control6	Control	Female	220	8.12579960225112
LODO_UUO1	DCT	DCT_Ca	DCT calcium handling	primary_transport	Control7	Control	Male	595	8.39832083013274
LODO_UUO1	DCT	DCT_Ca	DCT calcium handling	primary_transport	UUO2	UUO	Male	226	6.7091618043003
LODO_UUO1	DCT	DCT_Ca	DCT calcium handling	primary_transport	UUO3	UUO	Female	60	8.54445279597805
LODO_UUO1	DCT	DCT_Ca	DCT calcium handling	primary_transport	UUO4	UUO	Male	180	4.87626684945016
LODO_UUO1	DCT	DCT_Ca	DCT calcium handling	primary_transport	UUO5	UUO	Male	490	8.58595935047733
LODO_UUO1	DCT	epithelial_injury	Epithelial injury	context	Control1	Control	Male	121	6.19389570073179
LODO_UUO1	DCT	epithelial_injury	Epithelial injury	context	Control2	Control	Male	546	6.55794283128733
LODO_UUO1	DCT	epithelial_injury	Epithelial injury	context	Control4	Control	Male	117	5.17963547230586
LODO_UUO1	DCT	epithelial_injury	Epithelial injury	context	Control5	Control	Female	205	5.865575183777
LODO_UUO1	DCT	epithelial_injury	Epithelial injury	context	Control6	Control	Female	220	5.81746535380609
LODO_UUO1	DCT	epithelial_injury	Epithelial injury	context	Control7	Control	Male	595	6.47529778704128
LODO_UUO1	DCT	epithelial_injury	Epithelial injury	context	UUO2	UUO	Male	226	9.91076732140866
LODO_UUO1	DCT	epithelial_injury	Epithelial injury	context	UUO3	UUO	Female	60	9.17356295699112
LODO_UUO1	DCT	epithelial_injury	Epithelial injury	context	UUO4	UUO	Male	180	9.27631036976372
LODO_UUO1	DCT	epithelial_injury	Epithelial injury	context	UUO5	UUO	Male	490	6.67900292444127
LODO_UUO1	DCT	chemokine_adhesion	Chemokine / adhesion	context	Control1	Control	Male	121	1.75039743505979
LODO_UUO1	DCT	chemokine_adhesion	Chemokine / adhesion	context	Control2	Control	Male	546	1.4375201765528
LODO_UUO1	DCT	chemokine_adhesion	Chemokine / adhesion	context	Control4	Control	Male	117	1.3726863348758
LODO_UUO1	DCT	chemokine_adhesion	Chemokine / adhesion	context	Control5	Control	Female	205	1.64384621558224
LODO_UUO1	DCT	chemokine_adhesion	Chemokine / adhesion	context	Control6	Control	Female	220	0.98215240463123
LODO_UUO1	DCT	chemokine_adhesion	Chemokine / adhesion	context	Control7	Control	Male	595	1.26802587859403
LODO_UUO1	DCT	chemokine_adhesion	Chemokine / adhesion	context	UUO2	UUO	Male	226	2.3055079894662
LODO_UUO1	DCT	chemokine_adhesion	Chemokine / adhesion	context	UUO3	UUO	Female	60	2.63483331092653
LODO_UUO1	DCT	chemokine_adhesion	Chemokine / adhesion	context	UUO4	UUO	Male	180	1.95406173185933
LODO_UUO1	DCT	chemokine_adhesion	Chemokine / adhesion	context	UUO5	UUO	Male	490	1.73281418799476
LODO_UUO2	DCT	DCT_NaCl	DCT NaCl transport	primary_transport	Control1	Control	Male	121	8.29606431522186
LODO_UUO2	DCT	DCT_NaCl	DCT NaCl transport	primary_transport	Control2	Control	Male	546	8.31551902834008
LODO_UUO2	DCT	DCT_NaCl	DCT NaCl transport	primary_transport	Control4	Control	Male	117	8.0056246026467
LODO_UUO2	DCT	DCT_NaCl	DCT NaCl transport	primary_transport	Control5	Control	Female	205	8.19360566088808
LODO_UUO2	DCT	DCT_NaCl	DCT NaCl transport	primary_transport	Control6	Control	Female	220	8.53985064637043
LODO_UUO2	DCT	DCT_NaCl	DCT NaCl transport	primary_transport	Control7	Control	Male	595	7.9997789157004
LODO_UUO2	DCT	DCT_NaCl	DCT NaCl transport	primary_transport	UUO1	UUO	Male	213	7.13673429655213
LODO_UUO2	DCT	DCT_NaCl	DCT NaCl transport	primary_transport	UUO3	UUO	Female	60	7.92051626627673
LODO_UUO2	DCT	DCT_NaCl	DCT NaCl transport	primary_transport	UUO4	UUO	Male	180	7.24687864954593
LODO_UUO2	DCT	DCT_NaCl	DCT NaCl transport	primary_transport	UUO5	UUO	Male	490	8.15201303521201
LODO_UUO2	DCT	DCT_Mg	DCT magnesium handling	primary_transport	Control1	Control	Male	121	8.48160064520649
LODO_UUO2	DCT	DCT_Mg	DCT magnesium handling	primary_transport	Control2	Control	Male	546	8.63557509990756
LODO_UUO2	DCT	DCT_Mg	DCT magnesium handling	primary_transport	Control4	Control	Male	117	8.50411411390358
LODO_UUO2	DCT	DCT_Mg	DCT magnesium handling	primary_transport	Control5	Control	Female	205	8.34067840407727
LODO_UUO2	DCT	DCT_Mg	DCT magnesium handling	primary_transport	Control6	Control	Female	220	8.67905484718171
LODO_UUO2	DCT	DCT_Mg	DCT magnesium handling	primary_transport	Control7	Control	Male	595	8.7028189505381
LODO_UUO2	DCT	DCT_Mg	DCT magnesium handling	primary_transport	UUO1	UUO	Male	213	6.76836221938547
LODO_UUO2	DCT	DCT_Mg	DCT magnesium handling	primary_transport	UUO3	UUO	Female	60	7.46641724285978
LODO_UUO2	DCT	DCT_Mg	DCT magnesium handling	primary_transport	UUO4	UUO	Male	180	7.05092936121252
LODO_UUO2	DCT	DCT_Mg	DCT magnesium handling	primary_transport	UUO5	UUO	Male	490	8.48654386782332
LODO_UUO2	DCT	DCT_Ca	DCT calcium handling	primary_transport	Control1	Control	Male	121	7.46202453365928
LODO_UUO2	DCT	DCT_Ca	DCT calcium handling	primary_transport	Control2	Control	Male	546	8.74699924288731
LODO_UUO2	DCT	DCT_Ca	DCT calcium handling	primary_transport	Control4	Control	Male	117	8.35773716883821
LODO_UUO2	DCT	DCT_Ca	DCT calcium handling	primary_transport	Control5	Control	Female	205	7.51679844037771
LODO_UUO2	DCT	DCT_Ca	DCT calcium handling	primary_transport	Control6	Control	Female	220	8.13871306119523
LODO_UUO2	DCT	DCT_Ca	DCT calcium handling	primary_transport	Control7	Control	Male	595	8.4135765258149
LODO_UUO2	DCT	DCT_Ca	DCT calcium handling	primary_transport	UUO1	UUO	Male	213	7.2675040678071
LODO_UUO2	DCT	DCT_Ca	DCT calcium handling	primary_transport	UUO3	UUO	Female	60	8.54132965771419
LODO_UUO2	DCT	DCT_Ca	DCT calcium handling	primary_transport	UUO4	UUO	Male	180	4.89473178104288
LODO_UUO2	DCT	DCT_Ca	DCT calcium handling	primary_transport	UUO5	UUO	Male	490	8.58465899905868
LODO_UUO2	DCT	epithelial_injury	Epithelial injury	context	Control1	Control	Male	121	6.1953923392714
LODO_UUO2	DCT	epithelial_injury	Epithelial injury	context	Control2	Control	Male	546	6.56978296719348
LODO_UUO2	DCT	epithelial_injury	Epithelial injury	context	Control4	Control	Male	117	5.1858623032415
LODO_UUO2	DCT	epithelial_injury	Epithelial injury	context	Control5	Control	Female	205	5.87409304962306
LODO_UUO2	DCT	epithelial_injury	Epithelial injury	context	Control6	Control	Female	220	5.83257212617098
LODO_UUO2	DCT	epithelial_injury	Epithelial injury	context	Control7	Control	Male	595	6.49127369753708
LODO_UUO2	DCT	epithelial_injury	Epithelial injury	context	UUO1	UUO	Male	213	9.55788454181568
LODO_UUO2	DCT	epithelial_injury	Epithelial injury	context	UUO3	UUO	Female	60	9.17026182947263
LODO_UUO2	DCT	epithelial_injury	Epithelial injury	context	UUO4	UUO	Male	180	9.28047649474669
LODO_UUO2	DCT	epithelial_injury	Epithelial injury	context	UUO5	UUO	Male	490	6.6791798736288
LODO_UUO2	DCT	chemokine_adhesion	Chemokine / adhesion	context	Control1	Control	Male	121	1.7798546232557
LODO_UUO2	DCT	chemokine_adhesion	Chemokine / adhesion	context	Control2	Control	Male	546	1.47053272614825
LODO_UUO2	DCT	chemokine_adhesion	Chemokine / adhesion	context	Control4	Control	Male	117	1.40463116565712
LODO_UUO2	DCT	chemokine_adhesion	Chemokine / adhesion	context	Control5	Control	Female	205	1.67510974023116
LODO_UUO2	DCT	chemokine_adhesion	Chemokine / adhesion	context	Control6	Control	Female	220	1.02279163073055
LODO_UUO2	DCT	chemokine_adhesion	Chemokine / adhesion	context	Control7	Control	Male	595	1.30481988844767
LODO_UUO2	DCT	chemokine_adhesion	Chemokine / adhesion	context	UUO1	UUO	Male	213	1.88984055218016
LODO_UUO2	DCT	chemokine_adhesion	Chemokine / adhesion	context	UUO3	UUO	Female	60	2.65140364642603
LODO_UUO2	DCT	chemokine_adhesion	Chemokine / adhesion	context	UUO4	UUO	Male	180	1.98004473901479
LODO_UUO2	DCT	chemokine_adhesion	Chemokine / adhesion	context	UUO5	UUO	Male	490	1.75854424123342
LODO_UUO3	DCT	DCT_NaCl	DCT NaCl transport	primary_transport	Control1	Control	Male	121	8.29127058532233
LODO_UUO3	DCT	DCT_NaCl	DCT NaCl transport	primary_transport	Control2	Control	Male	546	8.31073524301037
LODO_UUO3	DCT	DCT_NaCl	DCT NaCl transport	primary_transport	Control4	Control	Male	117	7.99746549945687
LODO_UUO3	DCT	DCT_NaCl	DCT NaCl transport	primary_transport	Control5	Control	Female	205	8.18991071905322
LODO_UUO3	DCT	DCT_NaCl	DCT NaCl transport	primary_transport	Control6	Control	Female	220	8.53696759465956
LODO_UUO3	DCT	DCT_NaCl	DCT NaCl transport	primary_transport	Control7	Control	Male	595	7.99404009409847
LODO_UUO3	DCT	DCT_NaCl	DCT NaCl transport	primary_transport	UUO1	UUO	Male	213	7.1235731980721
LODO_UUO3	DCT	DCT_NaCl	DCT NaCl transport	primary_transport	UUO2	UUO	Male	226	7.06132078067804
LODO_UUO3	DCT	DCT_NaCl	DCT NaCl transport	primary_transport	UUO4	UUO	Male	180	7.23701335488214
LODO_UUO3	DCT	DCT_NaCl	DCT NaCl transport	primary_transport	UUO5	UUO	Male	490	8.14801447377452
LODO_UUO3	DCT	DCT_Mg	DCT magnesium handling	primary_transport	Control1	Control	Male	121	8.47874946672964
LODO_UUO3	DCT	DCT_Mg	DCT magnesium handling	primary_transport	Control2	Control	Male	546	8.63263234139247
LODO_UUO3	DCT	DCT_Mg	DCT magnesium handling	primary_transport	Control4	Control	Male	117	8.49794571759654
LODO_UUO3	DCT	DCT_Mg	DCT magnesium handling	primary_transport	Control5	Control	Female	205	8.33807442118502
LODO_UUO3	DCT	DCT_Mg	DCT magnesium handling	primary_transport	Control6	Control	Female	220	8.67807578382878
LODO_UUO3	DCT	DCT_Mg	DCT magnesium handling	primary_transport	Control7	Control	Male	595	8.70091858402185
LODO_UUO3	DCT	DCT_Mg	DCT magnesium handling	primary_transport	UUO1	UUO	Male	213	6.75805922489856
LODO_UUO3	DCT	DCT_Mg	DCT magnesium handling	primary_transport	UUO2	UUO	Male	226	6.54999930486766
LODO_UUO3	DCT	DCT_Mg	DCT magnesium handling	primary_transport	UUO4	UUO	Male	180	7.04718940370589
LODO_UUO3	DCT	DCT_Mg	DCT magnesium handling	primary_transport	UUO5	UUO	Male	490	8.48477664592962
LODO_UUO3	DCT	DCT_Ca	DCT calcium handling	primary_transport	Control1	Control	Male	121	7.45799840092379
LODO_UUO3	DCT	DCT_Ca	DCT calcium handling	primary_transport	Control2	Control	Male	546	8.74443647336908
LODO_UUO3	DCT	DCT_Ca	DCT calcium handling	primary_transport	Control4	Control	Male	117	8.35301723962265
LODO_UUO3	DCT	DCT_Ca	DCT calcium handling	primary_transport	Control5	Control	Female	205	7.51072368808937
LODO_UUO3	DCT	DCT_Ca	DCT calcium handling	primary_transport	Control6	Control	Female	220	8.13700002605373
LODO_UUO3	DCT	DCT_Ca	DCT calcium handling	primary_transport	Control7	Control	Male	595	8.41142969595963
LODO_UUO3	DCT	DCT_Ca	DCT calcium handling	primary_transport	UUO1	UUO	Male	213	7.25474099165641
LODO_UUO3	DCT	DCT_Ca	DCT calcium handling	primary_transport	UUO2	UUO	Male	226	6.71052265293785
LODO_UUO3	DCT	DCT_Ca	DCT calcium handling	primary_transport	UUO4	UUO	Male	180	4.85722286494763
LODO_UUO3	DCT	DCT_Ca	DCT calcium handling	primary_transport	UUO5	UUO	Male	490	8.58317473434373
LODO_UUO3	DCT	epithelial_injury	Epithelial injury	context	Control1	Control	Male	121	6.18714594930541
LODO_UUO3	DCT	epithelial_injury	Epithelial injury	context	Control2	Control	Male	546	6.56264191282214
LODO_UUO3	DCT	epithelial_injury	Epithelial injury	context	Control4	Control	Male	117	5.15811149049137
LODO_UUO3	DCT	epithelial_injury	Epithelial injury	context	Control5	Control	Female	205	5.85983685467976
LODO_UUO3	DCT	epithelial_injury	Epithelial injury	context	Control6	Control	Female	220	5.82375023222621
LODO_UUO3	DCT	epithelial_injury	Epithelial injury	context	Control7	Control	Male	595	6.48659648174742
LODO_UUO3	DCT	epithelial_injury	Epithelial injury	context	UUO1	UUO	Male	213	9.55006563571319
LODO_UUO3	DCT	epithelial_injury	Epithelial injury	context	UUO2	UUO	Male	226	9.91725071849403
LODO_UUO3	DCT	epithelial_injury	Epithelial injury	context	UUO4	UUO	Male	180	9.2786734172651
LODO_UUO3	DCT	epithelial_injury	Epithelial injury	context	UUO5	UUO	Male	490	6.67451583527563
LODO_UUO3	DCT	chemokine_adhesion	Chemokine / adhesion	context	Control1	Control	Male	121	1.7110044497785
LODO_UUO3	DCT	chemokine_adhesion	Chemokine / adhesion	context	Control2	Control	Male	546	1.40042167721317
LODO_UUO3	DCT	chemokine_adhesion	Chemokine / adhesion	context	Control4	Control	Male	117	1.32808275696179
LODO_UUO3	DCT	chemokine_adhesion	Chemokine / adhesion	context	Control5	Control	Female	205	1.60504563317279
LODO_UUO3	DCT	chemokine_adhesion	Chemokine / adhesion	context	Control6	Control	Female	220	0.929625022787916
LODO_UUO3	DCT	chemokine_adhesion	Chemokine / adhesion	context	Control7	Control	Male	595	1.22561288397026
LODO_UUO3	DCT	chemokine_adhesion	Chemokine / adhesion	context	UUO1	UUO	Male	213	1.82066208631364
LODO_UUO3	DCT	chemokine_adhesion	Chemokine / adhesion	context	UUO2	UUO	Male	226	2.28180938902468
LODO_UUO3	DCT	chemokine_adhesion	Chemokine / adhesion	context	UUO4	UUO	Male	180	1.92383847769893
LODO_UUO3	DCT	chemokine_adhesion	Chemokine / adhesion	context	UUO5	UUO	Male	490	1.69822028908764
LODO_UUO4	DCT	DCT_NaCl	DCT NaCl transport	primary_transport	Control1	Control	Male	121	8.29751758553235
LODO_UUO4	DCT	DCT_NaCl	DCT NaCl transport	primary_transport	Control2	Control	Male	546	8.3061493275891
LODO_UUO4	DCT	DCT_NaCl	DCT NaCl transport	primary_transport	Control4	Control	Male	117	8.01109452373596
LODO_UUO4	DCT	DCT_NaCl	DCT NaCl transport	primary_transport	Control5	Control	Female	205	8.19327784498428
LODO_UUO4	DCT	DCT_NaCl	DCT NaCl transport	primary_transport	Control6	Control	Female	220	8.53002425766012
LODO_UUO4	DCT	DCT_NaCl	DCT NaCl transport	primary_transport	Control7	Control	Male	595	7.98533066758573
LODO_UUO4	DCT	DCT_NaCl	DCT NaCl transport	primary_transport	UUO1	UUO	Male	213	7.11552824309741
LODO_UUO4	DCT	DCT_NaCl	DCT NaCl transport	primary_transport	UUO2	UUO	Male	226	7.05819171931111
LODO_UUO4	DCT	DCT_NaCl	DCT NaCl transport	primary_transport	UUO3	UUO	Female	60	7.92432884867628
LODO_UUO4	DCT	DCT_NaCl	DCT NaCl transport	primary_transport	UUO5	UUO	Male	490	8.15448734279603
LODO_UUO4	DCT	DCT_Mg	DCT magnesium handling	primary_transport	Control1	Control	Male	121	8.48411795032247
LODO_UUO4	DCT	DCT_Mg	DCT magnesium handling	primary_transport	Control2	Control	Male	546	8.62698820706021
LODO_UUO4	DCT	DCT_Mg	DCT magnesium handling	primary_transport	Control4	Control	Male	117	8.51080984798979
LODO_UUO4	DCT	DCT_Mg	DCT magnesium handling	primary_transport	Control5	Control	Female	205	8.34091984563183
LODO_UUO4	DCT	DCT_Mg	DCT magnesium handling	primary_transport	Control6	Control	Female	220	8.67001163324214
LODO_UUO4	DCT	DCT_Mg	DCT magnesium handling	primary_transport	Control7	Control	Male	595	8.68979245796416
LODO_UUO4	DCT	DCT_Mg	DCT magnesium handling	primary_transport	UUO1	UUO	Male	213	6.7480672717076
LODO_UUO4	DCT	DCT_Mg	DCT magnesium handling	primary_transport	UUO2	UUO	Male	226	6.54555576858071
LODO_UUO4	DCT	DCT_Mg	DCT magnesium handling	primary_transport	UUO3	UUO	Female	60	7.47086924919171
LODO_UUO4	DCT	DCT_Mg	DCT magnesium handling	primary_transport	UUO5	UUO	Male	490	8.49025503138879
LODO_UUO4	DCT	DCT_Ca	DCT calcium handling	primary_transport	Control1	Control	Male	121	7.46389698539814
LODO_UUO4	DCT	DCT_Ca	DCT calcium handling	primary_transport	Control2	Control	Male	546	8.73857407462878
LODO_UUO4	DCT	DCT_Ca	DCT calcium handling	primary_transport	Control4	Control	Male	117	8.36532507197017
LODO_UUO4	DCT	DCT_Ca	DCT calcium handling	primary_transport	Control5	Control	Female	205	7.51523233498561
LODO_UUO4	DCT	DCT_Ca	DCT calcium handling	primary_transport	Control6	Control	Female	220	8.12936728263458
LODO_UUO4	DCT	DCT_Ca	DCT calcium handling	primary_transport	Control7	Control	Male	595	8.40045804944156
LODO_UUO4	DCT	DCT_Ca	DCT calcium handling	primary_transport	UUO1	UUO	Male	213	7.24642360673563
LODO_UUO4	DCT	DCT_Ca	DCT calcium handling	primary_transport	UUO2	UUO	Male	226	6.70892170042874
LODO_UUO4	DCT	DCT_Ca	DCT calcium handling	primary_transport	UUO3	UUO	Female	60	8.54654737785112
LODO_UUO4	DCT	DCT_Ca	DCT calcium handling	primary_transport	UUO5	UUO	Male	490	8.58852706731961
LODO_UUO4	DCT	epithelial_injury	Epithelial injury	context	Control1	Control	Male	121	6.19495386275942
LODO_UUO4	DCT	epithelial_injury	Epithelial injury	context	Control2	Control	Male	546	6.55941220412542
LODO_UUO4	DCT	epithelial_injury	Epithelial injury	context	Control4	Control	Male	117	5.1793718994105
LODO_UUO4	DCT	epithelial_injury	Epithelial injury	context	Control5	Control	Female	205	5.86829196767587
LODO_UUO4	DCT	epithelial_injury	Epithelial injury	context	Control6	Control	Female	220	5.82030521404671
LODO_UUO4	DCT	epithelial_injury	Epithelial injury	context	Control7	Control	Male	595	6.47721417010666
LODO_UUO4	DCT	epithelial_injury	Epithelial injury	context	UUO1	UUO	Male	213	9.53838622936672
LODO_UUO4	DCT	epithelial_injury	Epithelial injury	context	UUO2	UUO	Male	226	9.91105647657209
LODO_UUO4	DCT	epithelial_injury	Epithelial injury	context	UUO3	UUO	Female	60	9.17568878763646
LODO_UUO4	DCT	epithelial_injury	Epithelial injury	context	UUO5	UUO	Male	490	6.68128302804726
LODO_UUO4	DCT	chemokine_adhesion	Chemokine / adhesion	context	Control1	Control	Male	121	1.74661314275909
LODO_UUO4	DCT	chemokine_adhesion	Chemokine / adhesion	context	Control2	Control	Male	546	1.43371309176456
LODO_UUO4	DCT	chemokine_adhesion	Chemokine / adhesion	context	Control4	Control	Male	117	1.36834920507005
LODO_UUO4	DCT	chemokine_adhesion	Chemokine / adhesion	context	Control5	Control	Female	205	1.64059012893033
LODO_UUO4	DCT	chemokine_adhesion	Chemokine / adhesion	context	Control6	Control	Female	220	0.976425077589365
LODO_UUO4	DCT	chemokine_adhesion	Chemokine / adhesion	context	Control7	Control	Male	595	1.26349740806088
LODO_UUO4	DCT	chemokine_adhesion	Chemokine / adhesion	context	UUO1	UUO	Male	213	1.8510016243413
LODO_UUO4	DCT	chemokine_adhesion	Chemokine / adhesion	context	UUO2	UUO	Male	226	2.30270626472717
LODO_UUO4	DCT	chemokine_adhesion	Chemokine / adhesion	context	UUO3	UUO	Female	60	2.63342128009188
LODO_UUO4	DCT	chemokine_adhesion	Chemokine / adhesion	context	UUO5	UUO	Male	490	1.73005856914358
LODO_UUO5	DCT	DCT_NaCl	DCT NaCl transport	primary_transport	Control1	Control	Male	121	8.30695535173719
LODO_UUO5	DCT	DCT_NaCl	DCT NaCl transport	primary_transport	Control2	Control	Male	546	8.32838128363251
LODO_UUO5	DCT	DCT_NaCl	DCT NaCl transport	primary_transport	Control4	Control	Male	117	8.02085115408248
LODO_UUO5	DCT	DCT_NaCl	DCT NaCl transport	primary_transport	Control5	Control	Female	205	8.20745878969704
LODO_UUO5	DCT	DCT_NaCl	DCT NaCl transport	primary_transport	Control6	Control	Female	220	8.55348118296908
LODO_UUO5	DCT	DCT_NaCl	DCT NaCl transport	primary_transport	Control7	Control	Male	595	8.0165699038496
LODO_UUO5	DCT	DCT_NaCl	DCT NaCl transport	primary_transport	UUO1	UUO	Male	213	7.13765038394966
LODO_UUO5	DCT	DCT_NaCl	DCT NaCl transport	primary_transport	UUO2	UUO	Male	226	7.07329798004956
LODO_UUO5	DCT	DCT_NaCl	DCT NaCl transport	primary_transport	UUO3	UUO	Female	60	7.92452596822742
LODO_UUO5	DCT	DCT_NaCl	DCT NaCl transport	primary_transport	UUO4	UUO	Male	180	7.26048062294554
LODO_UUO5	DCT	DCT_Mg	DCT magnesium handling	primary_transport	Control1	Control	Male	121	8.48852395882902
LODO_UUO5	DCT	DCT_Mg	DCT magnesium handling	primary_transport	Control2	Control	Male	546	8.64472001766102
LODO_UUO5	DCT	DCT_Mg	DCT magnesium handling	primary_transport	Control4	Control	Male	117	8.51523970584996
LODO_UUO5	DCT	DCT_Mg	DCT magnesium handling	primary_transport	Control5	Control	Female	205	8.35235863150136
LODO_UUO5	DCT	DCT_Mg	DCT magnesium handling	primary_transport	Control6	Control	Female	220	8.68894145559406
LODO_UUO5	DCT	DCT_Mg	DCT magnesium handling	primary_transport	Control7	Control	Male	595	8.71206047405546
LODO_UUO5	DCT	DCT_Mg	DCT magnesium handling	primary_transport	UUO1	UUO	Male	213	6.76254049643189
LODO_UUO5	DCT	DCT_Mg	DCT magnesium handling	primary_transport	UUO2	UUO	Male	226	6.55478288016598
LODO_UUO5	DCT	DCT_Mg	DCT magnesium handling	primary_transport	UUO3	UUO	Female	60	7.46806132044412
LODO_UUO5	DCT	DCT_Mg	DCT magnesium handling	primary_transport	UUO4	UUO	Male	180	7.05198910991151
LODO_UUO5	DCT	DCT_Ca	DCT calcium handling	primary_transport	Control1	Control	Male	121	7.47137983131363
LODO_UUO5	DCT	DCT_Ca	DCT calcium handling	primary_transport	Control2	Control	Male	546	8.7553731477517
LODO_UUO5	DCT	DCT_Ca	DCT calcium handling	primary_transport	Control4	Control	Male	117	8.36587260964333
LODO_UUO5	DCT	DCT_Ca	DCT calcium handling	primary_transport	Control5	Control	Female	205	7.53530961068709
LODO_UUO5	DCT	DCT_Ca	DCT calcium handling	primary_transport	Control6	Control	Female	220	8.15005883273198
LODO_UUO5	DCT	DCT_Ca	DCT calcium handling	primary_transport	Control7	Control	Male	595	8.42332051849757
LODO_UUO5	DCT	DCT_Ca	DCT calcium handling	primary_transport	UUO1	UUO	Male	213	7.26752859742299
LODO_UUO5	DCT	DCT_Ca	DCT calcium handling	primary_transport	UUO2	UUO	Male	226	6.73081663042459
LODO_UUO5	DCT	DCT_Ca	DCT calcium handling	primary_transport	UUO3	UUO	Female	60	8.54010857067567
LODO_UUO5	DCT	DCT_Ca	DCT calcium handling	primary_transport	UUO4	UUO	Male	180	4.96347990871297
LODO_UUO5	DCT	epithelial_injury	Epithelial injury	context	Control1	Control	Male	121	6.21334966180458
LODO_UUO5	DCT	epithelial_injury	Epithelial injury	context	Control2	Control	Male	546	6.58737445097487
LODO_UUO5	DCT	epithelial_injury	Epithelial injury	context	Control4	Control	Male	117	5.23892945529209
LODO_UUO5	DCT	epithelial_injury	Epithelial injury	context	Control5	Control	Female	205	5.90813142733603
LODO_UUO5	DCT	epithelial_injury	Epithelial injury	context	Control6	Control	Female	220	5.85782599244243
LODO_UUO5	DCT	epithelial_injury	Epithelial injury	context	Control7	Control	Male	595	6.50609012117971
LODO_UUO5	DCT	epithelial_injury	Epithelial injury	context	UUO1	UUO	Male	213	9.54602971733704
LODO_UUO5	DCT	epithelial_injury	Epithelial injury	context	UUO2	UUO	Male	226	9.9122228562985
LODO_UUO5	DCT	epithelial_injury	Epithelial injury	context	UUO3	UUO	Female	60	9.16825283781277
LODO_UUO5	DCT	epithelial_injury	Epithelial injury	context	UUO4	UUO	Male	180	9.27733304439019
LODO_UUO5	DCT	chemokine_adhesion	Chemokine / adhesion	context	Control1	Control	Male	121	1.91262272094214
LODO_UUO5	DCT	chemokine_adhesion	Chemokine / adhesion	context	Control2	Control	Male	546	1.60772363451022
LODO_UUO5	DCT	chemokine_adhesion	Chemokine / adhesion	context	Control4	Control	Male	117	1.55196973061351
LODO_UUO5	DCT	chemokine_adhesion	Chemokine / adhesion	context	Control5	Control	Female	205	1.81159695445005
LODO_UUO5	DCT	chemokine_adhesion	Chemokine / adhesion	context	Control6	Control	Female	220	1.20079206738785
LODO_UUO5	DCT	chemokine_adhesion	Chemokine / adhesion	context	Control7	Control	Male	595	1.45826184125282
LODO_UUO5	DCT	chemokine_adhesion	Chemokine / adhesion	context	UUO1	UUO	Male	213	2.0153074835696
LODO_UUO5	DCT	chemokine_adhesion	Chemokine / adhesion	context	UUO2	UUO	Male	226	2.42066782416919
LODO_UUO5	DCT	chemokine_adhesion	Chemokine / adhesion	context	UUO3	UUO	Female	60	2.73219877686267
LODO_UUO5	DCT	chemokine_adhesion	Chemokine / adhesion	context	UUO4	UUO	Male	180	2.08721606416184
sex_adjusted	DCT	DCT_NaCl	DCT NaCl transport	primary_transport	Control1	Control	Male	121	8.31184842278314
sex_adjusted	DCT	DCT_NaCl	DCT NaCl transport	primary_transport	Control2	Control	Male	546	8.32063348229485
sex_adjusted	DCT	DCT_NaCl	DCT NaCl transport	primary_transport	Control4	Control	Male	117	8.01536954210096
sex_adjusted	DCT	DCT_NaCl	DCT NaCl transport	primary_transport	Control5	Control	Female	205	8.19701131880217
sex_adjusted	DCT	DCT_NaCl	DCT NaCl transport	primary_transport	Control6	Control	Female	220	8.54041173101019
sex_adjusted	DCT	DCT_NaCl	DCT NaCl transport	primary_transport	Control7	Control	Male	595	7.99177941261969
sex_adjusted	DCT	DCT_NaCl	DCT NaCl transport	primary_transport	UUO1	UUO	Male	213	7.11760092816695
sex_adjusted	DCT	DCT_NaCl	DCT NaCl transport	primary_transport	UUO2	UUO	Male	226	7.05418886071605
sex_adjusted	DCT	DCT_NaCl	DCT NaCl transport	primary_transport	UUO3	UUO	Female	60	7.91942395582538
sex_adjusted	DCT	DCT_NaCl	DCT NaCl transport	primary_transport	UUO4	UUO	Male	180	7.23059136262068
sex_adjusted	DCT	DCT_NaCl	DCT NaCl transport	primary_transport	UUO5	UUO	Male	490	8.15276775000873
sex_adjusted	DCT	DCT_Mg	DCT magnesium handling	primary_transport	Control1	Control	Male	121	8.49760864301724
sex_adjusted	DCT	DCT_Mg	DCT magnesium handling	primary_transport	Control2	Control	Male	546	8.64067410744294
sex_adjusted	DCT	DCT_Mg	DCT magnesium handling	primary_transport	Control4	Control	Male	117	8.513952802207
sex_adjusted	DCT	DCT_Mg	DCT magnesium handling	primary_transport	Control5	Control	Female	205	8.34405353641437
sex_adjusted	DCT	DCT_Mg	DCT magnesium handling	primary_transport	Control6	Control	Female	220	8.67950143431559
sex_adjusted	DCT	DCT_Mg	DCT magnesium handling	primary_transport	Control7	Control	Male	595	8.69419578462158
sex_adjusted	DCT	DCT_Mg	DCT magnesium handling	primary_transport	UUO1	UUO	Male	213	6.74831342751989
sex_adjusted	DCT	DCT_Mg	DCT magnesium handling	primary_transport	UUO2	UUO	Male	226	6.54003301440272
sex_adjusted	DCT	DCT_Mg	DCT magnesium handling	primary_transport	UUO3	UUO	Female	60	7.46523517479234
sex_adjusted	DCT	DCT_Mg	DCT magnesium handling	primary_transport	UUO4	UUO	Male	180	7.03298891906988
sex_adjusted	DCT	DCT_Mg	DCT magnesium handling	primary_transport	UUO5	UUO	Male	490	8.48716782843132
sex_adjusted	DCT	DCT_Ca	DCT calcium handling	primary_transport	Control1	Control	Male	121	7.47789658749207
sex_adjusted	DCT	DCT_Ca	DCT calcium handling	primary_transport	Control2	Control	Male	546	8.75209505700382
sex_adjusted	DCT	DCT_Ca	DCT calcium handling	primary_transport	Control4	Control	Male	117	8.36764411690596
sex_adjusted	DCT	DCT_Ca	DCT calcium handling	primary_transport	Control5	Control	Female	205	7.52027028626706
sex_adjusted	DCT	DCT_Ca	DCT calcium handling	primary_transport	Control6	Control	Female	220	8.13920395937665
sex_adjusted	DCT	DCT_Ca	DCT calcium handling	primary_transport	Control7	Control	Male	595	8.40499396957123
sex_adjusted	DCT	DCT_Ca	DCT calcium handling	primary_transport	UUO1	UUO	Male	213	7.24824572400598
sex_adjusted	DCT	DCT_Ca	DCT calcium handling	primary_transport	UUO2	UUO	Male	226	6.70668095840546
sex_adjusted	DCT	DCT_Ca	DCT calcium handling	primary_transport	UUO3	UUO	Female	60	8.54003980971167
sex_adjusted	DCT	DCT_Ca	DCT calcium handling	primary_transport	UUO4	UUO	Male	180	4.88582008233733
sex_adjusted	DCT	DCT_Ca	DCT calcium handling	primary_transport	UUO5	UUO	Male	490	8.58526636427951
sex_adjusted	DCT	epithelial_injury	Epithelial injury	context	Control1	Control	Male	121	6.21077828116978
sex_adjusted	DCT	epithelial_injury	Epithelial injury	context	Control2	Control	Male	546	6.57491715572109
sex_adjusted	DCT	epithelial_injury	Epithelial injury	context	Control4	Control	Male	117	5.19470386274409
sex_adjusted	DCT	epithelial_injury	Epithelial injury	context	Control5	Control	Female	205	5.87778994001752
sex_adjusted	DCT	epithelial_injury	Epithelial injury	context	Control6	Control	Female	220	5.8334897381116
sex_adjusted	DCT	epithelial_injury	Epithelial injury	context	Control7	Control	Male	595	6.48310535528726
sex_adjusted	DCT	epithelial_injury	Epithelial injury	context	UUO1	UUO	Male	213	9.53703080963995
sex_adjusted	DCT	epithelial_injury	Epithelial injury	context	UUO2	UUO	Male	226	9.90348635752979
sex_adjusted	DCT	epithelial_injury	Epithelial injury	context	UUO3	UUO	Female	60	9.16894248481808
sex_adjusted	DCT	epithelial_injury	Epithelial injury	context	UUO4	UUO	Male	180	9.26200064158444
sex_adjusted	DCT	epithelial_injury	Epithelial injury	context	UUO5	UUO	Male	490	6.6799741554582
sex_adjusted	DCT	chemokine_adhesion	Chemokine / adhesion	context	Control1	Control	Male	121	1.78841469069497
sex_adjusted	DCT	chemokine_adhesion	Chemokine / adhesion	context	Control2	Control	Male	546	1.47618410702973
sex_adjusted	DCT	chemokine_adhesion	Chemokine / adhesion	context	Control4	Control	Male	117	1.41122237779825
sex_adjusted	DCT	chemokine_adhesion	Chemokine / adhesion	context	Control5	Control	Female	205	1.68032286942597
sex_adjusted	DCT	chemokine_adhesion	Chemokine / adhesion	context	Control6	Control	Female	220	1.02862775156399
sex_adjusted	DCT	chemokine_adhesion	Chemokine / adhesion	context	Control7	Control	Male	595	1.30848824086428
sex_adjusted	DCT	chemokine_adhesion	Chemokine / adhesion	context	UUO1	UUO	Male	213	1.88822130700861
sex_adjusted	DCT	chemokine_adhesion	Chemokine / adhesion	context	UUO2	UUO	Male	226	2.32598261187579
sex_adjusted	DCT	chemokine_adhesion	Chemokine / adhesion	context	UUO3	UUO	Female	60	2.65333262663431
sex_adjusted	DCT	chemokine_adhesion	Chemokine / adhesion	context	UUO4	UUO	Male	180	1.97618456426417
sex_adjusted	DCT	chemokine_adhesion	Chemokine / adhesion	context	UUO5	UUO	Male	490	1.76253514042078
sex_ageband_adjusted	DCT	DCT_NaCl	DCT NaCl transport	primary_transport	Control1	Control	Male	121	8.31184842278314
sex_ageband_adjusted	DCT	DCT_NaCl	DCT NaCl transport	primary_transport	Control2	Control	Male	546	8.32063348229485
sex_ageband_adjusted	DCT	DCT_NaCl	DCT NaCl transport	primary_transport	Control4	Control	Male	117	8.01536954210096
sex_ageband_adjusted	DCT	DCT_NaCl	DCT NaCl transport	primary_transport	Control5	Control	Female	205	8.19701131880217
sex_ageband_adjusted	DCT	DCT_NaCl	DCT NaCl transport	primary_transport	Control6	Control	Female	220	8.54041173101019
sex_ageband_adjusted	DCT	DCT_NaCl	DCT NaCl transport	primary_transport	Control7	Control	Male	595	7.99177941261969
sex_ageband_adjusted	DCT	DCT_NaCl	DCT NaCl transport	primary_transport	UUO1	UUO	Male	213	7.11760092816695
sex_ageband_adjusted	DCT	DCT_NaCl	DCT NaCl transport	primary_transport	UUO2	UUO	Male	226	7.05418886071605
sex_ageband_adjusted	DCT	DCT_NaCl	DCT NaCl transport	primary_transport	UUO3	UUO	Female	60	7.91942395582538
sex_ageband_adjusted	DCT	DCT_NaCl	DCT NaCl transport	primary_transport	UUO4	UUO	Male	180	7.23059136262068
sex_ageband_adjusted	DCT	DCT_NaCl	DCT NaCl transport	primary_transport	UUO5	UUO	Male	490	8.15276775000873
sex_ageband_adjusted	DCT	DCT_Mg	DCT magnesium handling	primary_transport	Control1	Control	Male	121	8.49760864301724
sex_ageband_adjusted	DCT	DCT_Mg	DCT magnesium handling	primary_transport	Control2	Control	Male	546	8.64067410744294
sex_ageband_adjusted	DCT	DCT_Mg	DCT magnesium handling	primary_transport	Control4	Control	Male	117	8.513952802207
sex_ageband_adjusted	DCT	DCT_Mg	DCT magnesium handling	primary_transport	Control5	Control	Female	205	8.34405353641437
sex_ageband_adjusted	DCT	DCT_Mg	DCT magnesium handling	primary_transport	Control6	Control	Female	220	8.67950143431559
sex_ageband_adjusted	DCT	DCT_Mg	DCT magnesium handling	primary_transport	Control7	Control	Male	595	8.69419578462158
sex_ageband_adjusted	DCT	DCT_Mg	DCT magnesium handling	primary_transport	UUO1	UUO	Male	213	6.74831342751989
sex_ageband_adjusted	DCT	DCT_Mg	DCT magnesium handling	primary_transport	UUO2	UUO	Male	226	6.54003301440272
sex_ageband_adjusted	DCT	DCT_Mg	DCT magnesium handling	primary_transport	UUO3	UUO	Female	60	7.46523517479234
sex_ageband_adjusted	DCT	DCT_Mg	DCT magnesium handling	primary_transport	UUO4	UUO	Male	180	7.03298891906988
sex_ageband_adjusted	DCT	DCT_Mg	DCT magnesium handling	primary_transport	UUO5	UUO	Male	490	8.48716782843132
sex_ageband_adjusted	DCT	DCT_Ca	DCT calcium handling	primary_transport	Control1	Control	Male	121	7.47789658749207
sex_ageband_adjusted	DCT	DCT_Ca	DCT calcium handling	primary_transport	Control2	Control	Male	546	8.75209505700382
sex_ageband_adjusted	DCT	DCT_Ca	DCT calcium handling	primary_transport	Control4	Control	Male	117	8.36764411690596
sex_ageband_adjusted	DCT	DCT_Ca	DCT calcium handling	primary_transport	Control5	Control	Female	205	7.52027028626706
sex_ageband_adjusted	DCT	DCT_Ca	DCT calcium handling	primary_transport	Control6	Control	Female	220	8.13920395937665
sex_ageband_adjusted	DCT	DCT_Ca	DCT calcium handling	primary_transport	Control7	Control	Male	595	8.40499396957123
sex_ageband_adjusted	DCT	DCT_Ca	DCT calcium handling	primary_transport	UUO1	UUO	Male	213	7.24824572400598
sex_ageband_adjusted	DCT	DCT_Ca	DCT calcium handling	primary_transport	UUO2	UUO	Male	226	6.70668095840546
sex_ageband_adjusted	DCT	DCT_Ca	DCT calcium handling	primary_transport	UUO3	UUO	Female	60	8.54003980971167
sex_ageband_adjusted	DCT	DCT_Ca	DCT calcium handling	primary_transport	UUO4	UUO	Male	180	4.88582008233733
sex_ageband_adjusted	DCT	DCT_Ca	DCT calcium handling	primary_transport	UUO5	UUO	Male	490	8.58526636427951
sex_ageband_adjusted	DCT	epithelial_injury	Epithelial injury	context	Control1	Control	Male	121	6.21077828116978
sex_ageband_adjusted	DCT	epithelial_injury	Epithelial injury	context	Control2	Control	Male	546	6.57491715572109
sex_ageband_adjusted	DCT	epithelial_injury	Epithelial injury	context	Control4	Control	Male	117	5.19470386274409
sex_ageband_adjusted	DCT	epithelial_injury	Epithelial injury	context	Control5	Control	Female	205	5.87778994001752
sex_ageband_adjusted	DCT	epithelial_injury	Epithelial injury	context	Control6	Control	Female	220	5.8334897381116
sex_ageband_adjusted	DCT	epithelial_injury	Epithelial injury	context	Control7	Control	Male	595	6.48310535528726
sex_ageband_adjusted	DCT	epithelial_injury	Epithelial injury	context	UUO1	UUO	Male	213	9.53703080963995
sex_ageband_adjusted	DCT	epithelial_injury	Epithelial injury	context	UUO2	UUO	Male	226	9.90348635752979
sex_ageband_adjusted	DCT	epithelial_injury	Epithelial injury	context	UUO3	UUO	Female	60	9.16894248481808
sex_ageband_adjusted	DCT	epithelial_injury	Epithelial injury	context	UUO4	UUO	Male	180	9.26200064158444
sex_ageband_adjusted	DCT	epithelial_injury	Epithelial injury	context	UUO5	UUO	Male	490	6.6799741554582
sex_ageband_adjusted	DCT	chemokine_adhesion	Chemokine / adhesion	context	Control1	Control	Male	121	1.78841469069497
sex_ageband_adjusted	DCT	chemokine_adhesion	Chemokine / adhesion	context	Control2	Control	Male	546	1.47618410702973
sex_ageband_adjusted	DCT	chemokine_adhesion	Chemokine / adhesion	context	Control4	Control	Male	117	1.41122237779825
sex_ageband_adjusted	DCT	chemokine_adhesion	Chemokine / adhesion	context	Control5	Control	Female	205	1.68032286942597
sex_ageband_adjusted	DCT	chemokine_adhesion	Chemokine / adhesion	context	Control6	Control	Female	220	1.02862775156399
sex_ageband_adjusted	DCT	chemokine_adhesion	Chemokine / adhesion	context	Control7	Control	Male	595	1.30848824086428
sex_ageband_adjusted	DCT	chemokine_adhesion	Chemokine / adhesion	context	UUO1	UUO	Male	213	1.88822130700861
sex_ageband_adjusted	DCT	chemokine_adhesion	Chemokine / adhesion	context	UUO2	UUO	Male	226	2.32598261187579
sex_ageband_adjusted	DCT	chemokine_adhesion	Chemokine / adhesion	context	UUO3	UUO	Female	60	2.65333262663431
sex_ageband_adjusted	DCT	chemokine_adhesion	Chemokine / adhesion	context	UUO4	UUO	Male	180	1.97618456426417
sex_ageband_adjusted	DCT	chemokine_adhesion	Chemokine / adhesion	context	UUO5	UUO	Male	490	1.76253514042078
main	PC	PC_water	PC water / vasopressin	exploratory_transport	Control1	Control	Male	98	5.07879886212533
main	PC	PC_water	PC water / vasopressin	exploratory_transport	Control2	Control	Male	154	5.48150031190291
main	PC	PC_water	PC water / vasopressin	exploratory_transport	Control3	Control	Female	28	5.02057591423866
main	PC	PC_water	PC water / vasopressin	exploratory_transport	Control4	Control	Male	100	5.35779275270322
main	PC	PC_water	PC water / vasopressin	exploratory_transport	Control5	Control	Female	145	5.546363407798
main	PC	PC_water	PC water / vasopressin	exploratory_transport	Control6	Control	Female	68	5.69640178139342
main	PC	PC_water	PC water / vasopressin	exploratory_transport	Control7	Control	Male	89	5.17071830637289
main	PC	PC_water	PC water / vasopressin	exploratory_transport	UUO1	UUO	Male	39	3.91580364019155
main	PC	PC_water	PC water / vasopressin	exploratory_transport	UUO2	UUO	Male	41	3.56367333656498
main	PC	PC_water	PC water / vasopressin	exploratory_transport	UUO3	UUO	Female	234	4.99655026130837
main	PC	PC_water	PC water / vasopressin	exploratory_transport	UUO5	UUO	Male	479	5.50660157023629
main	PC	PC_NaK	PC sodium / potassium	exploratory_transport	Control1	Control	Male	98	8.84095178602661
main	PC	PC_NaK	PC sodium / potassium	exploratory_transport	Control2	Control	Male	154	8.40700280206347
main	PC	PC_NaK	PC sodium / potassium	exploratory_transport	Control3	Control	Female	28	7.30014505599637
main	PC	PC_NaK	PC sodium / potassium	exploratory_transport	Control4	Control	Male	100	8.32940921025202
main	PC	PC_NaK	PC sodium / potassium	exploratory_transport	Control5	Control	Female	145	8.4653617724059
main	PC	PC_NaK	PC sodium / potassium	exploratory_transport	Control6	Control	Female	68	8.2978334915218
main	PC	PC_NaK	PC sodium / potassium	exploratory_transport	Control7	Control	Male	89	7.90889602323365
main	PC	PC_NaK	PC sodium / potassium	exploratory_transport	UUO1	UUO	Male	39	7.03428586717621
main	PC	PC_NaK	PC sodium / potassium	exploratory_transport	UUO2	UUO	Male	41	7.11703299477273
main	PC	PC_NaK	PC sodium / potassium	exploratory_transport	UUO3	UUO	Female	234	7.97785483532435
main	PC	PC_NaK	PC sodium / potassium	exploratory_transport	UUO5	UUO	Male	479	8.07246167520133
main	PC	epithelial_injury	Epithelial injury	context	Control1	Control	Male	98	7.14291641510174
main	PC	epithelial_injury	Epithelial injury	context	Control2	Control	Male	154	7.02431546009318
main	PC	epithelial_injury	Epithelial injury	context	Control3	Control	Female	28	8.74274573278568
main	PC	epithelial_injury	Epithelial injury	context	Control4	Control	Male	100	7.04697521405437
main	PC	epithelial_injury	Epithelial injury	context	Control5	Control	Female	145	6.90247153654165
main	PC	epithelial_injury	Epithelial injury	context	Control6	Control	Female	68	6.80080744489069
main	PC	epithelial_injury	Epithelial injury	context	Control7	Control	Male	89	7.13132776717281
main	PC	epithelial_injury	Epithelial injury	context	UUO1	UUO	Male	39	8.79641640631395
main	PC	epithelial_injury	Epithelial injury	context	UUO2	UUO	Male	41	9.18639779137536
main	PC	epithelial_injury	Epithelial injury	context	UUO3	UUO	Female	234	8.87859115688221
main	PC	epithelial_injury	Epithelial injury	context	UUO5	UUO	Male	479	7.56175178299305
main	PC	chemokine_adhesion	Chemokine / adhesion	context	Control1	Control	Male	98	2.61087297762402
main	PC	chemokine_adhesion	Chemokine / adhesion	context	Control2	Control	Male	154	2.53842424103969
main	PC	chemokine_adhesion	Chemokine / adhesion	context	Control3	Control	Female	28	2.3599130128636
main	PC	chemokine_adhesion	Chemokine / adhesion	context	Control4	Control	Male	100	2.3599130128636
main	PC	chemokine_adhesion	Chemokine / adhesion	context	Control5	Control	Female	145	2.3599130128636
main	PC	chemokine_adhesion	Chemokine / adhesion	context	Control6	Control	Female	68	2.74371778712273
main	PC	chemokine_adhesion	Chemokine / adhesion	context	Control7	Control	Male	89	2.65411511021591
main	PC	chemokine_adhesion	Chemokine / adhesion	context	UUO1	UUO	Male	39	4.11891928906211
main	PC	chemokine_adhesion	Chemokine / adhesion	context	UUO2	UUO	Male	41	4.13532906355819
main	PC	chemokine_adhesion	Chemokine / adhesion	context	UUO3	UUO	Female	234	3.10364201429079
main	PC	chemokine_adhesion	Chemokine / adhesion	context	UUO5	UUO	Male	479	3.06507068410377
min10	PC	PC_water	PC water / vasopressin	exploratory_transport	Control1	Control	Male	98	5.14432063657076
min10	PC	PC_water	PC water / vasopressin	exploratory_transport	Control2	Control	Male	154	5.52944672962416
min10	PC	PC_water	PC water / vasopressin	exploratory_transport	Control3	Control	Female	28	5.07951132961758
min10	PC	PC_water	PC water / vasopressin	exploratory_transport	Control4	Control	Male	100	5.40328794179575
min10	PC	PC_water	PC water / vasopressin	exploratory_transport	Control5	Control	Female	145	5.59856673132813
min10	PC	PC_water	PC water / vasopressin	exploratory_transport	Control6	Control	Female	68	5.76265148602588
min10	PC	PC_water	PC water / vasopressin	exploratory_transport	Control7	Control	Male	89	5.22287471876208
min10	PC	PC_water	PC water / vasopressin	exploratory_transport	UUO1	UUO	Male	39	4.00616796428832
min10	PC	PC_water	PC water / vasopressin	exploratory_transport	UUO2	UUO	Male	41	3.65259511662019
min10	PC	PC_water	PC water / vasopressin	exploratory_transport	UUO3	UUO	Female	234	5.05492344157119
min10	PC	PC_water	PC water / vasopressin	exploratory_transport	UUO4	UUO	Male	14	3.68385986235128
min10	PC	PC_water	PC water / vasopressin	exploratory_transport	UUO5	UUO	Male	479	5.55599202769519
min10	PC	PC_NaK	PC sodium / potassium	exploratory_transport	Control1	Control	Male	98	8.85115955113002
min10	PC	PC_NaK	PC sodium / potassium	exploratory_transport	Control2	Control	Male	154	8.41482333926215
min10	PC	PC_NaK	PC sodium / potassium	exploratory_transport	Control3	Control	Female	28	7.31723470702821
min10	PC	PC_NaK	PC sodium / potassium	exploratory_transport	Control4	Control	Male	100	8.33541338324335
min10	PC	PC_NaK	PC sodium / potassium	exploratory_transport	Control5	Control	Female	145	8.45073249265003
min10	PC	PC_NaK	PC sodium / potassium	exploratory_transport	Control6	Control	Female	68	8.31091473982468
min10	PC	PC_NaK	PC sodium / potassium	exploratory_transport	Control7	Control	Male	89	7.91781920750283
min10	PC	PC_NaK	PC sodium / potassium	exploratory_transport	UUO1	UUO	Male	39	7.08409596842062
min10	PC	PC_NaK	PC sodium / potassium	exploratory_transport	UUO2	UUO	Male	41	7.15495433810611
min10	PC	PC_NaK	PC sodium / potassium	exploratory_transport	UUO3	UUO	Female	234	7.98870397249383
min10	PC	PC_NaK	PC sodium / potassium	exploratory_transport	UUO4	UUO	Male	14	7.60993451536187
min10	PC	PC_NaK	PC sodium / potassium	exploratory_transport	UUO5	UUO	Male	479	8.08777190170421
min10	PC	epithelial_injury	Epithelial injury	context	Control1	Control	Male	98	7.15960020280941
min10	PC	epithelial_injury	Epithelial injury	context	Control2	Control	Male	154	7.04795524874607
min10	PC	epithelial_injury	Epithelial injury	context	Control3	Control	Female	28	8.7411617800145
min10	PC	epithelial_injury	Epithelial injury	context	Control4	Control	Male	100	7.05912105647937
min10	PC	epithelial_injury	Epithelial injury	context	Control5	Control	Female	145	6.89461392417084
min10	PC	epithelial_injury	Epithelial injury	context	Control6	Control	Female	68	6.8216883514526
min10	PC	epithelial_injury	Epithelial injury	context	Control7	Control	Male	89	7.14542616748898
min10	PC	epithelial_injury	Epithelial injury	context	UUO1	UUO	Male	39	8.84327310267023
min10	PC	epithelial_injury	Epithelial injury	context	UUO2	UUO	Male	41	9.22076838046174
min10	PC	epithelial_injury	Epithelial injury	context	UUO3	UUO	Female	234	8.88681901035983
min10	PC	epithelial_injury	Epithelial injury	context	UUO4	UUO	Male	14	8.06055767845659
min10	PC	epithelial_injury	Epithelial injury	context	UUO5	UUO	Male	479	7.58319778467971
min10	PC	chemokine_adhesion	Chemokine / adhesion	context	Control1	Control	Male	98	2.71631288458479
min10	PC	chemokine_adhesion	Chemokine / adhesion	context	Control2	Control	Male	154	2.64713909591076
min10	PC	chemokine_adhesion	Chemokine / adhesion	context	Control3	Control	Female	28	2.48021867347153
min10	PC	chemokine_adhesion	Chemokine / adhesion	context	Control4	Control	Male	100	2.48021867347153
min10	PC	chemokine_adhesion	Chemokine / adhesion	context	Control5	Control	Female	145	2.48021867347153
min10	PC	chemokine_adhesion	Chemokine / adhesion	context	Control6	Control	Female	68	2.84428629109469
min10	PC	chemokine_adhesion	Chemokine / adhesion	context	Control7	Control	Male	89	2.75729335567271
min10	PC	chemokine_adhesion	Chemokine / adhesion	context	UUO1	UUO	Male	39	4.20019645800756
min10	PC	chemokine_adhesion	Chemokine / adhesion	context	UUO2	UUO	Male	41	4.19618325286977
min10	PC	chemokine_adhesion	Chemokine / adhesion	context	UUO3	UUO	Female	234	3.18526165485114
min10	PC	chemokine_adhesion	Chemokine / adhesion	context	UUO4	UUO	Male	14	3.2826461327247
min10	PC	chemokine_adhesion	Chemokine / adhesion	context	UUO5	UUO	Male	479	3.14590648800863
min50	PC	PC_water	PC water / vasopressin	exploratory_transport	Control1	Control	Male	98	4.91179463474113
min50	PC	PC_water	PC water / vasopressin	exploratory_transport	Control2	Control	Male	154	5.36614157159514
min50	PC	PC_water	PC water / vasopressin	exploratory_transport	Control4	Control	Male	100	5.24998826410219
min50	PC	PC_water	PC water / vasopressin	exploratory_transport	Control5	Control	Female	145	5.38485815412111
min50	PC	PC_water	PC water / vasopressin	exploratory_transport	Control6	Control	Female	68	5.53018708533524
min50	PC	PC_water	PC water / vasopressin	exploratory_transport	Control7	Control	Male	89	5.04403028345503
min50	PC	PC_water	PC water / vasopressin	exploratory_transport	UUO3	UUO	Female	234	4.85578320789613
min50	PC	PC_water	PC water / vasopressin	exploratory_transport	UUO5	UUO	Male	479	5.41122114832638
min50	PC	PC_NaK	PC sodium / potassium	exploratory_transport	Control1	Control	Male	98	8.8362830571841
min50	PC	PC_NaK	PC sodium / potassium	exploratory_transport	Control2	Control	Male	154	8.40484952239897
min50	PC	PC_NaK	PC sodium / potassium	exploratory_transport	Control4	Control	Male	100	8.33322686145336
min50	PC	PC_NaK	PC sodium / potassium	exploratory_transport	Control5	Control	Female	145	8.4676988691735
min50	PC	PC_NaK	PC sodium / potassium	exploratory_transport	Control6	Control	Female	68	8.29111999224516
min50	PC	PC_NaK	PC sodium / potassium	exploratory_transport	Control7	Control	Male	89	7.90468866023251
min50	PC	PC_NaK	PC sodium / potassium	exploratory_transport	UUO3	UUO	Female	234	7.975201308772
min50	PC	PC_NaK	PC sodium / potassium	exploratory_transport	UUO5	UUO	Male	479	8.0850024927856
min50	PC	epithelial_injury	Epithelial injury	context	Control1	Control	Male	98	7.12132781949834
min50	PC	epithelial_injury	Epithelial injury	context	Control2	Control	Male	154	6.97863440138901
min50	PC	epithelial_injury	Epithelial injury	context	Control4	Control	Male	100	7.03508768177336
min50	PC	epithelial_injury	Epithelial injury	context	Control5	Control	Female	145	6.89048297470572
min50	PC	epithelial_injury	Epithelial injury	context	Control6	Control	Female	68	6.77326726876177
min50	PC	epithelial_injury	Epithelial injury	context	Control7	Control	Male	89	7.11388597500021
min50	PC	epithelial_injury	Epithelial injury	context	UUO3	UUO	Female	234	8.88270747206854
min50	PC	epithelial_injury	Epithelial injury	context	UUO5	UUO	Male	479	7.55635542849317
min50	PC	chemokine_adhesion	Chemokine / adhesion	context	Control1	Control	Male	98	2.33047559616736
min50	PC	chemokine_adhesion	Chemokine / adhesion	context	Control2	Control	Male	154	2.2476253043101
min50	PC	chemokine_adhesion	Chemokine / adhesion	context	Control4	Control	Male	100	2.03189726970645
min50	PC	chemokine_adhesion	Chemokine / adhesion	context	Control5	Control	Female	145	2.03189726970645
min50	PC	chemokine_adhesion	Chemokine / adhesion	context	Control6	Control	Female	68	2.47873391361447
min50	PC	chemokine_adhesion	Chemokine / adhesion	context	Control7	Control	Male	89	2.37995700650157
min50	PC	chemokine_adhesion	Chemokine / adhesion	context	UUO3	UUO	Female	234	2.89902824941708
min50	PC	chemokine_adhesion	Chemokine / adhesion	context	UUO5	UUO	Male	479	2.87681569275052
LODO_Control1	PC	PC_water	PC water / vasopressin	exploratory_transport	Control2	Control	Male	154	5.46679024503384
LODO_Control1	PC	PC_water	PC water / vasopressin	exploratory_transport	Control3	Control	Female	28	4.98321450316177
LODO_Control1	PC	PC_water	PC water / vasopressin	exploratory_transport	Control4	Control	Male	100	5.34572513808538
LODO_Control1	PC	PC_water	PC water / vasopressin	exploratory_transport	Control5	Control	Female	145	5.532131102109
LODO_Control1	PC	PC_water	PC water / vasopressin	exploratory_transport	Control6	Control	Female	68	5.67891616871313
LODO_Control1	PC	PC_water	PC water / vasopressin	exploratory_transport	Control7	Control	Male	89	5.14239490095682
LODO_Control1	PC	PC_water	PC water / vasopressin	exploratory_transport	UUO1	UUO	Male	39	3.89947677677618
LODO_Control1	PC	PC_water	PC water / vasopressin	exploratory_transport	UUO2	UUO	Male	41	3.54468986042089
LODO_Control1	PC	PC_water	PC water / vasopressin	exploratory_transport	UUO3	UUO	Female	234	4.97871729252103
LODO_Control1	PC	PC_water	PC water / vasopressin	exploratory_transport	UUO5	UUO	Male	479	5.51135878661651
LODO_Control1	PC	PC_NaK	PC sodium / potassium	exploratory_transport	Control2	Control	Male	154	8.40223552424274
LODO_Control1	PC	PC_NaK	PC sodium / potassium	exploratory_transport	Control3	Control	Female	28	7.25972998571747
LODO_Control1	PC	PC_NaK	PC sodium / potassium	exploratory_transport	Control4	Control	Male	100	8.32818010260771
LODO_Control1	PC	PC_NaK	PC sodium / potassium	exploratory_transport	Control5	Control	Female	145	8.46944771926375
LODO_Control1	PC	PC_NaK	PC sodium / potassium	exploratory_transport	Control6	Control	Female	68	8.29550021301394
LODO_Control1	PC	PC_NaK	PC sodium / potassium	exploratory_transport	Control7	Control	Male	89	7.88342990123791
LODO_Control1	PC	PC_NaK	PC sodium / potassium	exploratory_transport	UUO1	UUO	Male	39	7.0402041951515
LODO_Control1	PC	PC_NaK	PC sodium / potassium	exploratory_transport	UUO2	UUO	Male	41	7.12036156778644
LODO_Control1	PC	PC_NaK	PC sodium / potassium	exploratory_transport	UUO3	UUO	Female	234	7.97142752705084
LODO_Control1	PC	PC_NaK	PC sodium / potassium	exploratory_transport	UUO5	UUO	Male	479	8.09507206116579
LODO_Control1	PC	epithelial_injury	Epithelial injury	context	Control2	Control	Male	154	7.01565714574008
LODO_Control1	PC	epithelial_injury	Epithelial injury	context	Control3	Control	Female	28	8.7009626847315
LODO_Control1	PC	epithelial_injury	Epithelial injury	context	Control4	Control	Male	100	7.04411489745079
LODO_Control1	PC	epithelial_injury	Epithelial injury	context	Control5	Control	Female	145	6.90480080957831
LODO_Control1	PC	epithelial_injury	Epithelial injury	context	Control6	Control	Female	68	6.79633310871409
LODO_Control1	PC	epithelial_injury	Epithelial injury	context	Control7	Control	Male	89	7.10552912921142
LODO_Control1	PC	epithelial_injury	Epithelial injury	context	UUO1	UUO	Male	39	8.80390111276245
LODO_Control1	PC	epithelial_injury	Epithelial injury	context	UUO2	UUO	Male	41	9.19122501344583
LODO_Control1	PC	epithelial_injury	Epithelial injury	context	UUO3	UUO	Female	234	8.87276974714908
LODO_Control1	PC	epithelial_injury	Epithelial injury	context	UUO5	UUO	Male	479	7.5812373630454
LODO_Control1	PC	chemokine_adhesion	Chemokine / adhesion	context	Control2	Control	Male	154	2.50854021140206
LODO_Control1	PC	chemokine_adhesion	Chemokine / adhesion	context	Control3	Control	Female	28	2.32703395644851
LODO_Control1	PC	chemokine_adhesion	Chemokine / adhesion	context	Control4	Control	Male	100	2.32703395644851
LODO_Control1	PC	chemokine_adhesion	Chemokine / adhesion	context	Control5	Control	Female	145	2.32703395644851
LODO_Control1	PC	chemokine_adhesion	Chemokine / adhesion	context	Control6	Control	Female	68	2.71658140153945
LODO_Control1	PC	chemokine_adhesion	Chemokine / adhesion	context	Control7	Control	Male	89	2.62240128399376
LODO_Control1	PC	chemokine_adhesion	Chemokine / adhesion	context	UUO1	UUO	Male	39	4.10763649829777
LODO_Control1	PC	chemokine_adhesion	Chemokine / adhesion	context	UUO2	UUO	Male	41	4.12885634388209
LODO_Control1	PC	chemokine_adhesion	Chemokine / adhesion	context	UUO3	UUO	Female	234	3.08032275761851
LODO_Control1	PC	chemokine_adhesion	Chemokine / adhesion	context	UUO5	UUO	Male	479	3.0537315204386
LODO_Control2	PC	PC_water	PC water / vasopressin	exploratory_transport	Control1	Control	Male	98	5.08697597986884
LODO_Control2	PC	PC_water	PC water / vasopressin	exploratory_transport	Control3	Control	Female	28	5.01645171621209
LODO_Control2	PC	PC_water	PC water / vasopressin	exploratory_transport	Control4	Control	Male	100	5.36063394302268
LODO_Control2	PC	PC_water	PC water / vasopressin	exploratory_transport	Control5	Control	Female	145	5.5478242543989
LODO_Control2	PC	PC_water	PC water / vasopressin	exploratory_transport	Control6	Control	Female	68	5.70294571980775
LODO_Control2	PC	PC_water	PC water / vasopressin	exploratory_transport	Control7	Control	Male	89	5.17116733397325
LODO_Control2	PC	PC_water	PC water / vasopressin	exploratory_transport	UUO1	UUO	Male	39	3.93487918931853
LODO_Control2	PC	PC_water	PC water / vasopressin	exploratory_transport	UUO2	UUO	Male	41	3.57489322144499
LODO_Control2	PC	PC_water	PC water / vasopressin	exploratory_transport	UUO3	UUO	Female	234	5.00747646154801
LODO_Control2	PC	PC_water	PC water / vasopressin	exploratory_transport	UUO5	UUO	Male	479	5.51622675525309
LODO_Control2	PC	PC_NaK	PC sodium / potassium	exploratory_transport	Control1	Control	Male	98	8.83967506277633
LODO_Control2	PC	PC_NaK	PC sodium / potassium	exploratory_transport	Control3	Control	Female	28	7.28125567433326
LODO_Control2	PC	PC_NaK	PC sodium / potassium	exploratory_transport	Control4	Control	Male	100	8.3245553006522
LODO_Control2	PC	PC_NaK	PC sodium / potassium	exploratory_transport	Control5	Control	Female	145	8.4510298066929
LODO_Control2	PC	PC_NaK	PC sodium / potassium	exploratory_transport	Control6	Control	Female	68	8.293553289989
LODO_Control2	PC	PC_NaK	PC sodium / potassium	exploratory_transport	Control7	Control	Male	89	7.89858709337036
LODO_Control2	PC	PC_NaK	PC sodium / potassium	exploratory_transport	UUO1	UUO	Male	39	7.05542559424748
LODO_Control2	PC	PC_NaK	PC sodium / potassium	exploratory_transport	UUO2	UUO	Male	41	7.1180451125046
LODO_Control2	PC	PC_NaK	PC sodium / potassium	exploratory_transport	UUO3	UUO	Female	234	7.98374756820886
LODO_Control2	PC	PC_NaK	PC sodium / potassium	exploratory_transport	UUO5	UUO	Male	479	8.07831036173428
LODO_Control2	PC	epithelial_injury	Epithelial injury	context	Control1	Control	Male	98	7.14271976832662
LODO_Control2	PC	epithelial_injury	Epithelial injury	context	Control3	Control	Female	28	8.71724947973592
LODO_Control2	PC	epithelial_injury	Epithelial injury	context	Control4	Control	Male	100	7.04329357954622
LODO_Control2	PC	epithelial_injury	Epithelial injury	context	Control5	Control	Female	145	6.88968769140857
LODO_Control2	PC	epithelial_injury	Epithelial injury	context	Control6	Control	Female	68	6.79807865697193
LODO_Control2	PC	epithelial_injury	Epithelial injury	context	Control7	Control	Male	89	7.12228129836148
LODO_Control2	PC	epithelial_injury	Epithelial injury	context	UUO1	UUO	Male	39	8.81770306023404
LODO_Control2	PC	epithelial_injury	Epithelial injury	context	UUO2	UUO	Male	41	9.186713287801
LODO_Control2	PC	epithelial_injury	Epithelial injury	context	UUO3	UUO	Female	234	8.88421368340642
LODO_Control2	PC	epithelial_injury	Epithelial injury	context	UUO5	UUO	Male	479	7.56826937612305
LODO_Control2	PC	chemokine_adhesion	Chemokine / adhesion	context	Control1	Control	Male	98	2.62582734284135
LODO_Control2	PC	chemokine_adhesion	Chemokine / adhesion	context	Control3	Control	Female	28	2.37745647490701
LODO_Control2	PC	chemokine_adhesion	Chemokine / adhesion	context	Control4	Control	Male	100	2.37745647490701
LODO_Control2	PC	chemokine_adhesion	Chemokine / adhesion	context	Control5	Control	Female	145	2.37745647490701
LODO_Control2	PC	chemokine_adhesion	Chemokine / adhesion	context	Control6	Control	Female	68	2.75719087189206
LODO_Control2	PC	chemokine_adhesion	Chemokine / adhesion	context	Control7	Control	Male	89	2.66730878298746
LODO_Control2	PC	chemokine_adhesion	Chemokine / adhesion	context	UUO1	UUO	Male	39	4.13846112266851
LODO_Control2	PC	chemokine_adhesion	Chemokine / adhesion	context	UUO2	UUO	Male	41	4.14087218179046
LODO_Control2	PC	chemokine_adhesion	Chemokine / adhesion	context	UUO3	UUO	Female	234	3.11700098474896
LODO_Control2	PC	chemokine_adhesion	Chemokine / adhesion	context	UUO5	UUO	Male	479	3.07813476815146
LODO_Control3	PC	PC_water	PC water / vasopressin	exploratory_transport	Control1	Control	Male	98	5.03262459134894
LODO_Control3	PC	PC_water	PC water / vasopressin	exploratory_transport	Control2	Control	Male	154	5.45233387917985
LODO_Control3	PC	PC_water	PC water / vasopressin	exploratory_transport	Control4	Control	Male	100	5.32910063790639
LODO_Control3	PC	PC_water	PC water / vasopressin	exploratory_transport	Control5	Control	Female	145	5.50056188105328
LODO_Control3	PC	PC_water	PC water / vasopressin	exploratory_transport	Control6	Control	Female	68	5.65248961397341
LODO_Control3	PC	PC_water	PC water / vasopressin	exploratory_transport	Control7	Control	Male	89	5.13487257731246
LODO_Control3	PC	PC_water	PC water / vasopressin	exploratory_transport	UUO1	UUO	Male	39	3.86890631726567
LODO_Control3	PC	PC_water	PC water / vasopressin	exploratory_transport	UUO2	UUO	Male	41	3.51331508806748
LODO_Control3	PC	PC_water	PC water / vasopressin	exploratory_transport	UUO3	UUO	Female	234	4.96425719254711
LODO_Control3	PC	PC_water	PC water / vasopressin	exploratory_transport	UUO5	UUO	Male	479	5.48932839802759
LODO_Control3	PC	PC_NaK	PC sodium / potassium	exploratory_transport	Control1	Control	Male	98	8.84762947965244
LODO_Control3	PC	PC_NaK	PC sodium / potassium	exploratory_transport	Control2	Control	Male	154	8.41553142040169
LODO_Control3	PC	PC_NaK	PC sodium / potassium	exploratory_transport	Control4	Control	Male	100	8.33685704390489
LODO_Control3	PC	PC_NaK	PC sodium / potassium	exploratory_transport	Control5	Control	Female	145	8.47140895397288
LODO_Control3	PC	PC_NaK	PC sodium / potassium	exploratory_transport	Control6	Control	Female	68	8.3077348145987
LODO_Control3	PC	PC_NaK	PC sodium / potassium	exploratory_transport	Control7	Control	Male	89	7.91202868245785
LODO_Control3	PC	PC_NaK	PC sodium / potassium	exploratory_transport	UUO1	UUO	Male	39	7.05642182533124
LODO_Control3	PC	PC_NaK	PC sodium / potassium	exploratory_transport	UUO2	UUO	Male	41	7.14338923609303
LODO_Control3	PC	PC_NaK	PC sodium / potassium	exploratory_transport	UUO3	UUO	Female	234	7.99538810257669
LODO_Control3	PC	PC_NaK	PC sodium / potassium	exploratory_transport	UUO5	UUO	Male	479	8.09355086937959
LODO_Control3	PC	epithelial_injury	Epithelial injury	context	Control1	Control	Male	98	7.14375357399201
LODO_Control3	PC	epithelial_injury	Epithelial injury	context	Control2	Control	Male	154	7.01815725686646
LODO_Control3	PC	epithelial_injury	Epithelial injury	context	Control4	Control	Male	100	7.04907403633087
LODO_Control3	PC	epithelial_injury	Epithelial injury	context	Control5	Control	Female	145	6.90365220817008
LODO_Control3	PC	epithelial_injury	Epithelial injury	context	Control6	Control	Female	68	6.80326418828688
LODO_Control3	PC	epithelial_injury	Epithelial injury	context	Control7	Control	Male	89	7.13002417218394
LODO_Control3	PC	epithelial_injury	Epithelial injury	context	UUO1	UUO	Male	39	8.82329329208755
LODO_Control3	PC	epithelial_injury	Epithelial injury	context	UUO2	UUO	Male	41	9.21777185949578
LODO_Control3	PC	epithelial_injury	Epithelial injury	context	UUO3	UUO	Female	234	8.89870740167397
LODO_Control3	PC	epithelial_injury	Epithelial injury	context	UUO5	UUO	Male	479	7.57620307770071
LODO_Control3	PC	chemokine_adhesion	Chemokine / adhesion	context	Control1	Control	Male	98	2.52715854724348
LODO_Control3	PC	chemokine_adhesion	Chemokine / adhesion	context	Control2	Control	Male	154	2.45148826682811
LODO_Control3	PC	chemokine_adhesion	Chemokine / adhesion	context	Control4	Control	Male	100	2.26135364206858
LODO_Control3	PC	chemokine_adhesion	Chemokine / adhesion	context	Control5	Control	Female	145	2.26135364206858
LODO_Control3	PC	chemokine_adhesion	Chemokine / adhesion	context	Control6	Control	Female	68	2.66578873183752
LODO_Control3	PC	chemokine_adhesion	Chemokine / adhesion	context	Control7	Control	Male	89	2.57181717845505
LODO_Control3	PC	chemokine_adhesion	Chemokine / adhesion	context	UUO1	UUO	Male	39	4.0878110048803
LODO_Control3	PC	chemokine_adhesion	Chemokine / adhesion	context	UUO2	UUO	Male	41	4.12857332002159
LODO_Control3	PC	chemokine_adhesion	Chemokine / adhesion	context	UUO3	UUO	Female	234	3.04765553483345
LODO_Control3	PC	chemokine_adhesion	Chemokine / adhesion	context	UUO5	UUO	Male	479	3.01354921082281
LODO_Control4	PC	PC_water	PC water / vasopressin	exploratory_transport	Control1	Control	Male	98	5.05219567367575
LODO_Control4	PC	PC_water	PC water / vasopressin	exploratory_transport	Control2	Control	Male	154	5.46164958432317
LODO_Control4	PC	PC_water	PC water / vasopressin	exploratory_transport	Control3	Control	Female	28	4.9861796599334
LODO_Control4	PC	PC_water	PC water / vasopressin	exploratory_transport	Control5	Control	Female	145	5.51954492879086
LODO_Control4	PC	PC_water	PC water / vasopressin	exploratory_transport	Control6	Control	Female	68	5.6707015426895
LODO_Control4	PC	PC_water	PC water / vasopressin	exploratory_transport	Control7	Control	Male	89	5.13971841264785
LODO_Control4	PC	PC_water	PC water / vasopressin	exploratory_transport	UUO1	UUO	Male	39	3.88936148992267
LODO_Control4	PC	PC_water	PC water / vasopressin	exploratory_transport	UUO2	UUO	Male	41	3.53491750756279
LODO_Control4	PC	PC_water	PC water / vasopressin	exploratory_transport	UUO3	UUO	Female	234	4.97847822007843
LODO_Control4	PC	PC_water	PC water / vasopressin	exploratory_transport	UUO5	UUO	Male	479	5.49623978502793
LODO_Control4	PC	PC_NaK	PC sodium / potassium	exploratory_transport	Control1	Control	Male	98	8.83806976946269
LODO_Control4	PC	PC_NaK	PC sodium / potassium	exploratory_transport	Control2	Control	Male	154	8.40368229900132
LODO_Control4	PC	PC_NaK	PC sodium / potassium	exploratory_transport	Control3	Control	Female	28	7.27645093522802
LODO_Control4	PC	PC_NaK	PC sodium / potassium	exploratory_transport	Control5	Control	Female	145	8.46142594615736
LODO_Control4	PC	PC_NaK	PC sodium / potassium	exploratory_transport	Control6	Control	Female	68	8.29616321445549
LODO_Control4	PC	PC_NaK	PC sodium / potassium	exploratory_transport	Control7	Control	Male	89	7.88985479968909
LODO_Control4	PC	PC_NaK	PC sodium / potassium	exploratory_transport	UUO1	UUO	Male	39	7.03961493321666
LODO_Control4	PC	PC_NaK	PC sodium / potassium	exploratory_transport	UUO2	UUO	Male	41	7.12249931779502
LODO_Control4	PC	PC_NaK	PC sodium / potassium	exploratory_transport	UUO3	UUO	Female	234	7.98400389509682
LODO_Control4	PC	PC_NaK	PC sodium / potassium	exploratory_transport	UUO5	UUO	Male	479	8.08095029454874
LODO_Control4	PC	epithelial_injury	Epithelial injury	context	Control1	Control	Male	98	7.13737191121268
LODO_Control4	PC	epithelial_injury	Epithelial injury	context	Control2	Control	Male	154	7.01453260276009
LODO_Control4	PC	epithelial_injury	Epithelial injury	context	Control3	Control	Female	28	8.72385238235472
LODO_Control4	PC	epithelial_injury	Epithelial injury	context	Control5	Control	Female	145	6.89634774266128
LODO_Control4	PC	epithelial_injury	Epithelial injury	context	Control6	Control	Female	68	6.79575816402563
LODO_Control4	PC	epithelial_injury	Epithelial injury	context	Control7	Control	Male	89	7.11090262141539
LODO_Control4	PC	epithelial_injury	Epithelial injury	context	UUO1	UUO	Male	39	8.80397124724066
LODO_Control4	PC	epithelial_injury	Epithelial injury	context	UUO2	UUO	Male	41	9.19414940823038
LODO_Control4	PC	epithelial_injury	Epithelial injury	context	UUO3	UUO	Female	234	8.88601644846661
LODO_Control4	PC	epithelial_injury	Epithelial injury	context	UUO5	UUO	Male	479	7.56694287837203
LODO_Control4	PC	chemokine_adhesion	Chemokine / adhesion	context	Control1	Control	Male	98	2.56734755581446
LODO_Control4	PC	chemokine_adhesion	Chemokine / adhesion	context	Control2	Control	Male	154	2.49332102009503
LODO_Control4	PC	chemokine_adhesion	Chemokine / adhesion	context	Control3	Control	Female	28	2.30980278714082
LODO_Control4	PC	chemokine_adhesion	Chemokine / adhesion	context	Control5	Control	Female	145	2.30980278714082
LODO_Control4	PC	chemokine_adhesion	Chemokine / adhesion	context	Control6	Control	Female	68	2.70273898481234
LODO_Control4	PC	chemokine_adhesion	Chemokine / adhesion	context	Control7	Control	Male	89	2.60890977141411
LODO_Control4	PC	chemokine_adhesion	Chemokine / adhesion	context	UUO1	UUO	Male	39	4.09969401028574
LODO_Control4	PC	chemokine_adhesion	Chemokine / adhesion	context	UUO2	UUO	Male	41	4.12581967343221
LODO_Control4	PC	chemokine_adhesion	Chemokine / adhesion	context	UUO3	UUO	Female	234	3.07396324911993
LODO_Control4	PC	chemokine_adhesion	Chemokine / adhesion	context	UUO5	UUO	Male	479	3.0377213890483
LODO_Control5	PC	PC_water	PC water / vasopressin	exploratory_transport	Control1	Control	Male	98	5.05436873059532
LODO_Control5	PC	PC_water	PC water / vasopressin	exploratory_transport	Control2	Control	Male	154	5.46784872071987
LODO_Control5	PC	PC_water	PC water / vasopressin	exploratory_transport	Control3	Control	Female	28	4.98440503931729
LODO_Control5	PC	PC_water	PC water / vasopressin	exploratory_transport	Control4	Control	Male	100	5.34108536829438
LODO_Control5	PC	PC_water	PC water / vasopressin	exploratory_transport	Control6	Control	Female	68	5.67330779352105
LODO_Control5	PC	PC_water	PC water / vasopressin	exploratory_transport	Control7	Control	Male	89	5.14572977097726
LODO_Control5	PC	PC_water	PC water / vasopressin	exploratory_transport	UUO1	UUO	Male	39	3.89718290192732
LODO_Control5	PC	PC_water	PC water / vasopressin	exploratory_transport	UUO2	UUO	Male	41	3.53376443007981
LODO_Control5	PC	PC_water	PC water / vasopressin	exploratory_transport	UUO3	UUO	Female	234	4.97856769516429
LODO_Control5	PC	PC_water	PC water / vasopressin	exploratory_transport	UUO5	UUO	Male	479	5.49611683427278
LODO_Control5	PC	PC_NaK	PC sodium / potassium	exploratory_transport	Control1	Control	Male	98	8.84015833998153
LODO_Control5	PC	PC_NaK	PC sodium / potassium	exploratory_transport	Control2	Control	Male	154	8.41202442055339
LODO_Control5	PC	PC_NaK	PC sodium / potassium	exploratory_transport	Control3	Control	Female	28	7.27193115708766
LODO_Control5	PC	PC_NaK	PC sodium / potassium	exploratory_transport	Control4	Control	Male	100	8.32889920544581
LODO_Control5	PC	PC_NaK	PC sodium / potassium	exploratory_transport	Control6	Control	Female	68	8.29911357198739
LODO_Control5	PC	PC_NaK	PC sodium / potassium	exploratory_transport	Control7	Control	Male	89	7.89820726170188
LODO_Control5	PC	PC_NaK	PC sodium / potassium	exploratory_transport	UUO1	UUO	Male	39	7.05487023728302
LODO_Control5	PC	PC_NaK	PC sodium / potassium	exploratory_transport	UUO2	UUO	Male	41	7.11590713409035
LODO_Control5	PC	PC_NaK	PC sodium / potassium	exploratory_transport	UUO3	UUO	Female	234	7.98246262935754
LODO_Control5	PC	PC_NaK	PC sodium / potassium	exploratory_transport	UUO5	UUO	Male	479	8.07970374011398
LODO_Control5	PC	epithelial_injury	Epithelial injury	context	Control1	Control	Male	98	7.13946984482073
LODO_Control5	PC	epithelial_injury	Epithelial injury	context	Control2	Control	Male	154	7.02203939582302
LODO_Control5	PC	epithelial_injury	Epithelial injury	context	Control3	Control	Female	28	8.71810022989114
LODO_Control5	PC	epithelial_injury	Epithelial injury	context	Control4	Control	Male	100	7.0440360638138
LODO_Control5	PC	epithelial_injury	Epithelial injury	context	Control6	Control	Female	68	6.79866078086071
LODO_Control5	PC	epithelial_injury	Epithelial injury	context	Control7	Control	Male	89	7.11898654081804
LODO_Control5	PC	epithelial_injury	Epithelial injury	context	UUO1	UUO	Male	39	8.81973644818036
LODO_Control5	PC	epithelial_injury	Epithelial injury	context	UUO2	UUO	Male	41	9.18719912151584
LODO_Control5	PC	epithelial_injury	Epithelial injury	context	UUO3	UUO	Female	234	8.88439049375865
LODO_Control5	PC	epithelial_injury	Epithelial injury	context	UUO5	UUO	Male	479	7.56589094248928
LODO_Control5	PC	chemokine_adhesion	Chemokine / adhesion	context	Control1	Control	Male	98	2.56958067243281
LODO_Control5	PC	chemokine_adhesion	Chemokine / adhesion	context	Control2	Control	Male	154	2.49623713771702
LODO_Control5	PC	chemokine_adhesion	Chemokine / adhesion	context	Control3	Control	Female	28	2.31205958127482
LODO_Control5	PC	chemokine_adhesion	Chemokine / adhesion	context	Control4	Control	Male	100	2.31205958127482
LODO_Control5	PC	chemokine_adhesion	Chemokine / adhesion	context	Control6	Control	Female	68	2.70512748969472
LODO_Control5	PC	chemokine_adhesion	Chemokine / adhesion	context	Control7	Control	Male	89	2.61213542640366
LODO_Control5	PC	chemokine_adhesion	Chemokine / adhesion	context	UUO1	UUO	Male	39	4.10921632534195
LODO_Control5	PC	chemokine_adhesion	Chemokine / adhesion	context	UUO2	UUO	Male	41	4.12158558740724
LODO_Control5	PC	chemokine_adhesion	Chemokine / adhesion	context	UUO3	UUO	Female	234	3.07482893291607
LODO_Control5	PC	chemokine_adhesion	Chemokine / adhesion	context	UUO5	UUO	Male	479	3.03860255236322
LODO_Control6	PC	PC_water	PC water / vasopressin	exploratory_transport	Control1	Control	Male	98	5.04334853446478
LODO_Control6	PC	PC_water	PC water / vasopressin	exploratory_transport	Control2	Control	Male	154	5.44945821624941
LODO_Control6	PC	PC_water	PC water / vasopressin	exploratory_transport	Control3	Control	Female	28	4.97156631433696
LODO_Control6	PC	PC_water	PC water / vasopressin	exploratory_transport	Control4	Control	Male	100	5.32826090436971
LODO_Control6	PC	PC_water	PC water / vasopressin	exploratory_transport	Control5	Control	Female	145	5.50948101217915
LODO_Control6	PC	PC_water	PC water / vasopressin	exploratory_transport	Control7	Control	Male	89	5.13483142665876
LODO_Control6	PC	PC_water	PC water / vasopressin	exploratory_transport	UUO1	UUO	Male	39	3.86484029719385
LODO_Control6	PC	PC_water	PC water / vasopressin	exploratory_transport	UUO2	UUO	Male	41	3.51094577540011
LODO_Control6	PC	PC_water	PC water / vasopressin	exploratory_transport	UUO3	UUO	Female	234	4.95578203329588
LODO_Control6	PC	PC_water	PC water / vasopressin	exploratory_transport	UUO5	UUO	Male	479	5.48541624105666
LODO_Control6	PC	PC_NaK	PC sodium / potassium	exploratory_transport	Control1	Control	Male	98	8.85152464870771
LODO_Control6	PC	PC_NaK	PC sodium / potassium	exploratory_transport	Control2	Control	Male	154	8.4016685601195
LODO_Control6	PC	PC_NaK	PC sodium / potassium	exploratory_transport	Control3	Control	Female	28	7.2729618000493
LODO_Control6	PC	PC_NaK	PC sodium / potassium	exploratory_transport	Control4	Control	Male	100	8.32660121079918
LODO_Control6	PC	PC_NaK	PC sodium / potassium	exploratory_transport	Control5	Control	Female	145	8.47189629875047
LODO_Control6	PC	PC_NaK	PC sodium / potassium	exploratory_transport	Control7	Control	Male	89	7.90116541935066
LODO_Control6	PC	PC_NaK	PC sodium / potassium	exploratory_transport	UUO1	UUO	Male	39	7.02368716098758
LODO_Control6	PC	PC_NaK	PC sodium / potassium	exploratory_transport	UUO2	UUO	Male	41	7.10963628967502
LODO_Control6	PC	PC_NaK	PC sodium / potassium	exploratory_transport	UUO3	UUO	Female	234	7.96751128933199
LODO_Control6	PC	PC_NaK	PC sodium / potassium	exploratory_transport	UUO5	UUO	Male	479	8.07960671663762
LODO_Control6	PC	epithelial_injury	Epithelial injury	context	Control1	Control	Male	98	7.14838477986285
LODO_Control6	PC	epithelial_injury	Epithelial injury	context	Control2	Control	Male	154	7.00855679036381
LODO_Control6	PC	epithelial_injury	Epithelial injury	context	Control3	Control	Female	28	8.7253638480873
LODO_Control6	PC	epithelial_injury	Epithelial injury	context	Control4	Control	Male	100	7.0401871351811
LODO_Control6	PC	epithelial_injury	Epithelial injury	context	Control5	Control	Female	145	6.90490893378014
LODO_Control6	PC	epithelial_injury	Epithelial injury	context	Control7	Control	Male	89	7.12037112279055
LODO_Control6	PC	epithelial_injury	Epithelial injury	context	UUO1	UUO	Male	39	8.78863253698996
LODO_Control6	PC	epithelial_injury	Epithelial injury	context	UUO2	UUO	Male	41	9.1820118347574
LODO_Control6	PC	epithelial_injury	Epithelial injury	context	UUO3	UUO	Female	234	8.86984439813961
LODO_Control6	PC	epithelial_injury	Epithelial injury	context	UUO5	UUO	Male	479	7.56396707819137
LODO_Control6	PC	chemokine_adhesion	Chemokine / adhesion	context	Control1	Control	Male	98	2.5426994515406
LODO_Control6	PC	chemokine_adhesion	Chemokine / adhesion	context	Control2	Control	Male	154	2.46551879583857
LODO_Control6	PC	chemokine_adhesion	Chemokine / adhesion	context	Control3	Control	Female	28	2.27884810319611
LODO_Control6	PC	chemokine_adhesion	Chemokine / adhesion	context	Control4	Control	Male	100	2.27884810319611
LODO_Control6	PC	chemokine_adhesion	Chemokine / adhesion	context	Control5	Control	Female	145	2.27884810319611
LODO_Control6	PC	chemokine_adhesion	Chemokine / adhesion	context	Control7	Control	Male	89	2.58471696065602
LODO_Control6	PC	chemokine_adhesion	Chemokine / adhesion	context	UUO1	UUO	Male	39	4.07713944317304
LODO_Control6	PC	chemokine_adhesion	Chemokine / adhesion	context	UUO2	UUO	Male	41	4.10816638153243
LODO_Control6	PC	chemokine_adhesion	Chemokine / adhesion	context	UUO3	UUO	Female	234	3.04832123934359
LODO_Control6	PC	chemokine_adhesion	Chemokine / adhesion	context	UUO5	UUO	Male	479	3.01846965611863
LODO_Control7	PC	PC_water	PC water / vasopressin	exploratory_transport	Control1	Control	Male	98	5.04911008449489
LODO_Control7	PC	PC_water	PC water / vasopressin	exploratory_transport	Control2	Control	Male	154	5.4596010460574
LODO_Control7	PC	PC_water	PC water / vasopressin	exploratory_transport	Control3	Control	Female	28	4.98430120779128
LODO_Control7	PC	PC_water	PC water / vasopressin	exploratory_transport	Control4	Control	Male	100	5.33320738893768
LODO_Control7	PC	PC_water	PC water / vasopressin	exploratory_transport	Control5	Control	Female	145	5.5163373666507
LODO_Control7	PC	PC_water	PC water / vasopressin	exploratory_transport	Control6	Control	Female	68	5.66807178281892
LODO_Control7	PC	PC_water	PC water / vasopressin	exploratory_transport	UUO1	UUO	Male	39	3.88943288430398
LODO_Control7	PC	PC_water	PC water / vasopressin	exploratory_transport	UUO2	UUO	Male	41	3.53543730047719
LODO_Control7	PC	PC_water	PC water / vasopressin	exploratory_transport	UUO3	UUO	Female	234	4.97551387275023
LODO_Control7	PC	PC_water	PC water / vasopressin	exploratory_transport	UUO5	UUO	Male	479	5.49497669367332
LODO_Control7	PC	PC_NaK	PC sodium / potassium	exploratory_transport	Control1	Control	Male	98	8.83541676159455
LODO_Control7	PC	PC_NaK	PC sodium / potassium	exploratory_transport	Control2	Control	Male	154	8.40243082661587
LODO_Control7	PC	PC_NaK	PC sodium / potassium	exploratory_transport	Control3	Control	Female	28	7.27568633219615
LODO_Control7	PC	PC_NaK	PC sodium / potassium	exploratory_transport	Control4	Control	Male	100	8.3199299971167
LODO_Control7	PC	PC_NaK	PC sodium / potassium	exploratory_transport	Control5	Control	Female	145	8.45851985223725
LODO_Control7	PC	PC_NaK	PC sodium / potassium	exploratory_transport	Control6	Control	Female	68	8.29440449327081
LODO_Control7	PC	PC_NaK	PC sodium / potassium	exploratory_transport	UUO1	UUO	Male	39	7.04447812948785
LODO_Control7	PC	PC_NaK	PC sodium / potassium	exploratory_transport	UUO2	UUO	Male	41	7.12944160794369
LODO_Control7	PC	PC_NaK	PC sodium / potassium	exploratory_transport	UUO3	UUO	Female	234	7.98145319304475
LODO_Control7	PC	PC_NaK	PC sodium / potassium	exploratory_transport	UUO5	UUO	Male	479	8.08074955745265
LODO_Control7	PC	epithelial_injury	Epithelial injury	context	Control1	Control	Male	98	7.13467097644343
LODO_Control7	PC	epithelial_injury	Epithelial injury	context	Control2	Control	Male	154	7.01297036995945
LODO_Control7	PC	epithelial_injury	Epithelial injury	context	Control3	Control	Female	28	8.72358800181002
LODO_Control7	PC	epithelial_injury	Epithelial injury	context	Control4	Control	Male	100	7.03522888031359
LODO_Control7	PC	epithelial_injury	Epithelial injury	context	Control5	Control	Female	145	6.89341325211265
LODO_Control7	PC	epithelial_injury	Epithelial injury	context	Control6	Control	Female	68	6.79387863173886
LODO_Control7	PC	epithelial_injury	Epithelial injury	context	UUO1	UUO	Male	39	8.80916358522026
LODO_Control7	PC	epithelial_injury	Epithelial injury	context	UUO2	UUO	Male	41	9.20151208716779
LODO_Control7	PC	epithelial_injury	Epithelial injury	context	UUO3	UUO	Female	234	8.88348720004041
LODO_Control7	PC	epithelial_injury	Epithelial injury	context	UUO5	UUO	Male	479	7.56655835778413
LODO_Control7	PC	chemokine_adhesion	Chemokine / adhesion	context	Control1	Control	Male	98	2.56395447692904
LODO_Control7	PC	chemokine_adhesion	Chemokine / adhesion	context	Control2	Control	Male	154	2.49005163786628
LODO_Control7	PC	chemokine_adhesion	Chemokine / adhesion	context	Control3	Control	Female	28	2.30628845108699
LODO_Control7	PC	chemokine_adhesion	Chemokine / adhesion	context	Control4	Control	Male	100	2.30628845108698
LODO_Control7	PC	chemokine_adhesion	Chemokine / adhesion	context	Control5	Control	Female	145	2.30628845108699
LODO_Control7	PC	chemokine_adhesion	Chemokine / adhesion	context	Control6	Control	Female	68	2.69955810059148
LODO_Control7	PC	chemokine_adhesion	Chemokine / adhesion	context	UUO1	UUO	Male	39	4.10086125599264
LODO_Control7	PC	chemokine_adhesion	Chemokine / adhesion	context	UUO2	UUO	Male	41	4.12998824102559
LODO_Control7	PC	chemokine_adhesion	Chemokine / adhesion	context	UUO3	UUO	Female	234	3.07080213408585
LODO_Control7	PC	chemokine_adhesion	Chemokine / adhesion	context	UUO5	UUO	Male	479	3.03550992062479
LODO_UUO1	PC	PC_water	PC water / vasopressin	exploratory_transport	Control1	Control	Male	98	5.02614059212273
LODO_UUO1	PC	PC_water	PC water / vasopressin	exploratory_transport	Control2	Control	Male	154	5.45027601486677
LODO_UUO1	PC	PC_water	PC water / vasopressin	exploratory_transport	Control3	Control	Female	28	4.94972717321181
LODO_UUO1	PC	PC_water	PC water / vasopressin	exploratory_transport	Control4	Control	Male	100	5.31882828483745
LODO_UUO1	PC	PC_water	PC water / vasopressin	exploratory_transport	Control5	Control	Female	145	5.49527494557047
LODO_UUO1	PC	PC_water	PC water / vasopressin	exploratory_transport	Control6	Control	Female	68	5.64113249286089
LODO_UUO1	PC	PC_water	PC water / vasopressin	exploratory_transport	Control7	Control	Male	89	5.12726384310137
LODO_UUO1	PC	PC_water	PC water / vasopressin	exploratory_transport	UUO2	UUO	Male	41	3.50210493679726
LODO_UUO1	PC	PC_water	PC water / vasopressin	exploratory_transport	UUO3	UUO	Female	234	4.95143574190043
LODO_UUO1	PC	PC_water	PC water / vasopressin	exploratory_transport	UUO5	UUO	Male	479	5.4790820837994
LODO_UUO1	PC	PC_NaK	PC sodium / potassium	exploratory_transport	Control1	Control	Male	98	8.83517484836326
LODO_UUO1	PC	PC_NaK	PC sodium / potassium	exploratory_transport	Control2	Control	Male	154	8.41267012180992
LODO_UUO1	PC	PC_NaK	PC sodium / potassium	exploratory_transport	Control3	Control	Female	28	7.24854964543549
LODO_UUO1	PC	PC_NaK	PC sodium / potassium	exploratory_transport	Control4	Control	Male	100	8.32160471410119
LODO_UUO1	PC	PC_NaK	PC sodium / potassium	exploratory_transport	Control5	Control	Female	145	8.46147820686105
LODO_UUO1	PC	PC_NaK	PC sodium / potassium	exploratory_transport	Control6	Control	Female	68	8.28574465583061
LODO_UUO1	PC	PC_NaK	PC sodium / potassium	exploratory_transport	Control7	Control	Male	89	7.9000795664555
LODO_UUO1	PC	PC_NaK	PC sodium / potassium	exploratory_transport	UUO2	UUO	Male	41	7.11539870556151
LODO_UUO1	PC	PC_NaK	PC sodium / potassium	exploratory_transport	UUO3	UUO	Female	234	7.97342945824592
LODO_UUO1	PC	PC_NaK	PC sodium / potassium	exploratory_transport	UUO5	UUO	Male	479	8.07877332440493
LODO_UUO1	PC	epithelial_injury	Epithelial injury	context	Control1	Control	Male	98	7.13194218562329
LODO_UUO1	PC	epithelial_injury	Epithelial injury	context	Control2	Control	Male	154	7.01560711275635
LODO_UUO1	PC	epithelial_injury	Epithelial injury	context	Control3	Control	Female	28	8.69979411852689
LODO_UUO1	PC	epithelial_injury	Epithelial injury	context	Control4	Control	Male	100	7.03454354612205
LODO_UUO1	PC	epithelial_injury	Epithelial injury	context	Control5	Control	Female	145	6.89414415960636
LODO_UUO1	PC	epithelial_injury	Epithelial injury	context	Control6	Control	Female	68	6.78271011546614
LODO_UUO1	PC	epithelial_injury	Epithelial injury	context	Control7	Control	Male	89	7.11855846388686
LODO_UUO1	PC	epithelial_injury	Epithelial injury	context	UUO2	UUO	Male	41	9.1887159148156
LODO_UUO1	PC	epithelial_injury	Epithelial injury	context	UUO3	UUO	Female	234	8.87628738003252
LODO_UUO1	PC	epithelial_injury	Epithelial injury	context	UUO5	UUO	Male	479	7.56219463011069
LODO_UUO1	PC	chemokine_adhesion	Chemokine / adhesion	context	Control1	Control	Male	98	2.52488563500526
LODO_UUO1	PC	chemokine_adhesion	Chemokine / adhesion	context	Control2	Control	Male	154	2.45066854097096
LODO_UUO1	PC	chemokine_adhesion	Chemokine / adhesion	context	Control3	Control	Female	28	2.26078937248078
LODO_UUO1	PC	chemokine_adhesion	Chemokine / adhesion	context	Control4	Control	Male	100	2.26078937248078
LODO_UUO1	PC	chemokine_adhesion	Chemokine / adhesion	context	Control5	Control	Female	145	2.26078937248078
LODO_UUO1	PC	chemokine_adhesion	Chemokine / adhesion	context	Control6	Control	Female	68	2.66109629629361
LODO_UUO1	PC	chemokine_adhesion	Chemokine / adhesion	context	Control7	Control	Male	89	2.56940268955593
LODO_UUO1	PC	chemokine_adhesion	Chemokine / adhesion	context	UUO2	UUO	Male	41	4.10768436369592
LODO_UUO1	PC	chemokine_adhesion	Chemokine / adhesion	context	UUO3	UUO	Female	234	3.03912525768917
LODO_UUO1	PC	chemokine_adhesion	Chemokine / adhesion	context	UUO5	UUO	Male	479	3.00728125922085
LODO_UUO2	PC	PC_water	PC water / vasopressin	exploratory_transport	Control1	Control	Male	98	5.03826640993387
LODO_UUO2	PC	PC_water	PC water / vasopressin	exploratory_transport	Control2	Control	Male	154	5.4539494346406
LODO_UUO2	PC	PC_water	PC water / vasopressin	exploratory_transport	Control3	Control	Female	28	4.96220804850752
LODO_UUO2	PC	PC_water	PC water / vasopressin	exploratory_transport	Control4	Control	Male	100	5.32334228180673
LODO_UUO2	PC	PC_water	PC water / vasopressin	exploratory_transport	Control5	Control	Female	145	5.50761289103442
LODO_UUO2	PC	PC_water	PC water / vasopressin	exploratory_transport	Control6	Control	Female	68	5.65561762449672
LODO_UUO2	PC	PC_water	PC water / vasopressin	exploratory_transport	Control7	Control	Male	89	5.1324261569338
LODO_UUO2	PC	PC_water	PC water / vasopressin	exploratory_transport	UUO1	UUO	Male	39	3.87368684090735
LODO_UUO2	PC	PC_water	PC water / vasopressin	exploratory_transport	UUO3	UUO	Female	234	4.96550714481666
LODO_UUO2	PC	PC_water	PC water / vasopressin	exploratory_transport	UUO5	UUO	Male	479	5.48922370814755
LODO_UUO2	PC	PC_NaK	PC sodium / potassium	exploratory_transport	Control1	Control	Male	98	8.83504899425679
LODO_UUO2	PC	PC_NaK	PC sodium / potassium	exploratory_transport	Control2	Control	Male	154	8.40522820944975
LODO_UUO2	PC	PC_NaK	PC sodium / potassium	exploratory_transport	Control3	Control	Female	28	7.25300375121043
LODO_UUO2	PC	PC_NaK	PC sodium / potassium	exploratory_transport	Control4	Control	Male	100	8.31594240641227
LODO_UUO2	PC	PC_NaK	PC sodium / potassium	exploratory_transport	Control5	Control	Female	145	8.46208393731374
LODO_UUO2	PC	PC_NaK	PC sodium / potassium	exploratory_transport	Control6	Control	Female	68	8.29059026295762
LODO_UUO2	PC	PC_NaK	PC sodium / potassium	exploratory_transport	Control7	Control	Male	89	7.893419713506
LODO_UUO2	PC	PC_NaK	PC sodium / potassium	exploratory_transport	UUO1	UUO	Male	39	7.03604639324715
LODO_UUO2	PC	PC_NaK	PC sodium / potassium	exploratory_transport	UUO3	UUO	Female	234	7.97986977020653
LODO_UUO2	PC	PC_NaK	PC sodium / potassium	exploratory_transport	UUO5	UUO	Male	479	8.0822837980118
LODO_UUO2	PC	epithelial_injury	Epithelial injury	context	Control1	Control	Male	98	7.13314934374262
LODO_UUO2	PC	epithelial_injury	Epithelial injury	context	Control2	Control	Male	154	7.01247854847294
LODO_UUO2	PC	epithelial_injury	Epithelial injury	context	Control3	Control	Female	28	8.70064070196627
LODO_UUO2	PC	epithelial_injury	Epithelial injury	context	Control4	Control	Male	100	7.03037137001368
LODO_UUO2	PC	epithelial_injury	Epithelial injury	context	Control5	Control	Female	145	6.89582918189022
LODO_UUO2	PC	epithelial_injury	Epithelial injury	context	Control6	Control	Female	68	6.78887233372492
LODO_UUO2	PC	epithelial_injury	Epithelial injury	context	Control7	Control	Male	89	7.11322868077506
LODO_UUO2	PC	epithelial_injury	Epithelial injury	context	UUO1	UUO	Male	39	8.80123098914703
LODO_UUO2	PC	epithelial_injury	Epithelial injury	context	UUO3	UUO	Female	234	8.8823381821268
LODO_UUO2	PC	epithelial_injury	Epithelial injury	context	UUO5	UUO	Male	479	7.56683786416034
LODO_UUO2	PC	chemokine_adhesion	Chemokine / adhesion	context	Control1	Control	Male	98	2.54567640219786
LODO_UUO2	PC	chemokine_adhesion	Chemokine / adhesion	context	Control2	Control	Male	154	2.47144088034189
LODO_UUO2	PC	chemokine_adhesion	Chemokine / adhesion	context	Control3	Control	Female	28	2.28506097125821
LODO_UUO2	PC	chemokine_adhesion	Chemokine / adhesion	context	Control4	Control	Male	100	2.28506097125821
LODO_UUO2	PC	chemokine_adhesion	Chemokine / adhesion	context	Control5	Control	Female	145	2.28506097125821
LODO_UUO2	PC	chemokine_adhesion	Chemokine / adhesion	context	Control6	Control	Female	68	2.68164744875308
LODO_UUO2	PC	chemokine_adhesion	Chemokine / adhesion	context	Control7	Control	Male	89	2.58868524137231
LODO_UUO2	PC	chemokine_adhesion	Chemokine / adhesion	context	UUO1	UUO	Male	39	4.08679165730773
LODO_UUO2	PC	chemokine_adhesion	Chemokine / adhesion	context	UUO3	UUO	Female	234	3.05679923320004
LODO_UUO2	PC	chemokine_adhesion	Chemokine / adhesion	context	UUO5	UUO	Male	479	3.0232779678976
LODO_UUO3	PC	PC_water	PC water / vasopressin	exploratory_transport	Control1	Control	Male	98	5.18391452258175
LODO_UUO3	PC	PC_water	PC water / vasopressin	exploratory_transport	Control2	Control	Male	154	5.56826951528487
LODO_UUO3	PC	PC_water	PC water / vasopressin	exploratory_transport	Control3	Control	Female	28	5.1133133169067
LODO_UUO3	PC	PC_water	PC water / vasopressin	exploratory_transport	Control4	Control	Male	100	5.4298735074132
LODO_UUO3	PC	PC_water	PC water / vasopressin	exploratory_transport	Control5	Control	Female	145	5.64728309552613
LODO_UUO3	PC	PC_water	PC water / vasopressin	exploratory_transport	Control6	Control	Female	68	5.79887882325022
LODO_UUO3	PC	PC_water	PC water / vasopressin	exploratory_transport	Control7	Control	Male	89	5.25792858585128
LODO_UUO3	PC	PC_water	PC water / vasopressin	exploratory_transport	UUO1	UUO	Male	39	4.05190759958598
LODO_UUO3	PC	PC_water	PC water / vasopressin	exploratory_transport	UUO2	UUO	Male	41	3.70474757925252
LODO_UUO3	PC	PC_water	PC water / vasopressin	exploratory_transport	UUO5	UUO	Male	479	5.5843130962943
LODO_UUO3	PC	PC_NaK	PC sodium / potassium	exploratory_transport	Control1	Control	Male	98	8.84260968452355
LODO_UUO3	PC	PC_NaK	PC sodium / potassium	exploratory_transport	Control2	Control	Male	154	8.42631512565674
LODO_UUO3	PC	PC_NaK	PC sodium / potassium	exploratory_transport	Control3	Control	Female	28	7.3145328655069
LODO_UUO3	PC	PC_NaK	PC sodium / potassium	exploratory_transport	Control4	Control	Male	100	8.3293533742463
LODO_UUO3	PC	PC_NaK	PC sodium / potassium	exploratory_transport	Control5	Control	Female	145	8.46169594507794
LODO_UUO3	PC	PC_NaK	PC sodium / potassium	exploratory_transport	Control6	Control	Female	68	8.29702967945425
LODO_UUO3	PC	PC_NaK	PC sodium / potassium	exploratory_transport	Control7	Control	Male	89	7.91913723976212
LODO_UUO3	PC	PC_NaK	PC sodium / potassium	exploratory_transport	UUO1	UUO	Male	39	7.07293379394622
LODO_UUO3	PC	PC_NaK	PC sodium / potassium	exploratory_transport	UUO2	UUO	Male	41	7.14905551783271
LODO_UUO3	PC	PC_NaK	PC sodium / potassium	exploratory_transport	UUO5	UUO	Male	479	8.08732465021832
LODO_UUO3	PC	epithelial_injury	Epithelial injury	context	Control1	Control	Male	98	7.15700154431798
LODO_UUO3	PC	epithelial_injury	Epithelial injury	context	Control2	Control	Male	154	7.07032153783055
LODO_UUO3	PC	epithelial_injury	Epithelial injury	context	Control3	Control	Female	28	8.72230171710851
LODO_UUO3	PC	epithelial_injury	Epithelial injury	context	Control4	Control	Male	100	7.05837592741337
LODO_UUO3	PC	epithelial_injury	Epithelial injury	context	Control5	Control	Female	145	6.90966669023943
LODO_UUO3	PC	epithelial_injury	Epithelial injury	context	Control6	Control	Female	68	6.81557698906362
LODO_UUO3	PC	epithelial_injury	Epithelial injury	context	Control7	Control	Male	89	7.15097343833324
LODO_UUO3	PC	epithelial_injury	Epithelial injury	context	UUO1	UUO	Male	39	8.82774619590094
LODO_UUO3	PC	epithelial_injury	Epithelial injury	context	UUO2	UUO	Male	41	9.21060822595052
LODO_UUO3	PC	epithelial_injury	Epithelial injury	context	UUO5	UUO	Male	479	7.58810237109909
LODO_UUO3	PC	chemokine_adhesion	Chemokine / adhesion	context	Control1	Control	Male	98	2.79116355643033
LODO_UUO3	PC	chemokine_adhesion	Chemokine / adhesion	context	Control2	Control	Male	154	2.72692047401358
LODO_UUO3	PC	chemokine_adhesion	Chemokine / adhesion	context	Control3	Control	Female	28	2.56745735315827
LODO_UUO3	PC	chemokine_adhesion	Chemokine / adhesion	context	Control4	Control	Male	100	2.56745735315827
LODO_UUO3	PC	chemokine_adhesion	Chemokine / adhesion	context	Control5	Control	Female	145	2.56745735315827
LODO_UUO3	PC	chemokine_adhesion	Chemokine / adhesion	context	Control6	Control	Female	68	2.91351490277924
LODO_UUO3	PC	chemokine_adhesion	Chemokine / adhesion	context	Control7	Control	Male	89	2.83180571848399
LODO_UUO3	PC	chemokine_adhesion	Chemokine / adhesion	context	UUO1	UUO	Male	39	4.23342520154613
LODO_UUO3	PC	chemokine_adhesion	Chemokine / adhesion	context	UUO2	UUO	Male	41	4.21728841716727
LODO_UUO3	PC	chemokine_adhesion	Chemokine / adhesion	context	UUO5	UUO	Male	479	3.20145648508957
LODO_UUO5	PC	PC_water	PC water / vasopressin	exploratory_transport	Control1	Control	Male	98	5.31674638163482
LODO_UUO5	PC	PC_water	PC water / vasopressin	exploratory_transport	Control2	Control	Male	154	5.66669643739341
LODO_UUO5	PC	PC_water	PC water / vasopressin	exploratory_transport	Control3	Control	Female	28	5.23925690796418
LODO_UUO5	PC	PC_water	PC water / vasopressin	exploratory_transport	Control4	Control	Male	100	5.52919005003102
LODO_UUO5	PC	PC_water	PC water / vasopressin	exploratory_transport	Control5	Control	Female	145	5.78289791368298
LODO_UUO5	PC	PC_water	PC water / vasopressin	exploratory_transport	Control6	Control	Female	68	5.92859269309552
LODO_UUO5	PC	PC_water	PC water / vasopressin	exploratory_transport	Control7	Control	Male	89	5.36195967069139
LODO_UUO5	PC	PC_water	PC water / vasopressin	exploratory_transport	UUO1	UUO	Male	39	4.20126468540495
LODO_UUO5	PC	PC_water	PC water / vasopressin	exploratory_transport	UUO2	UUO	Male	41	3.86603288816514
LODO_UUO5	PC	PC_water	PC water / vasopressin	exploratory_transport	UUO3	UUO	Female	234	5.21118042163556
LODO_UUO5	PC	PC_NaK	PC sodium / potassium	exploratory_transport	Control1	Control	Male	98	8.85184618406911
LODO_UUO5	PC	PC_NaK	PC sodium / potassium	exploratory_transport	Control2	Control	Male	154	8.43360728149898
LODO_UUO5	PC	PC_NaK	PC sodium / potassium	exploratory_transport	Control3	Control	Female	28	7.35204764925493
LODO_UUO5	PC	PC_NaK	PC sodium / potassium	exploratory_transport	Control4	Control	Male	100	8.34217429542648
LODO_UUO5	PC	PC_NaK	PC sodium / potassium	exploratory_transport	Control5	Control	Female	145	8.48060098474575
LODO_UUO5	PC	PC_NaK	PC sodium / potassium	exploratory_transport	Control6	Control	Female	68	8.3039793063761
LODO_UUO5	PC	PC_NaK	PC sodium / potassium	exploratory_transport	Control7	Control	Male	89	7.92242985660662
LODO_UUO5	PC	PC_NaK	PC sodium / potassium	exploratory_transport	UUO1	UUO	Male	39	7.07360567468232
LODO_UUO5	PC	PC_NaK	PC sodium / potassium	exploratory_transport	UUO2	UUO	Male	41	7.14958547528423
LODO_UUO5	PC	PC_NaK	PC sodium / potassium	exploratory_transport	UUO3	UUO	Female	234	7.99661157394659
LODO_UUO5	PC	epithelial_injury	Epithelial injury	context	Control1	Control	Male	98	7.18293160283223
LODO_UUO5	PC	epithelial_injury	Epithelial injury	context	Control2	Control	Male	154	7.1143777737343
LODO_UUO5	PC	epithelial_injury	Epithelial injury	context	Control3	Control	Female	28	8.72121466289778
LODO_UUO5	PC	epithelial_injury	Epithelial injury	context	Control4	Control	Male	100	7.08634247549922
LODO_UUO5	PC	epithelial_injury	Epithelial injury	context	Control5	Control	Female	145	6.94252811324135
LODO_UUO5	PC	epithelial_injury	Epithelial injury	context	Control6	Control	Female	68	6.84341094159758
LODO_UUO5	PC	epithelial_injury	Epithelial injury	context	Control7	Control	Male	89	7.16792890276735
LODO_UUO5	PC	epithelial_injury	Epithelial injury	context	UUO1	UUO	Male	39	8.81570271912472
LODO_UUO5	PC	epithelial_injury	Epithelial injury	context	UUO2	UUO	Male	41	9.1980238973387
LODO_UUO5	PC	epithelial_injury	Epithelial injury	context	UUO3	UUO	Female	234	8.88546803268014
LODO_UUO5	PC	chemokine_adhesion	Chemokine / adhesion	context	Control1	Control	Male	98	3.01661568326067
LODO_UUO5	PC	chemokine_adhesion	Chemokine / adhesion	context	Control2	Control	Male	154	2.95937653345124
LODO_UUO5	PC	chemokine_adhesion	Chemokine / adhesion	context	Control3	Control	Female	28	2.8224226459133
LODO_UUO5	PC	chemokine_adhesion	Chemokine / adhesion	context	Control4	Control	Male	100	2.8224226459133
LODO_UUO5	PC	chemokine_adhesion	Chemokine / adhesion	context	Control5	Control	Female	145	2.8224226459133
LODO_UUO5	PC	chemokine_adhesion	Chemokine / adhesion	context	Control6	Control	Female	68	3.12680670455199
LODO_UUO5	PC	chemokine_adhesion	Chemokine / adhesion	context	Control7	Control	Male	89	3.05189833406148
LODO_UUO5	PC	chemokine_adhesion	Chemokine / adhesion	context	UUO1	UUO	Male	39	4.35144387249997
LODO_UUO5	PC	chemokine_adhesion	Chemokine / adhesion	context	UUO2	UUO	Male	41	4.29764097023408
LODO_UUO5	PC	chemokine_adhesion	Chemokine / adhesion	context	UUO3	UUO	Female	234	3.41781982507953
sex_adjusted	PC	PC_water	PC water / vasopressin	exploratory_transport	Control1	Control	Male	98	5.07879886212533
sex_adjusted	PC	PC_water	PC water / vasopressin	exploratory_transport	Control2	Control	Male	154	5.48150031190291
sex_adjusted	PC	PC_water	PC water / vasopressin	exploratory_transport	Control3	Control	Female	28	5.02057591423866
sex_adjusted	PC	PC_water	PC water / vasopressin	exploratory_transport	Control4	Control	Male	100	5.35779275270322
sex_adjusted	PC	PC_water	PC water / vasopressin	exploratory_transport	Control5	Control	Female	145	5.546363407798
sex_adjusted	PC	PC_water	PC water / vasopressin	exploratory_transport	Control6	Control	Female	68	5.69640178139342
sex_adjusted	PC	PC_water	PC water / vasopressin	exploratory_transport	Control7	Control	Male	89	5.17071830637289
sex_adjusted	PC	PC_water	PC water / vasopressin	exploratory_transport	UUO1	UUO	Male	39	3.91580364019155
sex_adjusted	PC	PC_water	PC water / vasopressin	exploratory_transport	UUO2	UUO	Male	41	3.56367333656498
sex_adjusted	PC	PC_water	PC water / vasopressin	exploratory_transport	UUO3	UUO	Female	234	4.99655026130837
sex_adjusted	PC	PC_water	PC water / vasopressin	exploratory_transport	UUO5	UUO	Male	479	5.50660157023629
sex_adjusted	PC	PC_NaK	PC sodium / potassium	exploratory_transport	Control1	Control	Male	98	8.84095178602661
sex_adjusted	PC	PC_NaK	PC sodium / potassium	exploratory_transport	Control2	Control	Male	154	8.40700280206347
sex_adjusted	PC	PC_NaK	PC sodium / potassium	exploratory_transport	Control3	Control	Female	28	7.30014505599637
sex_adjusted	PC	PC_NaK	PC sodium / potassium	exploratory_transport	Control4	Control	Male	100	8.32940921025202
sex_adjusted	PC	PC_NaK	PC sodium / potassium	exploratory_transport	Control5	Control	Female	145	8.4653617724059
sex_adjusted	PC	PC_NaK	PC sodium / potassium	exploratory_transport	Control6	Control	Female	68	8.2978334915218
sex_adjusted	PC	PC_NaK	PC sodium / potassium	exploratory_transport	Control7	Control	Male	89	7.90889602323365
sex_adjusted	PC	PC_NaK	PC sodium / potassium	exploratory_transport	UUO1	UUO	Male	39	7.03428586717621
sex_adjusted	PC	PC_NaK	PC sodium / potassium	exploratory_transport	UUO2	UUO	Male	41	7.11703299477273
sex_adjusted	PC	PC_NaK	PC sodium / potassium	exploratory_transport	UUO3	UUO	Female	234	7.97785483532435
sex_adjusted	PC	PC_NaK	PC sodium / potassium	exploratory_transport	UUO5	UUO	Male	479	8.07246167520133
sex_adjusted	PC	epithelial_injury	Epithelial injury	context	Control1	Control	Male	98	7.14291641510174
sex_adjusted	PC	epithelial_injury	Epithelial injury	context	Control2	Control	Male	154	7.02431546009318
sex_adjusted	PC	epithelial_injury	Epithelial injury	context	Control3	Control	Female	28	8.74274573278568
sex_adjusted	PC	epithelial_injury	Epithelial injury	context	Control4	Control	Male	100	7.04697521405437
sex_adjusted	PC	epithelial_injury	Epithelial injury	context	Control5	Control	Female	145	6.90247153654165
sex_adjusted	PC	epithelial_injury	Epithelial injury	context	Control6	Control	Female	68	6.80080744489069
sex_adjusted	PC	epithelial_injury	Epithelial injury	context	Control7	Control	Male	89	7.13132776717281
sex_adjusted	PC	epithelial_injury	Epithelial injury	context	UUO1	UUO	Male	39	8.79641640631395
sex_adjusted	PC	epithelial_injury	Epithelial injury	context	UUO2	UUO	Male	41	9.18639779137536
sex_adjusted	PC	epithelial_injury	Epithelial injury	context	UUO3	UUO	Female	234	8.87859115688221
sex_adjusted	PC	epithelial_injury	Epithelial injury	context	UUO5	UUO	Male	479	7.56175178299305
sex_adjusted	PC	chemokine_adhesion	Chemokine / adhesion	context	Control1	Control	Male	98	2.61087297762402
sex_adjusted	PC	chemokine_adhesion	Chemokine / adhesion	context	Control2	Control	Male	154	2.53842424103969
sex_adjusted	PC	chemokine_adhesion	Chemokine / adhesion	context	Control3	Control	Female	28	2.3599130128636
sex_adjusted	PC	chemokine_adhesion	Chemokine / adhesion	context	Control4	Control	Male	100	2.3599130128636
sex_adjusted	PC	chemokine_adhesion	Chemokine / adhesion	context	Control5	Control	Female	145	2.3599130128636
sex_adjusted	PC	chemokine_adhesion	Chemokine / adhesion	context	Control6	Control	Female	68	2.74371778712273
sex_adjusted	PC	chemokine_adhesion	Chemokine / adhesion	context	Control7	Control	Male	89	2.65411511021591
sex_adjusted	PC	chemokine_adhesion	Chemokine / adhesion	context	UUO1	UUO	Male	39	4.11891928906211
sex_adjusted	PC	chemokine_adhesion	Chemokine / adhesion	context	UUO2	UUO	Male	41	4.13532906355819
sex_adjusted	PC	chemokine_adhesion	Chemokine / adhesion	context	UUO3	UUO	Female	234	3.10364201429079
sex_adjusted	PC	chemokine_adhesion	Chemokine / adhesion	context	UUO5	UUO	Male	479	3.06507068410377
sex_ageband_adjusted	PC	PC_water	PC water / vasopressin	exploratory_transport	Control1	Control	Male	98	5.07879886212533
sex_ageband_adjusted	PC	PC_water	PC water / vasopressin	exploratory_transport	Control2	Control	Male	154	5.48150031190291
sex_ageband_adjusted	PC	PC_water	PC water / vasopressin	exploratory_transport	Control3	Control	Female	28	5.02057591423866
sex_ageband_adjusted	PC	PC_water	PC water / vasopressin	exploratory_transport	Control4	Control	Male	100	5.35779275270322
sex_ageband_adjusted	PC	PC_water	PC water / vasopressin	exploratory_transport	Control5	Control	Female	145	5.546363407798
sex_ageband_adjusted	PC	PC_water	PC water / vasopressin	exploratory_transport	Control6	Control	Female	68	5.69640178139342
sex_ageband_adjusted	PC	PC_water	PC water / vasopressin	exploratory_transport	Control7	Control	Male	89	5.17071830637289
sex_ageband_adjusted	PC	PC_water	PC water / vasopressin	exploratory_transport	UUO1	UUO	Male	39	3.91580364019155
sex_ageband_adjusted	PC	PC_water	PC water / vasopressin	exploratory_transport	UUO2	UUO	Male	41	3.56367333656498
sex_ageband_adjusted	PC	PC_water	PC water / vasopressin	exploratory_transport	UUO3	UUO	Female	234	4.99655026130837
sex_ageband_adjusted	PC	PC_water	PC water / vasopressin	exploratory_transport	UUO5	UUO	Male	479	5.50660157023629
sex_ageband_adjusted	PC	PC_NaK	PC sodium / potassium	exploratory_transport	Control1	Control	Male	98	8.84095178602661
sex_ageband_adjusted	PC	PC_NaK	PC sodium / potassium	exploratory_transport	Control2	Control	Male	154	8.40700280206347
sex_ageband_adjusted	PC	PC_NaK	PC sodium / potassium	exploratory_transport	Control3	Control	Female	28	7.30014505599637
sex_ageband_adjusted	PC	PC_NaK	PC sodium / potassium	exploratory_transport	Control4	Control	Male	100	8.32940921025202
sex_ageband_adjusted	PC	PC_NaK	PC sodium / potassium	exploratory_transport	Control5	Control	Female	145	8.4653617724059
sex_ageband_adjusted	PC	PC_NaK	PC sodium / potassium	exploratory_transport	Control6	Control	Female	68	8.2978334915218
sex_ageband_adjusted	PC	PC_NaK	PC sodium / potassium	exploratory_transport	Control7	Control	Male	89	7.90889602323365
sex_ageband_adjusted	PC	PC_NaK	PC sodium / potassium	exploratory_transport	UUO1	UUO	Male	39	7.03428586717621
sex_ageband_adjusted	PC	PC_NaK	PC sodium / potassium	exploratory_transport	UUO2	UUO	Male	41	7.11703299477273
sex_ageband_adjusted	PC	PC_NaK	PC sodium / potassium	exploratory_transport	UUO3	UUO	Female	234	7.97785483532435
sex_ageband_adjusted	PC	PC_NaK	PC sodium / potassium	exploratory_transport	UUO5	UUO	Male	479	8.07246167520133
sex_ageband_adjusted	PC	epithelial_injury	Epithelial injury	context	Control1	Control	Male	98	7.14291641510174
sex_ageband_adjusted	PC	epithelial_injury	Epithelial injury	context	Control2	Control	Male	154	7.02431546009318
sex_ageband_adjusted	PC	epithelial_injury	Epithelial injury	context	Control3	Control	Female	28	8.74274573278568
sex_ageband_adjusted	PC	epithelial_injury	Epithelial injury	context	Control4	Control	Male	100	7.04697521405437
sex_ageband_adjusted	PC	epithelial_injury	Epithelial injury	context	Control5	Control	Female	145	6.90247153654165
sex_ageband_adjusted	PC	epithelial_injury	Epithelial injury	context	Control6	Control	Female	68	6.80080744489069
sex_ageband_adjusted	PC	epithelial_injury	Epithelial injury	context	Control7	Control	Male	89	7.13132776717281
sex_ageband_adjusted	PC	epithelial_injury	Epithelial injury	context	UUO1	UUO	Male	39	8.79641640631395
sex_ageband_adjusted	PC	epithelial_injury	Epithelial injury	context	UUO2	UUO	Male	41	9.18639779137536
sex_ageband_adjusted	PC	epithelial_injury	Epithelial injury	context	UUO3	UUO	Female	234	8.87859115688221
sex_ageband_adjusted	PC	epithelial_injury	Epithelial injury	context	UUO5	UUO	Male	479	7.56175178299305
sex_ageband_adjusted	PC	chemokine_adhesion	Chemokine / adhesion	context	Control1	Control	Male	98	2.61087297762402
sex_ageband_adjusted	PC	chemokine_adhesion	Chemokine / adhesion	context	Control2	Control	Male	154	2.53842424103969
sex_ageband_adjusted	PC	chemokine_adhesion	Chemokine / adhesion	context	Control3	Control	Female	28	2.3599130128636
sex_ageband_adjusted	PC	chemokine_adhesion	Chemokine / adhesion	context	Control4	Control	Male	100	2.3599130128636
sex_ageband_adjusted	PC	chemokine_adhesion	Chemokine / adhesion	context	Control5	Control	Female	145	2.3599130128636
sex_ageband_adjusted	PC	chemokine_adhesion	Chemokine / adhesion	context	Control6	Control	Female	68	2.74371778712273
sex_ageband_adjusted	PC	chemokine_adhesion	Chemokine / adhesion	context	Control7	Control	Male	89	2.65411511021591
sex_ageband_adjusted	PC	chemokine_adhesion	Chemokine / adhesion	context	UUO1	UUO	Male	39	4.11891928906211
sex_ageband_adjusted	PC	chemokine_adhesion	Chemokine / adhesion	context	UUO2	UUO	Male	41	4.13532906355819
sex_ageband_adjusted	PC	chemokine_adhesion	Chemokine / adhesion	context	UUO3	UUO	Female	234	3.10364201429079
sex_ageband_adjusted	PC	chemokine_adhesion	Chemokine / adhesion	context	UUO5	UUO	Male	479	3.06507068410377
main	IC-A	ICA_acid	IC-A acid secretion	exploratory_transport	Control1	Control	Male	41	8.32943414583478
main	IC-A	ICA_acid	IC-A acid secretion	exploratory_transport	Control2	Control	Male	127	8.51447565931856
main	IC-A	ICA_acid	IC-A acid secretion	exploratory_transport	Control4	Control	Male	76	8.10924097055628
main	IC-A	ICA_acid	IC-A acid secretion	exploratory_transport	Control5	Control	Female	82	7.97150152055454
main	IC-A	ICA_acid	IC-A acid secretion	exploratory_transport	Control6	Control	Female	77	7.89219633275435
main	IC-A	ICA_acid	IC-A acid secretion	exploratory_transport	Control7	Control	Male	120	8.04274592792617
main	IC-A	ICA_acid	IC-A acid secretion	exploratory_transport	UUO1	UUO	Male	186	7.60897479004846
main	IC-A	ICA_acid	IC-A acid secretion	exploratory_transport	UUO2	UUO	Male	135	7.43240668243694
main	IC-A	ICA_acid	IC-A acid secretion	exploratory_transport	UUO3	UUO	Female	43	8.35051645232481
main	IC-A	ICA_acid	IC-A acid secretion	exploratory_transport	UUO4	UUO	Male	49	7.50751948169883
main	IC-A	ICA_acid	IC-A acid secretion	exploratory_transport	UUO5	UUO	Male	163	8.27891453132315
main	IC-A	epithelial_injury	Epithelial injury	context	Control1	Control	Male	41	5.40445916748582
main	IC-A	epithelial_injury	Epithelial injury	context	Control2	Control	Male	127	4.93589180567605
main	IC-A	epithelial_injury	Epithelial injury	context	Control4	Control	Male	76	5.13176213342541
main	IC-A	epithelial_injury	Epithelial injury	context	Control5	Control	Female	82	5.19736209633363
main	IC-A	epithelial_injury	Epithelial injury	context	Control6	Control	Female	77	4.5894029204136
main	IC-A	epithelial_injury	Epithelial injury	context	Control7	Control	Male	120	4.94863231273104
main	IC-A	epithelial_injury	Epithelial injury	context	UUO1	UUO	Male	186	6.63094404301921
main	IC-A	epithelial_injury	Epithelial injury	context	UUO2	UUO	Male	135	7.49266475844154
main	IC-A	epithelial_injury	Epithelial injury	context	UUO3	UUO	Female	43	6.9227239213692
main	IC-A	epithelial_injury	Epithelial injury	context	UUO4	UUO	Male	49	5.9579193919895
main	IC-A	epithelial_injury	Epithelial injury	context	UUO5	UUO	Male	163	4.49540928033196
main	IC-A	chemokine_adhesion	Chemokine / adhesion	context	Control1	Control	Male	41	3.39236536823647
main	IC-A	chemokine_adhesion	Chemokine / adhesion	context	Control2	Control	Male	127	3.16405453617396
main	IC-A	chemokine_adhesion	Chemokine / adhesion	context	Control4	Control	Male	76	2.91165650334744
main	IC-A	chemokine_adhesion	Chemokine / adhesion	context	Control5	Control	Female	82	3.08378286857582
main	IC-A	chemokine_adhesion	Chemokine / adhesion	context	Control6	Control	Female	77	2.87815331792739
main	IC-A	chemokine_adhesion	Chemokine / adhesion	context	Control7	Control	Male	120	2.91138209726912
main	IC-A	chemokine_adhesion	Chemokine / adhesion	context	UUO1	UUO	Male	186	3.01441863733546
main	IC-A	chemokine_adhesion	Chemokine / adhesion	context	UUO2	UUO	Male	135	3.18123402926797
main	IC-A	chemokine_adhesion	Chemokine / adhesion	context	UUO3	UUO	Female	43	2.44951797429636
main	IC-A	chemokine_adhesion	Chemokine / adhesion	context	UUO4	UUO	Male	49	3.03526186627041
main	IC-A	chemokine_adhesion	Chemokine / adhesion	context	UUO5	UUO	Male	163	2.66477421166804
min10	IC-A	ICA_acid	IC-A acid secretion	exploratory_transport	Control1	Control	Male	41	8.32943414583478
min10	IC-A	ICA_acid	IC-A acid secretion	exploratory_transport	Control2	Control	Male	127	8.51447565931856
min10	IC-A	ICA_acid	IC-A acid secretion	exploratory_transport	Control4	Control	Male	76	8.10924097055628
min10	IC-A	ICA_acid	IC-A acid secretion	exploratory_transport	Control5	Control	Female	82	7.97150152055454
min10	IC-A	ICA_acid	IC-A acid secretion	exploratory_transport	Control6	Control	Female	77	7.89219633275435
min10	IC-A	ICA_acid	IC-A acid secretion	exploratory_transport	Control7	Control	Male	120	8.04274592792617
min10	IC-A	ICA_acid	IC-A acid secretion	exploratory_transport	UUO1	UUO	Male	186	7.60897479004846
min10	IC-A	ICA_acid	IC-A acid secretion	exploratory_transport	UUO2	UUO	Male	135	7.43240668243694
min10	IC-A	ICA_acid	IC-A acid secretion	exploratory_transport	UUO3	UUO	Female	43	8.35051645232481
min10	IC-A	ICA_acid	IC-A acid secretion	exploratory_transport	UUO4	UUO	Male	49	7.50751948169883
min10	IC-A	ICA_acid	IC-A acid secretion	exploratory_transport	UUO5	UUO	Male	163	8.27891453132315
min10	IC-A	epithelial_injury	Epithelial injury	context	Control1	Control	Male	41	5.40445916748582
min10	IC-A	epithelial_injury	Epithelial injury	context	Control2	Control	Male	127	4.93589180567605
min10	IC-A	epithelial_injury	Epithelial injury	context	Control4	Control	Male	76	5.13176213342541
min10	IC-A	epithelial_injury	Epithelial injury	context	Control5	Control	Female	82	5.19736209633363
min10	IC-A	epithelial_injury	Epithelial injury	context	Control6	Control	Female	77	4.5894029204136
min10	IC-A	epithelial_injury	Epithelial injury	context	Control7	Control	Male	120	4.94863231273104
min10	IC-A	epithelial_injury	Epithelial injury	context	UUO1	UUO	Male	186	6.63094404301921
min10	IC-A	epithelial_injury	Epithelial injury	context	UUO2	UUO	Male	135	7.49266475844154
min10	IC-A	epithelial_injury	Epithelial injury	context	UUO3	UUO	Female	43	6.9227239213692
min10	IC-A	epithelial_injury	Epithelial injury	context	UUO4	UUO	Male	49	5.9579193919895
min10	IC-A	epithelial_injury	Epithelial injury	context	UUO5	UUO	Male	163	4.49540928033196
min10	IC-A	chemokine_adhesion	Chemokine / adhesion	context	Control1	Control	Male	41	3.39236536823647
min10	IC-A	chemokine_adhesion	Chemokine / adhesion	context	Control2	Control	Male	127	3.16405453617396
min10	IC-A	chemokine_adhesion	Chemokine / adhesion	context	Control4	Control	Male	76	2.91165650334744
min10	IC-A	chemokine_adhesion	Chemokine / adhesion	context	Control5	Control	Female	82	3.08378286857582
min10	IC-A	chemokine_adhesion	Chemokine / adhesion	context	Control6	Control	Female	77	2.87815331792739
min10	IC-A	chemokine_adhesion	Chemokine / adhesion	context	Control7	Control	Male	120	2.91138209726912
min10	IC-A	chemokine_adhesion	Chemokine / adhesion	context	UUO1	UUO	Male	186	3.01441863733546
min10	IC-A	chemokine_adhesion	Chemokine / adhesion	context	UUO2	UUO	Male	135	3.18123402926797
min10	IC-A	chemokine_adhesion	Chemokine / adhesion	context	UUO3	UUO	Female	43	2.44951797429636
min10	IC-A	chemokine_adhesion	Chemokine / adhesion	context	UUO4	UUO	Male	49	3.03526186627041
min10	IC-A	chemokine_adhesion	Chemokine / adhesion	context	UUO5	UUO	Male	163	2.66477421166804
min50	IC-A	ICA_acid	IC-A acid secretion	exploratory_transport	Control2	Control	Male	127	8.51512565754136
min50	IC-A	ICA_acid	IC-A acid secretion	exploratory_transport	Control4	Control	Male	76	8.09373420731981
min50	IC-A	ICA_acid	IC-A acid secretion	exploratory_transport	Control5	Control	Female	82	7.967213120132
min50	IC-A	ICA_acid	IC-A acid secretion	exploratory_transport	Control6	Control	Female	77	7.86229396440048
min50	IC-A	ICA_acid	IC-A acid secretion	exploratory_transport	Control7	Control	Male	120	8.03720193073647
min50	IC-A	ICA_acid	IC-A acid secretion	exploratory_transport	UUO1	UUO	Male	186	7.61037411510418
min50	IC-A	ICA_acid	IC-A acid secretion	exploratory_transport	UUO2	UUO	Male	135	7.4597586445369
min50	IC-A	ICA_acid	IC-A acid secretion	exploratory_transport	UUO5	UUO	Male	163	8.27733959681747
min50	IC-A	epithelial_injury	Epithelial injury	context	Control2	Control	Male	127	4.87810502868595
min50	IC-A	epithelial_injury	Epithelial injury	context	Control4	Control	Male	76	5.08281240543743
min50	IC-A	epithelial_injury	Epithelial injury	context	Control5	Control	Female	82	5.12882557204849
min50	IC-A	epithelial_injury	Epithelial injury	context	Control6	Control	Female	77	4.48907941527982
min50	IC-A	epithelial_injury	Epithelial injury	context	Control7	Control	Male	120	4.89516805674057
min50	IC-A	epithelial_injury	Epithelial injury	context	UUO1	UUO	Male	186	6.62629894875404
min50	IC-A	epithelial_injury	Epithelial injury	context	UUO2	UUO	Male	135	7.51971323561175
min50	IC-A	epithelial_injury	Epithelial injury	context	UUO5	UUO	Male	163	4.4109979190768
min50	IC-A	chemokine_adhesion	Chemokine / adhesion	context	Control2	Control	Male	127	3.02680761434301
min50	IC-A	chemokine_adhesion	Chemokine / adhesion	context	Control4	Control	Male	76	2.72800356304003
min50	IC-A	chemokine_adhesion	Chemokine / adhesion	context	Control5	Control	Female	82	2.91169470138621
min50	IC-A	chemokine_adhesion	Chemokine / adhesion	context	Control6	Control	Female	77	2.68961857077625
min50	IC-A	chemokine_adhesion	Chemokine / adhesion	context	Control7	Control	Male	120	2.7303367587446
min50	IC-A	chemokine_adhesion	Chemokine / adhesion	context	UUO1	UUO	Male	186	2.85341697448531
min50	IC-A	chemokine_adhesion	Chemokine / adhesion	context	UUO2	UUO	Male	135	3.04520199409712
min50	IC-A	chemokine_adhesion	Chemokine / adhesion	context	UUO5	UUO	Male	163	2.46457223688613
LODO_Control1	IC-A	ICA_acid	IC-A acid secretion	exploratory_transport	Control2	Control	Male	127	8.51288529342766
LODO_Control1	IC-A	ICA_acid	IC-A acid secretion	exploratory_transport	Control4	Control	Male	76	8.11133341290764
LODO_Control1	IC-A	ICA_acid	IC-A acid secretion	exploratory_transport	Control5	Control	Female	82	7.97009559404135
LODO_Control1	IC-A	ICA_acid	IC-A acid secretion	exploratory_transport	Control6	Control	Female	77	7.88787946346103
LODO_Control1	IC-A	ICA_acid	IC-A acid secretion	exploratory_transport	Control7	Control	Male	120	8.0420117985971
LODO_Control1	IC-A	ICA_acid	IC-A acid secretion	exploratory_transport	UUO1	UUO	Male	186	7.60479746346243
LODO_Control1	IC-A	ICA_acid	IC-A acid secretion	exploratory_transport	UUO2	UUO	Male	135	7.43112021598873
LODO_Control1	IC-A	ICA_acid	IC-A acid secretion	exploratory_transport	UUO3	UUO	Female	43	8.3456791315031
LODO_Control1	IC-A	ICA_acid	IC-A acid secretion	exploratory_transport	UUO4	UUO	Male	49	7.50167881695806
LODO_Control1	IC-A	ICA_acid	IC-A acid secretion	exploratory_transport	UUO5	UUO	Male	163	8.275337597386
LODO_Control1	IC-A	epithelial_injury	Epithelial injury	context	Control2	Control	Male	127	4.91608208225264
LODO_Control1	IC-A	epithelial_injury	Epithelial injury	context	Control4	Control	Male	76	5.12194946471269
LODO_Control1	IC-A	epithelial_injury	Epithelial injury	context	Control5	Control	Female	82	5.17575487957968
LODO_Control1	IC-A	epithelial_injury	Epithelial injury	context	Control6	Control	Female	77	4.56117123573883
LODO_Control1	IC-A	epithelial_injury	Epithelial injury	context	Control7	Control	Male	120	4.93232441220388
LODO_Control1	IC-A	epithelial_injury	Epithelial injury	context	UUO1	UUO	Male	186	6.62491033337391
LODO_Control1	IC-A	epithelial_injury	Epithelial injury	context	UUO2	UUO	Male	135	7.49129052209256
LODO_Control1	IC-A	epithelial_injury	Epithelial injury	context	UUO3	UUO	Female	43	6.91537220431955
LODO_Control1	IC-A	epithelial_injury	Epithelial injury	context	UUO4	UUO	Male	49	5.9442424438136
LODO_Control1	IC-A	epithelial_injury	Epithelial injury	context	UUO5	UUO	Male	163	4.46680445391967
LODO_Control1	IC-A	chemokine_adhesion	Chemokine / adhesion	context	Control2	Control	Male	127	3.11979087535087
LODO_Control1	IC-A	chemokine_adhesion	Chemokine / adhesion	context	Control4	Control	Male	76	2.85579538323076
LODO_Control1	IC-A	chemokine_adhesion	Chemokine / adhesion	context	Control5	Control	Female	82	3.03004395796665
LODO_Control1	IC-A	chemokine_adhesion	Chemokine / adhesion	context	Control6	Control	Female	77	2.82034069219347
LODO_Control1	IC-A	chemokine_adhesion	Chemokine / adhesion	context	Control7	Control	Male	120	2.85503268084558
LODO_Control1	IC-A	chemokine_adhesion	Chemokine / adhesion	context	UUO1	UUO	Male	186	2.96245074099447
LODO_Control1	IC-A	chemokine_adhesion	Chemokine / adhesion	context	UUO2	UUO	Male	135	3.13468292102675
LODO_Control1	IC-A	chemokine_adhesion	Chemokine / adhesion	context	UUO3	UUO	Female	43	2.37790130089455
LODO_Control1	IC-A	chemokine_adhesion	Chemokine / adhesion	context	UUO4	UUO	Male	49	2.97987496818095
LODO_Control1	IC-A	chemokine_adhesion	Chemokine / adhesion	context	UUO5	UUO	Male	163	2.60182794743822
LODO_Control2	IC-A	ICA_acid	IC-A acid secretion	exploratory_transport	Control1	Control	Male	41	8.32453589305111
LODO_Control2	IC-A	ICA_acid	IC-A acid secretion	exploratory_transport	Control4	Control	Male	76	8.10998625727561
LODO_Control2	IC-A	ICA_acid	IC-A acid secretion	exploratory_transport	Control5	Control	Female	82	7.97035667314771
LODO_Control2	IC-A	ICA_acid	IC-A acid secretion	exploratory_transport	Control6	Control	Female	77	7.89411283818013
LODO_Control2	IC-A	ICA_acid	IC-A acid secretion	exploratory_transport	Control7	Control	Male	120	8.04356989941902
LODO_Control2	IC-A	ICA_acid	IC-A acid secretion	exploratory_transport	UUO1	UUO	Male	186	7.61069120669048
LODO_Control2	IC-A	ICA_acid	IC-A acid secretion	exploratory_transport	UUO2	UUO	Male	135	7.43199397164695
LODO_Control2	IC-A	ICA_acid	IC-A acid secretion	exploratory_transport	UUO3	UUO	Female	43	8.35406869893769
LODO_Control2	IC-A	ICA_acid	IC-A acid secretion	exploratory_transport	UUO4	UUO	Male	49	7.51149907648251
LODO_Control2	IC-A	ICA_acid	IC-A acid secretion	exploratory_transport	UUO5	UUO	Male	163	8.28337157494968
LODO_Control2	IC-A	epithelial_injury	Epithelial injury	context	Control1	Control	Male	41	5.40523118407788
LODO_Control2	IC-A	epithelial_injury	Epithelial injury	context	Control4	Control	Male	76	5.13781621626828
LODO_Control2	IC-A	epithelial_injury	Epithelial injury	context	Control5	Control	Female	82	5.20604277413901
LODO_Control2	IC-A	epithelial_injury	Epithelial injury	context	Control6	Control	Female	77	4.6023579167148
LODO_Control2	IC-A	epithelial_injury	Epithelial injury	context	Control7	Control	Male	120	4.95660610901395
LODO_Control2	IC-A	epithelial_injury	Epithelial injury	context	UUO1	UUO	Male	186	6.63354219956713
LODO_Control2	IC-A	epithelial_injury	Epithelial injury	context	UUO2	UUO	Male	135	7.49229474924307
LODO_Control2	IC-A	epithelial_injury	Epithelial injury	context	UUO3	UUO	Female	43	6.92740830232835
LODO_Control2	IC-A	epithelial_injury	Epithelial injury	context	UUO4	UUO	Male	49	5.96538217416704
LODO_Control2	IC-A	epithelial_injury	Epithelial injury	context	UUO5	UUO	Male	163	4.510361344462
LODO_Control2	IC-A	chemokine_adhesion	Chemokine / adhesion	context	Control1	Control	Male	41	3.41405147505403
LODO_Control2	IC-A	chemokine_adhesion	Chemokine / adhesion	context	Control4	Control	Male	76	2.93762844688263
LODO_Control2	IC-A	chemokine_adhesion	Chemokine / adhesion	context	Control5	Control	Female	82	3.10795099713301
LODO_Control2	IC-A	chemokine_adhesion	Chemokine / adhesion	context	Control6	Control	Female	77	2.90463451274552
LODO_Control2	IC-A	chemokine_adhesion	Chemokine / adhesion	context	Control7	Control	Male	120	2.93731595875675
LODO_Control2	IC-A	chemokine_adhesion	Chemokine / adhesion	context	UUO1	UUO	Male	186	3.03824972090768
LODO_Control2	IC-A	chemokine_adhesion	Chemokine / adhesion	context	UUO2	UUO	Male	135	3.20232023047192
LODO_Control2	IC-A	chemokine_adhesion	Chemokine / adhesion	context	UUO3	UUO	Female	43	2.48223324907642
LODO_Control2	IC-A	chemokine_adhesion	Chemokine / adhesion	context	UUO4	UUO	Male	49	3.06094789330778
LODO_Control2	IC-A	chemokine_adhesion	Chemokine / adhesion	context	UUO5	UUO	Male	163	2.69396310868491
LODO_Control4	IC-A	ICA_acid	IC-A acid secretion	exploratory_transport	Control1	Control	Male	41	8.32049291156329
LODO_Control4	IC-A	ICA_acid	IC-A acid secretion	exploratory_transport	Control2	Control	Male	127	8.52538775891422
LODO_Control4	IC-A	ICA_acid	IC-A acid secretion	exploratory_transport	Control5	Control	Female	82	7.96908639508812
LODO_Control4	IC-A	ICA_acid	IC-A acid secretion	exploratory_transport	Control6	Control	Female	77	7.89306253436489
LODO_Control4	IC-A	ICA_acid	IC-A acid secretion	exploratory_transport	Control7	Control	Male	120	8.04438578974703
LODO_Control4	IC-A	ICA_acid	IC-A acid secretion	exploratory_transport	UUO1	UUO	Male	186	7.60803212901294
LODO_Control4	IC-A	ICA_acid	IC-A acid secretion	exploratory_transport	UUO2	UUO	Male	135	7.43553019703531
LODO_Control4	IC-A	ICA_acid	IC-A acid secretion	exploratory_transport	UUO3	UUO	Female	43	8.35143495342339
LODO_Control4	IC-A	ICA_acid	IC-A acid secretion	exploratory_transport	UUO4	UUO	Male	49	7.49011635074075
LODO_Control4	IC-A	ICA_acid	IC-A acid secretion	exploratory_transport	UUO5	UUO	Male	163	8.27985603898396
LODO_Control4	IC-A	epithelial_injury	Epithelial injury	context	Control1	Control	Male	41	5.38922442098562
LODO_Control4	IC-A	epithelial_injury	Epithelial injury	context	Control2	Control	Male	127	4.93051830905348
LODO_Control4	IC-A	epithelial_injury	Epithelial injury	context	Control5	Control	Female	82	5.18077121245159
LODO_Control4	IC-A	epithelial_injury	Epithelial injury	context	Control6	Control	Female	77	4.57160131551263
LODO_Control4	IC-A	epithelial_injury	Epithelial injury	context	Control7	Control	Male	120	4.9385340634749
LODO_Control4	IC-A	epithelial_injury	Epithelial injury	context	UUO1	UUO	Male	186	6.62859916930343
LODO_Control4	IC-A	epithelial_injury	Epithelial injury	context	UUO2	UUO	Male	135	7.49571964673972
LODO_Control4	IC-A	epithelial_injury	Epithelial injury	context	UUO3	UUO	Female	43	6.92165600746178
LODO_Control4	IC-A	epithelial_injury	Epithelial injury	context	UUO4	UUO	Male	49	5.93641851129224
LODO_Control4	IC-A	epithelial_injury	Epithelial injury	context	UUO5	UUO	Male	163	4.4769939963772
LODO_Control4	IC-A	chemokine_adhesion	Chemokine / adhesion	context	Control1	Control	Male	41	3.3533156436163
LODO_Control4	IC-A	chemokine_adhesion	Chemokine / adhesion	context	Control2	Control	Male	127	3.13683625656546
LODO_Control4	IC-A	chemokine_adhesion	Chemokine / adhesion	context	Control5	Control	Female	82	3.04468522626379
LODO_Control4	IC-A	chemokine_adhesion	Chemokine / adhesion	context	Control6	Control	Female	77	2.83729358760346
LODO_Control4	IC-A	chemokine_adhesion	Chemokine / adhesion	context	Control7	Control	Male	120	2.87122447734109
LODO_Control4	IC-A	chemokine_adhesion	Chemokine / adhesion	context	UUO1	UUO	Male	186	2.97753684139763
LODO_Control4	IC-A	chemokine_adhesion	Chemokine / adhesion	context	UUO2	UUO	Male	135	3.14909325070274
LODO_Control4	IC-A	chemokine_adhesion	Chemokine / adhesion	context	UUO3	UUO	Female	43	2.39791810525936
LODO_Control4	IC-A	chemokine_adhesion	Chemokine / adhesion	context	UUO4	UUO	Male	49	2.99207568872158
LODO_Control4	IC-A	chemokine_adhesion	Chemokine / adhesion	context	UUO5	UUO	Male	163	2.6198473482144
LODO_Control5	IC-A	ICA_acid	IC-A acid secretion	exploratory_transport	Control1	Control	Male	41	8.32198527435615
LODO_Control5	IC-A	ICA_acid	IC-A acid secretion	exploratory_transport	Control2	Control	Male	127	8.51961104779625
LODO_Control5	IC-A	ICA_acid	IC-A acid secretion	exploratory_transport	Control4	Control	Male	76	8.11473426273252
LODO_Control5	IC-A	ICA_acid	IC-A acid secretion	exploratory_transport	Control6	Control	Female	77	7.86313019505442
LODO_Control5	IC-A	ICA_acid	IC-A acid secretion	exploratory_transport	Control7	Control	Male	120	8.03368899756219
LODO_Control5	IC-A	ICA_acid	IC-A acid secretion	exploratory_transport	UUO1	UUO	Male	186	7.61565451977822
LODO_Control5	IC-A	ICA_acid	IC-A acid secretion	exploratory_transport	UUO2	UUO	Male	135	7.43649127618249
LODO_Control5	IC-A	ICA_acid	IC-A acid secretion	exploratory_transport	UUO3	UUO	Female	43	8.35014349090956
LODO_Control5	IC-A	ICA_acid	IC-A acid secretion	exploratory_transport	UUO4	UUO	Male	49	7.50029714404204
LODO_Control5	IC-A	ICA_acid	IC-A acid secretion	exploratory_transport	UUO5	UUO	Male	163	8.26865800864507
LODO_Control5	IC-A	epithelial_injury	Epithelial injury	context	Control1	Control	Male	41	5.39223031508759
LODO_Control5	IC-A	epithelial_injury	Epithelial injury	context	Control2	Control	Male	127	4.92929553556968
LODO_Control5	IC-A	epithelial_injury	Epithelial injury	context	Control4	Control	Male	76	5.12989181314504
LODO_Control5	IC-A	epithelial_injury	Epithelial injury	context	Control6	Control	Female	77	4.55651847523887
LODO_Control5	IC-A	epithelial_injury	Epithelial injury	context	Control7	Control	Male	120	4.93277635043227
LODO_Control5	IC-A	epithelial_injury	Epithelial injury	context	UUO1	UUO	Male	186	6.63633654168367
LODO_Control5	IC-A	epithelial_injury	Epithelial injury	context	UUO2	UUO	Male	135	7.49669418342868
LODO_Control5	IC-A	epithelial_injury	Epithelial injury	context	UUO3	UUO	Female	43	6.92085503943725
LODO_Control5	IC-A	epithelial_injury	Epithelial injury	context	UUO4	UUO	Male	49	5.94679710705847
LODO_Control5	IC-A	epithelial_injury	Epithelial injury	context	UUO5	UUO	Male	163	4.47425893592325
LODO_Control5	IC-A	chemokine_adhesion	Chemokine / adhesion	context	Control1	Control	Male	41	3.36210835499963
LODO_Control5	IC-A	chemokine_adhesion	Chemokine / adhesion	context	Control2	Control	Male	127	3.14174510028744
LODO_Control5	IC-A	chemokine_adhesion	Chemokine / adhesion	context	Control4	Control	Male	76	2.88153648048766
LODO_Control5	IC-A	chemokine_adhesion	Chemokine / adhesion	context	Control6	Control	Female	77	2.84057137057264
LODO_Control5	IC-A	chemokine_adhesion	Chemokine / adhesion	context	Control7	Control	Male	120	2.87820355469041
LODO_Control5	IC-A	chemokine_adhesion	Chemokine / adhesion	context	UUO1	UUO	Male	186	2.98814296705275
LODO_Control5	IC-A	chemokine_adhesion	Chemokine / adhesion	context	UUO2	UUO	Male	135	3.15704101027523
LODO_Control5	IC-A	chemokine_adhesion	Chemokine / adhesion	context	UUO3	UUO	Female	43	2.40975951465914
LODO_Control5	IC-A	chemokine_adhesion	Chemokine / adhesion	context	UUO4	UUO	Male	49	3.00350731255949
LODO_Control5	IC-A	chemokine_adhesion	Chemokine / adhesion	context	UUO5	UUO	Male	163	2.62874395943764
LODO_Control6	IC-A	ICA_acid	IC-A acid secretion	exploratory_transport	Control1	Control	Male	41	8.33485748976335
LODO_Control6	IC-A	ICA_acid	IC-A acid secretion	exploratory_transport	Control2	Control	Male	127	8.51428775137344
LODO_Control6	IC-A	ICA_acid	IC-A acid secretion	exploratory_transport	Control4	Control	Male	76	8.10987439392515
LODO_Control6	IC-A	ICA_acid	IC-A acid secretion	exploratory_transport	Control5	Control	Female	82	7.97086123953415
LODO_Control6	IC-A	ICA_acid	IC-A acid secretion	exploratory_transport	Control7	Control	Male	120	8.04443512377757
LODO_Control6	IC-A	ICA_acid	IC-A acid secretion	exploratory_transport	UUO1	UUO	Male	186	7.60364020855808
LODO_Control6	IC-A	ICA_acid	IC-A acid secretion	exploratory_transport	UUO2	UUO	Male	135	7.43188087176294
LODO_Control6	IC-A	ICA_acid	IC-A acid secretion	exploratory_transport	UUO3	UUO	Female	43	8.34398730567355
LODO_Control6	IC-A	ICA_acid	IC-A acid secretion	exploratory_transport	UUO4	UUO	Male	49	7.50444326585509
LODO_Control6	IC-A	ICA_acid	IC-A acid secretion	exploratory_transport	UUO5	UUO	Male	163	8.27493927880211
LODO_Control6	IC-A	epithelial_injury	Epithelial injury	context	Control1	Control	Male	41	5.40267140049579
LODO_Control6	IC-A	epithelial_injury	Epithelial injury	context	Control2	Control	Male	127	4.92437264632896
LODO_Control6	IC-A	epithelial_injury	Epithelial injury	context	Control4	Control	Male	76	5.12520572562263
LODO_Control6	IC-A	epithelial_injury	Epithelial injury	context	Control5	Control	Female	82	5.18435178910127
LODO_Control6	IC-A	epithelial_injury	Epithelial injury	context	Control7	Control	Male	120	4.94033427608556
LODO_Control6	IC-A	epithelial_injury	Epithelial injury	context	UUO1	UUO	Male	186	6.62454759366388
LODO_Control6	IC-A	epithelial_injury	Epithelial injury	context	UUO2	UUO	Male	135	7.49208481063577
LODO_Control6	IC-A	epithelial_injury	Epithelial injury	context	UUO3	UUO	Female	43	6.91478806476865
LODO_Control6	IC-A	epithelial_injury	Epithelial injury	context	UUO4	UUO	Male	49	5.95000027774299
LODO_Control6	IC-A	epithelial_injury	Epithelial injury	context	UUO5	UUO	Male	163	4.47683987988869
LODO_Control6	IC-A	chemokine_adhesion	Chemokine / adhesion	context	Control1	Control	Male	41	3.36323555759975
LODO_Control6	IC-A	chemokine_adhesion	Chemokine / adhesion	context	Control2	Control	Male	127	3.13736047480174
LODO_Control6	IC-A	chemokine_adhesion	Chemokine / adhesion	context	Control4	Control	Male	76	2.8775256710597
LODO_Control6	IC-A	chemokine_adhesion	Chemokine / adhesion	context	Control5	Control	Female	82	3.05114343060478
LODO_Control6	IC-A	chemokine_adhesion	Chemokine / adhesion	context	Control7	Control	Male	120	2.87755476053624
LODO_Control6	IC-A	chemokine_adhesion	Chemokine / adhesion	context	UUO1	UUO	Male	186	2.98195743667339
LODO_Control6	IC-A	chemokine_adhesion	Chemokine / adhesion	context	UUO2	UUO	Male	135	3.15296472851044
LODO_Control6	IC-A	chemokine_adhesion	Chemokine / adhesion	context	UUO3	UUO	Female	43	2.40598011264647
LODO_Control6	IC-A	chemokine_adhesion	Chemokine / adhesion	context	UUO4	UUO	Male	49	3.00168477773448
LODO_Control6	IC-A	chemokine_adhesion	Chemokine / adhesion	context	UUO5	UUO	Male	163	2.62624687169482
LODO_Control7	IC-A	ICA_acid	IC-A acid secretion	exploratory_transport	Control1	Control	Male	41	8.32910084956919
LODO_Control7	IC-A	ICA_acid	IC-A acid secretion	exploratory_transport	Control2	Control	Male	127	8.51969984642896
LODO_Control7	IC-A	ICA_acid	IC-A acid secretion	exploratory_transport	Control4	Control	Male	76	8.11448274809647
LODO_Control7	IC-A	ICA_acid	IC-A acid secretion	exploratory_transport	Control5	Control	Female	82	7.97357162716911
LODO_Control7	IC-A	ICA_acid	IC-A acid secretion	exploratory_transport	Control6	Control	Female	77	7.89791978242133
LODO_Control7	IC-A	ICA_acid	IC-A acid secretion	exploratory_transport	UUO1	UUO	Male	186	7.61242871982753
LODO_Control7	IC-A	ICA_acid	IC-A acid secretion	exploratory_transport	UUO2	UUO	Male	135	7.4349470373071
LODO_Control7	IC-A	ICA_acid	IC-A acid secretion	exploratory_transport	UUO3	UUO	Female	43	8.3553767592339
LODO_Control7	IC-A	ICA_acid	IC-A acid secretion	exploratory_transport	UUO4	UUO	Male	49	7.51374573648772
LODO_Control7	IC-A	ICA_acid	IC-A acid secretion	exploratory_transport	UUO5	UUO	Male	163	8.2824580309929
LODO_Control7	IC-A	epithelial_injury	Epithelial injury	context	Control1	Control	Male	41	5.40328605781893
LODO_Control7	IC-A	epithelial_injury	Epithelial injury	context	Control2	Control	Male	127	4.93817372370282
LODO_Control7	IC-A	epithelial_injury	Epithelial injury	context	Control4	Control	Male	76	5.13516321203895
LODO_Control7	IC-A	epithelial_injury	Epithelial injury	context	Control5	Control	Female	82	5.19710733613184
LODO_Control7	IC-A	epithelial_injury	Epithelial injury	context	Control6	Control	Female	77	4.59095115903665
LODO_Control7	IC-A	epithelial_injury	Epithelial injury	context	UUO1	UUO	Male	186	6.63413352984277
LODO_Control7	IC-A	epithelial_injury	Epithelial injury	context	UUO2	UUO	Male	135	7.49519428649856
LODO_Control7	IC-A	epithelial_injury	Epithelial injury	context	UUO3	UUO	Female	43	6.92716914536292
LODO_Control7	IC-A	epithelial_injury	Epithelial injury	context	UUO4	UUO	Male	49	5.96267836722225
LODO_Control7	IC-A	epithelial_injury	Epithelial injury	context	UUO5	UUO	Male	163	4.49543307551429
LODO_Control7	IC-A	chemokine_adhesion	Chemokine / adhesion	context	Control1	Control	Male	41	3.38805164272373
LODO_Control7	IC-A	chemokine_adhesion	Chemokine / adhesion	context	Control2	Control	Male	127	3.16240682374374
LODO_Control7	IC-A	chemokine_adhesion	Chemokine / adhesion	context	Control4	Control	Male	76	2.90806490092853
LODO_Control7	IC-A	chemokine_adhesion	Chemokine / adhesion	context	Control5	Control	Female	82	3.07985009026653
LODO_Control7	IC-A	chemokine_adhesion	Chemokine / adhesion	context	Control6	Control	Female	77	2.87456447864585
LODO_Control7	IC-A	chemokine_adhesion	Chemokine / adhesion	context	UUO1	UUO	Male	186	3.01116838199218
LODO_Control7	IC-A	chemokine_adhesion	Chemokine / adhesion	context	UUO2	UUO	Male	135	3.17827028011558
LODO_Control7	IC-A	chemokine_adhesion	Chemokine / adhesion	context	UUO3	UUO	Female	43	2.44354865016233
LODO_Control7	IC-A	chemokine_adhesion	Chemokine / adhesion	context	UUO4	UUO	Male	49	3.03228708750586
LODO_Control7	IC-A	chemokine_adhesion	Chemokine / adhesion	context	UUO5	UUO	Male	163	2.66000182469669
LODO_UUO1	IC-A	ICA_acid	IC-A acid secretion	exploratory_transport	Control1	Control	Male	41	8.32972017975838
LODO_UUO1	IC-A	ICA_acid	IC-A acid secretion	exploratory_transport	Control2	Control	Male	127	8.51286519815259
LODO_UUO1	IC-A	ICA_acid	IC-A acid secretion	exploratory_transport	Control4	Control	Male	76	8.1065533859141
LODO_UUO1	IC-A	ICA_acid	IC-A acid secretion	exploratory_transport	Control5	Control	Female	82	7.96986565679743
LODO_UUO1	IC-A	ICA_acid	IC-A acid secretion	exploratory_transport	Control6	Control	Female	77	7.88660025286898
LODO_UUO1	IC-A	ICA_acid	IC-A acid secretion	exploratory_transport	Control7	Control	Male	120	8.04279516931092
LODO_UUO1	IC-A	ICA_acid	IC-A acid secretion	exploratory_transport	UUO2	UUO	Male	135	7.43705295485538
LODO_UUO1	IC-A	ICA_acid	IC-A acid secretion	exploratory_transport	UUO3	UUO	Female	43	8.34472602664716
LODO_UUO1	IC-A	ICA_acid	IC-A acid secretion	exploratory_transport	UUO4	UUO	Male	49	7.50802633565378
LODO_UUO1	IC-A	ICA_acid	IC-A acid secretion	exploratory_transport	UUO5	UUO	Male	163	8.2818084132495
LODO_UUO1	IC-A	epithelial_injury	Epithelial injury	context	Control1	Control	Male	41	5.4196429308868
LODO_UUO1	IC-A	epithelial_injury	Epithelial injury	context	Control2	Control	Male	127	4.96084501166353
LODO_UUO1	IC-A	epithelial_injury	Epithelial injury	context	Control4	Control	Male	76	5.14601809217741
LODO_UUO1	IC-A	epithelial_injury	Epithelial injury	context	Control5	Control	Female	82	5.22466076887098
LODO_UUO1	IC-A	epithelial_injury	Epithelial injury	context	Control6	Control	Female	77	4.62100650499583
LODO_UUO1	IC-A	epithelial_injury	Epithelial injury	context	Control7	Control	Male	120	4.97082045087207
LODO_UUO1	IC-A	epithelial_injury	Epithelial injury	context	UUO2	UUO	Male	135	7.49743303450167
LODO_UUO1	IC-A	epithelial_injury	Epithelial injury	context	UUO3	UUO	Female	43	6.92104128655244
LODO_UUO1	IC-A	epithelial_injury	Epithelial injury	context	UUO4	UUO	Male	49	5.97033460420003
LODO_UUO1	IC-A	epithelial_injury	Epithelial injury	context	UUO5	UUO	Male	163	4.53368888416709
LODO_UUO1	IC-A	chemokine_adhesion	Chemokine / adhesion	context	Control1	Control	Male	41	3.46145923051147
LODO_UUO1	IC-A	chemokine_adhesion	Chemokine / adhesion	context	Control2	Control	Male	127	3.22414849091465
LODO_UUO1	IC-A	chemokine_adhesion	Chemokine / adhesion	context	Control4	Control	Male	76	2.98823930975879
LODO_UUO1	IC-A	chemokine_adhesion	Chemokine / adhesion	context	Control5	Control	Female	82	3.156427124521
LODO_UUO1	IC-A	chemokine_adhesion	Chemokine / adhesion	context	Control6	Control	Female	77	2.95502282023013
LODO_UUO1	IC-A	chemokine_adhesion	Chemokine / adhesion	context	Control7	Control	Male	120	2.98836291389779
LODO_UUO1	IC-A	chemokine_adhesion	Chemokine / adhesion	context	UUO2	UUO	Male	135	3.24645220564357
LODO_UUO1	IC-A	chemokine_adhesion	Chemokine / adhesion	context	UUO3	UUO	Female	43	2.54705615575687
LODO_UUO1	IC-A	chemokine_adhesion	Chemokine / adhesion	context	UUO4	UUO	Male	49	3.10921623684797
LODO_UUO1	IC-A	chemokine_adhesion	Chemokine / adhesion	context	UUO5	UUO	Male	163	2.75067233539239
LODO_UUO2	IC-A	ICA_acid	IC-A acid secretion	exploratory_transport	Control1	Control	Male	41	8.32408724041236
LODO_UUO2	IC-A	ICA_acid	IC-A acid secretion	exploratory_transport	Control2	Control	Male	127	8.51733451022151
LODO_UUO2	IC-A	ICA_acid	IC-A acid secretion	exploratory_transport	Control4	Control	Male	76	8.10474662890324
LODO_UUO2	IC-A	ICA_acid	IC-A acid secretion	exploratory_transport	Control5	Control	Female	82	7.96801254846358
LODO_UUO2	IC-A	ICA_acid	IC-A acid secretion	exploratory_transport	Control6	Control	Female	77	7.88402704366578
LODO_UUO2	IC-A	ICA_acid	IC-A acid secretion	exploratory_transport	Control7	Control	Male	120	8.04233914274616
LODO_UUO2	IC-A	ICA_acid	IC-A acid secretion	exploratory_transport	UUO1	UUO	Male	186	7.62679230616295
LODO_UUO2	IC-A	ICA_acid	IC-A acid secretion	exploratory_transport	UUO3	UUO	Female	43	8.34564691328508
LODO_UUO2	IC-A	ICA_acid	IC-A acid secretion	exploratory_transport	UUO4	UUO	Male	49	7.51570275969354
LODO_UUO2	IC-A	ICA_acid	IC-A acid secretion	exploratory_transport	UUO5	UUO	Male	163	8.27849650091972
LODO_UUO2	IC-A	epithelial_injury	Epithelial injury	context	Control1	Control	Male	41	5.41820333901116
LODO_UUO2	IC-A	epithelial_injury	Epithelial injury	context	Control2	Control	Male	127	4.9697923980433
LODO_UUO2	IC-A	epithelial_injury	Epithelial injury	context	Control4	Control	Male	76	5.14816652561163
LODO_UUO2	IC-A	epithelial_injury	Epithelial injury	context	Control5	Control	Female	82	5.22950106216849
LODO_UUO2	IC-A	epithelial_injury	Epithelial injury	context	Control6	Control	Female	77	4.62697883801846
LODO_UUO2	IC-A	epithelial_injury	Epithelial injury	context	Control7	Control	Male	120	4.97531711656681
LODO_UUO2	IC-A	epithelial_injury	Epithelial injury	context	UUO1	UUO	Male	186	6.65169004370355
LODO_UUO2	IC-A	epithelial_injury	Epithelial injury	context	UUO3	UUO	Female	43	6.92278625039483
LODO_UUO2	IC-A	epithelial_injury	Epithelial injury	context	UUO4	UUO	Male	49	5.97966095509863
LODO_UUO2	IC-A	epithelial_injury	Epithelial injury	context	UUO5	UUO	Male	163	4.53952167376449
LODO_UUO2	IC-A	chemokine_adhesion	Chemokine / adhesion	context	Control1	Control	Male	41	3.47461018637178
LODO_UUO2	IC-A	chemokine_adhesion	Chemokine / adhesion	context	Control2	Control	Male	127	3.23896040555789
LODO_UUO2	IC-A	chemokine_adhesion	Chemokine / adhesion	context	Control4	Control	Male	76	3.00443371265017
LODO_UUO2	IC-A	chemokine_adhesion	Chemokine / adhesion	context	Control5	Control	Female	82	3.17164437382467
LODO_UUO2	IC-A	chemokine_adhesion	Chemokine / adhesion	context	Control6	Control	Female	77	2.97126724252824
LODO_UUO2	IC-A	chemokine_adhesion	Chemokine / adhesion	context	Control7	Control	Male	120	3.00479475151398
LODO_UUO2	IC-A	chemokine_adhesion	Chemokine / adhesion	context	UUO1	UUO	Male	186	3.10432586814524
LODO_UUO2	IC-A	chemokine_adhesion	Chemokine / adhesion	context	UUO3	UUO	Female	43	2.56791351503977
LODO_UUO2	IC-A	chemokine_adhesion	Chemokine / adhesion	context	UUO4	UUO	Male	49	3.1269034795981
LODO_UUO2	IC-A	chemokine_adhesion	Chemokine / adhesion	context	UUO5	UUO	Male	163	2.76863478505456
LODO_UUO3	IC-A	ICA_acid	IC-A acid secretion	exploratory_transport	Control1	Control	Male	41	8.32880043718778
LODO_UUO3	IC-A	ICA_acid	IC-A acid secretion	exploratory_transport	Control2	Control	Male	127	8.52768467412675
LODO_UUO3	IC-A	ICA_acid	IC-A acid secretion	exploratory_transport	Control4	Control	Male	76	8.11881222737497
LODO_UUO3	IC-A	ICA_acid	IC-A acid secretion	exploratory_transport	Control5	Control	Female	82	7.96845555517927
LODO_UUO3	IC-A	ICA_acid	IC-A acid secretion	exploratory_transport	Control6	Control	Female	77	7.86206143358477
LODO_UUO3	IC-A	ICA_acid	IC-A acid secretion	exploratory_transport	Control7	Control	Male	120	8.04212455214331
LODO_UUO3	IC-A	ICA_acid	IC-A acid secretion	exploratory_transport	UUO1	UUO	Male	186	7.62527570917551
LODO_UUO3	IC-A	ICA_acid	IC-A acid secretion	exploratory_transport	UUO2	UUO	Male	135	7.44760928270834
LODO_UUO3	IC-A	ICA_acid	IC-A acid secretion	exploratory_transport	UUO4	UUO	Male	49	7.50866186365102
LODO_UUO3	IC-A	ICA_acid	IC-A acid secretion	exploratory_transport	UUO5	UUO	Male	163	8.27807235407513
LODO_UUO3	IC-A	epithelial_injury	Epithelial injury	context	Control1	Control	Male	41	5.39340888347071
LODO_UUO3	IC-A	epithelial_injury	Epithelial injury	context	Control2	Control	Male	127	4.92704552744336
LODO_UUO3	IC-A	epithelial_injury	Epithelial injury	context	Control4	Control	Male	76	5.12821992947809
LODO_UUO3	IC-A	epithelial_injury	Epithelial injury	context	Control5	Control	Female	82	5.1745367132005
LODO_UUO3	IC-A	epithelial_injury	Epithelial injury	context	Control6	Control	Female	77	4.54443559586174
LODO_UUO3	IC-A	epithelial_injury	Epithelial injury	context	Control7	Control	Male	120	4.93237686618667
LODO_UUO3	IC-A	epithelial_injury	Epithelial injury	context	UUO1	UUO	Male	186	6.64483684453669
LODO_UUO3	IC-A	epithelial_injury	Epithelial injury	context	UUO2	UUO	Male	135	7.50775936622885
LODO_UUO3	IC-A	epithelial_injury	Epithelial injury	context	UUO4	UUO	Male	49	5.95038524864256
LODO_UUO3	IC-A	epithelial_injury	Epithelial injury	context	UUO5	UUO	Male	163	4.46847987005377
LODO_UUO3	IC-A	chemokine_adhesion	Chemokine / adhesion	context	Control1	Control	Male	41	3.34153913368417
LODO_UUO3	IC-A	chemokine_adhesion	Chemokine / adhesion	context	Control2	Control	Male	127	3.12556899235467
LODO_UUO3	IC-A	chemokine_adhesion	Chemokine / adhesion	context	Control4	Control	Male	76	2.8572803143228
LODO_UUO3	IC-A	chemokine_adhesion	Chemokine / adhesion	context	Control5	Control	Female	82	3.02950080654659
LODO_UUO3	IC-A	chemokine_adhesion	Chemokine / adhesion	context	Control6	Control	Female	77	2.8148841713687
LODO_UUO3	IC-A	chemokine_adhesion	Chemokine / adhesion	context	Control7	Control	Male	120	2.85492756559406
LODO_UUO3	IC-A	chemokine_adhesion	Chemokine / adhesion	context	UUO1	UUO	Male	186	2.96838789570954
LODO_UUO3	IC-A	chemokine_adhesion	Chemokine / adhesion	context	UUO2	UUO	Male	135	3.14052801141666
LODO_UUO3	IC-A	chemokine_adhesion	Chemokine / adhesion	context	UUO4	UUO	Male	49	2.98148484340116
LODO_UUO3	IC-A	chemokine_adhesion	Chemokine / adhesion	context	UUO5	UUO	Male	163	2.60203762112037
LODO_UUO4	IC-A	ICA_acid	IC-A acid secretion	exploratory_transport	Control1	Control	Male	41	8.3201145030028
LODO_UUO4	IC-A	ICA_acid	IC-A acid secretion	exploratory_transport	Control2	Control	Male	127	8.52227196644145
LODO_UUO4	IC-A	ICA_acid	IC-A acid secretion	exploratory_transport	Control4	Control	Male	76	8.11420849987604
LODO_UUO4	IC-A	ICA_acid	IC-A acid secretion	exploratory_transport	Control5	Control	Female	82	7.96354196710204
LODO_UUO4	IC-A	ICA_acid	IC-A acid secretion	exploratory_transport	Control6	Control	Female	77	7.85779573731645
LODO_UUO4	IC-A	ICA_acid	IC-A acid secretion	exploratory_transport	Control7	Control	Male	120	8.03872101478331
LODO_UUO4	IC-A	ICA_acid	IC-A acid secretion	exploratory_transport	UUO1	UUO	Male	186	7.62055183520719
LODO_UUO4	IC-A	ICA_acid	IC-A acid secretion	exploratory_transport	UUO2	UUO	Male	135	7.44341676143665
LODO_UUO4	IC-A	ICA_acid	IC-A acid secretion	exploratory_transport	UUO3	UUO	Female	43	8.34953104616193
LODO_UUO4	IC-A	ICA_acid	IC-A acid secretion	exploratory_transport	UUO5	UUO	Male	163	8.27389599968173
LODO_UUO4	IC-A	epithelial_injury	Epithelial injury	context	Control1	Control	Male	41	5.38910129885982
LODO_UUO4	IC-A	epithelial_injury	Epithelial injury	context	Control2	Control	Male	127	4.92855965368112
LODO_UUO4	IC-A	epithelial_injury	Epithelial injury	context	Control4	Control	Male	76	5.12777124742885
LODO_UUO4	IC-A	epithelial_injury	Epithelial injury	context	Control5	Control	Female	82	5.17721312585763
LODO_UUO4	IC-A	epithelial_injury	Epithelial injury	context	Control6	Control	Female	77	4.54935254803677
LODO_UUO4	IC-A	epithelial_injury	Epithelial injury	context	Control7	Control	Male	120	4.93440645319562
LODO_UUO4	IC-A	epithelial_injury	Epithelial injury	context	UUO1	UUO	Male	186	6.64081659953608
LODO_UUO4	IC-A	epithelial_injury	Epithelial injury	context	UUO2	UUO	Male	135	7.50359819645862
LODO_UUO4	IC-A	epithelial_injury	Epithelial injury	context	UUO3	UUO	Female	43	6.91987403645877
LODO_UUO4	IC-A	epithelial_injury	Epithelial injury	context	UUO5	UUO	Male	163	4.47372269640208
LODO_UUO4	IC-A	chemokine_adhesion	Chemokine / adhesion	context	Control1	Control	Male	41	3.35417126858089
LODO_UUO4	IC-A	chemokine_adhesion	Chemokine / adhesion	context	Control2	Control	Male	127	3.13643732856856
LODO_UUO4	IC-A	chemokine_adhesion	Chemokine / adhesion	context	Control4	Control	Male	76	2.87319903974421
LODO_UUO4	IC-A	chemokine_adhesion	Chemokine / adhesion	context	Control5	Control	Female	82	3.0442924157267
LODO_UUO4	IC-A	chemokine_adhesion	Chemokine / adhesion	context	Control6	Control	Female	77	2.83114884386373
LODO_UUO4	IC-A	chemokine_adhesion	Chemokine / adhesion	context	Control7	Control	Male	120	2.87107487665003
LODO_UUO4	IC-A	chemokine_adhesion	Chemokine / adhesion	context	UUO1	UUO	Male	186	2.98218052034161
LODO_UUO4	IC-A	chemokine_adhesion	Chemokine / adhesion	context	UUO2	UUO	Male	135	3.15280193009813
LODO_UUO4	IC-A	chemokine_adhesion	Chemokine / adhesion	context	UUO3	UUO	Female	43	2.39928932909421
LODO_UUO4	IC-A	chemokine_adhesion	Chemokine / adhesion	context	UUO5	UUO	Male	163	2.6202783504726
LODO_UUO5	IC-A	ICA_acid	IC-A acid secretion	exploratory_transport	Control1	Control	Male	41	8.32825787458829
LODO_UUO5	IC-A	ICA_acid	IC-A acid secretion	exploratory_transport	Control2	Control	Male	127	8.5314527570336
LODO_UUO5	IC-A	ICA_acid	IC-A acid secretion	exploratory_transport	Control4	Control	Male	76	8.11130247939926
LODO_UUO5	IC-A	ICA_acid	IC-A acid secretion	exploratory_transport	Control5	Control	Female	82	7.97683740138574
LODO_UUO5	IC-A	ICA_acid	IC-A acid secretion	exploratory_transport	Control6	Control	Female	77	7.88662371261325
LODO_UUO5	IC-A	ICA_acid	IC-A acid secretion	exploratory_transport	Control7	Control	Male	120	8.04152099419652
LODO_UUO5	IC-A	ICA_acid	IC-A acid secretion	exploratory_transport	UUO1	UUO	Male	186	7.63195562717694
LODO_UUO5	IC-A	ICA_acid	IC-A acid secretion	exploratory_transport	UUO2	UUO	Male	135	7.4472125884113
LODO_UUO5	IC-A	ICA_acid	IC-A acid secretion	exploratory_transport	UUO3	UUO	Female	43	8.36231786351616
LODO_UUO5	IC-A	ICA_acid	IC-A acid secretion	exploratory_transport	UUO4	UUO	Male	49	7.51192271280718
LODO_UUO5	IC-A	epithelial_injury	Epithelial injury	context	Control1	Control	Male	41	5.4222559518764
LODO_UUO5	IC-A	epithelial_injury	Epithelial injury	context	Control2	Control	Male	127	4.98098726066344
LODO_UUO5	IC-A	epithelial_injury	Epithelial injury	context	Control4	Control	Male	76	5.1541741412158
LODO_UUO5	IC-A	epithelial_injury	Epithelial injury	context	Control5	Control	Female	82	5.2367336274991
LODO_UUO5	IC-A	epithelial_injury	Epithelial injury	context	Control6	Control	Female	77	4.62988013127167
LODO_UUO5	IC-A	epithelial_injury	Epithelial injury	context	Control7	Control	Male	120	4.9754910336085
LODO_UUO5	IC-A	epithelial_injury	Epithelial injury	context	UUO1	UUO	Male	186	6.6568012205147
LODO_UUO5	IC-A	epithelial_injury	Epithelial injury	context	UUO2	UUO	Male	135	7.5076118491414
LODO_UUO5	IC-A	epithelial_injury	Epithelial injury	context	UUO3	UUO	Female	43	6.93890872788254
LODO_UUO5	IC-A	epithelial_injury	Epithelial injury	context	UUO4	UUO	Male	49	5.97678672406987
LODO_UUO5	IC-A	chemokine_adhesion	Chemokine / adhesion	context	Control1	Control	Male	41	3.47825548713359
LODO_UUO5	IC-A	chemokine_adhesion	Chemokine / adhesion	context	Control2	Control	Male	127	3.24632871197127
LODO_UUO5	IC-A	chemokine_adhesion	Chemokine / adhesion	context	Control4	Control	Male	76	3.0085052563602
LODO_UUO5	IC-A	chemokine_adhesion	Chemokine / adhesion	context	Control5	Control	Female	82	3.17641219889991
LODO_UUO5	IC-A	chemokine_adhesion	Chemokine / adhesion	context	Control6	Control	Female	77	2.97453384374537
LODO_UUO5	IC-A	chemokine_adhesion	Chemokine / adhesion	context	Control7	Control	Male	120	3.00734573338846
LODO_UUO5	IC-A	chemokine_adhesion	Chemokine / adhesion	context	UUO1	UUO	Male	186	3.10823867147289
LODO_UUO5	IC-A	chemokine_adhesion	Chemokine / adhesion	context	UUO2	UUO	Male	135	3.2659027225651
LODO_UUO5	IC-A	chemokine_adhesion	Chemokine / adhesion	context	UUO3	UUO	Female	43	2.5713436367738
LODO_UUO5	IC-A	chemokine_adhesion	Chemokine / adhesion	context	UUO4	UUO	Male	49	3.12860293883859
sex_adjusted	IC-A	ICA_acid	IC-A acid secretion	exploratory_transport	Control1	Control	Male	41	8.32943414583478
sex_adjusted	IC-A	ICA_acid	IC-A acid secretion	exploratory_transport	Control2	Control	Male	127	8.51447565931856
sex_adjusted	IC-A	ICA_acid	IC-A acid secretion	exploratory_transport	Control4	Control	Male	76	8.10924097055628
sex_adjusted	IC-A	ICA_acid	IC-A acid secretion	exploratory_transport	Control5	Control	Female	82	7.97150152055454
sex_adjusted	IC-A	ICA_acid	IC-A acid secretion	exploratory_transport	Control6	Control	Female	77	7.89219633275435
sex_adjusted	IC-A	ICA_acid	IC-A acid secretion	exploratory_transport	Control7	Control	Male	120	8.04274592792617
sex_adjusted	IC-A	ICA_acid	IC-A acid secretion	exploratory_transport	UUO1	UUO	Male	186	7.60897479004846
sex_adjusted	IC-A	ICA_acid	IC-A acid secretion	exploratory_transport	UUO2	UUO	Male	135	7.43240668243694
sex_adjusted	IC-A	ICA_acid	IC-A acid secretion	exploratory_transport	UUO3	UUO	Female	43	8.35051645232481
sex_adjusted	IC-A	ICA_acid	IC-A acid secretion	exploratory_transport	UUO4	UUO	Male	49	7.50751948169883
sex_adjusted	IC-A	ICA_acid	IC-A acid secretion	exploratory_transport	UUO5	UUO	Male	163	8.27891453132315
sex_adjusted	IC-A	epithelial_injury	Epithelial injury	context	Control1	Control	Male	41	5.40445916748582
sex_adjusted	IC-A	epithelial_injury	Epithelial injury	context	Control2	Control	Male	127	4.93589180567605
sex_adjusted	IC-A	epithelial_injury	Epithelial injury	context	Control4	Control	Male	76	5.13176213342541
sex_adjusted	IC-A	epithelial_injury	Epithelial injury	context	Control5	Control	Female	82	5.19736209633363
sex_adjusted	IC-A	epithelial_injury	Epithelial injury	context	Control6	Control	Female	77	4.5894029204136
sex_adjusted	IC-A	epithelial_injury	Epithelial injury	context	Control7	Control	Male	120	4.94863231273104
sex_adjusted	IC-A	epithelial_injury	Epithelial injury	context	UUO1	UUO	Male	186	6.63094404301921
sex_adjusted	IC-A	epithelial_injury	Epithelial injury	context	UUO2	UUO	Male	135	7.49266475844154
sex_adjusted	IC-A	epithelial_injury	Epithelial injury	context	UUO3	UUO	Female	43	6.9227239213692
sex_adjusted	IC-A	epithelial_injury	Epithelial injury	context	UUO4	UUO	Male	49	5.9579193919895
sex_adjusted	IC-A	epithelial_injury	Epithelial injury	context	UUO5	UUO	Male	163	4.49540928033196
sex_adjusted	IC-A	chemokine_adhesion	Chemokine / adhesion	context	Control1	Control	Male	41	3.39236536823647
sex_adjusted	IC-A	chemokine_adhesion	Chemokine / adhesion	context	Control2	Control	Male	127	3.16405453617396
sex_adjusted	IC-A	chemokine_adhesion	Chemokine / adhesion	context	Control4	Control	Male	76	2.91165650334744
sex_adjusted	IC-A	chemokine_adhesion	Chemokine / adhesion	context	Control5	Control	Female	82	3.08378286857582
sex_adjusted	IC-A	chemokine_adhesion	Chemokine / adhesion	context	Control6	Control	Female	77	2.87815331792739
sex_adjusted	IC-A	chemokine_adhesion	Chemokine / adhesion	context	Control7	Control	Male	120	2.91138209726912
sex_adjusted	IC-A	chemokine_adhesion	Chemokine / adhesion	context	UUO1	UUO	Male	186	3.01441863733546
sex_adjusted	IC-A	chemokine_adhesion	Chemokine / adhesion	context	UUO2	UUO	Male	135	3.18123402926797
sex_adjusted	IC-A	chemokine_adhesion	Chemokine / adhesion	context	UUO3	UUO	Female	43	2.44951797429636
sex_adjusted	IC-A	chemokine_adhesion	Chemokine / adhesion	context	UUO4	UUO	Male	49	3.03526186627041
sex_adjusted	IC-A	chemokine_adhesion	Chemokine / adhesion	context	UUO5	UUO	Male	163	2.66477421166804
sex_ageband_adjusted	IC-A	ICA_acid	IC-A acid secretion	exploratory_transport	Control1	Control	Male	41	8.32943414583478
sex_ageband_adjusted	IC-A	ICA_acid	IC-A acid secretion	exploratory_transport	Control2	Control	Male	127	8.51447565931856
sex_ageband_adjusted	IC-A	ICA_acid	IC-A acid secretion	exploratory_transport	Control4	Control	Male	76	8.10924097055628
sex_ageband_adjusted	IC-A	ICA_acid	IC-A acid secretion	exploratory_transport	Control5	Control	Female	82	7.97150152055454
sex_ageband_adjusted	IC-A	ICA_acid	IC-A acid secretion	exploratory_transport	Control6	Control	Female	77	7.89219633275435
sex_ageband_adjusted	IC-A	ICA_acid	IC-A acid secretion	exploratory_transport	Control7	Control	Male	120	8.04274592792617
sex_ageband_adjusted	IC-A	ICA_acid	IC-A acid secretion	exploratory_transport	UUO1	UUO	Male	186	7.60897479004846
sex_ageband_adjusted	IC-A	ICA_acid	IC-A acid secretion	exploratory_transport	UUO2	UUO	Male	135	7.43240668243694
sex_ageband_adjusted	IC-A	ICA_acid	IC-A acid secretion	exploratory_transport	UUO3	UUO	Female	43	8.35051645232481
sex_ageband_adjusted	IC-A	ICA_acid	IC-A acid secretion	exploratory_transport	UUO4	UUO	Male	49	7.50751948169883
sex_ageband_adjusted	IC-A	ICA_acid	IC-A acid secretion	exploratory_transport	UUO5	UUO	Male	163	8.27891453132315
sex_ageband_adjusted	IC-A	epithelial_injury	Epithelial injury	context	Control1	Control	Male	41	5.40445916748582
sex_ageband_adjusted	IC-A	epithelial_injury	Epithelial injury	context	Control2	Control	Male	127	4.93589180567605
sex_ageband_adjusted	IC-A	epithelial_injury	Epithelial injury	context	Control4	Control	Male	76	5.13176213342541
sex_ageband_adjusted	IC-A	epithelial_injury	Epithelial injury	context	Control5	Control	Female	82	5.19736209633363
sex_ageband_adjusted	IC-A	epithelial_injury	Epithelial injury	context	Control6	Control	Female	77	4.5894029204136
sex_ageband_adjusted	IC-A	epithelial_injury	Epithelial injury	context	Control7	Control	Male	120	4.94863231273104
sex_ageband_adjusted	IC-A	epithelial_injury	Epithelial injury	context	UUO1	UUO	Male	186	6.63094404301921
sex_ageband_adjusted	IC-A	epithelial_injury	Epithelial injury	context	UUO2	UUO	Male	135	7.49266475844154
sex_ageband_adjusted	IC-A	epithelial_injury	Epithelial injury	context	UUO3	UUO	Female	43	6.9227239213692
sex_ageband_adjusted	IC-A	epithelial_injury	Epithelial injury	context	UUO4	UUO	Male	49	5.9579193919895
sex_ageband_adjusted	IC-A	epithelial_injury	Epithelial injury	context	UUO5	UUO	Male	163	4.49540928033196
sex_ageband_adjusted	IC-A	chemokine_adhesion	Chemokine / adhesion	context	Control1	Control	Male	41	3.39236536823647
sex_ageband_adjusted	IC-A	chemokine_adhesion	Chemokine / adhesion	context	Control2	Control	Male	127	3.16405453617396
sex_ageband_adjusted	IC-A	chemokine_adhesion	Chemokine / adhesion	context	Control4	Control	Male	76	2.91165650334744
sex_ageband_adjusted	IC-A	chemokine_adhesion	Chemokine / adhesion	context	Control5	Control	Female	82	3.08378286857582
sex_ageband_adjusted	IC-A	chemokine_adhesion	Chemokine / adhesion	context	Control6	Control	Female	77	2.87815331792739
sex_ageband_adjusted	IC-A	chemokine_adhesion	Chemokine / adhesion	context	Control7	Control	Male	120	2.91138209726912
sex_ageband_adjusted	IC-A	chemokine_adhesion	Chemokine / adhesion	context	UUO1	UUO	Male	186	3.01441863733546
sex_ageband_adjusted	IC-A	chemokine_adhesion	Chemokine / adhesion	context	UUO2	UUO	Male	135	3.18123402926797
sex_ageband_adjusted	IC-A	chemokine_adhesion	Chemokine / adhesion	context	UUO3	UUO	Female	43	2.44951797429636
sex_ageband_adjusted	IC-A	chemokine_adhesion	Chemokine / adhesion	context	UUO4	UUO	Male	49	3.03526186627041
sex_ageband_adjusted	IC-A	chemokine_adhesion	Chemokine / adhesion	context	UUO5	UUO	Male	163	2.66477421166804
main	IC-B	ICB_base	IC-B bicarbonate handling	exploratory_transport	Control2	Control	Male	108	9.15469766769295
main	IC-B	ICB_base	IC-B bicarbonate handling	exploratory_transport	Control4	Control	Male	27	9.27241709843913
main	IC-B	ICB_base	IC-B bicarbonate handling	exploratory_transport	Control5	Control	Female	70	8.7914343253492
main	IC-B	ICB_base	IC-B bicarbonate handling	exploratory_transport	Control6	Control	Female	45	8.89321225645773
main	IC-B	ICB_base	IC-B bicarbonate handling	exploratory_transport	Control7	Control	Male	179	9.49015741862809
main	IC-B	ICB_base	IC-B bicarbonate handling	exploratory_transport	UUO1	UUO	Male	59	8.88106315660238
main	IC-B	ICB_base	IC-B bicarbonate handling	exploratory_transport	UUO2	UUO	Male	113	8.5124070528563
main	IC-B	ICB_base	IC-B bicarbonate handling	exploratory_transport	UUO5	UUO	Male	60	9.04140886097181
main	IC-B	epithelial_injury	Epithelial injury	context	Control2	Control	Male	108	5.14504618169527
main	IC-B	epithelial_injury	Epithelial injury	context	Control4	Control	Male	27	6.98196952604568
main	IC-B	epithelial_injury	Epithelial injury	context	Control5	Control	Female	70	5.29998600673286
main	IC-B	epithelial_injury	Epithelial injury	context	Control6	Control	Female	45	5.02643512682832
main	IC-B	epithelial_injury	Epithelial injury	context	Control7	Control	Male	179	5.10795668543323
main	IC-B	epithelial_injury	Epithelial injury	context	UUO1	UUO	Male	59	6.1166332551954
main	IC-B	epithelial_injury	Epithelial injury	context	UUO2	UUO	Male	113	6.20057335531543
main	IC-B	epithelial_injury	Epithelial injury	context	UUO5	UUO	Male	60	4.76792493712062
main	IC-B	chemokine_adhesion	Chemokine / adhesion	context	Control2	Control	Male	108	3.17711885570453
main	IC-B	chemokine_adhesion	Chemokine / adhesion	context	Control4	Control	Male	27	3.17711885570453
main	IC-B	chemokine_adhesion	Chemokine / adhesion	context	Control5	Control	Female	70	3.17711885570453
main	IC-B	chemokine_adhesion	Chemokine / adhesion	context	Control6	Control	Female	45	3.17711885570453
main	IC-B	chemokine_adhesion	Chemokine / adhesion	context	Control7	Control	Male	179	3.50745639666889
main	IC-B	chemokine_adhesion	Chemokine / adhesion	context	UUO1	UUO	Male	59	3.17711885570453
main	IC-B	chemokine_adhesion	Chemokine / adhesion	context	UUO2	UUO	Male	113	3.30314614248177
main	IC-B	chemokine_adhesion	Chemokine / adhesion	context	UUO5	UUO	Male	60	3.40828431552157
min10	IC-B	ICB_base	IC-B bicarbonate handling	exploratory_transport	Control1	Control	Male	11	8.94477501766422
min10	IC-B	ICB_base	IC-B bicarbonate handling	exploratory_transport	Control2	Control	Male	108	9.17501363322062
min10	IC-B	ICB_base	IC-B bicarbonate handling	exploratory_transport	Control4	Control	Male	27	9.294365790025
min10	IC-B	ICB_base	IC-B bicarbonate handling	exploratory_transport	Control5	Control	Female	70	8.81878287390026
min10	IC-B	ICB_base	IC-B bicarbonate handling	exploratory_transport	Control6	Control	Female	45	8.91373314804407
min10	IC-B	ICB_base	IC-B bicarbonate handling	exploratory_transport	Control7	Control	Male	179	9.51499689221695
min10	IC-B	ICB_base	IC-B bicarbonate handling	exploratory_transport	UUO1	UUO	Male	59	8.89916163880635
min10	IC-B	ICB_base	IC-B bicarbonate handling	exploratory_transport	UUO2	UUO	Male	113	8.54097423693534
min10	IC-B	ICB_base	IC-B bicarbonate handling	exploratory_transport	UUO5	UUO	Male	60	9.06822941795138
min10	IC-B	epithelial_injury	Epithelial injury	context	Control1	Control	Male	11	5.32273709300131
min10	IC-B	epithelial_injury	Epithelial injury	context	Control2	Control	Male	108	5.21911573390004
min10	IC-B	epithelial_injury	Epithelial injury	context	Control4	Control	Male	27	7.025963468248
min10	IC-B	epithelial_injury	Epithelial injury	context	Control5	Control	Female	70	5.3754970991611
min10	IC-B	epithelial_injury	Epithelial injury	context	Control6	Control	Female	45	5.11703033948106
min10	IC-B	epithelial_injury	Epithelial injury	context	Control7	Control	Male	179	5.18695950088413
min10	IC-B	epithelial_injury	Epithelial injury	context	UUO1	UUO	Male	59	6.16619414735978
min10	IC-B	epithelial_injury	Epithelial injury	context	UUO2	UUO	Male	113	6.24538606598855
min10	IC-B	epithelial_injury	Epithelial injury	context	UUO5	UUO	Male	60	4.87392159827028
min10	IC-B	chemokine_adhesion	Chemokine / adhesion	context	Control1	Control	Male	11	3.34203598035402
min10	IC-B	chemokine_adhesion	Chemokine / adhesion	context	Control2	Control	Male	108	3.34203598035402
min10	IC-B	chemokine_adhesion	Chemokine / adhesion	context	Control4	Control	Male	27	3.34203598035402
min10	IC-B	chemokine_adhesion	Chemokine / adhesion	context	Control5	Control	Female	70	3.34203598035402
min10	IC-B	chemokine_adhesion	Chemokine / adhesion	context	Control6	Control	Female	45	3.34203598035402
min10	IC-B	chemokine_adhesion	Chemokine / adhesion	context	Control7	Control	Male	179	3.64903072691146
min10	IC-B	chemokine_adhesion	Chemokine / adhesion	context	UUO1	UUO	Male	59	3.34203598035402
min10	IC-B	chemokine_adhesion	Chemokine / adhesion	context	UUO2	UUO	Male	113	3.4572162598675
min10	IC-B	chemokine_adhesion	Chemokine / adhesion	context	UUO5	UUO	Male	60	3.55545743030841
min50	IC-B	ICB_base	IC-B bicarbonate handling	exploratory_transport	Control2	Control	Male	108	9.14667597361851
min50	IC-B	ICB_base	IC-B bicarbonate handling	exploratory_transport	Control5	Control	Female	70	8.78384878802969
min50	IC-B	ICB_base	IC-B bicarbonate handling	exploratory_transport	Control7	Control	Male	179	9.48291522008953
min50	IC-B	ICB_base	IC-B bicarbonate handling	exploratory_transport	UUO1	UUO	Male	59	8.86378897525409
min50	IC-B	ICB_base	IC-B bicarbonate handling	exploratory_transport	UUO2	UUO	Male	113	8.47929913592894
min50	IC-B	ICB_base	IC-B bicarbonate handling	exploratory_transport	UUO5	UUO	Male	60	9.02201572755139
min50	IC-B	epithelial_injury	Epithelial injury	context	Control2	Control	Male	108	5.04163930664543
min50	IC-B	epithelial_injury	Epithelial injury	context	Control5	Control	Female	70	5.20019765144005
min50	IC-B	epithelial_injury	Epithelial injury	context	Control7	Control	Male	179	5.00022023716229
min50	IC-B	epithelial_injury	Epithelial injury	context	UUO1	UUO	Male	59	6.04658271489016
min50	IC-B	epithelial_injury	Epithelial injury	context	UUO2	UUO	Male	113	6.1405101615186
min50	IC-B	epithelial_injury	Epithelial injury	context	UUO5	UUO	Male	60	4.60035915043314
min50	IC-B	chemokine_adhesion	Chemokine / adhesion	context	Control2	Control	Male	108	2.89390825289743
min50	IC-B	chemokine_adhesion	Chemokine / adhesion	context	Control5	Control	Female	70	2.89390825289743
min50	IC-B	chemokine_adhesion	Chemokine / adhesion	context	Control7	Control	Male	179	3.27355014822981
min50	IC-B	chemokine_adhesion	Chemokine / adhesion	context	UUO1	UUO	Male	59	2.89390825289743
min50	IC-B	chemokine_adhesion	Chemokine / adhesion	context	UUO2	UUO	Male	113	3.0419653766456
min50	IC-B	chemokine_adhesion	Chemokine / adhesion	context	UUO5	UUO	Male	60	3.16193182765456
author_healthy_states	TAL	TAL_salt	TAL salt transport	primary_transport	Control1	Control	Male	389	8.54108464711897
author_healthy_states	TAL	TAL_salt	TAL salt transport	primary_transport	Control2	Control	Male	1183	8.74664269028727
author_healthy_states	TAL	TAL_salt	TAL salt transport	primary_transport	Control3	Control	Female	90	8.89013071470606
author_healthy_states	TAL	TAL_salt	TAL salt transport	primary_transport	Control4	Control	Male	861	8.77916726509406
author_healthy_states	TAL	TAL_salt	TAL salt transport	primary_transport	Control5	Control	Female	775	8.50990781308204
author_healthy_states	TAL	TAL_salt	TAL salt transport	primary_transport	Control6	Control	Female	624	8.73155306703574
author_healthy_states	TAL	TAL_salt	TAL salt transport	primary_transport	Control7	Control	Male	583	8.44116607411867
author_healthy_states	TAL	TAL_salt	TAL salt transport	primary_transport	UUO1	UUO	Male	40	7.36478243751307
author_healthy_states	TAL	TAL_salt	TAL salt transport	primary_transport	UUO2	UUO	Male	26	7.68530324000586
author_healthy_states	TAL	TAL_salt	TAL salt transport	primary_transport	UUO3	UUO	Female	852	8.63234187911909
author_healthy_states	TAL	TAL_salt	TAL salt transport	primary_transport	UUO5	UUO	Male	1437	8.17066692343357
author_healthy_states	TAL	TAL_CaMg	TAL paracellular Ca/Mg	primary_transport	Control1	Control	Male	389	5.61280061875085
author_healthy_states	TAL	TAL_CaMg	TAL paracellular Ca/Mg	primary_transport	Control2	Control	Male	1183	6.3382975984269
author_healthy_states	TAL	TAL_CaMg	TAL paracellular Ca/Mg	primary_transport	Control3	Control	Female	90	6.66350876365687
author_healthy_states	TAL	TAL_CaMg	TAL paracellular Ca/Mg	primary_transport	Control4	Control	Male	861	5.47948420789567
author_healthy_states	TAL	TAL_CaMg	TAL paracellular Ca/Mg	primary_transport	Control5	Control	Female	775	6.34753909853085
author_healthy_states	TAL	TAL_CaMg	TAL paracellular Ca/Mg	primary_transport	Control6	Control	Female	624	5.64791065141599
author_healthy_states	TAL	TAL_CaMg	TAL paracellular Ca/Mg	primary_transport	Control7	Control	Male	583	6.22002932918883
author_healthy_states	TAL	TAL_CaMg	TAL paracellular Ca/Mg	primary_transport	UUO1	UUO	Male	40	7.59089146514393
author_healthy_states	TAL	TAL_CaMg	TAL paracellular Ca/Mg	primary_transport	UUO2	UUO	Male	26	6.02446378583581
author_healthy_states	TAL	TAL_CaMg	TAL paracellular Ca/Mg	primary_transport	UUO3	UUO	Female	852	5.97274359086219
author_healthy_states	TAL	TAL_CaMg	TAL paracellular Ca/Mg	primary_transport	UUO5	UUO	Male	1437	6.09705596932719
author_healthy_states	TAL	epithelial_injury	Epithelial injury	context	Control1	Control	Male	389	6.94970846313963
author_healthy_states	TAL	epithelial_injury	Epithelial injury	context	Control2	Control	Male	1183	7.44778514172088
author_healthy_states	TAL	epithelial_injury	Epithelial injury	context	Control3	Control	Female	90	6.62179776376295
author_healthy_states	TAL	epithelial_injury	Epithelial injury	context	Control4	Control	Male	861	6.43691486076272
author_healthy_states	TAL	epithelial_injury	Epithelial injury	context	Control5	Control	Female	775	6.82306986457668
author_healthy_states	TAL	epithelial_injury	Epithelial injury	context	Control6	Control	Female	624	6.29306831598132
author_healthy_states	TAL	epithelial_injury	Epithelial injury	context	Control7	Control	Male	583	7.01924279368499
author_healthy_states	TAL	epithelial_injury	Epithelial injury	context	UUO1	UUO	Male	40	8.59008257496779
author_healthy_states	TAL	epithelial_injury	Epithelial injury	context	UUO2	UUO	Male	26	8.80314689771263
author_healthy_states	TAL	epithelial_injury	Epithelial injury	context	UUO3	UUO	Female	852	7.85035034585402
author_healthy_states	TAL	epithelial_injury	Epithelial injury	context	UUO5	UUO	Male	1437	7.33481706169487
author_healthy_states	TAL	chemokine_adhesion	Chemokine / adhesion	context	Control1	Control	Male	389	0.579260884363232
author_healthy_states	TAL	chemokine_adhesion	Chemokine / adhesion	context	Control2	Control	Male	1183	0.467976559117686
author_healthy_states	TAL	chemokine_adhesion	Chemokine / adhesion	context	Control3	Control	Female	90	1.16310233019251
author_healthy_states	TAL	chemokine_adhesion	Chemokine / adhesion	context	Control4	Control	Male	861	0.669509341927309
author_healthy_states	TAL	chemokine_adhesion	Chemokine / adhesion	context	Control5	Control	Female	775	0.31134847732041
author_healthy_states	TAL	chemokine_adhesion	Chemokine / adhesion	context	Control6	Control	Female	624	0.359089661083283
author_healthy_states	TAL	chemokine_adhesion	Chemokine / adhesion	context	Control7	Control	Male	583	0.362418142028965
author_healthy_states	TAL	chemokine_adhesion	Chemokine / adhesion	context	UUO1	UUO	Male	40	-0.0225854563320946
author_healthy_states	TAL	chemokine_adhesion	Chemokine / adhesion	context	UUO2	UUO	Male	26	1.04841522309763
author_healthy_states	TAL	chemokine_adhesion	Chemokine / adhesion	context	UUO3	UUO	Female	852	0.258184787819852
author_healthy_states	TAL	chemokine_adhesion	Chemokine / adhesion	context	UUO5	UUO	Male	1437	0.700403182368472
macula_densa_excluded	TAL	TAL_salt	TAL salt transport	primary_transport	Control1	Control	Male	431	8.4236868777197
macula_densa_excluded	TAL	TAL_salt	TAL salt transport	primary_transport	Control2	Control	Male	1200	8.71257526890627
macula_densa_excluded	TAL	TAL_salt	TAL salt transport	primary_transport	Control3	Control	Female	102	8.82603722107606
macula_densa_excluded	TAL	TAL_salt	TAL salt transport	primary_transport	Control4	Control	Male	945	8.71661459680977
macula_densa_excluded	TAL	TAL_salt	TAL salt transport	primary_transport	Control5	Control	Female	786	8.47620773715034
macula_densa_excluded	TAL	TAL_salt	TAL salt transport	primary_transport	Control6	Control	Female	630	8.70458511981738
macula_densa_excluded	TAL	TAL_salt	TAL salt transport	primary_transport	Control7	Control	Male	635	8.38016078764496
macula_densa_excluded	TAL	TAL_salt	TAL salt transport	primary_transport	UUO1	UUO	Male	321	6.58984992627862
macula_densa_excluded	TAL	TAL_salt	TAL salt transport	primary_transport	UUO2	UUO	Male	1124	6.98280177252922
macula_densa_excluded	TAL	TAL_salt	TAL salt transport	primary_transport	UUO3	UUO	Female	1617	8.15980720057065
macula_densa_excluded	TAL	TAL_salt	TAL salt transport	primary_transport	UUO4	UUO	Male	387	7.00326853098752
macula_densa_excluded	TAL	TAL_salt	TAL salt transport	primary_transport	UUO5	UUO	Male	1734	8.00790376158371
macula_densa_excluded	TAL	TAL_CaMg	TAL paracellular Ca/Mg	primary_transport	Control1	Control	Male	431	5.5144809439483
macula_densa_excluded	TAL	TAL_CaMg	TAL paracellular Ca/Mg	primary_transport	Control2	Control	Male	1200	6.30580681003231
macula_densa_excluded	TAL	TAL_CaMg	TAL paracellular Ca/Mg	primary_transport	Control3	Control	Female	102	6.66131737124461
macula_densa_excluded	TAL	TAL_CaMg	TAL paracellular Ca/Mg	primary_transport	Control4	Control	Male	945	5.39299891041286
macula_densa_excluded	TAL	TAL_CaMg	TAL paracellular Ca/Mg	primary_transport	Control5	Control	Female	786	6.30846693949918
macula_densa_excluded	TAL	TAL_CaMg	TAL paracellular Ca/Mg	primary_transport	Control6	Control	Female	630	5.64432810719146
macula_densa_excluded	TAL	TAL_CaMg	TAL paracellular Ca/Mg	primary_transport	Control7	Control	Male	635	6.13358036686074
macula_densa_excluded	TAL	TAL_CaMg	TAL paracellular Ca/Mg	primary_transport	UUO1	UUO	Male	321	6.395716675059
macula_densa_excluded	TAL	TAL_CaMg	TAL paracellular Ca/Mg	primary_transport	UUO2	UUO	Male	1124	5.45411539580104
macula_densa_excluded	TAL	TAL_CaMg	TAL paracellular Ca/Mg	primary_transport	UUO3	UUO	Female	1617	5.62944120537898
macula_densa_excluded	TAL	TAL_CaMg	TAL paracellular Ca/Mg	primary_transport	UUO4	UUO	Male	387	5.82617067003752
macula_densa_excluded	TAL	TAL_CaMg	TAL paracellular Ca/Mg	primary_transport	UUO5	UUO	Male	1734	5.97630172664933
macula_densa_excluded	TAL	epithelial_injury	Epithelial injury	context	Control1	Control	Male	431	7.45067626506891
macula_densa_excluded	TAL	epithelial_injury	Epithelial injury	context	Control2	Control	Male	1200	7.4684112238253
macula_densa_excluded	TAL	epithelial_injury	Epithelial injury	context	Control3	Control	Female	102	7.35852375161368
macula_densa_excluded	TAL	epithelial_injury	Epithelial injury	context	Control4	Control	Male	945	6.68268665832383
macula_densa_excluded	TAL	epithelial_injury	Epithelial injury	context	Control5	Control	Female	786	6.91552844085807
macula_densa_excluded	TAL	epithelial_injury	Epithelial injury	context	Control6	Control	Female	630	6.28849401287279
macula_densa_excluded	TAL	epithelial_injury	Epithelial injury	context	Control7	Control	Male	635	7.27412381569747
macula_densa_excluded	TAL	epithelial_injury	Epithelial injury	context	UUO1	UUO	Male	321	9.86405248869695
macula_densa_excluded	TAL	epithelial_injury	Epithelial injury	context	UUO2	UUO	Male	1124	10.1860410758902
macula_densa_excluded	TAL	epithelial_injury	Epithelial injury	context	UUO3	UUO	Female	1617	9.07780778381735
macula_densa_excluded	TAL	epithelial_injury	Epithelial injury	context	UUO4	UUO	Male	387	8.97095760239623
macula_densa_excluded	TAL	epithelial_injury	Epithelial injury	context	UUO5	UUO	Male	1734	8.30492530894948
macula_densa_excluded	TAL	chemokine_adhesion	Chemokine / adhesion	context	Control1	Control	Male	431	0.467241158534914
macula_densa_excluded	TAL	chemokine_adhesion	Chemokine / adhesion	context	Control2	Control	Male	1200	0.127190965484959
macula_densa_excluded	TAL	chemokine_adhesion	Chemokine / adhesion	context	Control3	Control	Female	102	0.80341993693631
macula_densa_excluded	TAL	chemokine_adhesion	Chemokine / adhesion	context	Control4	Control	Male	945	0.381528532104776
macula_densa_excluded	TAL	chemokine_adhesion	Chemokine / adhesion	context	Control5	Control	Female	786	-0.0676681314920685
macula_densa_excluded	TAL	chemokine_adhesion	Chemokine / adhesion	context	Control6	Control	Female	630	0.00656733514241879
macula_densa_excluded	TAL	chemokine_adhesion	Chemokine / adhesion	context	Control7	Control	Male	635	0.245897936390486
macula_densa_excluded	TAL	chemokine_adhesion	Chemokine / adhesion	context	UUO1	UUO	Male	321	2.89390384408968
macula_densa_excluded	TAL	chemokine_adhesion	Chemokine / adhesion	context	UUO2	UUO	Male	1124	2.31762695869519
macula_densa_excluded	TAL	chemokine_adhesion	Chemokine / adhesion	context	UUO3	UUO	Female	1617	1.23196710611464
macula_densa_excluded	TAL	chemokine_adhesion	Chemokine / adhesion	context	UUO4	UUO	Male	387	1.65234666842965
macula_densa_excluded	TAL	chemokine_adhesion	Chemokine / adhesion	context	UUO5	UUO	Male	1734	0.715665224035449
