sample	FeatureNum	ProbeName	mouse_symbol	ControlType	GeneName	SystematicName	LogRatio	gSurrogateUsed	rSurrogateUsed	gIsFound	rIsFound	gIsWellAboveBG	rIsWellAboveBG	gIsSaturated	rIsSaturated	gIsFeatNonUnifOL	rIsFeatNonUnifOL	gIsFeatPopnOL	rIsFeatPopnOL	IsManualFlag
GSM2533478	2344	A_51_P335801	Calb1	0	Calb1	NM_009788	2.020803387	0.0	0.0	1.0	1.0	0	1	0	0	0	0	0	0	0
GSM2533478	3560	A_51_P230799	Atp2b1	0	Atp2b1	NM_026482	-0.1978255086	0.0	2.45424	1.0	1.0	1	0	0	0	0	0	0	0	0
GSM2533478	5551	A_51_P243073	Trpm6	0	Trpm6	AK080899	0.0	4.71422	2.15144	0.0	0.0	0	0	0	0	0	0	0	0	0
GSM2533478	5837	A_51_P428512	Cldn16	0	Cldn16	NM_053241	0.0	4.88452	2.20239	0.0	0.0	0	0	0	0	0	0	0	0	0
GSM2533478	5868	A_51_P281586	Cnnm2	0	Cnnm2	NM_033569	0.4690830422	0.0	0.0	1.0	1.0	1	0	0	0	0	0	0	0	0
GSM2533478	7768	A_51_P335801	Calb1	0	Calb1	NM_009788	1.903555655	4.51796	0.0	1.0	1.0	0	1	0	0	0	0	0	0	0
GSM2533478	10045	A_51_P442227	Slc12a1	0	Slc12a1	U61381	0.0	4.49226	1.94914	0.0	0.0	0	0	0	0	0	0	0	0	0
GSM2533478	10087	A_52_P260659	Kcnj10	0	Kcnj10	NM_001039484	0.6740408274	4.45338	0.0	1.0	1.0	0	0	0	0	0	0	0	0	0
GSM2533478	11353	A_51_P335801	Calb1	0	Calb1	NM_009788	1.986521868	0.0	0.0	1.0	1.0	0	1	0	0	0	0	0	0	0
GSM2533478	11562	A_51_P300817	Atp1a1	0	Atp1a1	NM_144900	1.336346403	0.0	0.0	1.0	1.0	1	1	0	0	0	0	0	0	0
GSM2533478	12114	A_51_P151484	Atp1b1	0	Atp1b1	NM_009721	1.546713229	0.0	0.0	1.0	1.0	1	1	0	0	0	0	0	0	0
GSM2533478	12522	A_51_P335801	Calb1	0	Calb1	NM_009788	2.056895506	0.0	0.0	1.0	1.0	0	1	0	0	0	0	0	0	0
GSM2533478	12999	A_52_P348986	Atp2b1	0	Atp2b1	NM_026482	-0.09581375645	0.0	0.0	1.0	1.0	1	1	0	0	0	0	0	0	0
GSM2533478	13287	A_52_P26118	Slc12a1	0	Slc12a1	NM_001079690	1.443211206	0.0	0.0	1.0	1.0	1	1	0	0	0	0	0	0	0
GSM2533478	15381	A_51_P352572	Clcnkb	0	Clcnkb	NM_019701	0.6862094139	0.0	0.0	1.0	1.0	1	1	0	0	0	0	0	0	0
GSM2533478	15729	A_51_P335801	Calb1	0	Calb1	NM_009788	2.151725123	4.50087	0.0	1.0	1.0	0	1	0	0	0	0	0	0	0
GSM2533478	15983	A_52_P550331	Kcnj16	0	Kcnj16	NM_010604	1.260195443	4.53652	0.0	1.0	1.0	0	0	0	0	0	0	0	0	0
GSM2533478	16664	A_51_P277373	Slc8a1	0	Slc8a1	AF004666	-0.009188310717	0.0	1.83209	0.0	0.0	0	0	0	0	0	0	0	0	0
GSM2533478	18179	A_52_P313284	Slc8a1	0	Slc8a1	AF108396	-0.3000502157	0.0	1.68321	1.0	1.0	1	0	0	0	0	0	0	0	0
GSM2533478	18232	A_51_P171332	Cldn19	0	Cldn19	NM_153105	-0.2766117489	0.0	1.614	1.0	1.0	1	0	0	0	0	0	0	0	0
GSM2533478	18861	A_51_P239601	Trpv5	0	Trpv5	NM_001007572	0.2971695763	4.21539	0.0	0.0	0.0	0	0	0	0	0	0	0	0	0
GSM2533478	19028	A_52_P231461	Slc8a1	0	Slc8a1	NM_011406	0.1190223435	4.16013	0.0	1.0	1.0	0	0	0	0	0	0	0	0	0
GSM2533478	20241	A_51_P335801	Calb1	0	Calb1	NM_009788	2.098564317	0.0	0.0	1.0	1.0	0	1	0	0	0	0	0	0	0
GSM2533478	22525	A_52_P562704	Slc8a1	0	Slc8a1	NM_011406	-0.3882339348	0.0	1.67462	1.0	1.0	1	0	0	0	0	0	0	0	0
GSM2533478	22740	A_52_P550325	Kcnj16	0	Kcnj16	NM_010604	3.113914001	0.0	0.0	1.0	1.0	1	1	0	0	0	0	0	0	0
GSM2533478	23878	A_51_P335801	Calb1	0	Calb1	NM_009788	2.03376552	4.16656	0.0	1.0	1.0	0	1	0	0	0	0	0	0	0
GSM2533478	26196	A_51_P357773	Kcnj16	0	Kcnj16	NM_010604	1.288346071	4.37137	0.0	1.0	1.0	0	1	0	0	0	0	0	0	0
GSM2533478	26242	A_52_P499907	Kcnj1	0	Kcnj1	NM_019659	2.58264487	0.0	0.0	1.0	1.0	0	1	0	0	0	0	0	0	0
GSM2533478	27676	A_52_P351913	Atp2b1	0	Atp2b1	AK053569	-0.4887174723	0.0	1.54091	1.0	1.0	1	0	0	0	0	0	0	0	0
GSM2533478	29730	A_52_P611783	Fxyd2	0	Fxyd2	NM_052824	2.483443228	0.0	0.0	1.0	1.0	1	1	0	0	0	0	0	0	0
GSM2533478	29964	A_51_P335801	Calb1	0	Calb1	NM_009788	2.081704699	0.0	0.0	1.0	1.0	0	1	0	0	0	0	0	0	0
GSM2533478	30753	A_51_P335801	Calb1	0	Calb1	NM_009788	1.932824302	0.0	0.0	1.0	1.0	0	1	0	0	0	0	0	0	0
GSM2533478	31276	A_52_P23661	Cldn19	0	Cldn19	NM_001038590	0.4430617527	0.0	0.0	1.0	1.0	1	0	0	0	0	0	0	0	0
GSM2533478	33630	A_52_P244931	Slc8a1	0	Slc8a1	AK048160	0.0	4.36394	1.63777	1.0	1.0	0	0	0	0	0	0	0	0	0
GSM2533478	37269	A_51_P445985	Slc12a3	0	Slc12a3	NM_019415	1.788205335	0.0	0.0	1.0	1.0	0	1	0	0	0	0	0	0	0
GSM2533478	38687	A_52_P515497	Atp1a1	0	Atp1a1	NM_144900	1.215257105	0.0	0.0	1.0	1.0	1	1	0	0	0	0	0	0	0
GSM2533478	40389	A_52_P184322	Trpm6	0	Trpm6	NM_153417	0.4424560395	0.0	0.0	1.0	1.0	0	0	0	0	0	0	0	0	0
GSM2533478	40926	A_51_P197499	Bsnd	0	Bsnd	NM_080458	-0.139868511	0.0	0.0	0.0	0.0	1	0	0	0	0	0	0	0	0
GSM2533478	44562	A_51_P335801	Calb1	0	Calb1	NM_009788	1.793345194	6.67473	0.0	1.0	1.0	0	1	0	0	0	0	1	0	0
GSM2533478	44811	A_51_P222543	Atp2b1	0	Atp2b1	BI080417	-0.2467257365	0.0	0.0	1.0	1.0	1	0	0	0	0	0	0	0	0
GSM2533478	45034	A_52_P152274	Clcnka	0	Clcnka	NM_024412	-0.2173443982	0.0	1.7771	1.0	1.0	1	0	0	0	0	0	0	0	0
GSM2533479	2344	A_51_P335801	Calb1	0	Calb1	NM_009788	2.121557104	5.79916	0.0	1.0	1.0	0	1	0	0	0	0	0	0	0
GSM2533479	3560	A_51_P230799	Atp2b1	0	Atp2b1	NM_026482	-0.138602127	0.0	2.87461	1.0	1.0	1	0	0	0	0	0	0	0	0
GSM2533479	5551	A_51_P243073	Trpm6	0	Trpm6	AK080899	0.4747728113	5.25182	0.0	0.0	0.0	0	0	0	0	0	0	0	0	0
GSM2533479	5837	A_51_P428512	Cldn16	0	Cldn16	NM_053241	0.0	5.48259	2.58875	1.0	1.0	0	0	0	0	0	0	0	0	0
GSM2533479	5868	A_51_P281586	Cnnm2	0	Cnnm2	NM_033569	0.05200169953	0.0	0.0	1.0	1.0	1	0	0	0	0	0	0	0	0
GSM2533479	7768	A_51_P335801	Calb1	0	Calb1	NM_009788	2.057937176	5.047	0.0	1.0	1.0	0	1	0	0	0	0	0	0	0
GSM2533479	10045	A_51_P442227	Slc12a1	0	Slc12a1	U61381	0.0	5.01873	2.25488	0.0	0.0	0	0	0	0	0	0	0	0	0
GSM2533479	10087	A_52_P260659	Kcnj10	0	Kcnj10	NM_001039484	1.360547825	5.03375	0.0	1.0	1.0	0	0	0	0	0	0	0	0	0
GSM2533479	11353	A_51_P335801	Calb1	0	Calb1	NM_009788	2.29877042	4.82625	0.0	1.0	1.0	0	1	0	0	0	0	0	0	0
GSM2533479	11562	A_51_P300817	Atp1a1	0	Atp1a1	NM_144900	1.321199821	0.0	0.0	1.0	1.0	1	1	0	0	0	0	0	0	0
GSM2533479	12114	A_51_P151484	Atp1b1	0	Atp1b1	NM_009721	1.524811004	0.0	0.0	1.0	1.0	1	1	0	0	0	0	0	0	0
GSM2533479	12522	A_51_P335801	Calb1	0	Calb1	NM_009788	2.111297258	0.0	0.0	1.0	1.0	0	1	0	0	0	0	0	0	0
GSM2533479	12999	A_52_P348986	Atp2b1	0	Atp2b1	NM_026482	-0.1895301687	0.0	0.0	1.0	1.0	1	1	0	0	0	0	0	0	0
GSM2533479	13287	A_52_P26118	Slc12a1	0	Slc12a1	NM_001079690	1.6791708	0.0	0.0	1.0	1.0	1	1	0	0	0	0	0	0	0
GSM2533479	15381	A_51_P352572	Clcnkb	0	Clcnkb	NM_019701	0.9207187144	0.0	0.0	1.0	1.0	0	0	0	0	0	0	0	0	0
GSM2533479	15729	A_51_P335801	Calb1	0	Calb1	NM_009788	2.294520924	4.97887	0.0	1.0	1.0	0	1	0	0	0	0	0	0	0
GSM2533479	15983	A_52_P550331	Kcnj16	0	Kcnj16	NM_010604	1.56355354	5.00297	0.0	1.0	1.0	0	1	0	0	0	0	0	0	0
GSM2533479	16664	A_51_P277373	Slc8a1	0	Slc8a1	AF004666	0.0	4.9737	2.10026	1.0	1.0	0	0	0	0	0	0	0	0	0
GSM2533479	18179	A_52_P313284	Slc8a1	0	Slc8a1	AF108396	-0.2765552072	0.0	2.12069	1.0	1.0	1	0	0	0	0	0	0	0	0
GSM2533479	18232	A_51_P171332	Cldn19	0	Cldn19	NM_153105	-0.1598399185	0.0	0.0	1.0	1.0	1	0	0	0	0	0	0	0	0
GSM2533479	18861	A_51_P239601	Trpv5	0	Trpv5	NM_001007572	-0.09695716744	0.0	2.10939	1.0	1.0	0	0	0	0	0	0	0	0	0
GSM2533479	19028	A_52_P231461	Slc8a1	0	Slc8a1	NM_011406	0.0	4.79016	2.0821	0.0	0.0	0	0	0	0	0	0	0	0	0
GSM2533479	20241	A_51_P335801	Calb1	0	Calb1	NM_009788	2.074596963	0.0	0.0	1.0	1.0	0	1	0	0	0	0	1	0	0
GSM2533479	22525	A_52_P562704	Slc8a1	0	Slc8a1	NM_011406	-0.2539782128	0.0	2.04801	1.0	1.0	1	0	0	0	0	0	0	0	0
GSM2533479	22740	A_52_P550325	Kcnj16	0	Kcnj16	NM_010604	3.073705633	0.0	0.0	1.0	1.0	1	1	0	0	0	0	0	0	0
GSM2533479	23878	A_51_P335801	Calb1	0	Calb1	NM_009788	2.185983357	0.0	0.0	1.0	1.0	0	1	0	0	0	0	0	0	0
GSM2533479	26196	A_51_P357773	Kcnj16	0	Kcnj16	NM_010604	1.390434593	4.84115	0.0	1.0	1.0	0	1	0	0	0	0	0	0	0
GSM2533479	26242	A_52_P499907	Kcnj1	0	Kcnj1	NM_019659	3.055601192	0.0	0.0	1.0	1.0	0	1	0	0	0	0	0	0	0
GSM2533479	27676	A_52_P351913	Atp2b1	0	Atp2b1	AK053569	-0.4280899417	0.0	1.78861	1.0	1.0	1	0	0	0	0	0	0	0	0
GSM2533479	29730	A_52_P611783	Fxyd2	0	Fxyd2	NM_052824	2.47040808	0.0	0.0	1.0	1.0	1	1	0	0	0	0	0	0	0
GSM2533479	29964	A_51_P335801	Calb1	0	Calb1	NM_009788	2.185758878	0.0	0.0	1.0	1.0	0	1	0	0	0	0	0	0	0
GSM2533479	30753	A_51_P335801	Calb1	0	Calb1	NM_009788	2.120113858	0.0	0.0	1.0	1.0	0	1	0	0	0	0	0	0	0
GSM2533479	31276	A_52_P23661	Cldn19	0	Cldn19	NM_001038590	0.0195948783	0.0	0.0	1.0	1.0	1	0	0	0	0	0	0	0	0
GSM2533479	33630	A_52_P244931	Slc8a1	0	Slc8a1	AK048160	-0.0641475378	0.0	1.78433	1.0	1.0	0	0	0	0	0	0	0	0	0
GSM2533479	37269	A_51_P445985	Slc12a3	0	Slc12a3	NM_019415	1.88719896	0.0	0.0	1.0	1.0	0	1	0	0	0	0	0	0	0
GSM2533479	38687	A_52_P515497	Atp1a1	0	Atp1a1	NM_144900	1.322760824	0.0	0.0	1.0	1.0	1	1	0	0	0	0	0	0	0
GSM2533479	40389	A_52_P184322	Trpm6	0	Trpm6	NM_153417	-0.01101597981	0.0	2.22099	1.0	1.0	0	0	0	0	0	0	0	0	0
GSM2533479	40926	A_51_P197499	Bsnd	0	Bsnd	NM_080458	-0.2304360326	0.0	1.95712	1.0	1.0	1	0	0	0	0	0	0	0	0
GSM2533479	44562	A_51_P335801	Calb1	0	Calb1	NM_009788	2.28213784	6.8535	0.0	1.0	1.0	0	1	0	0	0	0	1	0	0
GSM2533479	44811	A_51_P222543	Atp2b1	0	Atp2b1	BI080417	-0.08925865805	0.0	0.0	1.0	1.0	1	0	0	0	0	0	0	0	0
GSM2533479	45034	A_52_P152274	Clcnka	0	Clcnka	NM_024412	0.1289586607	0.0	0.0	1.0	1.0	1	0	0	0	0	0	0	0	0
GSM2533480	2344	A_51_P335801	Calb1	0	Calb1	NM_009788	2.581586256	5.67343	0.0	1.0	1.0	0	1	0	0	0	0	0	0	0
GSM2533480	3560	A_51_P230799	Atp2b1	0	Atp2b1	NM_026482	-0.3187408561	0.0	2.67019	1.0	1.0	1	0	0	0	0	0	0	0	0
GSM2533480	5551	A_51_P243073	Trpm6	0	Trpm6	AK080899	0.0	5.12702	2.21058	0.0	0.0	0	0	0	0	0	0	0	0	0
GSM2533480	5837	A_51_P428512	Cldn16	0	Cldn16	NM_053241	0.6855244381	5.43188	0.0	1.0	1.0	0	0	0	0	0	0	0	0	0
GSM2533480	5868	A_51_P281586	Cnnm2	0	Cnnm2	NM_033569	0.2631654773	0.0	0.0	1.0	1.0	1	0	0	0	0	0	0	0	0
GSM2533480	7768	A_51_P335801	Calb1	0	Calb1	NM_009788	2.532067742	0.0	0.0	1.0	1.0	0	1	0	0	0	0	0	0	0
GSM2533480	10045	A_51_P442227	Slc12a1	0	Slc12a1	U61381	0.0	4.90061	2.00486	1.0	1.0	0	0	0	0	0	0	0	0	0
GSM2533480	10087	A_52_P260659	Kcnj10	0	Kcnj10	NM_001039484	1.908550022	4.99576	0.0	1.0	1.0	0	1	0	0	0	0	0	0	0
GSM2533480	11353	A_51_P335801	Calb1	0	Calb1	NM_009788	2.401280984	0.0	0.0	1.0	1.0	0	1	0	0	0	0	0	0	0
GSM2533480	11562	A_51_P300817	Atp1a1	0	Atp1a1	NM_144900	1.317811736	0.0	0.0	1.0	1.0	1	1	0	0	0	0	0	0	0
GSM2533480	12114	A_51_P151484	Atp1b1	0	Atp1b1	NM_009721	1.671821001	0.0	0.0	1.0	1.0	1	1	0	0	0	0	0	0	0
GSM2533480	12522	A_51_P335801	Calb1	0	Calb1	NM_009788	2.241490282	0.0	0.0	1.0	1.0	0	1	0	0	0	0	0	0	0
GSM2533480	12999	A_52_P348986	Atp2b1	0	Atp2b1	NM_026482	-0.2775925074	0.0	0.0	1.0	1.0	1	1	0	0	0	0	0	0	0
GSM2533480	13287	A_52_P26118	Slc12a1	0	Slc12a1	NM_001079690	1.622502929	0.0	0.0	1.0	1.0	1	1	0	0	0	0	0	0	0
GSM2533480	15381	A_51_P352572	Clcnkb	0	Clcnkb	NM_019701	1.073987241	0.0	0.0	1.0	1.0	1	1	0	0	0	0	0	0	0
GSM2533480	15729	A_51_P335801	Calb1	0	Calb1	NM_009788	2.627172489	4.80289	0.0	1.0	1.0	0	1	0	0	0	0	0	0	0
GSM2533480	15983	A_52_P550331	Kcnj16	0	Kcnj16	NM_010604	2.351614435	4.81396	0.0	1.0	1.0	0	1	0	0	0	0	0	0	0
GSM2533480	16664	A_51_P277373	Slc8a1	0	Slc8a1	AF004666	0.3762131889	4.78826	0.0	1.0	1.0	0	0	0	0	0	0	0	0	0
GSM2533480	18179	A_52_P313284	Slc8a1	0	Slc8a1	AF108396	-0.04624035022	0.0	0.0	1.0	1.0	1	0	0	0	0	0	0	0	0
GSM2533480	18232	A_51_P171332	Cldn19	0	Cldn19	NM_153105	-0.2543518162	0.0	1.75043	0.0	0.0	1	0	0	0	0	0	0	0	0
GSM2533480	18861	A_51_P239601	Trpv5	0	Trpv5	NM_001007572	0.9852050231	0.0	0.0	1.0	1.0	0	0	0	0	0	0	0	0	0
GSM2533480	19028	A_52_P231461	Slc8a1	0	Slc8a1	NM_011406	0.0	4.6956	1.86556	1.0	1.0	0	0	0	0	0	0	0	0	0
GSM2533480	20241	A_51_P335801	Calb1	0	Calb1	NM_009788	2.364282181	0.0	0.0	1.0	1.0	0	1	0	0	0	0	0	0	0
GSM2533480	22525	A_52_P562704	Slc8a1	0	Slc8a1	NM_011406	-0.2240888903	0.0	0.0	1.0	1.0	1	0	0	0	0	0	0	0	0
GSM2533480	22740	A_52_P550325	Kcnj16	0	Kcnj16	NM_010604	3.128747799	0.0	0.0	1.0	1.0	1	1	0	0	0	0	0	0	0
GSM2533480	23878	A_51_P335801	Calb1	0	Calb1	NM_009788	2.410556313	0.0	0.0	1.0	1.0	0	1	0	0	0	0	0	0	0
GSM2533480	26196	A_51_P357773	Kcnj16	0	Kcnj16	NM_010604	2.35314612	4.72073	0.0	1.0	1.0	0	1	0	0	0	0	0	0	0
GSM2533480	26242	A_52_P499907	Kcnj1	0	Kcnj1	NM_019659	3.13771309	0.0	0.0	1.0	1.0	0	1	0	0	0	0	0	0	0
GSM2533480	27676	A_52_P351913	Atp2b1	0	Atp2b1	AK053569	0.01200372077	0.0	0.0	1.0	1.0	1	0	0	0	0	0	0	0	0
GSM2533480	29730	A_52_P611783	Fxyd2	0	Fxyd2	NM_052824	2.532205398	0.0	0.0	1.0	1.0	1	1	0	0	0	0	0	0	0
GSM2533480	29964	A_51_P335801	Calb1	0	Calb1	NM_009788	2.413646393	0.0	0.0	1.0	1.0	0	1	0	0	0	0	0	0	0
GSM2533480	30753	A_51_P335801	Calb1	0	Calb1	NM_009788	2.060979936	0.0	0.0	1.0	1.0	1	1	0	0	0	0	0	0	0
GSM2533480	31276	A_52_P23661	Cldn19	0	Cldn19	NM_001038590	0.9917293333	0.0	0.0	1.0	1.0	1	1	0	0	0	0	0	0	0
GSM2533480	33630	A_52_P244931	Slc8a1	0	Slc8a1	AK048160	-0.1905942514	0.0	1.67409	1.0	1.0	0	0	0	0	0	0	0	0	0
GSM2533480	37269	A_51_P445985	Slc12a3	0	Slc12a3	NM_019415	2.37065285	0.0	0.0	1.0	1.0	0	1	0	0	0	0	0	0	0
GSM2533480	38687	A_52_P515497	Atp1a1	0	Atp1a1	NM_144900	1.244733397	0.0	0.0	1.0	1.0	1	1	0	0	0	0	0	0	0
GSM2533480	40389	A_52_P184322	Trpm6	0	Trpm6	NM_153417	-0.05657495645	0.0	2.05893	1.0	1.0	0	0	0	0	0	0	0	0	0
GSM2533480	40926	A_51_P197499	Bsnd	0	Bsnd	NM_080458	0.1110846422	0.0	0.0	0.0	0.0	1	0	0	0	0	0	0	0	0
GSM2533480	44562	A_51_P335801	Calb1	0	Calb1	NM_009788	2.567810806	6.78052	0.0	1.0	1.0	0	1	0	0	0	0	0	0	0
GSM2533480	44811	A_51_P222543	Atp2b1	0	Atp2b1	BI080417	-0.2075150428	0.0	0.0	1.0	1.0	1	0	0	0	0	0	0	0	0
GSM2533480	45034	A_52_P152274	Clcnka	0	Clcnka	NM_024412	0.1316083224	0.0	0.0	1.0	1.0	0	0	0	0	0	0	0	0	0
GSM2533481	2344	A_51_P335801	Calb1	0	Calb1	NM_009788	2.18053773	6.8065	0.0	1.0	1.0	0	1	0	0	0	0	0	0	0
GSM2533481	3560	A_51_P230799	Atp2b1	0	Atp2b1	NM_026482	-0.09935886853	0.0	2.68216	1.0	1.0	1	0	0	0	0	0	0	0	0
GSM2533481	5551	A_51_P243073	Trpm6	0	Trpm6	AK080899	0.0	6.19099	2.28668	0.0	0.0	0	0	0	0	0	0	0	0	0
GSM2533481	5837	A_51_P428512	Cldn16	0	Cldn16	NM_053241	0.0	6.55432	2.47711	1.0	1.0	0	0	0	0	0	0	0	0	0
GSM2533481	5868	A_51_P281586	Cnnm2	0	Cnnm2	NM_033569	0.1913665513	0.0	0.0	1.0	1.0	1	0	0	0	0	0	0	0	0
GSM2533481	7768	A_51_P335801	Calb1	0	Calb1	NM_009788	2.432859177	5.97418	0.0	1.0	1.0	0	1	0	0	0	0	0	0	0
GSM2533481	10045	A_51_P442227	Slc12a1	0	Slc12a1	U61381	0.0	5.90274	2.08409	1.0	1.0	0	0	0	0	0	0	0	0	0
GSM2533481	10087	A_52_P260659	Kcnj10	0	Kcnj10	NM_001039484	1.057345826	6.02966	0.0	1.0	1.0	0	0	0	0	0	0	0	0	0
GSM2533481	11353	A_51_P335801	Calb1	0	Calb1	NM_009788	2.283615009	5.73516	0.0	1.0	1.0	0	1	0	0	0	0	0	0	0
GSM2533481	11562	A_51_P300817	Atp1a1	0	Atp1a1	NM_144900	1.301497945	0.0	0.0	1.0	1.0	1	1	0	0	0	0	0	0	0
GSM2533481	12114	A_51_P151484	Atp1b1	0	Atp1b1	NM_009721	1.566791114	0.0	0.0	1.0	1.0	1	1	0	0	0	0	0	0	0
GSM2533481	12522	A_51_P335801	Calb1	0	Calb1	NM_009788	2.29219788	5.57384	0.0	1.0	1.0	0	1	0	0	0	0	0	0	0
GSM2533481	12999	A_52_P348986	Atp2b1	0	Atp2b1	NM_026482	-0.1178739319	0.0	0.0	1.0	1.0	1	1	0	0	0	0	0	0	0
GSM2533481	13287	A_52_P26118	Slc12a1	0	Slc12a1	NM_001079690	0.9834048454	0.0	0.0	1.0	1.0	1	1	0	0	0	0	0	0	0
GSM2533481	15381	A_51_P352572	Clcnkb	0	Clcnkb	NM_019701	0.8739128156	0.0	0.0	1.0	1.0	0	0	0	0	0	0	0	0	0
GSM2533481	15729	A_51_P335801	Calb1	0	Calb1	NM_009788	2.345720652	0.0	0.0	1.0	1.0	0	1	0	0	0	0	0	0	0
GSM2533481	15983	A_52_P550331	Kcnj16	0	Kcnj16	NM_010604	0.8660783945	5.70484	0.0	1.0	1.0	0	0	0	0	0	0	0	0	0
GSM2533481	16664	A_51_P277373	Slc8a1	0	Slc8a1	AF004666	0.03956480969	0.0	0.0	1.0	1.0	0	0	0	0	0	0	0	0	0
GSM2533481	18179	A_52_P313284	Slc8a1	0	Slc8a1	AF108396	-0.1110123199	0.0	2.1292	1.0	1.0	1	0	0	0	0	0	0	0	0
GSM2533481	18232	A_51_P171332	Cldn19	0	Cldn19	NM_153105	-0.2282739272	0.0	1.75945	1.0	1.0	1	0	0	0	0	0	0	0	0
GSM2533481	18861	A_51_P239601	Trpv5	0	Trpv5	NM_001007572	0.0	5.70849	2.13995	1.0	1.0	0	0	0	0	0	0	0	0	0
GSM2533481	19028	A_52_P231461	Slc8a1	0	Slc8a1	NM_011406	0.0	5.64812	2.08957	1.0	1.0	0	0	0	0	0	0	0	0	0
GSM2533481	20241	A_51_P335801	Calb1	0	Calb1	NM_009788	2.470299395	0.0	0.0	1.0	1.0	0	1	0	0	0	0	0	0	0
GSM2533481	22525	A_52_P562704	Slc8a1	0	Slc8a1	NM_011406	-0.1255601105	0.0	2.19316	1.0	1.0	1	0	0	0	0	0	0	0	0
GSM2533481	22740	A_52_P550325	Kcnj16	0	Kcnj16	NM_010604	3.259990649	0.0	0.0	1.0	1.0	0	1	0	0	0	0	0	0	0
GSM2533481	23878	A_51_P335801	Calb1	0	Calb1	NM_009788	2.324860708	5.59723	0.0	1.0	1.0	0	1	0	0	0	0	0	0	0
GSM2533481	26196	A_51_P357773	Kcnj16	0	Kcnj16	NM_010604	0.8606363142	5.48272	0.0	1.0	1.0	0	0	0	0	0	0	0	0	0
GSM2533481	26242	A_52_P499907	Kcnj1	0	Kcnj1	NM_019659	2.601141098	5.30598	0.0	1.0	1.0	0	1	0	0	0	0	0	0	0
GSM2533481	27676	A_52_P351913	Atp2b1	0	Atp2b1	AK053569	-0.4284422857	0.0	1.67332	1.0	1.0	1	0	0	0	0	0	0	0	0
GSM2533481	29730	A_52_P611783	Fxyd2	0	Fxyd2	NM_052824	2.750224266	0.0	0.0	1.0	1.0	1	1	0	0	0	0	0	0	0
GSM2533481	29964	A_51_P335801	Calb1	0	Calb1	NM_009788	2.292722055	5.28396	0.0	1.0	1.0	0	1	0	0	0	0	0	0	0
GSM2533481	30753	A_51_P335801	Calb1	0	Calb1	NM_009788	2.220707099	5.58492	0.0	1.0	1.0	0	1	0	0	0	0	0	0	0
GSM2533481	31276	A_52_P23661	Cldn19	0	Cldn19	NM_001038590	0.172444686	0.0	0.0	1.0	1.0	1	0	0	0	0	0	0	0	0
GSM2533481	33630	A_52_P244931	Slc8a1	0	Slc8a1	AK048160	0.0	5.59127	1.75027	1.0	1.0	0	0	0	0	0	0	0	0	0
GSM2533481	37269	A_51_P445985	Slc12a3	0	Slc12a3	NM_019415	1.830347573	6.01584	0.0	1.0	1.0	0	1	0	0	0	0	0	0	0
GSM2533481	38687	A_52_P515497	Atp1a1	0	Atp1a1	NM_144900	1.328058724	0.0	0.0	1.0	1.0	1	1	0	0	0	0	0	0	0
GSM2533481	40389	A_52_P184322	Trpm6	0	Trpm6	NM_153417	-0.06187149888	0.0	2.0946	1.0	1.0	0	0	0	0	0	0	0	0	0
GSM2533481	40926	A_51_P197499	Bsnd	0	Bsnd	NM_080458	-0.1296443612	0.0	1.90529	1.0	1.0	0	0	0	0	0	0	0	0	0
GSM2533481	44562	A_51_P335801	Calb1	0	Calb1	NM_009788	2.273296969	7.67358	0.0	1.0	1.0	0	1	0	0	0	0	0	0	0
GSM2533481	44811	A_51_P222543	Atp2b1	0	Atp2b1	BI080417	-0.4995562463	0.0	2.2878	1.0	1.0	1	0	0	0	0	0	0	0	0
GSM2533481	45034	A_52_P152274	Clcnka	0	Clcnka	NM_024412	-0.05920886524	0.0	2.10444	1.0	1.0	0	0	0	0	0	0	0	0	0
GSM2533482	2344	A_51_P335801	Calb1	0	Calb1	NM_009788	2.082825814	0.0	0.0	1.0	1.0	1	1	0	0	0	0	0	0	0
GSM2533482	3560	A_51_P230799	Atp2b1	0	Atp2b1	NM_026482	-0.2005627346	0.0	0.0	1.0	1.0	1	1	0	0	0	0	0	0	0
GSM2533482	5551	A_51_P243073	Trpm6	0	Trpm6	AK080899	0.0	3.33797	3.29498	0.0	0.0	0	0	0	0	0	0	0	0	0
GSM2533482	5837	A_51_P428512	Cldn16	0	Cldn16	NM_053241	1.704147484	0.0	0.0	1.0	1.0	0	1	0	0	0	0	0	0	0
GSM2533482	5868	A_51_P281586	Cnnm2	0	Cnnm2	NM_033569	0.7747684432	0.0	0.0	1.0	1.0	1	1	0	0	0	0	0	0	0
GSM2533482	7768	A_51_P335801	Calb1	0	Calb1	NM_009788	1.855125504	0.0	0.0	1.0	1.0	1	1	0	0	0	0	1	0	0
GSM2533482	10045	A_51_P442227	Slc12a1	0	Slc12a1	U61381	0.0	3.1348	3.12952	1.0	1.0	0	0	0	0	0	0	0	0	0
GSM2533482	10087	A_52_P260659	Kcnj10	0	Kcnj10	NM_001039484	2.072689817	0.0	0.0	1.0	1.0	0	1	0	0	0	0	0	0	0
GSM2533482	11353	A_51_P335801	Calb1	0	Calb1	NM_009788	2.11135618	0.0	0.0	1.0	1.0	1	1	0	0	0	0	0	0	0
GSM2533482	11562	A_51_P300817	Atp1a1	0	Atp1a1	NM_144900	1.099836254	0.0	0.0	1.0	1.0	1	1	0	0	0	0	0	0	0
GSM2533482	12114	A_51_P151484	Atp1b1	0	Atp1b1	NM_009721	1.61446762	0.0	0.0	1.0	1.0	1	1	0	0	0	0	0	0	0
GSM2533482	12522	A_51_P335801	Calb1	0	Calb1	NM_009788	2.063963688	0.0	0.0	1.0	1.0	1	1	0	0	0	0	0	0	0
GSM2533482	12999	A_52_P348986	Atp2b1	0	Atp2b1	NM_026482	-0.1519523031	0.0	0.0	1.0	1.0	1	1	0	0	0	0	0	0	0
GSM2533482	13287	A_52_P26118	Slc12a1	0	Slc12a1	NM_001079690	2.097398332	0.0	0.0	1.0	1.0	1	1	0	0	0	0	0	0	0
GSM2533482	15381	A_51_P352572	Clcnkb	0	Clcnkb	NM_019701	1.128138105	0.0	0.0	1.0	1.0	1	1	0	0	0	0	0	0	0
GSM2533482	15729	A_51_P335801	Calb1	0	Calb1	NM_009788	2.101216609	0.0	0.0	1.0	1.0	1	1	0	0	0	0	0	0	0
GSM2533482	15983	A_52_P550331	Kcnj16	0	Kcnj16	NM_010604	2.629816835	2.90858	0.0	1.0	1.0	0	1	0	0	0	0	0	0	0
GSM2533482	16664	A_51_P277373	Slc8a1	0	Slc8a1	AF004666	1.319338667	2.88095	0.0	1.0	1.0	0	1	0	0	0	0	0	0	0
GSM2533482	18179	A_52_P313284	Slc8a1	0	Slc8a1	AF108396	0.1544332037	0.0	0.0	1.0	1.0	1	1	0	0	0	0	0	0	0
GSM2533482	18232	A_51_P171332	Cldn19	0	Cldn19	NM_153105	1.390735438	0.0	0.0	1.0	1.0	1	1	0	0	0	0	0	0	0
GSM2533482	18861	A_51_P239601	Trpv5	0	Trpv5	NM_001007572	1.638065319	2.75151	0.0	1.0	1.0	0	1	0	0	0	0	0	0	0
GSM2533482	19028	A_52_P231461	Slc8a1	0	Slc8a1	NM_011406	0.3945238697	2.73568	0.0	1.0	1.0	0	0	0	0	0	0	0	0	0
GSM2533482	20241	A_51_P335801	Calb1	0	Calb1	NM_009788	1.971503915	0.0	0.0	1.0	1.0	1	1	0	0	0	0	1	0	0
GSM2533482	22525	A_52_P562704	Slc8a1	0	Slc8a1	NM_011406	0.3006142411	0.0	0.0	1.0	1.0	1	1	0	0	0	0	0	0	0
GSM2533482	22740	A_52_P550325	Kcnj16	0	Kcnj16	NM_010604	2.143282432	0.0	0.0	1.0	1.0	1	1	0	0	0	0	0	0	0
GSM2533482	23878	A_51_P335801	Calb1	0	Calb1	NM_009788	2.060404816	0.0	0.0	1.0	1.0	1	1	0	0	0	0	0	0	0
GSM2533482	26196	A_51_P357773	Kcnj16	0	Kcnj16	NM_010604	2.228908899	0.0	0.0	1.0	1.0	0	1	0	0	0	0	0	0	0
GSM2533482	26242	A_52_P499907	Kcnj1	0	Kcnj1	NM_019659	2.475036829	0.0	0.0	1.0	1.0	1	1	0	0	0	0	0	0	0
GSM2533482	27676	A_52_P351913	Atp2b1	0	Atp2b1	AK053569	0.1216189267	0.0	0.0	1.0	1.0	1	1	0	0	0	0	0	0	0
GSM2533482	29730	A_52_P611783	Fxyd2	0	Fxyd2	NM_052824	1.767548322	0.0	0.0	1.0	1.0	1	1	0	0	0	0	0	0	0
GSM2533482	29964	A_51_P335801	Calb1	0	Calb1	NM_009788	2.160476005	0.0	0.0	1.0	1.0	1	1	0	0	0	0	0	0	0
GSM2533482	30753	A_51_P335801	Calb1	0	Calb1	NM_009788	2.042927961	0.0	0.0	1.0	1.0	1	1	0	0	0	0	0	0	0
GSM2533482	31276	A_52_P23661	Cldn19	0	Cldn19	NM_001038590	1.352430082	0.0	0.0	1.0	1.0	1	1	0	0	0	0	0	0	0
GSM2533482	33630	A_52_P244931	Slc8a1	0	Slc8a1	AK048160	0.0	2.88938	2.77857	1.0	1.0	0	0	0	0	0	0	0	0	0
GSM2533482	37269	A_51_P445985	Slc12a3	0	Slc12a3	NM_019415	1.78887146	0.0	0.0	1.0	1.0	1	1	0	0	0	0	0	0	0
GSM2533482	38687	A_52_P515497	Atp1a1	0	Atp1a1	NM_144900	1.16697689	0.0	0.0	1.0	1.0	1	1	0	0	0	0	0	0	0
GSM2533482	40389	A_52_P184322	Trpm6	0	Trpm6	NM_153417	0.349002459	0.0	0.0	1.0	1.0	1	1	0	0	0	0	0	0	0
GSM2533482	40926	A_51_P197499	Bsnd	0	Bsnd	NM_080458	0.3128770579	0.0	0.0	1.0	1.0	1	1	0	0	0	0	0	0	0
GSM2533482	44562	A_51_P335801	Calb1	0	Calb1	NM_009788	2.046012092	0.0	0.0	1.0	1.0	1	1	0	0	0	0	0	0	0
GSM2533482	44811	A_51_P222543	Atp2b1	0	Atp2b1	BI080417	-0.0344875765	0.0	0.0	1.0	1.0	1	1	0	0	0	0	0	0	0
GSM2533482	45034	A_52_P152274	Clcnka	0	Clcnka	NM_024412	0.6935630998	0.0	0.0	1.0	1.0	1	1	0	0	0	0	0	0	0
GSM2533483	2344	A_51_P335801	Calb1	0	Calb1	NM_009788	2.145344027	0.0	0.0	1.0	1.0	0	1	0	0	0	0	0	0	0
GSM2533483	3560	A_51_P230799	Atp2b1	0	Atp2b1	NM_026482	-0.004785387626	0.0	0.0	1.0	1.0	1	1	0	0	0	0	0	0	0
GSM2533483	5551	A_51_P243073	Trpm6	0	Trpm6	AK080899	0.0	7.72915	3.57997	1.0	1.0	0	0	0	0	0	0	0	0	0
GSM2533483	5837	A_51_P428512	Cldn16	0	Cldn16	NM_053241	1.043924479	7.40916	0.0	1.0	1.0	0	1	0	0	0	0	0	0	0
GSM2533483	5868	A_51_P281586	Cnnm2	0	Cnnm2	NM_033569	0.6669535796	0.0	0.0	1.0	1.0	1	1	0	0	0	0	0	0	0
GSM2533483	7768	A_51_P335801	Calb1	0	Calb1	NM_009788	2.192318132	0.0	0.0	1.0	1.0	0	1	0	0	0	0	0	0	0
GSM2533483	10045	A_51_P442227	Slc12a1	0	Slc12a1	U61381	0.0	7.3211	3.35307	1.0	1.0	0	0	0	0	0	0	0	0	0
GSM2533483	10087	A_52_P260659	Kcnj10	0	Kcnj10	NM_001039484	1.939550355	0.0	0.0	1.0	1.0	0	1	0	0	0	0	0	0	0
GSM2533483	11353	A_51_P335801	Calb1	0	Calb1	NM_009788	2.138347193	0.0	0.0	1.0	1.0	0	1	0	0	0	0	0	0	0
GSM2533483	11562	A_51_P300817	Atp1a1	0	Atp1a1	NM_144900	0.9676866396	0.0	0.0	1.0	1.0	1	1	0	0	0	0	0	0	0
GSM2533483	12114	A_51_P151484	Atp1b1	0	Atp1b1	NM_009721	1.617275076	0.0	0.0	1.0	1.0	1	1	0	0	0	0	0	0	0
GSM2533483	12522	A_51_P335801	Calb1	0	Calb1	NM_009788	2.10340763	0.0	0.0	1.0	1.0	0	1	0	0	0	0	0	0	0
GSM2533483	12999	A_52_P348986	Atp2b1	0	Atp2b1	NM_026482	0.009189585374	0.0	0.0	1.0	1.0	1	1	0	0	0	0	0	0	0
GSM2533483	13287	A_52_P26118	Slc12a1	0	Slc12a1	NM_001079690	1.67958873	0.0	0.0	1.0	1.0	1	1	0	0	0	0	0	0	0
GSM2533483	15381	A_51_P352572	Clcnkb	0	Clcnkb	NM_019701	1.47658841	0.0	0.0	1.0	1.0	0	1	0	0	0	0	0	0	0
GSM2533483	15729	A_51_P335801	Calb1	0	Calb1	NM_009788	2.119917434	0.0	0.0	1.0	1.0	0	1	0	0	0	0	0	0	0
GSM2533483	15983	A_52_P550331	Kcnj16	0	Kcnj16	NM_010604	2.01401495	6.71863	0.0	1.0	1.0	0	1	0	0	0	0	0	0	0
GSM2533483	16664	A_51_P277373	Slc8a1	0	Slc8a1	AF004666	1.256198992	6.66278	0.0	1.0	1.0	0	1	0	0	0	0	0	0	0
GSM2533483	18179	A_52_P313284	Slc8a1	0	Slc8a1	AF108396	0.08647347076	0.0	0.0	1.0	1.0	1	1	0	0	0	0	0	0	0
GSM2533483	18232	A_51_P171332	Cldn19	0	Cldn19	NM_153105	1.064868851	0.0	0.0	1.0	1.0	0	1	0	0	0	0	0	0	0
GSM2533483	18861	A_51_P239601	Trpv5	0	Trpv5	NM_001007572	1.520486964	6.58441	0.0	1.0	1.0	0	1	0	0	0	0	0	0	0
GSM2533483	19028	A_52_P231461	Slc8a1	0	Slc8a1	NM_011406	0.0	6.5398	2.90291	1.0	1.0	0	0	0	0	0	0	0	0	0
GSM2533483	20241	A_51_P335801	Calb1	0	Calb1	NM_009788	1.86568022	0.0	0.0	1.0	1.0	1	1	0	0	0	0	1	0	0
GSM2533483	22525	A_52_P562704	Slc8a1	0	Slc8a1	NM_011406	0.210991881	0.0	0.0	1.0	1.0	1	1	0	0	0	0	0	0	0
GSM2533483	22740	A_52_P550325	Kcnj16	0	Kcnj16	NM_010604	2.304311718	0.0	0.0	1.0	1.0	1	1	0	0	0	0	0	0	0
GSM2533483	23878	A_51_P335801	Calb1	0	Calb1	NM_009788	2.079338001	0.0	0.0	1.0	1.0	0	1	0	0	0	0	0	0	0
GSM2533483	26196	A_51_P357773	Kcnj16	0	Kcnj16	NM_010604	2.071866246	0.0	0.0	1.0	1.0	0	1	0	0	0	0	0	0	0
GSM2533483	26242	A_52_P499907	Kcnj1	0	Kcnj1	NM_019659	2.395825915	0.0	0.0	1.0	1.0	1	1	0	0	0	0	0	0	0
GSM2533483	27676	A_52_P351913	Atp2b1	0	Atp2b1	AK053569	0.5308952764	0.0	0.0	1.0	1.0	1	1	0	0	0	0	0	0	0
GSM2533483	29730	A_52_P611783	Fxyd2	0	Fxyd2	NM_052824	1.811428615	0.0	0.0	1.0	1.0	1	1	0	0	0	0	0	0	0
GSM2533483	29964	A_51_P335801	Calb1	0	Calb1	NM_009788	2.110669606	0.0	0.0	1.0	1.0	0	1	0	0	0	0	0	0	0
GSM2533483	30753	A_51_P335801	Calb1	0	Calb1	NM_009788	2.081967425	0.0	0.0	1.0	1.0	0	1	0	0	0	0	0	0	0
GSM2533483	31276	A_52_P23661	Cldn19	0	Cldn19	NM_001038590	1.200757224	0.0	0.0	1.0	1.0	1	1	0	0	0	0	0	0	0
GSM2533483	33630	A_52_P244931	Slc8a1	0	Slc8a1	AK048160	0.0	6.84387	3.09829	1.0	1.0	0	0	0	0	0	0	0	0	0
GSM2533483	37269	A_51_P445985	Slc12a3	0	Slc12a3	NM_019415	1.793348502	0.0	0.0	1.0	1.0	0	1	0	0	0	0	0	0	0
GSM2533483	38687	A_52_P515497	Atp1a1	0	Atp1a1	NM_144900	1.232215246	0.0	0.0	1.0	1.0	1	1	0	0	0	0	0	0	0
GSM2533483	40389	A_52_P184322	Trpm6	0	Trpm6	NM_153417	0.2978857723	0.0	0.0	1.0	1.0	0	1	0	0	0	0	0	0	0
GSM2533483	40926	A_51_P197499	Bsnd	0	Bsnd	NM_080458	0.3274868621	0.0	0.0	1.0	1.0	1	1	0	0	0	0	0	0	0
GSM2533483	44562	A_51_P335801	Calb1	0	Calb1	NM_009788	2.07682787	0.0	0.0	1.0	1.0	0	1	0	0	0	0	0	0	0
GSM2533483	44811	A_51_P222543	Atp2b1	0	Atp2b1	BI080417	0.1448595844	0.0	0.0	1.0	1.0	1	1	0	0	0	0	0	0	0
GSM2533483	45034	A_52_P152274	Clcnka	0	Clcnka	NM_024412	0.4061289374	0.0	0.0	1.0	1.0	1	1	0	0	0	0	0	0	0
GSM2533484	2344	A_51_P335801	Calb1	0		NM_009788	1.861745215					1	1	0	0	0	0	0	0	0
GSM2533484	3560	A_51_P230799	Atp2b1	0		NM_026482	-0.200017123					1	1	0	0	0	0	0	0	0
GSM2533484	5551	A_51_P243073	Trpm6	0		AK080899	0.0					0	0	0	0	0	0	0	0	0
GSM2533484	5837	A_51_P428512	Cldn16	0		NM_053241	1.496259714					0	1	0	0	0	0	0	0	0
GSM2533484	5868	A_51_P281586	Cnnm2	0		NM_033569	0.7082345925					1	1	0	0	0	0	0	0	0
GSM2533484	7768	A_51_P335801	Calb1	0		NM_009788	1.877051439					1	1	0	0	0	0	0	0	0
GSM2533484	10045	A_51_P442227	Slc12a1	0		U61381	0.8598392751					0	1	0	0	0	0	0	0	0
GSM2533484	10087	A_52_P260659	Kcnj10	0		NM_001039484	2.013381471					1	1	0	0	0	0	0	0	0
GSM2533484	11353	A_51_P335801	Calb1	0		NM_009788	1.874814508					1	1	0	0	0	0	0	0	0
GSM2533484	11562	A_51_P300817	Atp1a1	0		NM_144900	1.405819971					1	1	0	0	0	0	0	0	0
GSM2533484	12114	A_51_P151484	Atp1b1	0		NM_009721	1.779882162					1	1	0	0	0	0	0	0	0
GSM2533484	12522	A_51_P335801	Calb1	0		NM_009788	1.860462038					1	1	0	0	0	0	0	0	0
GSM2533484	12999	A_52_P348986	Atp2b1	0		NM_026482	-0.2402453328					1	1	0	0	0	0	0	0	0
GSM2533484	13287	A_52_P26118	Slc12a1	0		NM_001079690	2.581184114					1	1	0	0	0	0	0	0	0
GSM2533484	15381	A_51_P352572	Clcnkb	0		AF124847	0.5937019776					1	1	0	0	0	0	0	0	0
GSM2533484	15729	A_51_P335801	Calb1	0		NM_009788	1.86499247					1	1	0	0	0	0	0	0	0
GSM2533484	15983	A_52_P550331	Kcnj16	0		NM_010604	2.21904922					0	1	0	0	0	0	0	0	0
GSM2533484	16664	A_51_P277373	Slc8a1	0		NM_001286684	1.362795759					1	1	0	0	0	0	0	0	0
GSM2533484	18179	A_52_P313284	Slc8a1	0		NR_104580	0.7078326679					1	1	0	0	0	0	0	0	0
GSM2533484	18232	A_51_P171332	Cldn19	0		NM_153105	1.378874132					1	1	0	0	0	0	0	0	0
GSM2533484	18861	A_51_P239601	Trpv5	0		NM_001007572	1.444202503					0	1	0	0	0	0	0	0	0
GSM2533484	19028	A_52_P231461	Slc8a1	0		NM_011406	1.591366241					0	1	0	0	0	0	0	0	0
GSM2533484	20241	A_51_P335801	Calb1	0		NM_009788	1.889298405					1	1	0	0	0	0	0	0	0
GSM2533484	22525	A_52_P562704	Slc8a1	0		NM_011406	0.5507177164					1	1	0	0	0	0	0	0	0
GSM2533484	22740	A_52_P550325	Kcnj16	0		NM_010604	1.968764453					1	1	0	0	0	0	0	0	0
GSM2533484	23878	A_51_P335801	Calb1	0		NM_009788	1.87319109					1	1	0	0	0	0	0	0	0
GSM2533484	26196	A_51_P357773	Kcnj16	0		NM_010604	1.930848649					1	1	0	0	0	0	0	0	0
GSM2533484	26242	A_52_P499907	Kcnj1	0		NM_019659	2.320830295					1	1	0	0	0	0	0	0	0
GSM2533484	27676	A_52_P351913	Atp2b1	0		AK053569	-0.04439064893					1	1	0	0	0	0	0	0	0
GSM2533484	29730	A_52_P611783	Fxyd2	0		NM_052823	1.688328757					1	1	0	0	0	0	0	0	0
GSM2533484	29964	A_51_P335801	Calb1	0		NM_009788	1.8824246					1	1	0	0	0	0	0	0	0
GSM2533484	30753	A_51_P335801	Calb1	0		NM_009788	1.844625008					1	1	0	0	0	0	0	0	0
GSM2533484	31276	A_52_P23661	Cldn19	0		NM_001038590	1.147558449					1	1	0	0	0	0	0	0	0
GSM2533484	33630	A_52_P244931	Slc8a1	0		AK048160	0.0					0	0	0	0	0	0	0	0	0
GSM2533484	37269	A_51_P445985	Slc12a3	0		NM_019415	1.606021079					1	1	0	0	0	0	0	0	0
GSM2533484	38687	A_52_P515497	Atp1a1	0		NM_144900	1.259800431					1	1	0	0	0	0	0	0	0
GSM2533484	40389	A_52_P184322	Trpm6	0		NM_153417	0.8838245661					1	1	0	0	0	0	0	0	0
GSM2533484	40926	A_51_P197499	Bsnd	0		NM_080458	0.6195018478					1	1	0	0	0	0	0	0	0
GSM2533484	44562	A_51_P335801	Calb1	0		NM_009788	1.830335979					1	1	0	0	0	0	0	0	0
GSM2533484	44811	A_51_P222543	Atp2b1	0		NM_026482	-0.2174393516					1	1	0	0	0	0	0	0	0
GSM2533484	45034	A_52_P152274	Clcnka	0		NM_024412	1.231516198					1	1	0	0	0	0	0	0	0
GSM2533485	2344	A_51_P335801	Calb1	0		NM_009788	2.021560141					1	1	0	0	0	0	0	0	0
GSM2533485	3560	A_51_P230799	Atp2b1	0		NM_026482	-0.1610264564					1	1	0	0	0	0	0	0	0
GSM2533485	5551	A_51_P243073	Trpm6	0		AK080899	0.0					0	0	0	0	0	0	0	0	0
GSM2533485	5837	A_51_P428512	Cldn16	0		NM_053241	1.47810134					0	1	0	0	0	0	0	0	0
GSM2533485	5868	A_51_P281586	Cnnm2	0		NM_033569	0.7319243626					1	1	0	0	0	0	0	0	0
GSM2533485	7768	A_51_P335801	Calb1	0		NM_009788	2.042910759					1	1	0	0	0	0	0	0	0
GSM2533485	10045	A_51_P442227	Slc12a1	0		U61381	0.5753532185					0	1	0	0	0	0	0	0	0
GSM2533485	10087	A_52_P260659	Kcnj10	0		NM_001039484	2.112684855					1	1	0	0	0	0	0	0	0
GSM2533485	11353	A_51_P335801	Calb1	0		NM_009788	2.047188364					1	1	0	0	0	0	0	0	0
GSM2533485	11562	A_51_P300817	Atp1a1	0		NM_144900	1.476212043					1	1	0	0	0	0	0	0	0
GSM2533485	12114	A_51_P151484	Atp1b1	0		NM_009721	1.800925244					1	1	0	0	0	0	0	0	0
GSM2533485	12522	A_51_P335801	Calb1	0		NM_009788	2.034668496					1	1	0	0	0	0	0	0	0
GSM2533485	12999	A_52_P348986	Atp2b1	0		NM_026482	-0.1918815162					1	1	0	0	0	0	0	0	0
GSM2533485	13287	A_52_P26118	Slc12a1	0		NM_001079690	2.664016068					1	1	0	0	0	0	0	0	0
GSM2533485	15381	A_51_P352572	Clcnkb	0		AF124847	0.7901195895					1	1	0	0	0	0	0	0	0
GSM2533485	15729	A_51_P335801	Calb1	0		NM_009788	2.02150927					1	1	0	0	0	0	0	0	0
GSM2533485	15983	A_52_P550331	Kcnj16	0		NM_010604	1.810811485					1	1	0	0	0	0	0	0	0
GSM2533485	16664	A_51_P277373	Slc8a1	0		NM_001286684	1.574775351					1	1	0	0	0	0	0	0	0
GSM2533485	18179	A_52_P313284	Slc8a1	0		NR_104580	0.8335172577					1	1	0	0	0	0	0	0	0
GSM2533485	18232	A_51_P171332	Cldn19	0		NM_153105	1.187530397					1	1	0	0	0	0	0	0	0
GSM2533485	18861	A_51_P239601	Trpv5	0		NM_001007572	1.153089893					0	1	0	0	0	0	0	0	0
GSM2533485	19028	A_52_P231461	Slc8a1	0		NM_011406	1.515169838					0	1	0	0	0	0	0	0	0
GSM2533485	20241	A_51_P335801	Calb1	0		NM_009788	2.005850493					1	1	0	0	0	0	0	0	0
GSM2533485	22525	A_52_P562704	Slc8a1	0		NM_011406	0.5681371294					1	1	0	0	0	0	0	0	0
GSM2533485	22740	A_52_P550325	Kcnj16	0		NM_010604	2.134407084					1	1	0	0	0	0	0	0	0
GSM2533485	23878	A_51_P335801	Calb1	0		NM_009788	2.026888696					1	1	0	0	0	0	0	0	0
GSM2533485	26196	A_51_P357773	Kcnj16	0		NM_010604	1.981315186					0	1	0	0	0	0	0	0	0
GSM2533485	26242	A_52_P499907	Kcnj1	0		NM_019659	2.439614333					1	1	0	0	0	0	0	0	0
GSM2533485	27676	A_52_P351913	Atp2b1	0		AK053569	0.08268416385					1	1	0	0	0	0	0	0	0
GSM2533485	29730	A_52_P611783	Fxyd2	0		NM_052823	1.776673885					1	1	0	0	0	0	0	0	0
GSM2533485	29964	A_51_P335801	Calb1	0		NM_009788	2.01058752					1	1	0	0	0	0	0	0	0
GSM2533485	30753	A_51_P335801	Calb1	0		NM_009788	2.013191266					1	1	0	0	0	0	0	0	0
GSM2533485	31276	A_52_P23661	Cldn19	0		NM_001038590	1.189849835					1	1	0	0	0	0	0	0	0
GSM2533485	33630	A_52_P244931	Slc8a1	0		AK048160	0.0					0	0	0	0	0	0	0	0	0
GSM2533485	37269	A_51_P445985	Slc12a3	0		NM_019415	1.751733695					1	1	0	0	0	0	0	0	0
GSM2533485	38687	A_52_P515497	Atp1a1	0		NM_144900	1.440548519					1	1	0	0	0	0	0	0	0
GSM2533485	40389	A_52_P184322	Trpm6	0		NM_153417	0.615362238					1	1	0	0	0	0	0	0	0
GSM2533485	40926	A_51_P197499	Bsnd	0		NM_080458	0.4658162191					1	1	0	0	0	0	0	0	0
GSM2533485	44562	A_51_P335801	Calb1	0		NM_009788	2.054069701					1	1	0	0	0	0	0	0	0
GSM2533485	44811	A_51_P222543	Atp2b1	0		NM_026482	-0.09360571249					1	1	0	0	0	0	0	0	0
GSM2533485	45034	A_52_P152274	Clcnka	0		NM_024412	1.077052613					1	1	0	0	0	0	0	0	0
GSM2533486	2344	A_51_P335801	Calb1	0		NM_009788	2.059128266					1	1	0	0	0	0	0	0	0
GSM2533486	3560	A_51_P230799	Atp2b1	0		NM_026482	-0.110043156					1	1	0	0	0	0	0	0	0
GSM2533486	5551	A_51_P243073	Trpm6	0		AK080899	0.0					0	0	0	0	0	0	0	0	0
GSM2533486	5837	A_51_P428512	Cldn16	0		NM_053241	1.378225821					0	1	0	0	0	0	0	0	0
GSM2533486	5868	A_51_P281586	Cnnm2	0		NM_033569	0.6963613611					1	1	0	0	0	0	0	0	0
GSM2533486	7768	A_51_P335801	Calb1	0		NM_009788	2.023822603					1	1	0	0	0	0	0	0	0
GSM2533486	10045	A_51_P442227	Slc12a1	0		U61381	0.7796298184					0	1	0	0	0	0	0	0	0
GSM2533486	10087	A_52_P260659	Kcnj10	0		NM_001039484	2.201419783					1	1	0	0	0	0	0	0	0
GSM2533486	11353	A_51_P335801	Calb1	0		NM_009788	2.048021716					1	1	0	0	0	0	0	0	0
GSM2533486	11562	A_51_P300817	Atp1a1	0		NM_144900	1.381831424					1	1	0	0	0	0	0	0	0
GSM2533486	12114	A_51_P151484	Atp1b1	0		NM_009721	1.761766235					1	1	0	0	0	0	0	0	0
GSM2533486	12522	A_51_P335801	Calb1	0		NM_009788	2.034932943					1	1	0	0	0	0	0	0	0
GSM2533486	12999	A_52_P348986	Atp2b1	0		NM_026482	-0.2098544768					1	1	0	0	0	0	0	0	0
GSM2533486	13287	A_52_P26118	Slc12a1	0		NM_001079690	2.569106182					1	1	0	0	0	0	0	0	0
GSM2533486	15381	A_51_P352572	Clcnkb	0		AF124847	0.6818445189					1	1	0	0	0	0	0	0	0
GSM2533486	15729	A_51_P335801	Calb1	0		NM_009788	2.031007568					1	1	0	0	0	0	0	0	0
GSM2533486	15983	A_52_P550331	Kcnj16	0		NM_010604	2.359348437					0	1	0	0	0	0	0	0	0
GSM2533486	16664	A_51_P277373	Slc8a1	0		NM_001286684	1.60097765					0	1	0	0	0	0	0	0	0
GSM2533486	18179	A_52_P313284	Slc8a1	0		NR_104580	0.8968219388					1	1	0	0	0	0	0	0	0
GSM2533486	18232	A_51_P171332	Cldn19	0		NM_153105	0.9177840742					1	1	0	0	0	0	0	0	0
GSM2533486	18861	A_51_P239601	Trpv5	0		NM_001007572	1.386895715					0	1	0	0	0	0	0	0	0
GSM2533486	19028	A_52_P231461	Slc8a1	0		NM_011406	1.524255619					0	1	0	0	0	0	0	0	0
GSM2533486	20241	A_51_P335801	Calb1	0		NM_009788	2.02824711					1	1	0	0	0	0	0	0	0
GSM2533486	22525	A_52_P562704	Slc8a1	0		NM_011406	0.5668224515					1	1	0	0	0	0	0	0	0
GSM2533486	22740	A_52_P550325	Kcnj16	0		NM_010604	2.131261177					1	1	0	0	0	0	0	0	0
GSM2533486	23878	A_51_P335801	Calb1	0		NM_009788	2.021139459					1	1	0	0	0	0	0	0	0
GSM2533486	26196	A_51_P357773	Kcnj16	0		NM_010604	2.022796592					0	1	0	0	0	0	0	0	0
GSM2533486	26242	A_52_P499907	Kcnj1	0		NM_019659	2.445021922					1	1	0	0	0	0	0	0	0
GSM2533486	27676	A_52_P351913	Atp2b1	0		AK053569	0.1812988972					1	1	0	0	0	0	0	0	0
GSM2533486	29730	A_52_P611783	Fxyd2	0		NM_052823	1.785851173					1	1	0	0	0	0	0	0	0
GSM2533486	29964	A_51_P335801	Calb1	0		NM_009788	2.026887215					1	1	0	0	0	0	0	0	0
GSM2533486	30753	A_51_P335801	Calb1	0		NM_009788	2.030126956					1	1	0	0	0	0	0	0	0
GSM2533486	31276	A_52_P23661	Cldn19	0		NM_001038590	1.175305829					1	1	0	0	0	0	0	0	0
GSM2533486	33630	A_52_P244931	Slc8a1	0		AK048160	0.0					0	0	0	0	0	0	0	0	0
GSM2533486	37269	A_51_P445985	Slc12a3	0		NM_019415	1.747762216					1	1	0	0	0	0	0	0	0
GSM2533486	38687	A_52_P515497	Atp1a1	0		NM_144900	1.388290344					1	1	0	0	0	0	0	0	0
GSM2533486	40389	A_52_P184322	Trpm6	0		NM_153417	0.6056921376					1	1	0	0	0	0	0	0	0
GSM2533486	40926	A_51_P197499	Bsnd	0		NM_080458	0.3546999301					1	1	0	0	0	0	0	0	0
GSM2533486	44562	A_51_P335801	Calb1	0		NM_009788	2.011403039					1	1	0	0	0	0	0	0	0
GSM2533486	44811	A_51_P222543	Atp2b1	0		NM_026482	-0.07918886926					1	1	0	0	0	0	0	0	0
GSM2533486	45034	A_52_P152274	Clcnka	0		NM_024412	0.9150074381					1	1	0	0	0	0	0	0	0
GSM2533487	2344	A_51_P335801	Calb1	0		NM_009788	1.841330726					1	1	0	0	0	0	0	1	0
GSM2533487	3560	A_51_P230799	Atp2b1	0		NM_026482	-0.2370223151					1	1	0	0	0	0	0	0	0
GSM2533487	5551	A_51_P243073	Trpm6	0		AK080899	0.4278160119					0	1	0	0	0	0	0	0	0
GSM2533487	5837	A_51_P428512	Cldn16	0		NM_053241	0.5949574435					1	1	0	0	0	0	0	0	0
GSM2533487	5868	A_51_P281586	Cnnm2	0		NM_033569	0.2788814049					1	1	0	0	0	0	0	0	0
GSM2533487	7768	A_51_P335801	Calb1	0		NM_009788	1.912163272					1	1	0	0	0	0	0	0	0
GSM2533487	10045	A_51_P442227	Slc12a1	0		U61381	0.3406374076					1	1	0	0	0	0	0	0	0
GSM2533487	10087	A_52_P260659	Kcnj10	0		NM_001039484	1.871219423					1	1	0	0	0	0	0	0	0
GSM2533487	11353	A_51_P335801	Calb1	0		NM_009788	1.927392437					1	1	0	0	0	0	0	0	0
GSM2533487	11562	A_51_P300817	Atp1a1	0		NM_144900	1.62683487					1	1	0	0	0	0	0	0	0
GSM2533487	12114	A_51_P151484	Atp1b1	0		NM_009721	1.922805508					1	1	0	0	0	0	0	0	0
GSM2533487	12522	A_51_P335801	Calb1	0		NM_009788	1.937534071					1	1	0	0	0	0	0	0	0
GSM2533487	12999	A_52_P348986	Atp2b1	0		NM_026482	-0.2457194265					1	1	0	0	0	0	0	0	0
GSM2533487	13287	A_52_P26118	Slc12a1	0		NM_001079690	2.41652892					1	1	0	0	0	0	0	0	0
GSM2533487	15381	A_51_P352572	Clcnkb	0		AF124847	0.8178261705					1	1	0	0	0	0	0	0	0
GSM2533487	15729	A_51_P335801	Calb1	0		NM_009788	1.897674822					1	1	0	0	0	0	0	0	0
GSM2533487	15983	A_52_P550331	Kcnj16	0		NM_010604	1.046566619					1	1	0	0	0	0	0	0	0
GSM2533487	16664	A_51_P277373	Slc8a1	0		NM_001286684	0.8914914605					1	1	0	0	0	0	0	0	0
GSM2533487	18179	A_52_P313284	Slc8a1	0		NR_104580	0.5735634608					1	1	0	0	0	0	0	0	0
GSM2533487	18232	A_51_P171332	Cldn19	0		NM_153105	0.5962940521					1	1	0	0	0	0	0	0	0
GSM2533487	18861	A_51_P239601	Trpv5	0		NM_001007572	0.5475277242					1	1	0	0	0	0	0	0	0
GSM2533487	19028	A_52_P231461	Slc8a1	0		NM_011406	1.090090563					0	1	0	0	0	0	0	0	0
GSM2533487	20241	A_51_P335801	Calb1	0		NM_009788	1.906178437					1	1	0	0	0	0	0	0	0
GSM2533487	22525	A_52_P562704	Slc8a1	0		NM_011406	0.3721978256					1	1	0	0	0	0	0	0	0
GSM2533487	22740	A_52_P550325	Kcnj16	0		NM_010604	2.0502217					1	1	0	0	0	0	0	0	0
GSM2533487	23878	A_51_P335801	Calb1	0		NM_009788	1.899043201					1	1	0	0	0	0	0	0	0
GSM2533487	26196	A_51_P357773	Kcnj16	0		NM_010604	1.045439728					1	1	0	0	0	0	0	0	0
GSM2533487	26242	A_52_P499907	Kcnj1	0		NM_019659	2.327549993					1	1	0	0	0	0	0	0	0
GSM2533487	27676	A_52_P351913	Atp2b1	0		AK053569	0.009575381613					1	1	0	0	0	0	0	0	0
GSM2533487	29730	A_52_P611783	Fxyd2	0		NM_052823	1.741169355					1	1	0	0	0	0	0	0	0
GSM2533487	29964	A_51_P335801	Calb1	0		NM_009788	1.921163559					1	1	0	0	0	0	0	0	0
GSM2533487	30753	A_51_P335801	Calb1	0		NM_009788	1.929919907					1	1	0	0	0	0	0	0	0
GSM2533487	31276	A_52_P23661	Cldn19	0		NM_001038590	0.9719647597					1	1	0	0	0	0	0	0	0
GSM2533487	33630	A_52_P244931	Slc8a1	0		AK048160	0.3156549449					0	1	0	0	0	0	0	0	0
GSM2533487	37269	A_51_P445985	Slc12a3	0		NM_019415	1.227413056					1	1	0	0	0	0	0	0	0
GSM2533487	38687	A_52_P515497	Atp1a1	0		NM_144900	1.61245482					1	1	0	0	0	0	0	0	0
GSM2533487	40389	A_52_P184322	Trpm6	0		NM_153417	0.4791455156					1	1	0	0	0	0	0	0	0
GSM2533487	40926	A_51_P197499	Bsnd	0		NM_080458	0.1017526151					1	1	0	0	0	0	0	0	0
GSM2533487	44562	A_51_P335801	Calb1	0		NM_009788	1.917352258					1	1	0	0	0	0	1	1	0
GSM2533487	44811	A_51_P222543	Atp2b1	0		NM_026482	-0.1080423322					1	1	0	0	0	0	0	0	0
GSM2533487	45034	A_52_P152274	Clcnka	0		NM_024412	0.7145565426					1	1	0	0	0	0	0	0	0
GSM2533488	2344	A_51_P335801	Calb1	0		NM_009788	1.849355011					1	1	0	0	0	0	0	0	0
GSM2533488	3560	A_51_P230799	Atp2b1	0		NM_026482	-0.1956845055					1	1	0	0	0	0	0	0	0
GSM2533488	5551	A_51_P243073	Trpm6	0		AK080899	0.0					0	0	0	0	0	0	0	0	0
GSM2533488	5837	A_51_P428512	Cldn16	0		NM_053241	1.319410645					0	1	0	0	0	0	0	0	0
GSM2533488	5868	A_51_P281586	Cnnm2	0		NM_033569	0.6273960493					1	1	0	0	0	0	0	0	0
GSM2533488	7768	A_51_P335801	Calb1	0		NM_009788	1.847903114					1	1	0	0	0	0	0	0	0
GSM2533488	10045	A_51_P442227	Slc12a1	0		U61381	0.6347194901					0	1	0	0	0	0	0	0	0
GSM2533488	10087	A_52_P260659	Kcnj10	0		NM_001039484	1.989152747					1	1	0	0	0	0	0	0	0
GSM2533488	11353	A_51_P335801	Calb1	0		NM_009788	1.847935681					1	1	0	0	0	0	0	0	0
GSM2533488	11562	A_51_P300817	Atp1a1	0		NM_144900	1.485705773					1	1	0	0	0	0	0	0	0
GSM2533488	12114	A_51_P151484	Atp1b1	0		NM_009721	1.681604544					1	1	0	0	0	0	0	0	0
GSM2533488	12522	A_51_P335801	Calb1	0		NM_009788	1.858111311					1	1	0	0	0	0	0	0	0
GSM2533488	12999	A_52_P348986	Atp2b1	0		NM_026482	-0.2240342684					1	1	0	0	0	0	0	0	0
GSM2533488	13287	A_52_P26118	Slc12a1	0		NM_001079690	2.604472988					1	1	0	0	0	0	0	0	0
GSM2533488	15381	A_51_P352572	Clcnkb	0		AF124847	1.28130402					1	1	0	0	0	0	0	0	0
GSM2533488	15729	A_51_P335801	Calb1	0		NM_009788	1.878130992					1	1	0	0	0	0	0	0	0
GSM2533488	15983	A_52_P550331	Kcnj16	0		NM_010604	2.40140571					0	1	0	0	0	0	0	0	0
GSM2533488	16664	A_51_P277373	Slc8a1	0		NM_001286684	1.533661241					1	1	0	0	0	0	0	0	0
GSM2533488	18179	A_52_P313284	Slc8a1	0		NR_104580	0.8015523126					1	1	0	0	0	0	0	0	0
GSM2533488	18232	A_51_P171332	Cldn19	0		NM_153105	1.259032896					1	1	0	0	0	0	0	0	0
GSM2533488	18861	A_51_P239601	Trpv5	0		NM_001007572	1.132908998					0	1	0	0	0	0	0	0	0
GSM2533488	19028	A_52_P231461	Slc8a1	0		NM_011406	1.592881781					0	1	0	0	0	0	0	0	0
GSM2533488	20241	A_51_P335801	Calb1	0		NM_009788	1.890452259					1	1	0	0	0	0	0	0	0
GSM2533488	22525	A_52_P562704	Slc8a1	0		NM_011406	0.8052667558					1	1	0	0	0	0	0	0	0
GSM2533488	22740	A_52_P550325	Kcnj16	0		NM_010604	1.92360116					1	1	0	0	0	0	0	0	0
GSM2533488	23878	A_51_P335801	Calb1	0		NM_009788	1.869837263					1	1	0	0	0	0	0	0	0
GSM2533488	26196	A_51_P357773	Kcnj16	0		NM_010604	1.896682893					1	1	0	0	0	0	0	0	0
GSM2533488	26242	A_52_P499907	Kcnj1	0		NM_019659	2.274159365					1	1	0	0	0	0	0	0	0
GSM2533488	27676	A_52_P351913	Atp2b1	0		AK053569	0.06106279209					1	1	0	0	0	0	0	0	0
GSM2533488	29730	A_52_P611783	Fxyd2	0		NM_052823	1.626555816					1	1	0	0	0	0	0	0	0
GSM2533488	29964	A_51_P335801	Calb1	0		NM_009788	1.847118808					1	1	0	0	0	0	0	0	0
GSM2533488	30753	A_51_P335801	Calb1	0		NM_009788	1.829842521					1	1	0	0	0	0	0	0	0
GSM2533488	31276	A_52_P23661	Cldn19	0		NM_001038590	1.291460651					1	1	0	0	0	0	0	0	0
GSM2533488	33630	A_52_P244931	Slc8a1	0		AK048160	0.0					0	0	0	0	0	0	0	0	0
GSM2533488	37269	A_51_P445985	Slc12a3	0		NM_019415	1.612780484					1	1	0	0	0	0	0	0	0
GSM2533488	38687	A_52_P515497	Atp1a1	0		NM_144900	1.495521813					1	1	0	0	0	0	0	0	0
GSM2533488	40389	A_52_P184322	Trpm6	0		NM_153417	0.6890953167					1	1	0	0	0	0	0	0	0
GSM2533488	40926	A_51_P197499	Bsnd	0		NM_080458	0.6248220716					1	1	0	0	0	0	0	0	0
GSM2533488	44562	A_51_P335801	Calb1	0		NM_009788	1.851169555					1	1	0	0	0	0	1	1	0
GSM2533488	44811	A_51_P222543	Atp2b1	0		NM_026482	-0.1687622133					1	1	0	0	0	0	0	0	0
GSM2533488	45034	A_52_P152274	Clcnka	0		NM_024412	1.309979409					1	1	0	0	0	0	0	0	0
GSM2533489	2344	A_51_P335801	Calb1	0		NM_009788	1.980884111					1	1	0	0	0	0	1	1	0
GSM2533489	3560	A_51_P230799	Atp2b1	0		NM_026482	-0.1437478222					1	1	0	0	0	0	0	0	0
GSM2533489	5551	A_51_P243073	Trpm6	0		AK080899	0.0					0	0	0	0	0	0	0	0	0
GSM2533489	5837	A_51_P428512	Cldn16	0		NM_053241	1.592915359					0	1	0	0	0	0	0	0	0
GSM2533489	5868	A_51_P281586	Cnnm2	0		NM_033569	0.6123632048					1	1	0	0	0	0	0	0	0
GSM2533489	7768	A_51_P335801	Calb1	0		NM_009788	1.98180944					1	1	0	0	0	0	0	0	0
GSM2533489	10045	A_51_P442227	Slc12a1	0		U61381	0.4055838152					0	1	0	0	0	0	0	0	0
GSM2533489	10087	A_52_P260659	Kcnj10	0		NM_001039484	2.171116379					1	1	0	0	0	0	0	0	0
GSM2533489	11353	A_51_P335801	Calb1	0		NM_009788	1.984659657					1	1	0	0	0	0	0	0	0
GSM2533489	11562	A_51_P300817	Atp1a1	0		NM_144900	1.329200151					1	1	0	0	0	0	0	0	0
GSM2533489	12114	A_51_P151484	Atp1b1	0		NM_009721	1.784915706					1	1	0	0	0	0	0	0	0
GSM2533489	12522	A_51_P335801	Calb1	0		NM_009788	1.969439049					1	1	0	0	0	0	0	0	0
GSM2533489	12999	A_52_P348986	Atp2b1	0		NM_026482	-0.3134624407					1	1	0	0	0	0	0	0	0
GSM2533489	13287	A_52_P26118	Slc12a1	0		NM_001079690	2.529983059					1	1	0	0	0	0	0	0	0
GSM2533489	15381	A_51_P352572	Clcnkb	0		AF124847	1.136644073					1	1	0	0	0	0	0	0	0
GSM2533489	15729	A_51_P335801	Calb1	0		NM_009788	1.973155376					1	1	0	0	0	0	0	0	0
GSM2533489	15983	A_52_P550331	Kcnj16	0		NM_010604	2.399532005					0	1	0	0	0	0	0	0	0
GSM2533489	16664	A_51_P277373	Slc8a1	0		NM_001286684	1.207891191					1	1	0	0	0	0	0	0	0
GSM2533489	18179	A_52_P313284	Slc8a1	0		NR_104580	0.6479618903					1	1	0	0	0	0	0	0	0
GSM2533489	18232	A_51_P171332	Cldn19	0		NM_153105	0.9612982628					1	1	0	0	0	0	0	0	0
GSM2533489	18861	A_51_P239601	Trpv5	0		NM_001007572	0.7717592723					0	1	0	0	0	0	0	0	0
GSM2533489	19028	A_52_P231461	Slc8a1	0		NM_011406	1.296127519					0	1	0	0	0	0	0	0	0
GSM2533489	20241	A_51_P335801	Calb1	0		NM_009788	1.981014689					1	1	0	0	0	0	0	0	0
GSM2533489	22525	A_52_P562704	Slc8a1	0		NM_011406	0.6400594434					1	1	0	0	0	0	0	0	0
GSM2533489	22740	A_52_P550325	Kcnj16	0		NM_010604	2.138705188					1	1	0	0	0	0	0	0	0
GSM2533489	23878	A_51_P335801	Calb1	0		NM_009788	1.967678312					1	1	0	0	0	0	0	0	0
GSM2533489	26196	A_51_P357773	Kcnj16	0		NM_010604	2.040213743					0	1	0	0	0	0	0	0	0
GSM2533489	26242	A_52_P499907	Kcnj1	0		NM_019659	2.428494068					1	1	0	0	0	0	0	0	0
GSM2533489	27676	A_52_P351913	Atp2b1	0		AK053569	0.1093483699					1	1	0	0	0	0	0	0	0
GSM2533489	29730	A_52_P611783	Fxyd2	0		NM_052823	1.825734136					1	1	0	0	0	0	0	0	0
GSM2533489	29964	A_51_P335801	Calb1	0		NM_009788	2.002052235					1	1	0	0	0	0	0	0	0
GSM2533489	30753	A_51_P335801	Calb1	0		NM_009788	1.958633562					1	1	0	0	0	0	0	0	0
GSM2533489	31276	A_52_P23661	Cldn19	0		NM_001038590	1.262155612					1	1	0	0	0	0	0	0	0
GSM2533489	33630	A_52_P244931	Slc8a1	0		AK048160	0.0					0	0	0	0	0	0	0	0	0
GSM2533489	37269	A_51_P445985	Slc12a3	0		NM_019415	1.82614918					1	1	0	0	0	0	0	0	0
GSM2533489	38687	A_52_P515497	Atp1a1	0		NM_144900	1.368924846					1	1	0	0	0	0	0	0	0
GSM2533489	40389	A_52_P184322	Trpm6	0		NM_153417	0.4216789053					1	1	0	0	0	0	0	0	0
GSM2533489	40926	A_51_P197499	Bsnd	0		NM_080458	0.569581582					1	1	0	0	0	0	0	0	0
GSM2533489	44562	A_51_P335801	Calb1	0		NM_009788	2.006123591					1	1	0	0	0	0	1	1	0
GSM2533489	44811	A_51_P222543	Atp2b1	0		NM_026482	-0.1481502653					1	1	0	0	0	0	0	0	0
GSM2533489	45034	A_52_P152274	Clcnka	0		NM_024412	1.350666979					1	1	0	0	0	0	0	0	0
GSM2533490	2344	A_51_P335801	Calb1	0		NM_009788	1.947637629					1	1	0	0	0	0	0	0	0
GSM2533490	3560	A_51_P230799	Atp2b1	0		NM_026482	-0.163579459					1	1	0	0	0	0	0	0	0
GSM2533490	5551	A_51_P243073	Trpm6	0		AK080899	0.0					0	0	0	0	0	0	0	0	0
GSM2533490	5837	A_51_P428512	Cldn16	0		NM_053241	1.528508908					0	1	0	0	0	0	0	0	0
GSM2533490	5868	A_51_P281586	Cnnm2	0		NM_033569	0.5492072264					1	1	0	0	0	0	0	0	0
GSM2533490	7768	A_51_P335801	Calb1	0		NM_009788	1.990759712					1	1	0	0	0	0	0	0	0
GSM2533490	10045	A_51_P442227	Slc12a1	0		U61381	0.9979582704					0	1	0	0	0	0	0	0	0
GSM2533490	10087	A_52_P260659	Kcnj10	0		NM_001039484	2.043802318					1	1	0	0	0	0	0	0	0
GSM2533490	11353	A_51_P335801	Calb1	0		NM_009788	1.957174339					1	1	0	0	0	0	0	0	0
GSM2533490	11562	A_51_P300817	Atp1a1	0		NM_144900	1.264940103					1	1	0	0	0	0	0	0	0
GSM2533490	12114	A_51_P151484	Atp1b1	0		NM_009721	1.857036629					1	1	0	0	0	0	0	0	0
GSM2533490	12522	A_51_P335801	Calb1	0		NM_009788	1.980333131					1	1	0	0	0	0	0	0	0
GSM2533490	12999	A_52_P348986	Atp2b1	0		NM_026482	-0.2806445271					1	1	0	0	0	0	0	0	0
GSM2533490	13287	A_52_P26118	Slc12a1	0		NM_001079690	2.541329129					1	1	0	0	0	0	0	0	0
GSM2533490	15381	A_51_P352572	Clcnkb	0		AF124847	1.286618103					1	1	0	0	0	0	0	0	0
GSM2533490	15729	A_51_P335801	Calb1	0		NM_009788	1.947638574					1	1	0	0	0	0	0	0	0
GSM2533490	15983	A_52_P550331	Kcnj16	0		NM_010604	2.515939665					0	1	0	0	0	0	0	0	0
GSM2533490	16664	A_51_P277373	Slc8a1	0		NM_001286684	1.452204545					0	1	0	0	0	0	0	0	0
GSM2533490	18179	A_52_P313284	Slc8a1	0		NR_104580	0.603080453					1	1	0	0	0	0	0	0	0
GSM2533490	18232	A_51_P171332	Cldn19	0		NM_153105	0.8916332584					1	1	0	0	0	0	0	0	0
GSM2533490	18861	A_51_P239601	Trpv5	0		NM_001007572	1.063798376					0	1	0	0	0	0	0	0	0
GSM2533490	19028	A_52_P231461	Slc8a1	0		NM_011406	0.3945242787					1	1	0	0	0	0	0	0	0
GSM2533490	20241	A_51_P335801	Calb1	0		NM_009788	1.901359236					1	1	0	0	0	0	0	0	0
GSM2533490	22525	A_52_P562704	Slc8a1	0		NM_011406	0.4485892789					1	1	0	0	0	0	0	0	0
GSM2533490	22740	A_52_P550325	Kcnj16	0		NM_010604	2.081981489					1	1	0	0	0	0	0	0	0
GSM2533490	23878	A_51_P335801	Calb1	0		NM_009788	1.956754512					1	1	0	0	0	0	0	0	0
GSM2533490	26196	A_51_P357773	Kcnj16	0		NM_010604	2.015075234					0	1	0	0	0	0	0	0	0
GSM2533490	26242	A_52_P499907	Kcnj1	0		NM_019659	2.351745643					1	1	0	0	0	0	0	0	0
GSM2533490	27676	A_52_P351913	Atp2b1	0		AK053569	0.2354625325					1	1	0	0	0	0	0	0	0
GSM2533490	29730	A_52_P611783	Fxyd2	0		NM_052823	1.827032388					1	1	0	0	0	0	0	0	0
GSM2533490	29964	A_51_P335801	Calb1	0		NM_009788	1.943476333					1	1	0	0	0	0	0	0	0
GSM2533490	30753	A_51_P335801	Calb1	0		NM_009788	1.947856761					1	1	0	0	0	0	0	0	0
GSM2533490	31276	A_52_P23661	Cldn19	0		NM_001038590	1.330109553					1	1	0	0	0	0	0	0	0
GSM2533490	33630	A_52_P244931	Slc8a1	0		AK048160	0.0					0	0	0	0	0	0	0	0	0
GSM2533490	37269	A_51_P445985	Slc12a3	0		NM_019415	1.685701199					1	1	0	0	0	0	0	0	0
GSM2533490	38687	A_52_P515497	Atp1a1	0		NM_144900	1.347662346					1	1	0	0	0	0	0	0	0
GSM2533490	40389	A_52_P184322	Trpm6	0		NM_153417	0.2188262088					1	1	0	0	0	0	0	0	0
GSM2533490	40926	A_51_P197499	Bsnd	0		NM_080458	0.3867424481					1	1	0	0	0	0	0	0	0
GSM2533490	44562	A_51_P335801	Calb1	0		NM_009788	1.973435483					1	1	0	0	0	0	0	0	0
GSM2533490	44811	A_51_P222543	Atp2b1	0		NM_026482	-0.1008376223					1	1	0	0	0	0	0	0	0
GSM2533490	45034	A_52_P152274	Clcnka	0		NM_024412	1.256073199					1	1	0	0	0	0	0	0	0
GSM2533491	2344	A_51_P335801	Calb1	0		NM_009788	1.889278357					1	1	0	0	0	0	0	0	0
GSM2533491	3560	A_51_P230799	Atp2b1	0		NM_026482	-0.2042791402					1	1	0	0	0	0	0	0	0
GSM2533491	5551	A_51_P243073	Trpm6	0		AK080899	0.0					0	0	0	0	0	0	0	0	0
GSM2533491	5837	A_51_P428512	Cldn16	0		NM_053241	1.618881223					0	1	0	0	0	0	0	0	0
GSM2533491	5868	A_51_P281586	Cnnm2	0		NM_033569	0.6591551293					1	1	0	0	0	0	0	0	0
GSM2533491	7768	A_51_P335801	Calb1	0		NM_009788	1.89930889					1	1	0	0	0	0	0	0	0
GSM2533491	10045	A_51_P442227	Slc12a1	0		U61381	0.8664242298					0	1	0	0	0	0	0	0	0
GSM2533491	10087	A_52_P260659	Kcnj10	0		NM_001039484	2.011655123					1	1	0	0	0	0	0	0	0
GSM2533491	11353	A_51_P335801	Calb1	0		NM_009788	1.876662559					1	1	0	0	0	0	0	0	0
GSM2533491	11562	A_51_P300817	Atp1a1	0		NM_144900	1.496467345					1	1	0	0	0	0	0	0	0
GSM2533491	12114	A_51_P151484	Atp1b1	0		NM_009721	1.740741623					1	1	0	0	0	0	0	0	0
GSM2533491	12522	A_51_P335801	Calb1	0		NM_009788	1.879210048					1	1	0	0	0	0	0	0	0
GSM2533491	12999	A_52_P348986	Atp2b1	0		NM_026482	-0.3147036871					1	1	0	0	0	0	0	0	0
GSM2533491	13287	A_52_P26118	Slc12a1	0		NM_001079690	2.710141118					1	1	0	0	0	0	0	0	0
GSM2533491	15381	A_51_P352572	Clcnkb	0		AF124847	0.9493941894					1	1	0	0	0	0	0	0	0
GSM2533491	15729	A_51_P335801	Calb1	0		NM_009788	1.886379537					1	1	0	0	0	0	0	0	0
GSM2533491	15983	A_52_P550331	Kcnj16	0		NM_010604	2.300953188					0	1	0	0	0	0	0	0	0
GSM2533491	16664	A_51_P277373	Slc8a1	0		NM_001286684	1.199492775					1	1	0	0	0	0	0	0	0
GSM2533491	18179	A_52_P313284	Slc8a1	0		NR_104580	0.7024931188					1	1	0	0	0	0	0	0	0
GSM2533491	18232	A_51_P171332	Cldn19	0		NM_153105	1.234728267					1	1	0	0	0	0	0	0	0
GSM2533491	18861	A_51_P239601	Trpv5	0		NM_001007572	1.255585619					0	1	0	0	0	0	0	0	0
GSM2533491	19028	A_52_P231461	Slc8a1	0		NM_011406	1.470295702					0	1	0	0	0	0	0	0	0
GSM2533491	20241	A_51_P335801	Calb1	0		NM_009788	1.879770397					1	1	0	0	0	0	0	0	0
GSM2533491	22525	A_52_P562704	Slc8a1	0		NM_011406	0.6588402432					1	1	0	0	0	0	0	0	0
GSM2533491	22740	A_52_P550325	Kcnj16	0		NM_010604	1.932322921					1	1	0	0	0	0	0	0	0
GSM2533491	23878	A_51_P335801	Calb1	0		NM_009788	1.857247383					1	1	0	0	0	0	0	0	0
GSM2533491	26196	A_51_P357773	Kcnj16	0		NM_010604	1.843164111					1	1	0	0	0	0	0	0	0
GSM2533491	26242	A_52_P499907	Kcnj1	0		NM_019659	2.314304819					1	1	0	0	0	0	0	0	0
GSM2533491	27676	A_52_P351913	Atp2b1	0		AK053569	0.09507655252					1	1	0	0	0	0	0	0	0
GSM2533491	29730	A_52_P611783	Fxyd2	0		NM_052823	1.646460742					1	1	0	0	0	0	0	0	0
GSM2533491	29964	A_51_P335801	Calb1	0		NM_009788	1.876384076					1	1	0	0	0	0	0	0	0
GSM2533491	30753	A_51_P335801	Calb1	0		NM_009788	1.850033116					1	1	0	0	0	0	0	0	0
GSM2533491	31276	A_52_P23661	Cldn19	0		NM_001038590	1.341134082					1	1	0	0	0	0	0	0	0
GSM2533491	33630	A_52_P244931	Slc8a1	0		AK048160	0.0					0	0	0	0	0	0	0	0	0
GSM2533491	37269	A_51_P445985	Slc12a3	0		NM_019415	1.604442993					1	1	0	0	0	0	0	0	0
GSM2533491	38687	A_52_P515497	Atp1a1	0		NM_144900	1.45354664					1	1	0	0	0	0	0	0	0
GSM2533491	40389	A_52_P184322	Trpm6	0		NM_153417	0.550513283					1	1	0	0	0	0	0	0	0
GSM2533491	40926	A_51_P197499	Bsnd	0		NM_080458	0.7803462412					1	1	0	0	0	0	0	0	0
GSM2533491	44562	A_51_P335801	Calb1	0		NM_009788	1.90168599					1	1	0	0	0	0	0	1	0
GSM2533491	44811	A_51_P222543	Atp2b1	0		NM_026482	-0.1927925352					1	1	0	0	0	0	0	0	0
GSM2533491	45034	A_52_P152274	Clcnka	0		NM_024412	1.404546407					1	1	0	0	0	0	0	0	0
GSM2533492	2344	A_51_P335801	Calb1	0		NM_009788	1.868608283					1	1	0	0	0	0	0	1	0
GSM2533492	3560	A_51_P230799	Atp2b1	0		NM_026482	-0.2218545059					1	1	0	0	0	0	0	0	0
GSM2533492	5551	A_51_P243073	Trpm6	0		AK080899	0.0					0	0	0	0	0	0	0	0	0
GSM2533492	5837	A_51_P428512	Cldn16	0		NM_053241	1.35109349					1	1	0	0	0	0	0	0	0
GSM2533492	5868	A_51_P281586	Cnnm2	0		NM_033569	0.522242906					1	1	0	0	0	0	0	0	0
GSM2533492	7768	A_51_P335801	Calb1	0		NM_009788	1.858617297					1	1	0	0	0	0	0	0	0
GSM2533492	10045	A_51_P442227	Slc12a1	0		U61381	0.52444718					0	1	0	0	0	0	0	0	0
GSM2533492	10087	A_52_P260659	Kcnj10	0		NM_001039484	1.948497638					1	1	0	0	0	0	0	0	0
GSM2533492	11353	A_51_P335801	Calb1	0		NM_009788	1.83695464					1	1	0	0	0	0	0	0	0
GSM2533492	11562	A_51_P300817	Atp1a1	0		NM_144900	1.377955269					1	1	0	0	0	0	0	0	0
GSM2533492	12114	A_51_P151484	Atp1b1	0		NM_009721	1.64675958					1	1	0	0	0	0	0	0	0
GSM2533492	12522	A_51_P335801	Calb1	0		NM_009788	1.837833607					1	1	0	0	0	0	0	0	0
GSM2533492	12999	A_52_P348986	Atp2b1	0		NM_026482	-0.2936644956					1	1	0	0	0	0	0	0	0
GSM2533492	13287	A_52_P26118	Slc12a1	0		NM_001079690	2.491159766					1	1	0	0	0	0	0	0	0
GSM2533492	15381	A_51_P352572	Clcnkb	0		AF124847	0.7997353127					1	1	0	0	0	0	0	0	0
GSM2533492	15729	A_51_P335801	Calb1	0		NM_009788	1.840788684					1	1	0	0	0	0	0	0	0
GSM2533492	15983	A_52_P550331	Kcnj16	0		NM_010604	1.983211296					0	1	0	0	0	0	0	0	0
GSM2533492	16664	A_51_P277373	Slc8a1	0		NM_001286684	1.121966533					1	1	0	0	0	0	0	0	0
GSM2533492	18179	A_52_P313284	Slc8a1	0		NR_104580	0.6385526748					1	1	0	0	0	0	0	0	0
GSM2533492	18232	A_51_P171332	Cldn19	0		NM_153105	1.233440657					1	1	0	0	0	0	0	0	0
GSM2533492	18861	A_51_P239601	Trpv5	0		NM_001007572	0.9914872458					0	1	0	0	0	0	0	0	0
GSM2533492	19028	A_52_P231461	Slc8a1	0		NM_011406	1.429457986					0	1	0	0	0	0	0	0	0
GSM2533492	20241	A_51_P335801	Calb1	0		NM_009788	1.867016794					1	1	0	0	0	0	0	0	0
GSM2533492	22525	A_52_P562704	Slc8a1	0		NM_011406	0.6155899026					1	1	0	0	0	0	0	0	0
GSM2533492	22740	A_52_P550325	Kcnj16	0		NM_010604	1.895350382					1	1	0	0	0	0	0	0	0
GSM2533492	23878	A_51_P335801	Calb1	0		NM_009788	1.840710929					1	1	0	0	0	0	0	0	0
GSM2533492	26196	A_51_P357773	Kcnj16	0		NM_010604	1.682702319					1	1	0	0	0	0	0	0	0
GSM2533492	26242	A_52_P499907	Kcnj1	0		NM_019659	2.281714445					1	1	0	0	0	0	0	0	0
GSM2533492	27676	A_52_P351913	Atp2b1	0		AK053569	0.1903941415					1	1	0	0	0	0	0	0	0
GSM2533492	29730	A_52_P611783	Fxyd2	0		NM_052823	1.621296483					1	1	0	0	0	0	0	0	0
GSM2533492	29964	A_51_P335801	Calb1	0		NM_009788	1.855401623					1	1	0	0	0	0	0	0	0
GSM2533492	30753	A_51_P335801	Calb1	0		NM_009788	1.841532817					1	1	0	0	0	0	0	0	0
GSM2533492	31276	A_52_P23661	Cldn19	0		NM_001038590	1.340550597					1	1	0	0	0	0	0	0	0
GSM2533492	33630	A_52_P244931	Slc8a1	0		AK048160	0.0					0	0	0	0	0	0	0	0	0
GSM2533492	37269	A_51_P445985	Slc12a3	0		NM_019415	1.53989517					1	1	0	0	0	0	0	0	0
GSM2533492	38687	A_52_P515497	Atp1a1	0		NM_144900	1.334750158					1	1	0	0	0	0	0	0	0
GSM2533492	40389	A_52_P184322	Trpm6	0		NM_153417	0.504767471					1	1	0	0	0	0	0	0	0
GSM2533492	40926	A_51_P197499	Bsnd	0		NM_080458	0.7774077581					1	1	0	0	0	0	0	0	0
GSM2533492	44562	A_51_P335801	Calb1	0		NM_009788	1.865627108					1	1	0	0	0	0	1	1	0
GSM2533492	44811	A_51_P222543	Atp2b1	0		NM_026482	-0.1925519659					1	1	0	0	0	0	0	0	0
GSM2533492	45034	A_52_P152274	Clcnka	0		NM_024412	1.249200579					1	1	0	0	0	0	0	0	0
GSM2533493	2344	A_51_P335801	Calb1	0		NM_009788	1.788412719					1	1	0	0	0	0	0	0	0
GSM2533493	3560	A_51_P230799	Atp2b1	0		NM_026482	-0.07359023738					1	1	0	0	0	0	0	0	0
GSM2533493	5551	A_51_P243073	Trpm6	0		AK080899	0.0					0	0	0	0	0	0	0	0	0
GSM2533493	5837	A_51_P428512	Cldn16	0		NM_053241	1.393412997					0	1	0	0	0	0	0	0	0
GSM2533493	5868	A_51_P281586	Cnnm2	0		NM_033569	0.576137429					1	1	0	0	0	0	0	0	0
GSM2533493	7768	A_51_P335801	Calb1	0		NM_009788	1.81077547					1	1	0	0	0	0	0	0	0
GSM2533493	10045	A_51_P442227	Slc12a1	0		U61381	0.7141681645					0	1	0	0	0	0	0	0	0
GSM2533493	10087	A_52_P260659	Kcnj10	0		NM_001039484	1.909146236					1	1	0	0	0	0	0	0	0
GSM2533493	11353	A_51_P335801	Calb1	0		NM_009788	1.801030553					1	1	0	0	0	0	0	0	0
GSM2533493	11562	A_51_P300817	Atp1a1	0		NM_144900	1.419005247					1	1	0	0	0	0	0	0	0
GSM2533493	12114	A_51_P151484	Atp1b1	0		NM_009721	1.751692372					1	1	0	0	0	0	0	0	0
GSM2533493	12522	A_51_P335801	Calb1	0		NM_009788	1.804573058					1	1	0	0	0	0	0	0	0
GSM2533493	12999	A_52_P348986	Atp2b1	0		NM_026482	-0.2741805518					1	1	0	0	0	0	0	0	0
GSM2533493	13287	A_52_P26118	Slc12a1	0		NM_001079690	2.564996983					1	1	0	0	0	0	0	0	0
GSM2533493	15381	A_51_P352572	Clcnkb	0		AF124847	0.6450548663					1	1	0	0	0	0	0	0	0
GSM2533493	15729	A_51_P335801	Calb1	0		NM_009788	1.806109288					1	1	0	0	0	0	0	0	0
GSM2533493	15983	A_52_P550331	Kcnj16	0		NM_010604	2.103518747					0	1	0	0	0	0	0	0	0
GSM2533493	16664	A_51_P277373	Slc8a1	0		NM_001286684	1.036861208					1	1	0	0	0	0	0	0	0
GSM2533493	18179	A_52_P313284	Slc8a1	0		NR_104580	0.7001677904					1	1	0	0	0	0	0	0	0
GSM2533493	18232	A_51_P171332	Cldn19	0		NM_153105	1.122001375					1	1	0	0	0	0	0	0	0
GSM2533493	18861	A_51_P239601	Trpv5	0		NM_001007572	1.218849837					0	1	0	0	0	0	0	0	0
GSM2533493	19028	A_52_P231461	Slc8a1	0		NM_011406	1.464111861					0	1	0	0	0	0	0	0	0
GSM2533493	20241	A_51_P335801	Calb1	0		NM_009788	1.812267363					1	1	0	0	0	0	0	0	0
GSM2533493	22525	A_52_P562704	Slc8a1	0		NM_011406	0.6178705958					1	1	0	0	0	0	0	0	0
GSM2533493	22740	A_52_P550325	Kcnj16	0		NM_010604	1.801885189					1	1	0	0	0	0	0	0	0
GSM2533493	23878	A_51_P335801	Calb1	0		NM_009788	1.786061515					1	1	0	0	0	0	0	0	0
GSM2533493	26196	A_51_P357773	Kcnj16	0		NM_010604	1.751707311					1	1	0	0	0	0	0	0	0
GSM2533493	26242	A_52_P499907	Kcnj1	0		NM_019659	2.205299097					1	1	0	0	0	0	0	0	0
GSM2533493	27676	A_52_P351913	Atp2b1	0		AK053569	-0.003420627229					1	1	0	0	0	0	0	0	0
GSM2533493	29730	A_52_P611783	Fxyd2	0		NM_052823	1.58023318					1	1	0	0	0	0	0	0	0
GSM2533493	29964	A_51_P335801	Calb1	0		NM_009788	1.789328599					1	1	0	0	0	0	0	0	0
GSM2533493	30753	A_51_P335801	Calb1	0		NM_009788	1.792864274					1	1	0	0	0	0	0	0	0
GSM2533493	31276	A_52_P23661	Cldn19	0		NM_001038590	1.376716094					1	1	0	0	0	0	0	0	0
GSM2533493	33630	A_52_P244931	Slc8a1	0		AK048160	0.0					0	0	0	0	0	0	0	0	0
GSM2533493	37269	A_51_P445985	Slc12a3	0		NM_019415	1.515911469					1	1	0	0	0	0	0	0	0
GSM2533493	38687	A_52_P515497	Atp1a1	0		NM_144900	1.400659781					1	1	0	0	0	0	0	0	0
GSM2533493	40389	A_52_P184322	Trpm6	0		NM_153417	0.3021154585					1	1	0	0	0	0	0	0	0
GSM2533493	40926	A_51_P197499	Bsnd	0		NM_080458	0.7169421532					1	1	0	0	0	0	0	0	0
GSM2533493	44562	A_51_P335801	Calb1	0		NM_009788	1.817082258					1	1	0	0	0	0	1	1	0
GSM2533493	44811	A_51_P222543	Atp2b1	0		NM_026482	-0.172194871					1	1	0	0	0	0	0	0	0
GSM2533493	45034	A_52_P152274	Clcnka	0		NM_024412	1.292565046					1	1	0	0	0	0	0	0	0
GSM2533494	2344	A_51_P335801	Calb1	0		NM_009788	1.816651961					1	1	0	0	0	0	0	0	0
GSM2533494	3560	A_51_P230799	Atp2b1	0		NM_026482	-0.1547331994					1	1	0	0	0	0	0	0	0
GSM2533494	5551	A_51_P243073	Trpm6	0		AK080899	0.1132524326					0	0	0	0	0	0	0	0	0
GSM2533494	5837	A_51_P428512	Cldn16	0		NM_053241	1.404070231					0	1	0	0	0	0	0	0	0
GSM2533494	5868	A_51_P281586	Cnnm2	0		NM_033569	0.6861126362					1	1	0	0	0	0	0	0	0
GSM2533494	7768	A_51_P335801	Calb1	0		NM_009788	1.796445367					1	1	0	0	0	0	0	0	0
GSM2533494	10045	A_51_P442227	Slc12a1	0		U61381	0.8063556602					0	1	0	0	0	0	0	0	0
GSM2533494	10087	A_52_P260659	Kcnj10	0		NM_001039484	1.82421241					1	1	0	0	0	0	0	0	0
GSM2533494	11353	A_51_P335801	Calb1	0		NM_009788	1.774463886					1	1	0	0	0	0	0	0	0
GSM2533494	11562	A_51_P300817	Atp1a1	0		NM_144900	1.517913743					1	1	0	0	0	0	0	0	0
GSM2533494	12114	A_51_P151484	Atp1b1	0		NM_009721	1.748425272					1	1	0	0	0	0	0	0	0
GSM2533494	12522	A_51_P335801	Calb1	0		NM_009788	1.771317818					1	1	0	0	0	0	0	0	0
GSM2533494	12999	A_52_P348986	Atp2b1	0		NM_026482	-0.2462516076					1	1	0	0	0	0	0	0	0
GSM2533494	13287	A_52_P26118	Slc12a1	0		NM_001079690	2.551204324					1	1	0	0	0	0	0	0	0
GSM2533494	15381	A_51_P352572	Clcnkb	0		AF124847	1.116214415					1	1	0	0	0	0	0	0	0
GSM2533494	15729	A_51_P335801	Calb1	0		NM_009788	1.773639886					1	1	0	0	0	0	0	0	0
GSM2533494	15983	A_52_P550331	Kcnj16	0		NM_010604	2.474508031					0	1	0	0	0	0	0	0	0
GSM2533494	16664	A_51_P277373	Slc8a1	0		NM_001286684	1.29370478					1	1	0	0	0	0	0	0	0
GSM2533494	18179	A_52_P313284	Slc8a1	0		NR_104580	0.5991776151					1	1	0	0	0	0	0	0	0
GSM2533494	18232	A_51_P171332	Cldn19	0		NM_153105	1.275221422					1	1	0	0	0	0	0	0	0
GSM2533494	18861	A_51_P239601	Trpv5	0		NM_001007572	1.188860015					0	1	0	0	0	0	0	0	0
GSM2533494	19028	A_52_P231461	Slc8a1	0		NM_011406	1.511805239					0	1	0	0	0	0	0	0	0
GSM2533494	20241	A_51_P335801	Calb1	0		NM_009788	1.774812221					1	1	0	0	0	0	0	0	0
GSM2533494	22525	A_52_P562704	Slc8a1	0		NM_011406	0.7734687089					1	1	0	0	0	0	0	0	0
GSM2533494	22740	A_52_P550325	Kcnj16	0		NM_010604	1.86271564					1	1	0	0	0	0	0	0	0
GSM2533494	23878	A_51_P335801	Calb1	0		NM_009788	1.787758207					1	1	0	0	0	0	0	0	0
GSM2533494	26196	A_51_P357773	Kcnj16	0		NM_010604	1.705066071					1	1	0	0	0	0	0	0	0
GSM2533494	26242	A_52_P499907	Kcnj1	0		NM_019659	2.183897132					1	1	0	0	0	0	0	0	0
GSM2533494	27676	A_52_P351913	Atp2b1	0		AK053569	-0.1457279684					1	1	0	0	0	0	0	0	0
GSM2533494	29730	A_52_P611783	Fxyd2	0		NM_052823	1.555612587					1	1	0	0	0	0	0	0	0
GSM2533494	29964	A_51_P335801	Calb1	0		NM_009788	1.799654722					1	1	0	0	0	0	0	0	0
GSM2533494	30753	A_51_P335801	Calb1	0		NM_009788	1.770455398					1	1	0	0	0	0	0	0	0
GSM2533494	31276	A_52_P23661	Cldn19	0		NM_001038590	1.238127209					1	1	0	0	0	0	0	0	0
GSM2533494	33630	A_52_P244931	Slc8a1	0		AK048160	0.0					0	0	0	0	0	0	0	0	0
GSM2533494	37269	A_51_P445985	Slc12a3	0		NM_019415	1.559012672					1	1	0	0	0	0	0	0	0
GSM2533494	38687	A_52_P515497	Atp1a1	0		NM_144900	1.46990743					1	1	0	0	0	0	0	0	0
GSM2533494	40389	A_52_P184322	Trpm6	0		NM_153417	0.5433518264					1	1	0	0	0	0	0	0	0
GSM2533494	40926	A_51_P197499	Bsnd	0		NM_080458	0.9307752035					1	1	0	0	0	0	0	0	0
GSM2533494	44562	A_51_P335801	Calb1	0		NM_009788	1.773051468					1	1	0	0	0	0	0	0	0
GSM2533494	44811	A_51_P222543	Atp2b1	0		NM_026482	-0.2385741761					1	1	0	0	0	0	0	0	0
GSM2533494	45034	A_52_P152274	Clcnka	0		NM_024412	1.297036501					1	1	0	0	0	0	0	0	0
GSM2533495	2344	A_51_P335801	Calb1	0	Calb1	NM_009788	1.842625851	0.0	0.0	1.0	1.0	1	1	0	0	0	0	0	0	0
GSM2533495	3560	A_51_P230799	Atp2b1	0	Atp2b1	NM_026482	-0.09302767179	0.0	0.0	1.0	1.0	1	1	0	0	0	0	0	0	0
GSM2533495	5551	A_51_P243073	Trpm6	0	Trpm6	AK080899	0.0	5.87478	4.18598	0.0	0.0	0	0	0	0	0	0	0	0	0
GSM2533495	5837	A_51_P428512	Cldn16	0	Cldn16	NM_053241	1.697615957	0.0	0.0	1.0	1.0	0	1	0	0	0	0	0	0	0
GSM2533495	5868	A_51_P281586	Cnnm2	0	Cnnm2	NM_033569	0.4891177285	0.0	0.0	1.0	1.0	1	1	0	0	0	0	0	0	0
GSM2533495	7768	A_51_P335801	Calb1	0	Calb1	NM_009788	1.876067585	0.0	0.0	1.0	1.0	1	1	0	0	0	0	0	0	0
GSM2533495	10045	A_51_P442227	Slc12a1	0	Slc12a1	U61381	0.0	5.54291	3.98209	0.0	0.0	0	0	0	0	0	0	0	0	0
GSM2533495	10087	A_52_P260659	Kcnj10	0	Kcnj10	NM_001039484	1.921117991	0.0	0.0	1.0	1.0	0	1	0	0	0	0	0	0	0
GSM2533495	11353	A_51_P335801	Calb1	0	Calb1	NM_009788	1.931483237	0.0	0.0	1.0	1.0	1	1	0	0	0	0	0	0	0
GSM2533495	11562	A_51_P300817	Atp1a1	0	Atp1a1	NM_144900	1.219563346	0.0	0.0	1.0	1.0	1	1	0	0	0	0	0	0	0
GSM2533495	12114	A_51_P151484	Atp1b1	0	Atp1b1	NM_009721	1.4551707	0.0	0.0	1.0	1.0	1	1	0	0	0	0	0	0	0
GSM2533495	12522	A_51_P335801	Calb1	0	Calb1	NM_009788	1.948665343	0.0	0.0	1.0	1.0	1	1	0	0	0	0	0	0	0
GSM2533495	12999	A_52_P348986	Atp2b1	0	Atp2b1	NM_026482	-0.1041793645	0.0	0.0	1.0	1.0	1	1	0	0	0	0	0	0	0
GSM2533495	13287	A_52_P26118	Slc12a1	0	Slc12a1	NM_001079690	1.955752888	0.0	0.0	1.0	1.0	1	1	0	0	0	0	0	0	0
GSM2533495	15381	A_51_P352572	Clcnkb	0	Clcnkb	NM_019701	1.196976461	0.0	0.0	1.0	1.0	1	1	0	0	0	0	0	0	0
GSM2533495	15729	A_51_P335801	Calb1	0	Calb1	NM_009788	1.981415774	0.0	0.0	1.0	1.0	1	1	0	0	0	0	0	0	0
GSM2533495	15983	A_52_P550331	Kcnj16	0	Kcnj16	NM_010604	2.213976218	4.93788	0.0	1.0	1.0	0	1	0	0	0	0	0	0	0
GSM2533495	16664	A_51_P277373	Slc8a1	0	Slc8a1	AF004666	1.575533985	0.0	0.0	1.0	1.0	0	1	0	0	0	0	0	0	0
GSM2533495	18179	A_52_P313284	Slc8a1	0	Slc8a1	AF108396	0.2107788124	0.0	0.0	1.0	1.0	1	1	0	0	0	0	0	0	0
GSM2533495	18232	A_51_P171332	Cldn19	0	Cldn19	NM_153105	1.043496306	0.0	0.0	1.0	1.0	1	1	0	0	0	0	0	0	0
GSM2533495	18861	A_51_P239601	Trpv5	0	Trpv5	NM_001007572	1.488348223	0.0	0.0	1.0	1.0	0	1	0	0	0	0	0	0	0
GSM2533495	19028	A_52_P231461	Slc8a1	0	Slc8a1	NM_011406	0.9205678675	4.49802	0.0	1.0	1.0	0	1	0	0	0	0	0	0	0
GSM2533495	20241	A_51_P335801	Calb1	0	Calb1	NM_009788	1.919048986	0.0	0.0	1.0	1.0	1	1	0	0	0	0	0	0	0
GSM2533495	22525	A_52_P562704	Slc8a1	0	Slc8a1	NM_011406	0.2223538453	0.0	0.0	1.0	1.0	1	1	0	0	0	0	0	0	0
GSM2533495	22740	A_52_P550325	Kcnj16	0	Kcnj16	NM_010604	2.082849264	0.0	0.0	1.0	1.0	1	1	0	0	0	0	0	0	0
GSM2533495	23878	A_51_P335801	Calb1	0	Calb1	NM_009788	1.968087903	0.0	0.0	1.0	1.0	1	1	0	0	0	0	0	0	0
GSM2533495	26196	A_51_P357773	Kcnj16	0	Kcnj16	NM_010604	1.053942021	0.0	0.0	1.0	1.0	1	1	0	0	0	0	0	0	0
GSM2533495	26242	A_52_P499907	Kcnj1	0	Kcnj1	NM_019659	2.25879734	0.0	0.0	1.0	1.0	1	1	0	0	0	0	0	0	0
GSM2533495	27676	A_52_P351913	Atp2b1	0	Atp2b1	AK053569	0.2321671584	0.0	0.0	1.0	1.0	1	1	0	0	0	0	0	0	0
GSM2533495	29730	A_52_P611783	Fxyd2	0	Fxyd2	NM_052824	1.685314993	0.0	0.0	1.0	1.0	1	1	0	0	0	0	0	0	0
GSM2533495	29964	A_51_P335801	Calb1	0	Calb1	NM_009788	1.943804729	0.0	0.0	1.0	1.0	1	1	0	0	0	0	0	0	0
GSM2533495	30753	A_51_P335801	Calb1	0	Calb1	NM_009788	1.886325488	0.0	0.0	1.0	1.0	1	1	0	0	0	0	0	0	0
GSM2533495	31276	A_52_P23661	Cldn19	0	Cldn19	NM_001038590	1.115254594	0.0	0.0	1.0	1.0	1	1	0	0	0	0	0	0	0
GSM2533495	33630	A_52_P244931	Slc8a1	0	Slc8a1	AK048160	0.0	4.94595	3.61056	1.0	1.0	0	0	0	0	0	0	0	0	0
GSM2533495	37269	A_51_P445985	Slc12a3	0	Slc12a3	NM_019415	1.727910052	0.0	0.0	1.0	1.0	1	1	0	0	0	0	0	0	0
GSM2533495	38687	A_52_P515497	Atp1a1	0	Atp1a1	NM_144900	1.228892225	0.0	0.0	1.0	1.0	1	1	0	0	0	0	0	0	0
GSM2533495	40389	A_52_P184322	Trpm6	0	Trpm6	NM_153417	0.3376098743	0.0	0.0	1.0	1.0	1	1	0	0	0	0	0	0	0
GSM2533495	40926	A_51_P197499	Bsnd	0	Bsnd	NM_080458	0.300842417	0.0	0.0	1.0	1.0	1	1	0	0	0	0	0	0	0
GSM2533495	44562	A_51_P335801	Calb1	0	Calb1	NM_009788	1.935565712	0.0	0.0	1.0	1.0	1	1	0	0	0	0	0	0	0
GSM2533495	44811	A_51_P222543	Atp2b1	0	Atp2b1	BI080417	0.02821504224	0.0	0.0	1.0	1.0	1	1	0	0	0	0	0	0	0
GSM2533495	45034	A_52_P152274	Clcnka	0	Clcnka	NM_024412	0.5811162873	0.0	0.0	1.0	1.0	1	1	0	0	0	0	0	0	0
GSM2533496	2344	A_51_P335801	Calb1	0	Calb1	NM_009788	1.791457338	0.0	0.0	1.0	1.0	1	1	0	0	0	0	0	0	0
GSM2533496	3560	A_51_P230799	Atp2b1	0	Atp2b1	NM_026482	-0.1183949463	0.0	0.0	1.0	1.0	1	1	0	0	0	0	0	0	0
GSM2533496	5551	A_51_P243073	Trpm6	0	Trpm6	AK080899	0.0	4.95849	4.15696	0.0	0.0	0	0	0	0	0	0	0	0	0
GSM2533496	5837	A_51_P428512	Cldn16	0	Cldn16	NM_053241	1.725015445	4.54389	0.0	1.0	1.0	0	1	0	0	0	0	0	0	0
GSM2533496	5868	A_51_P281586	Cnnm2	0	Cnnm2	NM_033569	0.3135309805	0.0	0.0	1.0	1.0	1	1	0	0	0	0	0	0	0
GSM2533496	7768	A_51_P335801	Calb1	0	Calb1	NM_009788	1.763005609	0.0	0.0	1.0	1.0	1	1	0	0	0	0	0	0	0
GSM2533496	10045	A_51_P442227	Slc12a1	0	Slc12a1	U61381	0.1207205994	4.57662	0.0	0.0	0.0	0	0	0	0	0	0	0	0	0
GSM2533496	10087	A_52_P260659	Kcnj10	0	Kcnj10	NM_001039484	1.860289667	0.0	0.0	1.0	1.0	0	1	0	0	0	0	0	0	0
GSM2533496	11353	A_51_P335801	Calb1	0	Calb1	NM_009788	1.881413535	0.0	0.0	1.0	1.0	1	1	0	0	0	0	0	0	0
GSM2533496	11562	A_51_P300817	Atp1a1	0	Atp1a1	NM_144900	1.030182064	0.0	0.0	1.0	1.0	1	1	0	0	0	0	0	0	0
GSM2533496	12114	A_51_P151484	Atp1b1	0	Atp1b1	NM_009721	1.441508434	0.0	0.0	1.0	1.0	1	1	0	0	0	0	0	0	0
GSM2533496	12522	A_51_P335801	Calb1	0	Calb1	NM_009788	1.632820318	0.0	0.0	1.0	1.0	1	1	0	0	0	0	1	0	0
GSM2533496	12999	A_52_P348986	Atp2b1	0	Atp2b1	NM_026482	-0.174744238	0.0	0.0	1.0	1.0	1	1	0	0	0	0	0	0	0
GSM2533496	13287	A_52_P26118	Slc12a1	0	Slc12a1	NM_001079690	2.15273788	0.0	0.0	1.0	1.0	1	1	0	0	0	0	0	0	0
GSM2533496	15381	A_51_P352572	Clcnkb	0	Clcnkb	NM_019701	1.271706529	0.0	0.0	1.0	1.0	1	1	0	0	0	0	0	0	0
GSM2533496	15729	A_51_P335801	Calb1	0	Calb1	NM_009788	1.736095448	0.0	0.0	1.0	1.0	1	1	0	0	0	0	0	0	0
GSM2533496	15983	A_52_P550331	Kcnj16	0	Kcnj16	NM_010604	2.345388467	4.10806	0.0	1.0	1.0	0	1	0	0	0	0	0	0	0
GSM2533496	16664	A_51_P277373	Slc8a1	0	Slc8a1	AF004666	1.288448596	0.0	0.0	1.0	1.0	0	1	0	0	0	0	0	0	0
GSM2533496	18179	A_52_P313284	Slc8a1	0	Slc8a1	AF108396	0.2448481487	0.0	0.0	1.0	1.0	1	1	0	0	0	0	0	0	0
GSM2533496	18232	A_51_P171332	Cldn19	0	Cldn19	NM_153105	0.856261545	0.0	0.0	1.0	1.0	1	1	0	0	0	0	0	0	0
GSM2533496	18861	A_51_P239601	Trpv5	0	Trpv5	NM_001007572	1.584650929	3.84759	0.0	1.0	1.0	0	1	0	0	0	0	0	0	0
GSM2533496	19028	A_52_P231461	Slc8a1	0	Slc8a1	NM_011406	0.3358278043	0.0	0.0	1.0	1.0	0	1	0	0	0	0	0	0	0
GSM2533496	20241	A_51_P335801	Calb1	0	Calb1	NM_009788	1.839838386	0.0	0.0	1.0	1.0	1	1	0	0	0	0	0	0	0
GSM2533496	22525	A_52_P562704	Slc8a1	0	Slc8a1	NM_011406	0.2427797935	0.0	0.0	1.0	1.0	1	1	0	0	0	0	0	0	0
GSM2533496	22740	A_52_P550325	Kcnj16	0	Kcnj16	NM_010604	2.011144486	0.0	0.0	1.0	1.0	1	1	0	0	0	0	0	0	0
GSM2533496	23878	A_51_P335801	Calb1	0	Calb1	NM_009788	1.855907911	0.0	0.0	1.0	1.0	1	1	0	0	0	0	0	0	0
GSM2533496	26196	A_51_P357773	Kcnj16	0	Kcnj16	NM_010604	2.061760071	0.0	0.0	1.0	1.0	0	1	0	0	0	0	0	0	0
GSM2533496	26242	A_52_P499907	Kcnj1	0	Kcnj1	NM_019659	2.205116961	0.0	0.0	1.0	1.0	1	1	0	0	0	0	0	0	0
GSM2533496	27676	A_52_P351913	Atp2b1	0	Atp2b1	AK053569	0.02602576169	0.0	0.0	1.0	1.0	1	1	0	0	0	0	0	0	0
GSM2533496	29730	A_52_P611783	Fxyd2	0	Fxyd2	NM_052824	1.600248015	0.0	0.0	1.0	1.0	1	1	0	0	0	0	0	0	0
GSM2533496	29964	A_51_P335801	Calb1	0	Calb1	NM_009788	1.854011696	0.0	0.0	1.0	1.0	1	1	0	0	0	0	0	0	0
GSM2533496	30753	A_51_P335801	Calb1	0	Calb1	NM_009788	1.824211133	0.0	0.0	1.0	1.0	1	1	0	0	0	0	0	0	0
GSM2533496	31276	A_52_P23661	Cldn19	0	Cldn19	NM_001038590	1.097670958	0.0	0.0	1.0	1.0	1	1	0	0	0	0	0	0	0
GSM2533496	33630	A_52_P244931	Slc8a1	0	Slc8a1	AK048160	0.0	4.22048	3.52285	1.0	1.0	0	0	0	0	0	0	0	0	0
GSM2533496	37269	A_51_P445985	Slc12a3	0	Slc12a3	NM_019415	1.60001676	0.0	0.0	1.0	1.0	1	1	0	0	0	0	0	0	0
GSM2533496	38687	A_52_P515497	Atp1a1	0	Atp1a1	NM_144900	1.140455807	0.0	0.0	1.0	1.0	1	1	0	0	0	0	0	0	0
GSM2533496	40389	A_52_P184322	Trpm6	0	Trpm6	NM_153417	0.4400329835	0.0	0.0	1.0	1.0	1	1	0	0	0	0	0	0	0
GSM2533496	40926	A_51_P197499	Bsnd	0	Bsnd	NM_080458	0.3017789036	0.0	0.0	1.0	1.0	1	1	0	0	0	0	0	0	0
GSM2533496	44562	A_51_P335801	Calb1	0	Calb1	NM_009788	1.800706704	0.0	0.0	1.0	1.0	1	1	0	0	0	0	0	0	0
GSM2533496	44811	A_51_P222543	Atp2b1	0	Atp2b1	BI080417	0.004248860233	0.0	0.0	1.0	1.0	1	1	0	0	0	0	0	0	0
GSM2533496	45034	A_52_P152274	Clcnka	0	Clcnka	NM_024412	0.6694384242	0.0	0.0	1.0	1.0	1	1	0	0	0	0	0	0	0
GSM2533497	2344	A_51_P335801	Calb1	0	Calb1	NM_009788	1.918452814	0.0	0.0	1.0	1.0	1	1	0	0	0	0	0	0	0
GSM2533497	3560	A_51_P230799	Atp2b1	0	Atp2b1	NM_026482	-0.01191782874	0.0	0.0	1.0	1.0	1	1	0	0	0	0	0	0	0
GSM2533497	5551	A_51_P243073	Trpm6	0	Trpm6	AK080899	0.0	7.41003	5.01527	0.0	0.0	0	0	0	0	0	0	0	0	0
GSM2533497	5837	A_51_P428512	Cldn16	0	Cldn16	NM_053241	1.222800899	6.83344	0.0	1.0	1.0	0	1	0	0	0	0	0	0	0
GSM2533497	5868	A_51_P281586	Cnnm2	0	Cnnm2	NM_033569	0.330768973	0.0	0.0	1.0	1.0	1	1	0	0	0	0	0	0	0
GSM2533497	7768	A_51_P335801	Calb1	0	Calb1	NM_009788	1.990347768	0.0	0.0	1.0	1.0	0	1	0	0	0	0	0	0	0
GSM2533497	10045	A_51_P442227	Slc12a1	0	Slc12a1	U61381	0.0	7.01157	4.75348	1.0	1.0	0	0	0	0	0	0	0	0	0
GSM2533497	10087	A_52_P260659	Kcnj10	0	Kcnj10	NM_001039484	1.917745865	0.0	0.0	1.0	1.0	0	1	0	0	0	0	0	0	0
GSM2533497	11353	A_51_P335801	Calb1	0	Calb1	NM_009788	1.917091093	0.0	0.0	1.0	1.0	1	1	0	0	0	0	0	0	0
GSM2533497	11562	A_51_P300817	Atp1a1	0	Atp1a1	NM_144900	1.093253032	0.0	0.0	1.0	1.0	1	1	0	0	0	0	0	0	0
GSM2533497	12114	A_51_P151484	Atp1b1	0	Atp1b1	NM_009721	1.562138071	0.0	0.0	1.0	1.0	1	1	0	0	0	0	0	0	0
GSM2533497	12522	A_51_P335801	Calb1	0	Calb1	NM_009788	2.015724041	0.0	0.0	1.0	1.0	1	1	0	0	0	0	0	0	0
GSM2533497	12999	A_52_P348986	Atp2b1	0	Atp2b1	NM_026482	-0.2192541477	0.0	0.0	1.0	1.0	1	1	0	0	0	0	0	0	0
GSM2533497	13287	A_52_P26118	Slc12a1	0	Slc12a1	NM_001079690	1.89295321	0.0	0.0	1.0	1.0	1	1	0	0	0	0	0	0	0
GSM2533497	15381	A_51_P352572	Clcnkb	0	Clcnkb	NM_019701	1.316240466	0.0	0.0	1.0	1.0	0	1	0	0	0	0	0	0	0
GSM2533497	15729	A_51_P335801	Calb1	0	Calb1	NM_009788	2.010738597	0.0	0.0	1.0	1.0	1	1	0	0	0	0	0	0	0
GSM2533497	15983	A_52_P550331	Kcnj16	0	Kcnj16	NM_010604	2.148064144	6.45514	0.0	1.0	1.0	0	1	0	0	0	0	0	0	0
GSM2533497	16664	A_51_P277373	Slc8a1	0	Slc8a1	AF004666	1.446111431	0.0	0.0	1.0	1.0	0	1	0	0	0	0	0	0	0
GSM2533497	18179	A_52_P313284	Slc8a1	0	Slc8a1	AF108396	0.2559774728	0.0	0.0	1.0	1.0	1	1	0	0	0	0	0	0	0
GSM2533497	18232	A_51_P171332	Cldn19	0	Cldn19	NM_153105	0.7473759357	0.0	0.0	1.0	1.0	1	1	0	0	0	0	0	0	0
GSM2533497	18861	A_51_P239601	Trpv5	0	Trpv5	NM_001007572	1.104306677	6.11584	0.0	1.0	1.0	0	1	0	0	0	0	0	0	0
GSM2533497	19028	A_52_P231461	Slc8a1	0	Slc8a1	NM_011406	0.3917265024	6.04164	0.0	1.0	1.0	0	0	0	0	0	0	0	0	0
GSM2533497	20241	A_51_P335801	Calb1	0	Calb1	NM_009788	2.065401902	0.0	0.0	1.0	1.0	0	1	0	0	0	0	0	0	0
GSM2533497	22525	A_52_P562704	Slc8a1	0	Slc8a1	NM_011406	0.2314856031	0.0	0.0	1.0	1.0	1	1	0	0	0	0	0	0	0
GSM2533497	22740	A_52_P550325	Kcnj16	0	Kcnj16	NM_010604	2.161130652	0.0	0.0	1.0	1.0	1	1	0	0	0	0	0	0	0
GSM2533497	23878	A_51_P335801	Calb1	0	Calb1	NM_009788	1.942967946	0.0	0.0	1.0	1.0	1	1	0	0	0	0	0	0	0
GSM2533497	26196	A_51_P357773	Kcnj16	0	Kcnj16	NM_010604	2.095495171	6.12822	0.0	1.0	1.0	0	1	0	0	0	0	0	0	0
GSM2533497	26242	A_52_P499907	Kcnj1	0	Kcnj1	NM_019659	2.366764816	0.0	0.0	1.0	1.0	1	1	0	0	0	0	0	0	0
GSM2533497	27676	A_52_P351913	Atp2b1	0	Atp2b1	AK053569	0.195335226	0.0	0.0	1.0	1.0	1	1	0	0	0	0	0	0	0
GSM2533497	29730	A_52_P611783	Fxyd2	0	Fxyd2	NM_052824	1.726059509	0.0	0.0	1.0	1.0	1	1	0	0	0	0	0	0	0
GSM2533497	29964	A_51_P335801	Calb1	0	Calb1	NM_009788	1.885183103	0.0	0.0	1.0	1.0	1	1	0	0	0	0	0	0	0
GSM2533497	30753	A_51_P335801	Calb1	0	Calb1	NM_009788	2.022730289	0.0	0.0	1.0	1.0	0	1	0	0	0	0	0	0	0
GSM2533497	31276	A_52_P23661	Cldn19	0	Cldn19	NM_001038590	1.007429289	0.0	0.0	1.0	1.0	1	1	0	0	0	0	0	0	0
GSM2533497	33630	A_52_P244931	Slc8a1	0	Slc8a1	AK048160	0.0	6.91076	4.79601	1.0	1.0	0	0	0	0	0	0	0	0	0
GSM2533497	37269	A_51_P445985	Slc12a3	0	Slc12a3	NM_019415	1.748758827	0.0	0.0	1.0	1.0	1	1	0	0	0	0	0	0	0
GSM2533497	38687	A_52_P515497	Atp1a1	0	Atp1a1	NM_144900	1.248605287	0.0	0.0	1.0	1.0	1	1	0	0	0	0	0	0	0
GSM2533497	40389	A_52_P184322	Trpm6	0	Trpm6	NM_153417	0.2824890288	0.0	0.0	1.0	1.0	0	1	0	0	0	0	0	0	0
GSM2533497	40926	A_51_P197499	Bsnd	0	Bsnd	NM_080458	0.3304837928	0.0	0.0	1.0	1.0	1	1	0	0	0	0	0	0	0
GSM2533497	44562	A_51_P335801	Calb1	0	Calb1	NM_009788	1.969359712	0.0	0.0	1.0	1.0	1	1	0	0	0	0	0	0	0
GSM2533497	44811	A_51_P222543	Atp2b1	0	Atp2b1	BI080417	-0.01346527218	0.0	0.0	1.0	1.0	1	1	0	0	0	0	0	0	0
GSM2533497	45034	A_52_P152274	Clcnka	0	Clcnka	NM_024412	0.5653171398	0.0	0.0	1.0	1.0	1	1	0	0	0	0	0	0	0
GSM2533498	2344	A_51_P335801	Calb1	0	Calb1	NM_009788	1.747922585	0.0	0.0	1.0	1.0	1	1	0	0	0	0	0	0	0
GSM2533498	3560	A_51_P230799	Atp2b1	0	Atp2b1	NM_026482	-0.1461337149	0.0	0.0	1.0	1.0	1	1	0	0	0	0	0	0	0
GSM2533498	5551	A_51_P243073	Trpm6	0	Trpm6	AK080899	0.0	8.0664	5.53051	0.0	0.0	0	0	0	0	0	0	0	0	0
GSM2533498	5837	A_51_P428512	Cldn16	0	Cldn16	NM_053241	1.675458567	7.54044	0.0	1.0	1.0	0	1	0	0	0	0	0	0	0
GSM2533498	5868	A_51_P281586	Cnnm2	0	Cnnm2	NM_033569	0.4109546764	0.0	0.0	1.0	1.0	1	1	0	0	0	0	0	0	0
GSM2533498	7768	A_51_P335801	Calb1	0	Calb1	NM_009788	1.834990886	0.0	0.0	1.0	1.0	0	1	0	0	0	0	0	0	0
GSM2533498	10045	A_51_P442227	Slc12a1	0	Slc12a1	U61381	0.0	7.72046	5.48456	1.0	1.0	0	0	0	0	0	0	0	0	0
GSM2533498	10087	A_52_P260659	Kcnj10	0	Kcnj10	NM_001039484	1.929286619	0.0	0.0	1.0	1.0	0	1	0	0	0	0	0	0	0
GSM2533498	11353	A_51_P335801	Calb1	0	Calb1	NM_009788	1.836819615	0.0	0.0	1.0	1.0	1	1	0	0	0	0	0	0	0
GSM2533498	11562	A_51_P300817	Atp1a1	0	Atp1a1	NM_144900	0.9895861256	0.0	0.0	1.0	1.0	1	1	0	0	0	0	0	0	0
GSM2533498	12114	A_51_P151484	Atp1b1	0	Atp1b1	NM_009721	1.374576918	0.0	0.0	1.0	1.0	1	1	0	0	0	0	0	0	0
GSM2533498	12522	A_51_P335801	Calb1	0	Calb1	NM_009788	1.848792452	0.0	0.0	1.0	1.0	1	1	0	0	0	0	0	0	0
GSM2533498	12999	A_52_P348986	Atp2b1	0	Atp2b1	NM_026482	-0.1572958686	0.0	0.0	1.0	1.0	1	1	0	0	0	0	0	0	0
GSM2533498	13287	A_52_P26118	Slc12a1	0	Slc12a1	NM_001079690	2.085045137	0.0	0.0	1.0	1.0	1	1	0	0	0	0	0	0	0
GSM2533498	15381	A_51_P352572	Clcnkb	0	Clcnkb	NM_019701	1.258252788	0.0	0.0	1.0	1.0	1	1	0	0	0	0	0	0	0
GSM2533498	15729	A_51_P335801	Calb1	0	Calb1	NM_009788	1.815606593	0.0	0.0	1.0	1.0	1	1	0	0	0	0	0	0	0
GSM2533498	15983	A_52_P550331	Kcnj16	0	Kcnj16	NM_010604	2.082254039	6.81553	0.0	1.0	1.0	0	1	0	0	0	0	0	0	0
GSM2533498	16664	A_51_P277373	Slc8a1	0	Slc8a1	AF004666	1.646451278	0.0	0.0	1.0	1.0	0	1	0	0	0	0	0	0	0
GSM2533498	18179	A_52_P313284	Slc8a1	0	Slc8a1	AF108396	0.2079274425	0.0	0.0	1.0	1.0	1	1	0	0	0	0	0	0	0
GSM2533498	18232	A_51_P171332	Cldn19	0	Cldn19	NM_153105	0.7567050745	0.0	0.0	1.0	1.0	1	1	0	0	0	0	0	0	0
GSM2533498	18861	A_51_P239601	Trpv5	0	Trpv5	NM_001007572	1.330910426	0.0	0.0	1.0	1.0	0	1	0	0	0	0	0	0	0
GSM2533498	19028	A_52_P231461	Slc8a1	0	Slc8a1	NM_011406	0.06956019235	0.0	0.0	1.0	1.0	1	1	0	0	0	0	0	0	0
GSM2533498	20241	A_51_P335801	Calb1	0	Calb1	NM_009788	1.8438901	0.0	0.0	1.0	1.0	1	1	0	0	0	0	0	0	0
GSM2533498	22525	A_52_P562704	Slc8a1	0	Slc8a1	NM_011406	0.2184584742	0.0	0.0	1.0	1.0	1	1	0	0	0	0	0	0	0
GSM2533498	22740	A_52_P550325	Kcnj16	0	Kcnj16	NM_010604	1.948207516	0.0	0.0	1.0	1.0	1	1	0	0	0	0	0	0	0
GSM2533498	23878	A_51_P335801	Calb1	0	Calb1	NM_009788	1.716700991	0.0	0.0	1.0	1.0	1	1	0	0	0	0	0	0	0
GSM2533498	26196	A_51_P357773	Kcnj16	0	Kcnj16	NM_010604	1.774347382	0.0	0.0	1.0	1.0	0	1	0	0	0	0	0	0	0
GSM2533498	26242	A_52_P499907	Kcnj1	0	Kcnj1	NM_019659	2.154499592	0.0	0.0	1.0	1.0	1	1	0	0	0	0	0	0	0
GSM2533498	27676	A_52_P351913	Atp2b1	0	Atp2b1	AK053569	0.24744368	0.0	0.0	1.0	1.0	1	1	0	0	0	0	0	0	0
GSM2533498	29730	A_52_P611783	Fxyd2	0	Fxyd2	NM_052824	1.575104615	0.0	0.0	1.0	1.0	1	1	0	0	0	0	0	0	0
GSM2533498	29964	A_51_P335801	Calb1	0	Calb1	NM_009788	1.80016174	0.0	0.0	1.0	1.0	1	1	0	0	0	0	0	0	0
GSM2533498	30753	A_51_P335801	Calb1	0	Calb1	NM_009788	1.806625516	0.0	0.0	1.0	1.0	1	1	0	0	0	0	0	0	0
GSM2533498	31276	A_52_P23661	Cldn19	0	Cldn19	NM_001038590	1.030589401	0.0	0.0	1.0	1.0	1	1	0	0	0	0	0	0	0
GSM2533498	33630	A_52_P244931	Slc8a1	0	Slc8a1	AK048160	0.0	6.8159	4.79059	0.0	0.0	0	0	0	0	0	0	0	0	0
GSM2533498	37269	A_51_P445985	Slc12a3	0	Slc12a3	NM_019415	1.571366948	0.0	0.0	1.0	1.0	1	1	0	0	0	0	0	0	0
GSM2533498	38687	A_52_P515497	Atp1a1	0	Atp1a1	NM_144900	1.062040687	0.0	0.0	1.0	1.0	1	1	0	0	0	0	0	0	0
GSM2533498	40389	A_52_P184322	Trpm6	0	Trpm6	NM_153417	0.503978583	0.0	0.0	1.0	1.0	0	1	0	0	0	0	0	0	0
GSM2533498	40926	A_51_P197499	Bsnd	0	Bsnd	NM_080458	0.2873231392	0.0	0.0	1.0	1.0	1	1	0	0	0	0	0	0	0
GSM2533498	44562	A_51_P335801	Calb1	0	Calb1	NM_009788	1.763789694	0.0	0.0	1.0	1.0	1	1	0	0	0	0	0	0	0
GSM2533498	44811	A_51_P222543	Atp2b1	0	Atp2b1	BI080417	-0.07130934196	0.0	0.0	1.0	1.0	1	1	0	0	0	0	0	0	0
GSM2533498	45034	A_52_P152274	Clcnka	0	Clcnka	NM_024412	0.6849139925	0.0	0.0	1.0	1.0	1	1	0	0	0	0	0	0	0
GSM2533499	2344	A_51_P335801	Calb1	0	Calb1	NM_009788	1.791309066	0.0	0.0	1.0	1.0	1	1	0	0	0	0	0	0	0
GSM2533499	3560	A_51_P230799	Atp2b1	0	Atp2b1	NM_026482	-0.178714185	0.0	0.0	1.0	1.0	1	1	0	0	0	0	0	0	0
GSM2533499	5551	A_51_P243073	Trpm6	0	Trpm6	AK080899	0.0	2.94043	2.3447	1.0	1.0	0	0	0	0	0	0	0	0	0
GSM2533499	5837	A_51_P428512	Cldn16	0	Cldn16	NM_053241	1.419388667	0.0	0.0	1.0	1.0	0	1	0	0	0	0	0	0	0
GSM2533499	5868	A_51_P281586	Cnnm2	0	Cnnm2	NM_033569	0.5159911724	0.0	0.0	1.0	1.0	1	1	0	0	0	0	0	0	0
GSM2533499	7768	A_51_P335801	Calb1	0	Calb1	NM_009788	1.795369299	0.0	0.0	1.0	1.0	1	1	0	0	0	0	0	0	0
GSM2533499	10045	A_51_P442227	Slc12a1	0	Slc12a1	U61381	0.2471399849	0.0	0.0	1.0	1.0	0	0	0	0	0	0	0	0	0
GSM2533499	10087	A_52_P260659	Kcnj10	0	Kcnj10	NM_001039484	1.841431818	0.0	0.0	1.0	1.0	1	1	0	0	0	0	0	0	0
GSM2533499	11353	A_51_P335801	Calb1	0	Calb1	NM_009788	1.850245803	0.0	0.0	1.0	1.0	1	1	0	0	0	0	0	0	0
GSM2533499	11562	A_51_P300817	Atp1a1	0	Atp1a1	NM_144900	1.131006586	0.0	0.0	1.0	1.0	1	1	0	0	0	0	0	0	0
GSM2533499	12114	A_51_P151484	Atp1b1	0	Atp1b1	NM_009721	1.393751062	0.0	0.0	1.0	1.0	1	1	0	0	0	0	0	0	0
GSM2533499	12522	A_51_P335801	Calb1	0	Calb1	NM_009788	1.812108972	0.0	0.0	1.0	1.0	1	1	0	0	0	0	0	0	0
GSM2533499	12999	A_52_P348986	Atp2b1	0	Atp2b1	NM_026482	-0.223840759	0.0	0.0	1.0	1.0	1	1	0	0	0	0	0	0	0
GSM2533499	13287	A_52_P26118	Slc12a1	0	Slc12a1	NM_001079690	2.184569867	0.0	0.0	1.0	1.0	1	1	0	0	0	0	0	0	0
GSM2533499	15381	A_51_P352572	Clcnkb	0	Clcnkb	NM_019701	1.48456706	0.0	0.0	1.0	1.0	1	1	0	0	0	0	0	0	0
GSM2533499	15729	A_51_P335801	Calb1	0	Calb1	NM_009788	1.817630875	0.0	0.0	1.0	1.0	1	1	0	0	0	0	0	0	0
GSM2533499	15983	A_52_P550331	Kcnj16	0	Kcnj16	NM_010604	2.448507575	0.0	0.0	1.0	1.0	0	1	0	0	0	0	0	0	0
GSM2533499	16664	A_51_P277373	Slc8a1	0	Slc8a1	AF004666	1.319423086	0.0	0.0	1.0	1.0	0	1	0	0	0	0	0	0	0
GSM2533499	18179	A_52_P313284	Slc8a1	0	Slc8a1	AF108396	0.2707170158	0.0	0.0	1.0	1.0	1	1	0	0	0	0	0	0	0
GSM2533499	18232	A_51_P171332	Cldn19	0	Cldn19	NM_153105	0.981294121	0.0	0.0	1.0	1.0	1	1	0	0	0	0	0	0	0
GSM2533499	18861	A_51_P239601	Trpv5	0	Trpv5	NM_001007572	1.740717039	0.0	0.0	1.0	1.0	0	1	0	0	0	0	0	0	0
GSM2533499	19028	A_52_P231461	Slc8a1	0	Slc8a1	NM_011406	0.9605935484	2.50678	0.0	1.0	1.0	0	1	0	0	0	0	0	0	0
GSM2533499	20241	A_51_P335801	Calb1	0	Calb1	NM_009788	1.810392035	0.0	0.0	1.0	1.0	1	1	0	0	0	0	0	0	0
GSM2533499	22525	A_52_P562704	Slc8a1	0	Slc8a1	NM_011406	0.537448714	0.0	0.0	1.0	1.0	1	1	0	0	0	0	0	0	0
GSM2533499	22740	A_52_P550325	Kcnj16	0	Kcnj16	NM_010604	1.985964207	0.0	0.0	1.0	1.0	1	1	0	0	0	0	0	0	0
GSM2533499	23878	A_51_P335801	Calb1	0	Calb1	NM_009788	1.825547473	0.0	0.0	1.0	1.0	1	1	0	0	0	0	0	0	0
GSM2533499	26196	A_51_P357773	Kcnj16	0	Kcnj16	NM_010604	1.715820864	0.0	0.0	1.0	1.0	1	1	0	0	0	0	0	0	0
GSM2533499	26242	A_52_P499907	Kcnj1	0	Kcnj1	NM_019659	2.24441042	0.0	0.0	1.0	1.0	1	1	0	0	0	0	0	0	0
GSM2533499	27676	A_52_P351913	Atp2b1	0	Atp2b1	AK053569	0.06311578103	0.0	0.0	1.0	1.0	1	1	0	0	0	0	0	0	0
GSM2533499	29730	A_52_P611783	Fxyd2	0	Fxyd2	NM_052824	1.537780572	0.0	0.0	1.0	1.0	1	1	0	0	0	0	0	0	0
GSM2533499	29964	A_51_P335801	Calb1	0	Calb1	NM_009788	1.824369654	0.0	0.0	1.0	1.0	1	1	0	0	0	0	0	0	0
GSM2533499	30753	A_51_P335801	Calb1	0	Calb1	NM_009788	1.853883109	0.0	0.0	1.0	1.0	1	1	0	0	0	0	0	0	0
GSM2533499	31276	A_52_P23661	Cldn19	0	Cldn19	NM_001038590	1.011425617	0.0	0.0	1.0	1.0	1	1	0	0	0	0	0	0	0
GSM2533499	33630	A_52_P244931	Slc8a1	0	Slc8a1	AK048160	0.0	2.62621	2.10371	1.0	1.0	0	0	0	0	0	0	0	0	0
GSM2533499	37269	A_51_P445985	Slc12a3	0	Slc12a3	NM_019415	1.63145291	0.0	0.0	1.0	1.0	1	1	0	0	0	0	0	0	0
GSM2533499	38687	A_52_P515497	Atp1a1	0	Atp1a1	NM_144900	1.129851914	0.0	0.0	1.0	1.0	1	1	0	0	0	0	0	0	0
GSM2533499	40389	A_52_P184322	Trpm6	0	Trpm6	NM_153417	0.3697655178	0.0	0.0	1.0	1.0	1	1	0	0	0	0	0	0	0
GSM2533499	40926	A_51_P197499	Bsnd	0	Bsnd	NM_080458	0.5708078663	0.0	0.0	1.0	1.0	1	1	0	0	0	0	0	0	0
GSM2533499	44562	A_51_P335801	Calb1	0	Calb1	NM_009788	1.81863958	0.0	0.0	1.0	1.0	1	1	0	0	0	0	0	0	0
GSM2533499	44811	A_51_P222543	Atp2b1	0	Atp2b1	BI080417	-0.1325988313	0.0	0.0	1.0	1.0	1	1	0	0	0	0	0	0	0
GSM2533499	45034	A_52_P152274	Clcnka	0	Clcnka	NM_024412	0.8550817558	0.0	0.0	1.0	1.0	1	1	0	0	0	0	0	0	0
GSM2533500	2344	A_51_P335801	Calb1	0	Calb1	NM_009788	1.955024105	0.0	0.0	1.0	1.0	1	1	0	0	0	0	0	0	0
GSM2533500	3560	A_51_P230799	Atp2b1	0	Atp2b1	NM_026482	-0.1199381147	0.0	0.0	1.0	1.0	1	1	0	0	0	0	0	0	0
GSM2533500	5551	A_51_P243073	Trpm6	0	Trpm6	AK080899	0.2553997746	0.0	0.0	1.0	1.0	0	0	0	0	0	0	0	0	0
GSM2533500	5837	A_51_P428512	Cldn16	0	Cldn16	NM_053241	1.729851813	0.0	0.0	1.0	1.0	0	1	0	0	0	0	0	0	0
GSM2533500	5868	A_51_P281586	Cnnm2	0	Cnnm2	NM_033569	0.5613937709	0.0	0.0	1.0	1.0	1	1	0	0	0	0	0	0	0
GSM2533500	7768	A_51_P335801	Calb1	0	Calb1	NM_009788	1.900574329	0.0	0.0	1.0	1.0	1	1	0	0	0	0	0	0	0
GSM2533500	10045	A_51_P442227	Slc12a1	0	Slc12a1	U61381	-0.04955474726	0.0	2.38071	0.0	0.0	0	0	0	0	0	0	0	0	0
GSM2533500	10087	A_52_P260659	Kcnj10	0	Kcnj10	NM_001039484	1.967027808	0.0	0.0	1.0	1.0	0	1	0	0	0	0	0	0	0
GSM2533500	11353	A_51_P335801	Calb1	0	Calb1	NM_009788	1.938828126	0.0	0.0	1.0	1.0	1	1	0	0	0	0	0	0	0
GSM2533500	11562	A_51_P300817	Atp1a1	0	Atp1a1	NM_144900	1.167218693	0.0	0.0	1.0	1.0	1	1	0	0	0	0	0	0	0
GSM2533500	12114	A_51_P151484	Atp1b1	0	Atp1b1	NM_009721	1.508045972	0.0	0.0	1.0	1.0	1	1	0	0	0	0	0	0	0
GSM2533500	12522	A_51_P335801	Calb1	0	Calb1	NM_009788	1.939863906	0.0	0.0	1.0	1.0	1	1	0	0	0	0	0	0	0
GSM2533500	12999	A_52_P348986	Atp2b1	0	Atp2b1	NM_026482	-0.1449853757	0.0	0.0	1.0	1.0	1	1	0	0	0	0	0	0	0
GSM2533500	13287	A_52_P26118	Slc12a1	0	Slc12a1	NM_001079690	2.08759854	0.0	0.0	1.0	1.0	1	1	0	0	0	0	0	0	0
GSM2533500	15381	A_51_P352572	Clcnkb	0	Clcnkb	NM_019701	1.160152863	0.0	0.0	1.0	1.0	1	1	0	0	0	0	0	0	0
GSM2533500	15729	A_51_P335801	Calb1	0	Calb1	NM_009788	2.004395139	0.0	0.0	1.0	1.0	1	1	0	0	0	0	0	0	0
GSM2533500	15983	A_52_P550331	Kcnj16	0	Kcnj16	NM_010604	2.307583302	2.94445	0.0	1.0	1.0	0	1	0	0	0	0	0	0	0
GSM2533500	16664	A_51_P277373	Slc8a1	0	Slc8a1	AF004666	1.462544716	0.0	0.0	1.0	1.0	0	1	0	0	0	0	0	0	0
GSM2533500	18179	A_52_P313284	Slc8a1	0	Slc8a1	AF108396	0.4681961378	0.0	0.0	1.0	1.0	1	1	0	0	0	0	0	0	0
GSM2533500	18232	A_51_P171332	Cldn19	0	Cldn19	NM_153105	0.853018305	0.0	0.0	1.0	1.0	1	1	0	0	0	0	0	0	0
GSM2533500	18861	A_51_P239601	Trpv5	0	Trpv5	NM_001007572	1.712276208	2.61824	0.0	0.0	0.0	0	1	0	0	0	0	0	0	0
GSM2533500	19028	A_52_P231461	Slc8a1	0	Slc8a1	NM_011406	0.9369732654	2.59237	0.0	1.0	1.0	0	1	0	0	0	0	0	0	0
GSM2533500	20241	A_51_P335801	Calb1	0	Calb1	NM_009788	1.873151283	0.0	0.0	1.0	1.0	1	1	0	0	0	0	0	0	0
GSM2533500	22525	A_52_P562704	Slc8a1	0	Slc8a1	NM_011406	0.5157601483	0.0	0.0	1.0	1.0	1	1	0	0	0	0	0	0	0
GSM2533500	22740	A_52_P550325	Kcnj16	0	Kcnj16	NM_010604	2.105729021	0.0	0.0	1.0	1.0	1	1	0	0	0	0	0	0	0
GSM2533500	23878	A_51_P335801	Calb1	0	Calb1	NM_009788	1.944634857	0.0	0.0	1.0	1.0	1	1	0	0	0	0	0	0	0
GSM2533500	26196	A_51_P357773	Kcnj16	0	Kcnj16	NM_010604	1.748121964	0.0	0.0	1.0	1.0	0	1	0	0	0	0	0	0	0
GSM2533500	26242	A_52_P499907	Kcnj1	0	Kcnj1	NM_019659	2.329411512	0.0	0.0	1.0	1.0	1	1	0	0	0	0	0	0	0
GSM2533500	27676	A_52_P351913	Atp2b1	0	Atp2b1	AK053569	0.244406276	0.0	0.0	1.0	1.0	1	1	0	0	0	0	0	0	0
GSM2533500	29730	A_52_P611783	Fxyd2	0	Fxyd2	NM_052824	1.645321711	0.0	0.0	1.0	1.0	1	1	0	0	0	0	0	0	0
GSM2533500	29964	A_51_P335801	Calb1	0	Calb1	NM_009788	1.93701051	0.0	0.0	1.0	1.0	1	1	0	0	0	0	0	0	0
GSM2533500	30753	A_51_P335801	Calb1	0	Calb1	NM_009788	1.93310273	0.0	0.0	1.0	1.0	1	1	0	0	0	0	0	0	0
GSM2533500	31276	A_52_P23661	Cldn19	0	Cldn19	NM_001038590	1.041244646	0.0	0.0	1.0	1.0	1	1	0	0	0	0	0	0	0
GSM2533500	33630	A_52_P244931	Slc8a1	0	Slc8a1	AK048160	0.0	2.83748	2.16689	1.0	1.0	0	0	0	0	0	0	0	0	0
GSM2533500	37269	A_51_P445985	Slc12a3	0	Slc12a3	NM_019415	1.654636954	0.0	0.0	1.0	1.0	1	1	0	0	0	0	0	0	0
GSM2533500	38687	A_52_P515497	Atp1a1	0	Atp1a1	NM_144900	1.122894392	0.0	0.0	1.0	1.0	1	1	0	0	0	0	0	0	0
GSM2533500	40389	A_52_P184322	Trpm6	0	Trpm6	NM_153417	0.253062678	0.0	0.0	1.0	1.0	1	1	0	0	0	0	0	0	0
GSM2533500	40926	A_51_P197499	Bsnd	0	Bsnd	NM_080458	0.1974686378	0.0	0.0	1.0	1.0	1	1	0	0	0	0	0	0	0
GSM2533500	44562	A_51_P335801	Calb1	0	Calb1	NM_009788	1.881907196	0.0	0.0	1.0	1.0	1	1	0	0	0	0	0	0	0
GSM2533500	44811	A_51_P222543	Atp2b1	0	Atp2b1	BI080417	-0.06482546595	0.0	0.0	1.0	1.0	1	1	0	0	0	0	0	0	0
GSM2533500	45034	A_52_P152274	Clcnka	0	Clcnka	NM_024412	0.4813751886	0.0	0.0	1.0	1.0	1	1	0	0	0	0	0	0	0
GSM2533501	2344	A_51_P335801	Calb1	0		NM_009788	1.990174931					1	1	0	0	0	0	0	0	0
GSM2533501	3560	A_51_P230799	Atp2b1	0		NM_026482	-0.004278402523					1	1	0	0	0	0	0	0	0
GSM2533501	5551	A_51_P243073	Trpm6	0		AK080899	0.0					0	0	0	0	0	0	0	0	0
GSM2533501	5837	A_51_P428512	Cldn16	0		NM_053241	1.713668238					0	1	0	0	0	0	0	0	0
GSM2533501	5868	A_51_P281586	Cnnm2	0		NM_033569	0.3242082804					1	1	0	0	0	0	0	0	0
GSM2533501	7768	A_51_P335801	Calb1	0		NM_009788	1.930726202					1	1	0	0	0	0	0	0	0
GSM2533501	10045	A_51_P442227	Slc12a1	0		U61381	0.1033899197					0	0	0	0	0	0	0	0	0
GSM2533501	10087	A_52_P260659	Kcnj10	0		NM_001039484	1.884153145					0	1	0	0	0	0	0	0	0
GSM2533501	11353	A_51_P335801	Calb1	0		NM_009788	1.901164133					1	1	0	0	0	0	0	0	0
GSM2533501	11562	A_51_P300817	Atp1a1	0		NM_144900	1.13616206					1	1	0	0	0	0	0	0	0
GSM2533501	12114	A_51_P151484	Atp1b1	0		NM_009721	1.451127825					1	1	0	0	0	0	0	0	0
GSM2533501	12522	A_51_P335801	Calb1	0		NM_009788	1.873540473					1	1	0	0	0	0	0	0	0
GSM2533501	12999	A_52_P348986	Atp2b1	0		NM_026482	-0.2136644582					1	1	0	0	0	0	0	0	0
GSM2533501	13287	A_52_P26118	Slc12a1	0		NM_001079690	2.11470518					1	1	0	0	0	0	0	0	0
GSM2533501	15381	A_51_P352572	Clcnkb	0		AF124847	0.8866188363					1	1	0	0	0	0	0	0	0
GSM2533501	15729	A_51_P335801	Calb1	0		NM_009788	1.93914217					1	1	0	0	0	0	0	0	0
GSM2533501	15983	A_52_P550331	Kcnj16	0		NM_010604	1.773160524					0	1	0	0	0	0	0	0	0
GSM2533501	16664	A_51_P277373	Slc8a1	0		NM_001286684	1.256263284					0	1	0	0	0	0	0	0	0
GSM2533501	18179	A_52_P313284	Slc8a1	0		NR_104580	0.474737714					1	1	0	0	0	0	0	0	0
GSM2533501	18232	A_51_P171332	Cldn19	0		NM_153105	0.8861145917					1	1	0	0	0	0	0	0	0
GSM2533501	18861	A_51_P239601	Trpv5	0		NM_001007572	0.9942758197					0	1	0	0	0	0	0	0	0
GSM2533501	19028	A_52_P231461	Slc8a1	0		NM_011406	1.05180864					0	1	0	0	0	0	0	0	0
GSM2533501	20241	A_51_P335801	Calb1	0		NM_009788	1.928480116					1	1	0	0	0	0	0	0	0
GSM2533501	22525	A_52_P562704	Slc8a1	0		NM_011406	0.3582886284					1	1	0	0	0	0	0	0	0
GSM2533501	22740	A_52_P550325	Kcnj16	0		NM_010604	1.954435321					1	1	0	0	0	0	0	0	0
GSM2533501	23878	A_51_P335801	Calb1	0		NM_009788	1.903301626					1	1	0	0	0	0	0	0	0
GSM2533501	26196	A_51_P357773	Kcnj16	0		NM_010604	1.754449645					0	1	0	0	0	0	0	0	0
GSM2533501	26242	A_52_P499907	Kcnj1	0		NM_019659	2.331516269					1	1	0	0	0	0	0	0	0
GSM2533501	27676	A_52_P351913	Atp2b1	0		AK053569	0.2392475943					1	1	0	0	0	0	0	0	0
GSM2533501	29730	A_52_P611783	Fxyd2	0		NM_052823	1.651007568					1	1	0	0	0	0	0	0	0
GSM2533501	29964	A_51_P335801	Calb1	0		NM_009788	1.894441832					1	1	0	0	0	0	0	0	0
GSM2533501	30753	A_51_P335801	Calb1	0		NM_009788	1.941682049					1	1	0	0	0	0	0	0	0
GSM2533501	31276	A_52_P23661	Cldn19	0		NM_001038590	1.206731237					1	1	0	0	0	0	0	0	0
GSM2533501	33630	A_52_P244931	Slc8a1	0		AK048160	0.0					0	0	0	0	0	0	0	0	0
GSM2533501	37269	A_51_P445985	Slc12a3	0		NM_019415	1.487352645					1	1	0	0	0	0	0	0	0
GSM2533501	38687	A_52_P515497	Atp1a1	0		NM_144900	1.081597013					1	1	0	0	0	0	0	0	0
GSM2533501	40389	A_52_P184322	Trpm6	0		NM_153417	0.1606704326					1	1	0	0	0	0	0	0	0
GSM2533501	40926	A_51_P197499	Bsnd	0		NM_080458	0.6793895123					1	1	0	0	0	0	0	0	0
GSM2533501	44562	A_51_P335801	Calb1	0		NM_009788	1.929404784					1	1	0	0	0	0	0	0	0
GSM2533501	44811	A_51_P222543	Atp2b1	0		NM_026482	-0.08894276313					1	1	0	0	0	0	0	0	0
GSM2533501	45034	A_52_P152274	Clcnka	0		NM_024412	1.162478685					0	1	0	0	0	0	0	0	0
GSM2533502	2344	A_51_P335801	Calb1	0		NM_009788	1.960179103					1	1	0	0	0	0	0	0	0
GSM2533502	3560	A_51_P230799	Atp2b1	0		NM_026482	-0.03417453048					1	1	0	0	0	0	0	0	0
GSM2533502	5551	A_51_P243073	Trpm6	0		AK080899	0.0					0	0	0	0	0	0	0	0	0
GSM2533502	5837	A_51_P428512	Cldn16	0		NM_053241	1.65546794					0	1	0	0	0	0	0	0	0
GSM2533502	5868	A_51_P281586	Cnnm2	0		NM_033569	0.3332264645					1	1	0	0	0	0	0	0	0
GSM2533502	7768	A_51_P335801	Calb1	0		NM_009788	1.966901708					1	1	0	0	0	0	0	0	0
GSM2533502	10045	A_51_P442227	Slc12a1	0		U61381	0.5250818254					0	0	0	0	0	0	0	0	0
GSM2533502	10087	A_52_P260659	Kcnj10	0		NM_001039484	2.069855211					1	1	0	0	0	0	0	0	0
GSM2533502	11353	A_51_P335801	Calb1	0		NM_009788	1.922893901					1	1	0	0	0	0	0	0	0
GSM2533502	11562	A_51_P300817	Atp1a1	0		NM_144900	1.312056317					1	1	0	0	0	0	0	0	0
GSM2533502	12114	A_51_P151484	Atp1b1	0		NM_009721	1.55837768					1	1	0	0	0	0	0	0	0
GSM2533502	12522	A_51_P335801	Calb1	0		NM_009788	1.934746945					1	1	0	0	0	0	0	0	0
GSM2533502	12999	A_52_P348986	Atp2b1	0		NM_026482	-0.230572088					1	1	0	0	0	0	0	0	0
GSM2533502	13287	A_52_P26118	Slc12a1	0		NM_001079690	2.358339911					1	1	0	0	0	0	0	0	0
GSM2533502	15381	A_51_P352572	Clcnkb	0		AF124847	1.110314988					1	1	0	0	0	0	0	0	0
GSM2533502	15729	A_51_P335801	Calb1	0		NM_009788	1.956368223					1	1	0	0	0	0	0	0	0
GSM2533502	15983	A_52_P550331	Kcnj16	0		NM_010604	1.913837341					0	1	0	0	0	0	0	0	0
GSM2533502	16664	A_51_P277373	Slc8a1	0		NM_001286684	1.328123342					0	1	0	0	0	0	0	0	0
GSM2533502	18179	A_52_P313284	Slc8a1	0		NR_104580	0.6249848854					1	1	0	0	0	0	0	0	0
GSM2533502	18232	A_51_P171332	Cldn19	0		NM_153105	1.099834007					1	1	0	0	0	0	0	0	0
GSM2533502	18861	A_51_P239601	Trpv5	0		NM_001007572	1.159354318					0	1	0	0	0	0	0	0	0
GSM2533502	19028	A_52_P231461	Slc8a1	0		NM_011406	1.191436712					0	1	0	0	0	0	0	0	0
GSM2533502	20241	A_51_P335801	Calb1	0		NM_009788	1.934153448					1	1	0	0	0	0	0	0	0
GSM2533502	22525	A_52_P562704	Slc8a1	0		NM_011406	0.3888800806					1	1	0	0	0	0	0	0	0
GSM2533502	22740	A_52_P550325	Kcnj16	0		NM_010604	2.053206997					1	1	0	0	0	0	0	0	0
GSM2533502	23878	A_51_P335801	Calb1	0		NM_009788	1.968500651					1	1	0	0	0	0	0	0	0
GSM2533502	26196	A_51_P357773	Kcnj16	0		NM_010604	1.843808756					0	1	0	0	0	0	0	0	0
GSM2533502	26242	A_52_P499907	Kcnj1	0		NM_019659	2.348383641					1	1	0	0	0	0	0	0	0
GSM2533502	27676	A_52_P351913	Atp2b1	0		AK053569	0.2056100778					1	1	0	0	0	0	0	0	0
GSM2533502	29730	A_52_P611783	Fxyd2	0		NM_052823	1.668182434					1	1	0	0	0	0	0	0	0
GSM2533502	29964	A_51_P335801	Calb1	0		NM_009788	1.948250777					1	1	0	0	0	0	0	0	0
GSM2533502	30753	A_51_P335801	Calb1	0		NM_009788	1.974347214					1	1	0	0	0	0	0	0	0
GSM2533502	31276	A_52_P23661	Cldn19	0		NM_001038590	1.259775841					1	1	0	0	0	0	0	0	0
GSM2533502	33630	A_52_P244931	Slc8a1	0		AK048160	0.0					0	0	0	0	0	0	0	0	0
GSM2533502	37269	A_51_P445985	Slc12a3	0		NM_019415	1.573484239					1	1	0	0	0	0	0	0	0
GSM2533502	38687	A_52_P515497	Atp1a1	0		NM_144900	1.304742769					1	1	0	0	0	0	0	0	0
GSM2533502	40389	A_52_P184322	Trpm6	0		NM_153417	0.1904844732					1	1	0	0	0	0	0	0	0
GSM2533502	40926	A_51_P197499	Bsnd	0		NM_080458	0.6020310899					1	1	0	0	0	0	0	0	0
GSM2533502	44562	A_51_P335801	Calb1	0		NM_009788	1.968161671					1	1	0	0	0	0	0	0	0
GSM2533502	44811	A_51_P222543	Atp2b1	0		NM_026482	-0.02450184406					1	1	0	0	0	0	0	0	0
GSM2533502	45034	A_52_P152274	Clcnka	0		NM_024412	1.077740206					1	1	0	0	0	0	0	0	0
GSM2533503	2344	A_51_P335801	Calb1	0		NM_009788	1.818783764					1	1	0	0	0	0	0	0	0
GSM2533503	3560	A_51_P230799	Atp2b1	0		NM_026482	-0.08407346123					1	1	0	0	0	0	0	0	0
GSM2533503	5551	A_51_P243073	Trpm6	0		AK080899	0.0					0	0	0	0	0	0	0	0	0
GSM2533503	5837	A_51_P428512	Cldn16	0		NM_053241	1.292969096					0	1	0	0	0	0	0	0	0
GSM2533503	5868	A_51_P281586	Cnnm2	0		NM_033569	0.5104735705					1	1	0	0	0	0	0	0	0
GSM2533503	7768	A_51_P335801	Calb1	0		NM_009788	1.848649622					1	1	0	0	0	0	0	0	0
GSM2533503	10045	A_51_P442227	Slc12a1	0		U61381	0.8133255439					0	1	0	0	0	0	0	0	0
GSM2533503	10087	A_52_P260659	Kcnj10	0		NM_001039484	1.897969481					1	1	0	0	0	0	0	0	0
GSM2533503	11353	A_51_P335801	Calb1	0		NM_009788	1.844494971					1	1	0	0	0	0	0	0	0
GSM2533503	11562	A_51_P300817	Atp1a1	0		NM_144900	1.350985375					1	1	0	0	0	0	0	0	0
GSM2533503	12114	A_51_P151484	Atp1b1	0		NM_009721	1.65518644					1	1	0	0	0	0	0	0	0
GSM2533503	12522	A_51_P335801	Calb1	0		NM_009788	1.847847983					1	1	0	0	0	0	0	0	0
GSM2533503	12999	A_52_P348986	Atp2b1	0		NM_026482	-0.2401518388					1	1	0	0	0	0	0	0	0
GSM2533503	13287	A_52_P26118	Slc12a1	0		NM_001079690	2.488203742					1	1	0	0	0	0	0	0	0
GSM2533503	15381	A_51_P352572	Clcnkb	0		AF124847	0.8213149378					1	1	0	0	0	0	0	0	0
GSM2533503	15729	A_51_P335801	Calb1	0		NM_009788	1.835718126					1	1	0	0	0	0	0	0	0
GSM2533503	15983	A_52_P550331	Kcnj16	0		NM_010604	2.108457526					0	1	0	0	0	0	0	0	0
GSM2533503	16664	A_51_P277373	Slc8a1	0		NM_001286684	1.061468358					1	1	0	0	0	0	0	0	0
GSM2533503	18179	A_52_P313284	Slc8a1	0		NR_104580	0.7394181474					1	1	0	0	0	0	0	0	0
GSM2533503	18232	A_51_P171332	Cldn19	0		NM_153105	1.134034235					1	1	0	0	0	0	0	0	0
GSM2533503	18861	A_51_P239601	Trpv5	0		NM_001007572	0.9335975906					0	1	0	0	0	0	0	0	0
GSM2533503	19028	A_52_P231461	Slc8a1	0		NM_011406	1.481886271					0	1	0	0	0	0	0	0	0
GSM2533503	20241	A_51_P335801	Calb1	0		NM_009788	1.820496208					1	1	0	0	0	0	0	0	0
GSM2533503	22525	A_52_P562704	Slc8a1	0		NM_011406	0.6333625185					1	1	0	0	0	0	0	0	0
GSM2533503	22740	A_52_P550325	Kcnj16	0		NM_010604	1.904909069					1	1	0	0	0	0	0	0	0
GSM2533503	23878	A_51_P335801	Calb1	0		NM_009788	1.83132992					1	1	0	0	0	0	0	0	0
GSM2533503	26196	A_51_P357773	Kcnj16	0		NM_010604	1.762174168					0	1	0	0	0	0	0	0	0
GSM2533503	26242	A_52_P499907	Kcnj1	0		NM_019659	2.255318082					1	1	0	0	0	0	0	0	0
GSM2533503	27676	A_52_P351913	Atp2b1	0		AK053569	0.0490065532					1	1	0	0	0	0	0	0	0
GSM2533503	29730	A_52_P611783	Fxyd2	0		NM_052823	1.602292914					1	1	0	0	0	0	0	0	0
GSM2533503	29964	A_51_P335801	Calb1	0		NM_009788	1.836638236					1	1	0	0	0	0	0	0	0
GSM2533503	30753	A_51_P335801	Calb1	0		NM_009788	1.825126786					1	1	0	0	0	0	0	0	0
GSM2533503	31276	A_52_P23661	Cldn19	0		NM_001038590	1.2727344					1	1	0	0	0	0	0	0	0
GSM2533503	33630	A_52_P244931	Slc8a1	0		AK048160	0.0					0	0	0	0	0	0	0	0	0
GSM2533503	37269	A_51_P445985	Slc12a3	0		NM_019415	1.496156225					1	1	0	0	0	0	0	0	0
GSM2533503	38687	A_52_P515497	Atp1a1	0		NM_144900	1.293702707					1	1	0	0	0	0	0	0	0
GSM2533503	40389	A_52_P184322	Trpm6	0		NM_153417	0.5069640625					1	1	0	0	0	0	0	0	0
GSM2533503	40926	A_51_P197499	Bsnd	0		NM_080458	0.6440277112					1	1	0	0	0	0	0	0	0
GSM2533503	44562	A_51_P335801	Calb1	0		NM_009788	1.860594761					1	1	0	0	0	0	0	0	0
GSM2533503	44811	A_51_P222543	Atp2b1	0		NM_026482	-0.1101048478					1	1	0	0	0	0	0	0	0
GSM2533503	45034	A_52_P152274	Clcnka	0		NM_024412	1.236397139					1	1	0	0	0	0	0	0	0
GSM2533504	2344	A_51_P335801	Calb1	0		NM_009788	1.767879592					1	1	0	0	0	0	0	0	0
GSM2533504	3560	A_51_P230799	Atp2b1	0		NM_026482	0.06050380119					1	1	0	0	0	0	0	0	0
GSM2533504	5551	A_51_P243073	Trpm6	0		AK080899	0.0					0	0	0	0	0	0	0	0	0
GSM2533504	5837	A_51_P428512	Cldn16	0		NM_053241	1.276300439					0	1	0	0	0	0	0	0	0
GSM2533504	5868	A_51_P281586	Cnnm2	0		NM_033569	0.3957131416					1	1	0	0	0	0	0	0	0
GSM2533504	7768	A_51_P335801	Calb1	0		NM_009788	1.783508523					1	1	0	0	0	0	0	0	0
GSM2533504	10045	A_51_P442227	Slc12a1	0		U61381	0.6542042917					0	1	0	0	0	0	0	0	0
GSM2533504	10087	A_52_P260659	Kcnj10	0		NM_001039484	1.840333643					1	1	0	0	0	0	0	0	0
GSM2533504	11353	A_51_P335801	Calb1	0		NM_009788	1.755041283					1	1	0	0	0	0	0	0	0
GSM2533504	11562	A_51_P300817	Atp1a1	0		NM_144900	1.291087094					1	1	0	0	0	0	0	0	0
GSM2533504	12114	A_51_P151484	Atp1b1	0		NM_009721	1.448806129					1	1	0	0	0	0	0	0	0
GSM2533504	12522	A_51_P335801	Calb1	0		NM_009788	1.75493141					1	1	0	0	0	0	0	0	0
GSM2533504	12999	A_52_P348986	Atp2b1	0		NM_026482	-0.1710904264					1	1	0	0	0	0	0	0	0
GSM2533504	13287	A_52_P26118	Slc12a1	0		NM_001079690	2.244257463					1	1	0	0	0	0	0	0	0
GSM2533504	15381	A_51_P352572	Clcnkb	0		AF124847	1.064091994					1	1	0	0	0	0	0	0	0
GSM2533504	15729	A_51_P335801	Calb1	0		NM_009788	1.774438848					1	1	0	0	0	0	0	0	0
GSM2533504	15983	A_52_P550331	Kcnj16	0		NM_010604	1.690170555					0	1	0	0	0	0	0	0	0
GSM2533504	16664	A_51_P277373	Slc8a1	0		NM_001286684	1.204863586					0	1	0	0	0	0	0	0	0
GSM2533504	18179	A_52_P313284	Slc8a1	0		NR_104580	0.4098826678					1	1	0	0	0	0	0	0	0
GSM2533504	18232	A_51_P171332	Cldn19	0		NM_153105	1.112432481					1	1	0	0	0	0	0	0	0
GSM2533504	18861	A_51_P239601	Trpv5	0		NM_001007572	1.100298421					0	1	0	0	0	0	0	0	0
GSM2533504	19028	A_52_P231461	Slc8a1	0		NM_011406	1.135647234					0	1	0	0	0	0	0	0	0
GSM2533504	20241	A_51_P335801	Calb1	0		NM_009788	1.769511532					1	1	0	0	0	0	0	0	0
GSM2533504	22525	A_52_P562704	Slc8a1	0		NM_011406	0.3765161476					1	1	0	0	0	0	0	0	0
GSM2533504	22740	A_52_P550325	Kcnj16	0		NM_010604	1.853224246					1	1	0	0	0	0	0	0	0
GSM2533504	23878	A_51_P335801	Calb1	0		NM_009788	1.766138056					1	1	0	0	0	0	0	0	0
GSM2533504	26196	A_51_P357773	Kcnj16	0		NM_010604	1.579211654					0	1	0	0	0	0	0	0	0
GSM2533504	26242	A_52_P499907	Kcnj1	0		NM_019659	2.172415083					1	1	0	0	0	0	0	0	0
GSM2533504	27676	A_52_P351913	Atp2b1	0		AK053569	0.1889160126					1	1	0	0	0	0	0	0	0
GSM2533504	29730	A_52_P611783	Fxyd2	0		NM_052823	1.508074165					1	1	0	0	0	0	0	0	0
GSM2533504	29964	A_51_P335801	Calb1	0		NM_009788	1.777467362					1	1	0	0	0	0	0	0	0
GSM2533504	30753	A_51_P335801	Calb1	0		NM_009788	1.746689931					1	1	0	0	0	0	0	0	0
GSM2533504	31276	A_52_P23661	Cldn19	0		NM_001038590	1.12233598					1	1	0	0	0	0	0	0	0
GSM2533504	33630	A_52_P244931	Slc8a1	0		AK048160	0.0					0	0	0	0	0	0	0	0	0
GSM2533504	37269	A_51_P445985	Slc12a3	0		NM_019415	1.451986958					1	1	0	0	0	0	0	0	0
GSM2533504	38687	A_52_P515497	Atp1a1	0		NM_144900	1.20866871					1	1	0	0	0	0	0	0	0
GSM2533504	40389	A_52_P184322	Trpm6	0		NM_153417	0.4796121534					1	1	0	0	0	0	0	0	0
GSM2533504	40926	A_51_P197499	Bsnd	0		NM_080458	0.6928272006					1	1	0	0	0	0	0	0	0
GSM2533504	44562	A_51_P335801	Calb1	0		NM_009788	1.795760323					1	1	0	0	0	0	1	1	0
GSM2533504	44811	A_51_P222543	Atp2b1	0		NM_026482	-0.08124751708					1	1	0	0	0	0	0	0	0
GSM2533504	45034	A_52_P152274	Clcnka	0		NM_024412	1.010461053					1	1	0	0	0	0	0	0	0
GSM2533505	2344	A_51_P335801	Calb1	0		NM_009788	1.888493869					1	1	0	0	0	0	0	0	0
GSM2533505	3560	A_51_P230799	Atp2b1	0		NM_026482	0.02444580289					1	1	0	0	0	0	0	0	0
GSM2533505	5551	A_51_P243073	Trpm6	0		AK080899	0.0					0	0	0	0	0	0	0	0	0
GSM2533505	5837	A_51_P428512	Cldn16	0		NM_053241	1.437694033					0	1	0	0	0	0	0	0	0
GSM2533505	5868	A_51_P281586	Cnnm2	0		NM_033569	0.4595000745					1	1	0	0	0	0	0	0	0
GSM2533505	7768	A_51_P335801	Calb1	0		NM_009788	1.86859574					1	1	0	0	0	0	0	0	0
GSM2533505	10045	A_51_P442227	Slc12a1	0		U61381	0.3481652736					0	0	0	0	0	0	0	0	0
GSM2533505	10087	A_52_P260659	Kcnj10	0		NM_001039484	1.952391616					1	1	0	0	0	0	0	0	0
GSM2533505	11353	A_51_P335801	Calb1	0		NM_009788	1.877848599					1	1	0	0	0	0	0	0	0
GSM2533505	11562	A_51_P300817	Atp1a1	0		NM_144900	1.490990702					1	1	0	0	0	0	0	0	0
GSM2533505	12114	A_51_P151484	Atp1b1	0		NM_009721	1.604728684					1	1	0	0	0	0	0	0	0
GSM2533505	12522	A_51_P335801	Calb1	0		NM_009788	1.865555957					1	1	0	0	0	0	0	0	0
GSM2533505	12999	A_52_P348986	Atp2b1	0		NM_026482	-0.2175842527					1	1	0	0	0	0	0	0	0
GSM2533505	13287	A_52_P26118	Slc12a1	0		NM_001079690	2.431255499					1	1	0	0	0	0	0	0	0
GSM2533505	15381	A_51_P352572	Clcnkb	0		AF124847	1.088873469					1	1	0	0	0	0	0	0	0
GSM2533505	15729	A_51_P335801	Calb1	0		NM_009788	1.882059188					1	1	0	0	0	0	0	0	0
GSM2533505	15983	A_52_P550331	Kcnj16	0		NM_010604	2.015167699					0	1	0	0	0	0	0	0	0
GSM2533505	16664	A_51_P277373	Slc8a1	0		NM_001286684	1.330585309					1	1	0	0	0	0	0	0	0
GSM2533505	18179	A_52_P313284	Slc8a1	0		NR_104580	0.6687256227					1	1	0	0	0	0	0	0	0
GSM2533505	18232	A_51_P171332	Cldn19	0		NM_153105	1.138718205					1	1	0	0	0	0	0	0	0
GSM2533505	18861	A_51_P239601	Trpv5	0		NM_001007572	0.9336430197					0	1	0	0	0	0	0	0	0
GSM2533505	19028	A_52_P231461	Slc8a1	0		NM_011406	1.489155291					0	1	0	0	0	0	0	0	0
GSM2533505	20241	A_51_P335801	Calb1	0		NM_009788	1.886830207					1	1	0	0	0	0	0	0	0
GSM2533505	22525	A_52_P562704	Slc8a1	0		NM_011406	0.679709874					1	1	0	0	0	0	0	0	0
GSM2533505	22740	A_52_P550325	Kcnj16	0		NM_010604	1.929343237					1	1	0	0	0	0	0	0	0
GSM2533505	23878	A_51_P335801	Calb1	0		NM_009788	1.8620074					1	1	0	0	0	0	0	0	0
GSM2533505	26196	A_51_P357773	Kcnj16	0		NM_010604	1.725421202					0	1	0	0	0	0	0	0	0
GSM2533505	26242	A_52_P499907	Kcnj1	0		NM_019659	2.268076785					1	1	0	0	0	0	0	0	0
GSM2533505	27676	A_52_P351913	Atp2b1	0		AK053569	0.1757698376					1	1	0	0	0	0	0	0	0
GSM2533505	29730	A_52_P611783	Fxyd2	0		NM_052823	1.623107126					1	1	0	0	0	0	0	0	0
GSM2533505	29964	A_51_P335801	Calb1	0		NM_009788	1.896050529					1	1	0	0	0	0	0	0	0
GSM2533505	30753	A_51_P335801	Calb1	0		NM_009788	1.859770085					1	1	0	0	0	0	0	0	0
GSM2533505	31276	A_52_P23661	Cldn19	0		NM_001038590	1.292878812					1	1	0	0	0	0	0	0	0
GSM2533505	33630	A_52_P244931	Slc8a1	0		AK048160	0.171335814					0	0	0	0	0	0	0	0	0
GSM2533505	37269	A_51_P445985	Slc12a3	0		NM_019415	1.605772993					1	1	0	0	0	0	0	0	0
GSM2533505	38687	A_52_P515497	Atp1a1	0		NM_144900	1.425354589					1	1	0	0	0	0	0	0	0
GSM2533505	40389	A_52_P184322	Trpm6	0		NM_153417	0.4967249729					1	1	0	0	0	0	0	0	0
GSM2533505	40926	A_51_P197499	Bsnd	0		NM_080458	0.910018277					1	1	0	0	0	0	0	0	0
GSM2533505	44562	A_51_P335801	Calb1	0		NM_009788	1.894347312					1	1	0	0	0	0	1	0	0
GSM2533505	44811	A_51_P222543	Atp2b1	0		NM_026482	-0.08620378812					1	1	0	0	0	0	0	0	0
GSM2533505	45034	A_52_P152274	Clcnka	0		NM_024412	1.214067247					1	1	0	0	0	0	0	0	0
GSM2533506	2344	A_51_P335801	Calb1	0		NM_009788	1.926398619					1	1	0	0	0	0	0	0	0
GSM2533506	3560	A_51_P230799	Atp2b1	0		NM_026482	-0.1185208392					1	1	0	0	0	0	0	0	0
GSM2533506	5551	A_51_P243073	Trpm6	0		AK080899	0.3073509505					0	0	0	0	0	0	0	0	0
GSM2533506	5837	A_51_P428512	Cldn16	0		NM_053241	1.202128676					0	1	0	0	0	0	0	0	0
GSM2533506	5868	A_51_P281586	Cnnm2	0		NM_033569	0.5606429479					1	1	0	0	0	0	0	0	0
GSM2533506	7768	A_51_P335801	Calb1	0		NM_009788	1.956721163					1	1	0	0	0	0	0	0	0
GSM2533506	10045	A_51_P442227	Slc12a1	0		U61381	0.2538177631					0	0	0	0	0	0	0	0	0
GSM2533506	10087	A_52_P260659	Kcnj10	0		NM_001039484	2.084619099					1	1	0	0	0	0	0	0	0
GSM2533506	11353	A_51_P335801	Calb1	0		NM_009788	1.931260692					1	1	0	0	0	0	0	0	0
GSM2533506	11562	A_51_P300817	Atp1a1	0		NM_144900	1.391231465					1	1	0	0	0	0	0	0	0
GSM2533506	12114	A_51_P151484	Atp1b1	0		NM_009721	1.618960037					1	1	0	0	0	0	0	0	0
GSM2533506	12522	A_51_P335801	Calb1	0		NM_009788	1.944959136					1	1	0	0	0	0	0	0	0
GSM2533506	12999	A_52_P348986	Atp2b1	0		NM_026482	-0.3165423663					1	1	0	0	0	0	0	0	0
GSM2533506	13287	A_52_P26118	Slc12a1	0		NM_001079690	2.402834832					1	1	0	0	0	0	0	0	0
GSM2533506	15381	A_51_P352572	Clcnkb	0		AF124847	0.9107641129					1	1	0	0	0	0	0	0	0
GSM2533506	15729	A_51_P335801	Calb1	0		NM_009788	1.917922473					1	1	0	0	0	0	0	0	0
GSM2533506	15983	A_52_P550331	Kcnj16	0		NM_010604	2.127766595					0	1	0	0	0	0	0	0	0
GSM2533506	16664	A_51_P277373	Slc8a1	0		NM_001286684	1.216294279					0	1	0	0	0	0	0	0	0
GSM2533506	18179	A_52_P313284	Slc8a1	0		NR_104580	0.6782602268					1	1	0	0	0	0	0	0	0
GSM2533506	18232	A_51_P171332	Cldn19	0		NM_153105	1.009061894					1	1	0	0	0	0	0	0	0
GSM2533506	18861	A_51_P239601	Trpv5	0		NM_001007572	0.8299077784					0	1	0	0	0	0	0	0	0
GSM2533506	19028	A_52_P231461	Slc8a1	0		NM_011406	1.429808985					0	1	0	0	0	0	0	0	0
GSM2533506	20241	A_51_P335801	Calb1	0		NM_009788	1.948997922					1	1	0	0	0	0	0	0	0
GSM2533506	22525	A_52_P562704	Slc8a1	0		NM_011406	0.6721532388					1	1	0	0	0	0	0	0	0
GSM2533506	22740	A_52_P550325	Kcnj16	0		NM_010604	1.993023335					1	1	0	0	0	0	0	0	0
GSM2533506	23878	A_51_P335801	Calb1	0		NM_009788	1.939598154					1	1	0	0	0	0	0	0	0
GSM2533506	26196	A_51_P357773	Kcnj16	0		NM_010604	1.770431563					1	1	0	0	0	0	0	0	0
GSM2533506	26242	A_52_P499907	Kcnj1	0		NM_019659	2.360169914					1	1	0	0	0	0	0	0	0
GSM2533506	27676	A_52_P351913	Atp2b1	0		AK053569	0.07465740525					1	1	0	0	0	0	0	0	0
GSM2533506	29730	A_52_P611783	Fxyd2	0		NM_052823	1.710115215					1	1	0	0	0	0	0	0	0
GSM2533506	29964	A_51_P335801	Calb1	0		NM_009788	1.935452211					1	1	0	0	0	0	0	0	0
GSM2533506	30753	A_51_P335801	Calb1	0		NM_009788	1.937061054					1	1	0	0	0	0	0	0	0
GSM2533506	31276	A_52_P23661	Cldn19	0		NM_001038590	1.17976435					1	1	0	0	0	0	0	0	0
GSM2533506	33630	A_52_P244931	Slc8a1	0		AK048160	0.0					0	0	0	0	0	0	0	0	0
GSM2533506	37269	A_51_P445985	Slc12a3	0		NM_019415	1.663489022					1	1	0	0	0	0	0	0	0
GSM2533506	38687	A_52_P515497	Atp1a1	0		NM_144900	1.337358007					1	1	0	0	0	0	0	0	0
GSM2533506	40389	A_52_P184322	Trpm6	0		NM_153417	0.3713366082					1	1	0	0	0	0	0	0	0
GSM2533506	40926	A_51_P197499	Bsnd	0		NM_080458	0.4864312505					1	1	0	0	0	0	0	0	0
GSM2533506	44562	A_51_P335801	Calb1	0		NM_009788	1.93590612					1	1	0	0	0	0	0	0	0
GSM2533506	44811	A_51_P222543	Atp2b1	0		NM_026482	-0.1167649804					1	1	0	0	0	0	0	0	0
GSM2533506	45034	A_52_P152274	Clcnka	0		NM_024412	1.177967629					1	1	0	0	0	0	0	0	0
GSM2533507	2344	A_51_P335801	Calb1	0		NM_009788	1.996907122					1	1	0	0	0	0	0	0	0
GSM2533507	3560	A_51_P230799	Atp2b1	0		NM_026482	-0.03935723216					1	1	0	0	0	0	0	0	0
GSM2533507	5551	A_51_P243073	Trpm6	0		AK080899	-0.1589343699					0	0	0	0	0	0	0	0	0
GSM2533507	5837	A_51_P428512	Cldn16	0		NM_053241	1.324666751					0	1	0	0	0	0	0	0	0
GSM2533507	5868	A_51_P281586	Cnnm2	0		NM_033569	0.5042717346					1	1	0	0	0	0	0	0	0
GSM2533507	7768	A_51_P335801	Calb1	0		NM_009788	2.012508691					1	1	0	0	0	0	0	0	0
GSM2533507	10045	A_51_P442227	Slc12a1	0		U61381	0.3549168084					0	0	0	0	0	0	0	0	0
GSM2533507	10087	A_52_P260659	Kcnj10	0		NM_001039484	2.240942232					0	1	0	0	0	0	0	0	0
GSM2533507	11353	A_51_P335801	Calb1	0		NM_009788	1.979745295					1	1	0	0	0	0	0	0	0
GSM2533507	11562	A_51_P300817	Atp1a1	0		NM_144900	1.336388315					1	1	0	0	0	0	0	0	0
GSM2533507	12114	A_51_P151484	Atp1b1	0		NM_009721	1.546069833					1	1	0	0	0	0	0	0	0
GSM2533507	12522	A_51_P335801	Calb1	0		NM_009788	1.98477127					1	1	0	0	0	0	0	0	0
GSM2533507	12999	A_52_P348986	Atp2b1	0		NM_026482	-0.2443057677					1	1	0	0	0	0	0	0	0
GSM2533507	13287	A_52_P26118	Slc12a1	0		NM_001079690	2.34886456					1	1	0	0	0	0	0	0	0
GSM2533507	15381	A_51_P352572	Clcnkb	0		AF124847	0.7910762847					1	1	0	0	0	0	0	0	0
GSM2533507	15729	A_51_P335801	Calb1	0		NM_009788	2.019157551					1	1	0	0	0	0	0	0	0
GSM2533507	15983	A_52_P550331	Kcnj16	0		NM_010604	1.973609764					0	1	0	0	0	0	0	0	0
GSM2533507	16664	A_51_P277373	Slc8a1	0		NM_001286684	1.298181372					0	1	0	0	0	0	0	0	0
GSM2533507	18179	A_52_P313284	Slc8a1	0		NR_104580	0.4549416383					1	1	0	0	0	0	0	0	0
GSM2533507	18232	A_51_P171332	Cldn19	0		NM_153105	1.152954757					1	1	0	0	0	0	0	0	0
GSM2533507	18861	A_51_P239601	Trpv5	0		NM_001007572	1.06980883					0	1	0	0	0	0	0	0	0
GSM2533507	19028	A_52_P231461	Slc8a1	0		NM_011406	1.03988446					0	1	0	0	0	0	0	0	0
GSM2533507	20241	A_51_P335801	Calb1	0		NM_009788	1.980468079					1	1	0	0	0	0	0	0	0
GSM2533507	22525	A_52_P562704	Slc8a1	0		NM_011406	0.5166236599					1	1	0	0	0	0	0	0	0
GSM2533507	22740	A_52_P550325	Kcnj16	0		NM_010604	2.069707537					1	1	0	0	0	0	0	0	0
GSM2533507	23878	A_51_P335801	Calb1	0		NM_009788	1.960554145					1	1	0	0	0	0	0	0	0
GSM2533507	26196	A_51_P357773	Kcnj16	0		NM_010604	1.672588777					1	1	0	0	0	0	0	0	0
GSM2533507	26242	A_52_P499907	Kcnj1	0		NM_019659	2.426622809					1	1	0	0	0	0	0	0	0
GSM2533507	27676	A_52_P351913	Atp2b1	0		AK053569	0.1195703685					1	1	0	0	0	0	0	0	0
GSM2533507	29730	A_52_P611783	Fxyd2	0		NM_052823	1.710998876					1	1	0	0	0	0	0	0	0
GSM2533507	29964	A_51_P335801	Calb1	0		NM_009788	1.973762643					1	1	0	0	0	0	0	0	0
GSM2533507	30753	A_51_P335801	Calb1	0		NM_009788	1.971511354					1	1	0	0	0	0	0	0	0
GSM2533507	31276	A_52_P23661	Cldn19	0		NM_001038590	1.144412681					1	1	0	0	0	0	0	0	0
GSM2533507	33630	A_52_P244931	Slc8a1	0		AK048160	0.0					0	0	0	0	0	0	0	0	0
GSM2533507	37269	A_51_P445985	Slc12a3	0		NM_019415	1.582460899					1	1	0	0	0	0	0	0	0
GSM2533507	38687	A_52_P515497	Atp1a1	0		NM_144900	1.189091365					1	1	0	0	0	0	0	0	0
GSM2533507	40389	A_52_P184322	Trpm6	0		NM_153417	0.5219217047					1	1	0	0	0	0	0	0	0
GSM2533507	40926	A_51_P197499	Bsnd	0		NM_080458	0.4910135454					1	1	0	0	0	0	0	0	0
GSM2533507	44562	A_51_P335801	Calb1	0		NM_009788	1.966315146					1	1	0	0	0	0	0	0	0
GSM2533507	44811	A_51_P222543	Atp2b1	0		NM_026482	-0.1782791916					1	1	0	0	0	0	0	0	0
GSM2533507	45034	A_52_P152274	Clcnka	0		NM_024412	1.144029422					1	1	0	0	0	0	0	0	0
GSM2533508	2344	A_51_P335801	Calb1	0		NM_009788	2.067368361					1	1	0	0	0	0	0	0	0
GSM2533508	3560	A_51_P230799	Atp2b1	0		NM_026482	-0.02300971492					1	1	0	0	0	0	0	0	0
GSM2533508	5551	A_51_P243073	Trpm6	0		AK080899	0.0					0	0	0	0	0	0	0	0	0
GSM2533508	5837	A_51_P428512	Cldn16	0		NM_053241	1.579955331					0	1	0	0	0	0	0	0	0
GSM2533508	5868	A_51_P281586	Cnnm2	0		NM_033569	0.3640536834					1	1	0	0	0	0	0	0	0
GSM2533508	7768	A_51_P335801	Calb1	0		NM_009788	2.036200232					1	1	0	0	0	0	0	0	0
GSM2533508	10045	A_51_P442227	Slc12a1	0		U61381	0.06451112977					0	0	0	0	0	0	0	0	0
GSM2533508	10087	A_52_P260659	Kcnj10	0		NM_001039484	2.34155156					0	1	0	0	0	0	0	0	0
GSM2533508	11353	A_51_P335801	Calb1	0		NM_009788	2.001625323					1	1	0	0	0	0	0	0	0
GSM2533508	11562	A_51_P300817	Atp1a1	0		NM_144900	1.252529747					1	1	0	0	0	0	0	0	0
GSM2533508	12114	A_51_P151484	Atp1b1	0		NM_009721	1.408050271					1	1	0	0	0	0	0	0	0
GSM2533508	12522	A_51_P335801	Calb1	0		NM_009788	2.010701875					1	1	0	0	0	0	0	0	0
GSM2533508	12999	A_52_P348986	Atp2b1	0		NM_026482	-0.2593058709					1	1	0	0	0	0	0	0	0
GSM2533508	13287	A_52_P26118	Slc12a1	0		NM_001079690	2.279768913					1	1	0	0	0	0	0	0	0
GSM2533508	15381	A_51_P352572	Clcnkb	0		AF124847	0.6775308581					1	1	0	0	0	0	0	0	0
GSM2533508	15729	A_51_P335801	Calb1	0		NM_009788	2.118413346					1	1	0	0	0	0	0	0	0
GSM2533508	15983	A_52_P550331	Kcnj16	0		NM_010604	2.111897636					0	1	0	0	0	0	0	0	0
GSM2533508	16664	A_51_P277373	Slc8a1	0		NM_001286684	0.8767321175					0	1	0	0	0	0	0	0	0
GSM2533508	18179	A_52_P313284	Slc8a1	0		NR_104580	0.3583042407					1	1	0	0	0	0	0	0	0
GSM2533508	18232	A_51_P171332	Cldn19	0		NM_153105	1.12966399					1	1	0	0	0	0	0	0	0
GSM2533508	18861	A_51_P239601	Trpv5	0		NM_001007572	0.6612817884					0	1	0	0	0	0	0	0	0
GSM2533508	19028	A_52_P231461	Slc8a1	0		NM_011406	0.7461742439					0	1	0	0	0	0	0	0	0
GSM2533508	20241	A_51_P335801	Calb1	0		NM_009788	2.038341314					1	1	0	0	0	0	0	0	0
GSM2533508	22525	A_52_P562704	Slc8a1	0		NM_011406	0.289019037					1	1	0	0	0	0	0	0	0
GSM2533508	22740	A_52_P550325	Kcnj16	0		NM_010604	2.1110759					1	1	0	0	0	0	0	0	0
GSM2533508	23878	A_51_P335801	Calb1	0		NM_009788	1.977967814					1	1	0	0	0	0	0	0	0
GSM2533508	26196	A_51_P357773	Kcnj16	0		NM_010604	1.807174069					0	1	0	0	0	0	0	0	0
GSM2533508	26242	A_52_P499907	Kcnj1	0		NM_019659	2.416575774					1	1	0	0	0	0	0	0	0
GSM2533508	27676	A_52_P351913	Atp2b1	0		AK053569	0.2271624502					1	1	0	0	0	0	0	0	0
GSM2533508	29730	A_52_P611783	Fxyd2	0		NM_052823	1.722440769					1	1	0	0	0	0	0	0	0
GSM2533508	29964	A_51_P335801	Calb1	0		NM_009788	2.033554045					1	1	0	0	0	0	0	0	0
GSM2533508	30753	A_51_P335801	Calb1	0		NM_009788	1.963167911					1	1	0	0	0	0	0	0	0
GSM2533508	31276	A_52_P23661	Cldn19	0		NM_001038590	1.22460558					1	1	0	0	0	0	0	0	0
GSM2533508	33630	A_52_P244931	Slc8a1	0		AK048160	0.0					0	0	0	0	0	0	0	0	0
GSM2533508	37269	A_51_P445985	Slc12a3	0		NM_019415	1.539927364					1	1	0	0	0	0	0	0	0
GSM2533508	38687	A_52_P515497	Atp1a1	0		NM_144900	1.091665594					1	1	0	0	0	0	0	0	0
GSM2533508	40389	A_52_P184322	Trpm6	0		NM_153417	0.3266001186					1	1	0	0	0	0	0	0	0
GSM2533508	40926	A_51_P197499	Bsnd	0		NM_080458	0.3915195679					1	1	0	0	0	0	0	0	0
GSM2533508	44562	A_51_P335801	Calb1	0		NM_009788	2.067994129					1	1	0	0	0	0	0	0	0
GSM2533508	44811	A_51_P222543	Atp2b1	0		NM_026482	-0.136818717					1	1	0	0	0	0	0	0	0
GSM2533508	45034	A_52_P152274	Clcnka	0		NM_024412	1.11847989					1	1	0	0	0	0	0	0	0
GSM2533509	2344	A_51_P335801	Calb1	0		NM_009788	2.056094521					1	1	0	0	0	0	0	0	0
GSM2533509	3560	A_51_P230799	Atp2b1	0		NM_026482	-0.06156908361					1	1	0	0	0	0	0	0	0
GSM2533509	5551	A_51_P243073	Trpm6	0		AK080899	0.0					0	0	0	0	0	0	0	0	0
GSM2533509	5837	A_51_P428512	Cldn16	0		NM_053241	1.318847888					0	1	0	0	0	0	0	0	0
GSM2533509	5868	A_51_P281586	Cnnm2	0		NM_033569	0.4878026101					1	1	0	0	0	0	0	0	0
GSM2533509	7768	A_51_P335801	Calb1	0		NM_009788	2.059009006					1	1	0	0	0	0	0	0	0
GSM2533509	10045	A_51_P442227	Slc12a1	0		U61381	0.3240450678					0	0	0	0	0	0	0	0	0
GSM2533509	10087	A_52_P260659	Kcnj10	0		NM_001039484	2.156322086					1	1	0	0	0	0	0	0	0
GSM2533509	11353	A_51_P335801	Calb1	0		NM_009788	2.05027285					1	1	0	0	0	0	0	0	0
GSM2533509	11562	A_51_P300817	Atp1a1	0		NM_144900	1.42395433					1	1	0	0	0	0	0	0	0
GSM2533509	12114	A_51_P151484	Atp1b1	0		NM_009721	1.550427229					1	1	0	0	0	0	0	0	0
GSM2533509	12522	A_51_P335801	Calb1	0		NM_009788	2.039317375					1	1	0	0	0	0	0	0	0
GSM2533509	12999	A_52_P348986	Atp2b1	0		NM_026482	-0.2832330721					1	1	0	0	0	0	0	0	0
GSM2533509	13287	A_52_P26118	Slc12a1	0		NM_001079690	2.627111736					1	1	0	0	0	0	0	0	0
GSM2533509	15381	A_51_P352572	Clcnkb	0		AF124847	0.8718058303					1	1	0	0	0	0	0	0	0
GSM2533509	15729	A_51_P335801	Calb1	0		NM_009788	2.07760508					1	1	0	0	0	0	0	0	0
GSM2533509	15983	A_52_P550331	Kcnj16	0		NM_010604	2.183002918					0	1	0	0	0	0	0	0	0
GSM2533509	16664	A_51_P277373	Slc8a1	0		NM_001286684	1.33074943					0	1	0	0	0	0	0	0	0
GSM2533509	18179	A_52_P313284	Slc8a1	0		NR_104580	0.5626357013					1	1	0	0	0	0	0	0	0
GSM2533509	18232	A_51_P171332	Cldn19	0		NM_153105	1.384571679					1	1	0	0	0	0	0	0	0
GSM2533509	18861	A_51_P239601	Trpv5	0		NM_001007572	1.026774674					0	1	0	0	0	0	0	0	0
GSM2533509	19028	A_52_P231461	Slc8a1	0		NM_011406	1.195745563					0	1	0	0	0	0	0	0	0
GSM2533509	20241	A_51_P335801	Calb1	0		NM_009788	2.09963257					1	1	0	0	0	0	0	0	0
GSM2533509	22525	A_52_P562704	Slc8a1	0		NM_011406	0.6545170457					1	1	0	0	0	0	0	0	0
GSM2533509	22740	A_52_P550325	Kcnj16	0		NM_010604	2.171461672					1	1	0	0	0	0	0	0	0
GSM2533509	23878	A_51_P335801	Calb1	0		NM_009788	2.086344759					1	1	0	0	0	0	0	0	0
GSM2533509	26196	A_51_P357773	Kcnj16	0		NM_010604	1.893172841					0	1	0	0	0	0	0	0	0
GSM2533509	26242	A_52_P499907	Kcnj1	0		NM_019659	2.536336486					1	1	0	0	0	0	0	0	0
GSM2533509	27676	A_52_P351913	Atp2b1	0		AK053569	0.0703710865					1	1	0	0	0	0	0	0	0
GSM2533509	29730	A_52_P611783	Fxyd2	0		NM_052823	1.761543872					1	1	0	0	0	0	0	0	0
GSM2533509	29964	A_51_P335801	Calb1	0		NM_009788	2.106051075					1	1	0	0	0	0	0	0	0
GSM2533509	30753	A_51_P335801	Calb1	0		NM_009788	2.087033318					1	1	0	0	0	0	0	0	0
GSM2533509	31276	A_52_P23661	Cldn19	0		NM_001038590	1.306222653					1	1	0	0	0	0	0	0	0
GSM2533509	33630	A_52_P244931	Slc8a1	0		AK048160	0.0					0	0	0	0	0	0	0	0	0
GSM2533509	37269	A_51_P445985	Slc12a3	0		NM_019415	1.766003308					1	1	0	0	0	0	0	0	0
GSM2533509	38687	A_52_P515497	Atp1a1	0		NM_144900	1.303938643					1	1	0	0	0	0	0	0	0
GSM2533509	40389	A_52_P184322	Trpm6	0		NM_153417	0.4294639689					1	1	0	0	0	0	0	0	0
GSM2533509	40926	A_51_P197499	Bsnd	0		NM_080458	0.7237230001					1	1	0	0	0	0	0	0	0
GSM2533509	44562	A_51_P335801	Calb1	0		NM_009788	2.100050539					1	1	0	0	0	0	1	0	0
GSM2533509	44811	A_51_P222543	Atp2b1	0		NM_026482	-0.1259361316					1	1	0	0	0	0	0	0	0
GSM2533509	45034	A_52_P152274	Clcnka	0		NM_024412	1.428332551					1	1	0	0	0	0	0	0	0
GSM2533510	2344	A_51_P335801	Calb1	0		NM_009788	2.110950624					1	1	0	0	0	0	0	0	0
GSM2533510	3560	A_51_P230799	Atp2b1	0		NM_026482	-0.02903405738					1	1	0	0	0	0	0	0	0
GSM2533510	5551	A_51_P243073	Trpm6	0		AK080899	0.2109848357					0	0	0	0	0	0	0	0	0
GSM2533510	5837	A_51_P428512	Cldn16	0		NM_053241	1.452217734					0	1	0	0	0	0	0	0	0
GSM2533510	5868	A_51_P281586	Cnnm2	0		NM_033569	0.6216211817					1	1	0	0	0	0	0	0	0
GSM2533510	7768	A_51_P335801	Calb1	0		NM_009788	2.080104194					1	1	0	0	0	0	0	0	0
GSM2533510	10045	A_51_P442227	Slc12a1	0		U61381	0.5626072031					0	0	0	0	0	0	0	0	0
GSM2533510	10087	A_52_P260659	Kcnj10	0		NM_001039484	2.25096856					1	1	0	0	0	0	0	0	0
GSM2533510	11353	A_51_P335801	Calb1	0		NM_009788	2.089313376					1	1	0	0	0	0	0	0	0
GSM2533510	11562	A_51_P300817	Atp1a1	0		NM_144900	1.430110722					1	1	0	0	0	0	0	0	0
GSM2533510	12114	A_51_P151484	Atp1b1	0		NM_009721	1.70881349					1	1	0	0	0	0	0	0	0
GSM2533510	12522	A_51_P335801	Calb1	0		NM_009788	2.100105614					1	1	0	0	0	0	0	0	0
GSM2533510	12999	A_52_P348986	Atp2b1	0		NM_026482	-0.2626182893					1	1	0	0	0	0	0	0	0
GSM2533510	13287	A_52_P26118	Slc12a1	0		NM_001079690	2.695707042					1	1	0	0	0	0	0	0	0
GSM2533510	15381	A_51_P352572	Clcnkb	0		AF124847	1.227390751					1	1	0	0	0	0	0	0	0
GSM2533510	15729	A_51_P335801	Calb1	0		NM_009788	2.083328682					1	1	0	0	0	0	0	0	0
GSM2533510	15983	A_52_P550331	Kcnj16	0		NM_010604	2.310352105					0	1	0	0	0	0	0	0	0
GSM2533510	16664	A_51_P277373	Slc8a1	0		NM_001286684	1.228548639					1	1	0	0	0	0	0	0	0
GSM2533510	18179	A_52_P313284	Slc8a1	0		NR_104580	0.7352801597					1	1	0	0	0	0	0	0	0
GSM2533510	18232	A_51_P171332	Cldn19	0		NM_153105	0.802947222					1	1	0	0	0	0	0	0	0
GSM2533510	18861	A_51_P239601	Trpv5	0		NM_001007572	1.117282099					0	1	0	0	0	0	0	0	0
GSM2533510	19028	A_52_P231461	Slc8a1	0		NM_011406	1.342157633					0	1	0	0	0	0	0	0	0
GSM2533510	20241	A_51_P335801	Calb1	0		NM_009788	2.121532668					1	1	0	0	0	0	0	0	0
GSM2533510	22525	A_52_P562704	Slc8a1	0		NM_011406	0.8013658706					1	1	0	0	0	0	0	0	0
GSM2533510	22740	A_52_P550325	Kcnj16	0		NM_010604	2.258213676					1	1	0	0	0	0	0	0	0
GSM2533510	23878	A_51_P335801	Calb1	0		NM_009788	2.093419883					1	1	0	0	0	0	0	0	0
GSM2533510	26196	A_51_P357773	Kcnj16	0		NM_010604	1.834983523					1	1	0	0	0	0	0	0	0
GSM2533510	26242	A_52_P499907	Kcnj1	0		NM_019659	2.589923149					1	1	0	0	0	0	0	0	0
GSM2533510	27676	A_52_P351913	Atp2b1	0		AK053569	0.01977284778					1	1	0	0	0	0	0	0	0
GSM2533510	29730	A_52_P611783	Fxyd2	0		NM_052823	1.803027298					1	1	0	0	0	0	0	0	0
GSM2533510	29964	A_51_P335801	Calb1	0		NM_009788	2.115022965					1	1	0	0	0	0	0	0	0
GSM2533510	30753	A_51_P335801	Calb1	0		NM_009788	2.097218661					1	1	0	0	0	0	0	0	0
GSM2533510	31276	A_52_P23661	Cldn19	0		NM_001038590	1.49050764					1	1	0	0	0	0	0	0	0
GSM2533510	33630	A_52_P244931	Slc8a1	0		AK048160	0.0					0	0	0	0	0	0	0	0	0
GSM2533510	37269	A_51_P445985	Slc12a3	0		NM_019415	1.814545772					1	1	0	0	0	0	0	0	0
GSM2533510	38687	A_52_P515497	Atp1a1	0		NM_144900	1.38213709					1	1	0	0	0	0	0	0	0
GSM2533510	40389	A_52_P184322	Trpm6	0		NM_153417	0.7282528437					1	1	0	0	0	0	0	0	0
GSM2533510	40926	A_51_P197499	Bsnd	0		NM_080458	0.9077902839					1	1	0	0	0	0	0	0	0
GSM2533510	44562	A_51_P335801	Calb1	0		NM_009788	2.126812449					1	1	0	0	0	0	1	0	0
GSM2533510	44811	A_51_P222543	Atp2b1	0		NM_026482	-0.2286520921					1	1	0	0	0	0	0	0	0
GSM2533510	45034	A_52_P152274	Clcnka	0		NM_024412	1.645627723					1	1	0	0	0	0	0	0	0
GSM2533511	2344	A_51_P335801	Calb1	0		NM_009788	2.291686069					1	1	0	0	0	0	0	0	0
GSM2533511	3560	A_51_P230799	Atp2b1	0		NM_026482	0.231604859					1	1	0	0	0	0	0	0	0
GSM2533511	5551	A_51_P243073	Trpm6	0		AK080899	0.208466518					0	0	0	0	0	0	0	0	0
GSM2533511	5837	A_51_P428512	Cldn16	0		NM_053241	1.492155421					0	1	0	0	0	0	0	0	0
GSM2533511	5868	A_51_P281586	Cnnm2	0		NM_033569	0.6515919813					1	1	0	0	0	0	0	0	0
GSM2533511	7768	A_51_P335801	Calb1	0		NM_009788	2.345876594					1	1	0	0	0	0	0	0	0
GSM2533511	10045	A_51_P442227	Slc12a1	0		U61381	0.1020981249					0	0	0	0	0	0	0	0	0
GSM2533511	10087	A_52_P260659	Kcnj10	0		NM_001039484	2.582761508					0	1	0	0	0	0	0	0	0
GSM2533511	11353	A_51_P335801	Calb1	0		NM_009788	2.268067361					1	1	0	0	0	0	0	0	0
GSM2533511	11562	A_51_P300817	Atp1a1	0		NM_144900	1.160014523					1	1	0	0	0	0	0	0	0
GSM2533511	12114	A_51_P151484	Atp1b1	0		NM_009721	1.6599249					1	1	0	0	0	0	0	0	0
GSM2533511	12522	A_51_P335801	Calb1	0		NM_009788	2.317396796					1	1	0	0	0	0	0	0	0
GSM2533511	12999	A_52_P348986	Atp2b1	0		NM_026482	-0.08784814196					1	1	0	0	0	0	0	0	0
GSM2533511	13287	A_52_P26118	Slc12a1	0		NM_001079690	2.185671554					1	1	0	0	0	0	0	0	0
GSM2533511	15381	A_51_P352572	Clcnkb	0		AF124847	1.070423009					1	1	0	0	0	0	0	0	0
GSM2533511	15729	A_51_P335801	Calb1	0		NM_009788	2.29327388					1	1	0	0	0	0	0	0	0
GSM2533511	15983	A_52_P550331	Kcnj16	0		NM_010604	2.065215685					0	1	0	0	0	0	0	0	0
GSM2533511	16664	A_51_P277373	Slc8a1	0		NM_001286684	0.6009503026					1	1	0	0	0	0	0	0	0
GSM2533511	18179	A_52_P313284	Slc8a1	0		NR_104580	0.8578630245					1	1	0	0	0	0	0	0	0
GSM2533511	18232	A_51_P171332	Cldn19	0		NM_153105	0.7526355807					1	1	0	0	0	0	0	0	0
GSM2533511	18861	A_51_P239601	Trpv5	0		NM_001007572	0.8023879522					0	1	0	0	0	0	0	0	0
GSM2533511	19028	A_52_P231461	Slc8a1	0		NM_011406	0.819663966					0	1	0	0	0	0	0	0	0
GSM2533511	20241	A_51_P335801	Calb1	0		NM_009788	2.343084576					1	1	0	0	0	0	0	0	0
GSM2533511	22525	A_52_P562704	Slc8a1	0		NM_011406	0.4328593806					1	1	0	0	0	0	0	0	0
GSM2533511	22740	A_52_P550325	Kcnj16	0		NM_010604	2.41557174					1	1	0	0	0	0	0	0	0
GSM2533511	23878	A_51_P335801	Calb1	0		NM_009788	2.320016526					1	1	0	0	0	0	0	0	0
GSM2533511	26196	A_51_P357773	Kcnj16	0		NM_010604	2.122661934					0	1	0	0	0	0	0	0	0
GSM2533511	26242	A_52_P499907	Kcnj1	0		NM_019659	2.717578213					1	1	0	0	0	0	0	0	0
GSM2533511	27676	A_52_P351913	Atp2b1	0		AK053569	0.1915821793					1	1	0	0	0	0	0	0	0
GSM2533511	29730	A_52_P611783	Fxyd2	0		NM_052823	1.962949629					1	1	0	0	0	0	0	0	0
GSM2533511	29964	A_51_P335801	Calb1	0		NM_009788	2.304973219					1	1	0	0	0	0	0	0	0
GSM2533511	30753	A_51_P335801	Calb1	0		NM_009788	2.325027487					1	1	0	0	0	0	0	0	0
GSM2533511	31276	A_52_P23661	Cldn19	0		NM_001038590	1.247807377					1	1	0	0	0	0	0	0	0
GSM2533511	33630	A_52_P244931	Slc8a1	0		AK048160	-0.06970106971					0	0	0	0	0	0	0	0	0
GSM2533511	37269	A_51_P445985	Slc12a3	0		NM_019415	1.836436736					1	1	0	0	0	0	0	0	0
GSM2533511	38687	A_52_P515497	Atp1a1	0		NM_144900	1.354637168					1	1	0	0	0	0	0	0	0
GSM2533511	40389	A_52_P184322	Trpm6	0		NM_153417	0.1689921747					1	1	0	0	0	0	0	0	0
GSM2533511	40926	A_51_P197499	Bsnd	0		NM_080458	0.2456372736					1	1	0	0	0	0	0	0	0
GSM2533511	44562	A_51_P335801	Calb1	0		NM_009788	2.394918359					1	1	0	0	0	0	0	1	0
GSM2533511	44811	A_51_P222543	Atp2b1	0		NM_026482	0.1124680435					1	1	0	0	0	0	0	0	0
GSM2533511	45034	A_52_P152274	Clcnka	0		NM_024412	1.027080319					0	1	0	0	0	0	0	0	0
GSM2533512	2344	A_51_P335801	Calb1	0		NM_009788	2.026529514					1	1	0	0	0	0	1	0	0
GSM2533512	3560	A_51_P230799	Atp2b1	0		NM_026482	-0.02314187506					1	1	0	0	0	0	0	0	0
GSM2533512	5551	A_51_P243073	Trpm6	0		AK080899	0.0					0	0	0	0	0	0	0	0	0
GSM2533512	5837	A_51_P428512	Cldn16	0		NM_053241	1.401376856					0	1	0	0	0	0	0	0	0
GSM2533512	5868	A_51_P281586	Cnnm2	0		NM_033569	0.5015146162					1	1	0	0	0	0	0	0	0
GSM2533512	7768	A_51_P335801	Calb1	0		NM_009788	1.960885684					1	1	0	0	0	0	0	0	0
GSM2533512	10045	A_51_P442227	Slc12a1	0		U61381	0.6357578506					0	1	0	0	0	0	0	0	0
GSM2533512	10087	A_52_P260659	Kcnj10	0		NM_001039484	2.174264194					0	1	0	0	0	0	0	0	0
GSM2533512	11353	A_51_P335801	Calb1	0		NM_009788	2.012961902					1	1	0	0	0	0	0	0	0
GSM2533512	11562	A_51_P300817	Atp1a1	0		NM_144900	1.54081794					1	1	0	0	0	0	0	0	0
GSM2533512	12114	A_51_P151484	Atp1b1	0		NM_009721	1.684240446					1	1	0	0	0	0	0	0	0
GSM2533512	12522	A_51_P335801	Calb1	0		NM_009788	1.987007763					1	1	0	0	0	0	0	0	0
GSM2533512	12999	A_52_P348986	Atp2b1	0		NM_026482	-0.2960471921					1	1	0	0	0	0	0	0	0
GSM2533512	13287	A_52_P26118	Slc12a1	0		NM_001079690	2.587934251					1	1	0	0	0	0	0	0	0
GSM2533512	15381	A_51_P352572	Clcnkb	0		AF124847	0.9637159147					1	1	0	0	0	0	0	0	0
GSM2533512	15729	A_51_P335801	Calb1	0		NM_009788	1.999547447					1	1	0	0	0	0	0	0	0
GSM2533512	15983	A_52_P550331	Kcnj16	0		NM_010604	2.286668882					0	1	0	0	0	0	0	0	0
GSM2533512	16664	A_51_P277373	Slc8a1	0		NM_001286684	1.237148628					0	1	0	0	0	0	0	0	0
GSM2533512	18179	A_52_P313284	Slc8a1	0		NR_104580	0.5448423139					1	1	0	0	0	0	0	0	0
GSM2533512	18232	A_51_P171332	Cldn19	0		NM_153105	1.238091856					1	1	0	0	0	0	0	0	0
GSM2533512	18861	A_51_P239601	Trpv5	0		NM_001007572	0.9183725921					0	1	0	0	0	0	0	0	0
GSM2533512	19028	A_52_P231461	Slc8a1	0		NM_011406	0.9512009853					0	1	0	0	0	0	0	0	0
GSM2533512	20241	A_51_P335801	Calb1	0		NM_009788	1.984618372					1	1	0	0	0	0	0	0	0
GSM2533512	22525	A_52_P562704	Slc8a1	0		NM_011406	0.5003992903					1	1	0	0	0	0	0	0	0
GSM2533512	22740	A_52_P550325	Kcnj16	0		NM_010604	2.103484339					1	1	0	0	0	0	0	0	0
GSM2533512	23878	A_51_P335801	Calb1	0		NM_009788	1.970357926					1	1	0	0	0	0	0	0	0
GSM2533512	26196	A_51_P357773	Kcnj16	0		NM_010604	1.797598294					1	1	0	0	0	0	0	0	0
GSM2533512	26242	A_52_P499907	Kcnj1	0		NM_019659	2.47595149					1	1	0	0	0	0	0	0	0
GSM2533512	27676	A_52_P351913	Atp2b1	0		AK053569	0.03404505269					1	1	0	0	0	0	0	0	0
GSM2533512	29730	A_52_P611783	Fxyd2	0		NM_052823	1.721945204					1	1	0	0	0	0	0	0	0
GSM2533512	29964	A_51_P335801	Calb1	0		NM_009788	2.005252593					1	1	0	0	0	0	0	0	0
GSM2533512	30753	A_51_P335801	Calb1	0		NM_009788	1.987170427					1	1	0	0	0	0	0	0	0
GSM2533512	31276	A_52_P23661	Cldn19	0		NM_001038590	1.232192859					1	1	0	0	0	0	0	0	0
GSM2533512	33630	A_52_P244931	Slc8a1	0		AK048160	0.0					0	0	0	0	0	0	0	0	0
GSM2533512	37269	A_51_P445985	Slc12a3	0		NM_019415	1.594987964					1	1	0	0	0	0	0	0	0
GSM2533512	38687	A_52_P515497	Atp1a1	0		NM_144900	1.306480488					1	1	0	0	0	0	0	0	0
GSM2533512	40389	A_52_P184322	Trpm6	0		NM_153417	0.5465724488					1	1	0	0	0	0	0	0	0
GSM2533512	40926	A_51_P197499	Bsnd	0		NM_080458	0.7455330539					1	1	0	0	0	0	0	0	0
GSM2533512	44562	A_51_P335801	Calb1	0		NM_009788	2.041304494					1	1	0	0	0	0	1	0	0
GSM2533512	44811	A_51_P222543	Atp2b1	0		NM_026482	-0.2012750474					1	1	0	0	0	0	0	0	0
GSM2533512	45034	A_52_P152274	Clcnka	0		NM_024412	1.343960801					1	1	0	0	0	0	0	0	0
GSM2533513	2344	A_51_P335801	Calb1	0		NM_009788	2.111264416					1	1	0	0	0	0	0	0	0
GSM2533513	3560	A_51_P230799	Atp2b1	0		NM_026482	-0.1321354857					1	1	0	0	0	0	0	0	0
GSM2533513	5551	A_51_P243073	Trpm6	0		AK080899	0.0					0	0	0	0	0	0	0	0	0
GSM2533513	5837	A_51_P428512	Cldn16	0		NM_053241	1.53394287					0	1	0	0	0	0	0	0	0
GSM2533513	5868	A_51_P281586	Cnnm2	0		NM_033569	0.5312892575					1	1	0	0	0	0	0	0	0
GSM2533513	7768	A_51_P335801	Calb1	0		NM_009788	2.092476092					1	1	0	0	0	0	0	0	0
GSM2533513	10045	A_51_P442227	Slc12a1	0		U61381	0.6969067358					0	1	0	0	0	0	0	0	0
GSM2533513	10087	A_52_P260659	Kcnj10	0		NM_001039484	2.200544459					1	1	0	0	0	0	0	0	0
GSM2533513	11353	A_51_P335801	Calb1	0		NM_009788	2.081666256					1	1	0	0	0	0	0	0	0
GSM2533513	11562	A_51_P300817	Atp1a1	0		NM_144900	1.541697641					1	1	0	0	0	0	0	0	0
GSM2533513	12114	A_51_P151484	Atp1b1	0		NM_009721	1.637581879					1	1	0	0	0	0	0	0	0
GSM2533513	12522	A_51_P335801	Calb1	0		NM_009788	2.09722086					1	1	0	0	0	0	0	0	0
GSM2533513	12999	A_52_P348986	Atp2b1	0		NM_026482	-0.3539122804					1	1	0	0	0	0	0	0	0
GSM2533513	13287	A_52_P26118	Slc12a1	0		NM_001079690	2.464639063					1	1	0	0	0	0	0	0	0
GSM2533513	15381	A_51_P352572	Clcnkb	0		AF124847	1.035755233					1	1	0	0	0	0	0	0	0
GSM2533513	15729	A_51_P335801	Calb1	0		NM_009788	2.072572409					1	1	0	0	0	0	0	0	0
GSM2533513	15983	A_52_P550331	Kcnj16	0		NM_010604	2.307762949					0	1	0	0	0	0	0	0	0
GSM2533513	16664	A_51_P277373	Slc8a1	0		NM_001286684	1.201165461					1	1	0	0	0	0	0	0	0
GSM2533513	18179	A_52_P313284	Slc8a1	0		NR_104580	0.6132652895					1	1	0	0	0	0	0	0	0
GSM2533513	18232	A_51_P171332	Cldn19	0		NM_153105	1.072876427					1	1	0	0	0	0	0	0	0
GSM2533513	18861	A_51_P239601	Trpv5	0		NM_001007572	0.8517930735					0	1	0	0	0	0	0	0	0
GSM2533513	19028	A_52_P231461	Slc8a1	0		NM_011406	1.126922341					0	1	0	0	0	0	0	0	0
GSM2533513	20241	A_51_P335801	Calb1	0		NM_009788	2.128733101					1	1	0	0	0	0	0	0	0
GSM2533513	22525	A_52_P562704	Slc8a1	0		NM_011406	0.5421983772					1	1	0	0	0	0	0	0	0
GSM2533513	22740	A_52_P550325	Kcnj16	0		NM_010604	2.233437611					1	1	0	0	0	0	0	0	0
GSM2533513	23878	A_51_P335801	Calb1	0		NM_009788	2.126381886					1	1	0	0	0	0	0	0	0
GSM2533513	26196	A_51_P357773	Kcnj16	0		NM_010604	1.899220728					0	1	0	0	0	0	0	0	0
GSM2533513	26242	A_52_P499907	Kcnj1	0		NM_019659	2.571653277					1	1	0	0	0	0	0	0	0
GSM2533513	27676	A_52_P351913	Atp2b1	0		AK053569	0.1448129653					1	1	0	0	0	0	0	0	0
GSM2533513	29730	A_52_P611783	Fxyd2	0		NM_052823	1.841442013					1	1	0	0	0	0	0	0	0
GSM2533513	29964	A_51_P335801	Calb1	0		NM_009788	2.070788598					1	1	0	0	0	0	0	0	0
GSM2533513	30753	A_51_P335801	Calb1	0		NM_009788	2.07868839					1	1	0	0	0	0	0	0	0
GSM2533513	31276	A_52_P23661	Cldn19	0		NM_001038590	1.248242311					1	1	0	0	0	0	0	0	0
GSM2533513	33630	A_52_P244931	Slc8a1	0		AK048160	-0.2969185857					0	0	0	0	0	0	0	0	0
GSM2533513	37269	A_51_P445985	Slc12a3	0		NM_019415	1.811918246					1	1	0	0	0	0	0	0	0
GSM2533513	38687	A_52_P515497	Atp1a1	0		NM_144900	1.361924073					1	1	0	0	0	0	0	0	0
GSM2533513	40389	A_52_P184322	Trpm6	0		NM_153417	0.6454461159					1	1	0	0	0	0	0	0	0
GSM2533513	40926	A_51_P197499	Bsnd	0		NM_080458	0.6924953429					1	1	0	0	0	0	0	0	0
GSM2533513	44562	A_51_P335801	Calb1	0		NM_009788	2.124144225					1	1	0	0	0	0	0	0	0
GSM2533513	44811	A_51_P222543	Atp2b1	0		NM_026482	-0.2110384925					1	1	0	0	0	0	0	0	0
GSM2533513	45034	A_52_P152274	Clcnka	0		NM_024412	1.293539073					1	1	0	0	0	0	0	0	0
GSM2533514	2344	A_51_P335801	Calb1	0	Calb1	NM_009788	2.097172226	0.0	0.0	1.0	1.0	1	1	0	0	0	0	0	0	0
GSM2533514	3560	A_51_P230799	Atp2b1	0	Atp2b1	NM_026482	-0.3729722798	0.0	0.0	1.0	1.0	1	1	0	0	0	0	0	0	0
GSM2533514	5551	A_51_P243073	Trpm6	0	Trpm6	AK080899	0.0	7.94809	2.91145	1.0	1.0	0	0	0	0	0	0	0	0	0
GSM2533514	5837	A_51_P428512	Cldn16	0	Cldn16	NM_053241	1.87271286	0.0	0.0	1.0	1.0	0	1	0	0	0	0	0	0	0
GSM2533514	5868	A_51_P281586	Cnnm2	0	Cnnm2	NM_033569	0.5462666245	0.0	0.0	1.0	1.0	1	1	0	0	0	0	0	0	0
GSM2533514	7768	A_51_P335801	Calb1	0	Calb1	NM_009788	2.136962807	0.0	0.0	1.0	1.0	1	1	0	0	0	0	0	0	0
GSM2533514	10045	A_51_P442227	Slc12a1	0	Slc12a1	U61381	0.5844656475	7.1949	0.0	1.0	1.0	0	0	0	0	0	0	0	0	0
GSM2533514	10087	A_52_P260659	Kcnj10	0	Kcnj10	NM_001039484	2.215951572	0.0	0.0	1.0	1.0	1	1	0	0	0	0	0	0	0
GSM2533514	11353	A_51_P335801	Calb1	0	Calb1	NM_009788	2.120664466	0.0	0.0	1.0	1.0	1	1	0	0	0	0	0	0	0
GSM2533514	11562	A_51_P300817	Atp1a1	0	Atp1a1	NM_144900	1.221390552	0.0	0.0	1.0	1.0	1	1	0	0	0	0	0	0	0
GSM2533514	12114	A_51_P151484	Atp1b1	0	Atp1b1	NM_009721	1.770828035	0.0	0.0	1.0	1.0	1	1	0	0	0	0	0	0	0
GSM2533514	12522	A_51_P335801	Calb1	0	Calb1	NM_009788	2.149232088	0.0	0.0	1.0	1.0	1	1	0	0	0	0	0	0	0
GSM2533514	12999	A_52_P348986	Atp2b1	0	Atp2b1	NM_026482	-0.1913641352	0.0	0.0	1.0	1.0	1	1	0	0	0	0	0	0	0
GSM2533514	13287	A_52_P26118	Slc12a1	0	Slc12a1	NM_001079690	2.811159425	0.0	0.0	1.0	1.0	1	1	0	0	0	0	0	0	0
GSM2533514	15381	A_51_P352572	Clcnkb	0	Clcnkb	NM_019701	1.265176239	0.0	0.0	1.0	1.0	1	1	0	0	0	0	0	0	0
GSM2533514	15729	A_51_P335801	Calb1	0	Calb1	NM_009788	2.101451276	0.0	0.0	1.0	1.0	1	1	0	0	0	0	0	0	0
GSM2533514	15983	A_52_P550331	Kcnj16	0	Kcnj16	NM_010604	2.4264861	0.0	0.0	1.0	1.0	0	1	0	0	0	0	0	0	0
GSM2533514	16664	A_51_P277373	Slc8a1	0	Slc8a1	AF004666	1.686969573	0.0	0.0	1.0	1.0	1	1	0	0	0	0	0	0	0
GSM2533514	18179	A_52_P313284	Slc8a1	0	Slc8a1	AF108396	0.5914429842	0.0	0.0	1.0	1.0	1	1	0	0	0	0	0	0	0
GSM2533514	18232	A_51_P171332	Cldn19	0	Cldn19	NM_153105	0.9314081694	0.0	0.0	1.0	1.0	1	1	0	0	0	0	0	0	0
GSM2533514	18861	A_51_P239601	Trpv5	0	Trpv5	NM_001007572	0.7072594737	0.0	0.0	1.0	1.0	1	1	0	0	0	0	0	0	0
GSM2533514	19028	A_52_P231461	Slc8a1	0	Slc8a1	NM_011406	1.11997666	0.0	0.0	1.0	1.0	0	1	0	0	0	0	0	0	0
GSM2533514	20241	A_51_P335801	Calb1	0	Calb1	NM_009788	2.124608361	0.0	0.0	1.0	1.0	1	1	0	0	0	0	0	0	0
GSM2533514	22525	A_52_P562704	Slc8a1	0	Slc8a1	NM_011406	0.4939083746	0.0	0.0	1.0	1.0	1	1	0	0	0	0	0	0	0
GSM2533514	22740	A_52_P550325	Kcnj16	0	Kcnj16	NM_010604	2.301981152	0.0	0.0	1.0	1.0	1	1	0	0	0	0	0	0	0
GSM2533514	23878	A_51_P335801	Calb1	0	Calb1	NM_009788	2.089158786	0.0	0.0	1.0	1.0	1	1	0	0	0	0	0	0	0
GSM2533514	26196	A_51_P357773	Kcnj16	0	Kcnj16	NM_010604	2.105391902	0.0	0.0	1.0	1.0	1	1	0	0	0	0	0	0	0
GSM2533514	26242	A_52_P499907	Kcnj1	0	Kcnj1	NM_019659	2.456969568	0.0	0.0	1.0	1.0	1	1	0	0	0	0	0	0	0
GSM2533514	27676	A_52_P351913	Atp2b1	0	Atp2b1	AK053569	-0.04907976901	0.0	0.0	1.0	1.0	1	1	0	0	0	0	0	0	0
GSM2533514	29730	A_52_P611783	Fxyd2	0	Fxyd2	NM_052824	1.949844539	0.0	0.0	1.0	1.0	1	1	0	0	0	0	0	0	0
GSM2533514	29964	A_51_P335801	Calb1	0	Calb1	NM_009788	2.116601914	0.0	0.0	1.0	1.0	1	1	0	0	0	0	0	0	0
GSM2533514	30753	A_51_P335801	Calb1	0	Calb1	NM_009788	2.12243226	0.0	0.0	1.0	1.0	1	1	0	0	0	0	0	0	0
GSM2533514	31276	A_52_P23661	Cldn19	0	Cldn19	NM_001038590	1.338429641	0.0	0.0	1.0	1.0	1	1	0	0	0	0	0	0	0
GSM2533514	33630	A_52_P244931	Slc8a1	0	Slc8a1	AK048160	0.0	6.21222	2.40322	1.0	1.0	0	0	0	0	0	0	0	0	0
GSM2533514	37269	A_51_P445985	Slc12a3	0	Slc12a3	NM_019415	1.933353107	0.0	0.0	1.0	1.0	1	1	0	0	0	0	0	0	0
GSM2533514	38687	A_52_P515497	Atp1a1	0	Atp1a1	NM_144900	1.450172117	0.0	0.0	1.0	1.0	1	1	0	0	0	0	0	0	0
GSM2533514	40389	A_52_P184322	Trpm6	0	Trpm6	NM_153417	0.5780661531	0.0	0.0	1.0	1.0	1	1	0	0	0	0	0	0	0
GSM2533514	40926	A_51_P197499	Bsnd	0	Bsnd	NM_080458	0.4619550492	0.0	0.0	1.0	1.0	1	1	0	0	0	0	0	0	0
GSM2533514	44562	A_51_P335801	Calb1	0	Calb1	NM_009788	2.106261054	0.0	0.0	1.0	1.0	1	1	0	0	0	0	0	0	0
GSM2533514	44811	A_51_P222543	Atp2b1	0	Atp2b1	BI080417	-0.01767280897	0.0	0.0	1.0	1.0	1	1	0	0	0	0	0	0	0
GSM2533514	45034	A_52_P152274	Clcnka	0	Clcnka	NM_024412	1.061643721	0.0	0.0	1.0	1.0	1	1	0	0	0	0	0	0	0
GSM2533515	2344	A_51_P335801	Calb1	0	Calb1	NM_009788	2.154284633	0.0	0.0	1.0	1.0	1	1	0	0	0	0	0	0	0
GSM2533515	3560	A_51_P230799	Atp2b1	0	Atp2b1	NM_026482	-0.3519247463	0.0	0.0	1.0	1.0	1	1	0	0	0	0	0	0	0
GSM2533515	5551	A_51_P243073	Trpm6	0	Trpm6	AK080899	0.0	7.91137	2.26886	1.0	1.0	0	0	0	0	0	0	0	0	0
GSM2533515	5837	A_51_P428512	Cldn16	0	Cldn16	NM_053241	1.986838674	7.65286	0.0	1.0	1.0	0	1	0	0	0	0	0	0	0
GSM2533515	5868	A_51_P281586	Cnnm2	0	Cnnm2	NM_033569	0.5198227419	0.0	0.0	1.0	1.0	1	1	0	0	0	0	0	0	0
GSM2533515	7768	A_51_P335801	Calb1	0	Calb1	NM_009788	2.193358535	0.0	0.0	1.0	1.0	1	1	0	0	0	0	0	0	0
GSM2533515	10045	A_51_P442227	Slc12a1	0	Slc12a1	U61381	0.8086587495	7.34009	0.0	1.0	1.0	0	0	0	0	0	0	0	0	0
GSM2533515	10087	A_52_P260659	Kcnj10	0	Kcnj10	NM_001039484	2.252602668	0.0	0.0	1.0	1.0	1	1	0	0	0	0	0	0	0
GSM2533515	11353	A_51_P335801	Calb1	0	Calb1	NM_009788	2.18524451	0.0	0.0	1.0	1.0	1	1	0	0	0	0	0	0	0
GSM2533515	11562	A_51_P300817	Atp1a1	0	Atp1a1	NM_144900	1.280333633	0.0	0.0	1.0	1.0	1	1	0	0	0	0	0	0	0
GSM2533515	12114	A_51_P151484	Atp1b1	0	Atp1b1	NM_009721	1.71760143	0.0	0.0	1.0	1.0	1	1	0	0	0	0	0	0	0
GSM2533515	12522	A_51_P335801	Calb1	0	Calb1	NM_009788	2.179114002	0.0	0.0	1.0	1.0	1	1	0	0	0	0	0	0	0
GSM2533515	12999	A_52_P348986	Atp2b1	0	Atp2b1	NM_026482	-0.1584821452	0.0	0.0	1.0	1.0	1	1	0	0	0	0	0	0	0
GSM2533515	13287	A_52_P26118	Slc12a1	0	Slc12a1	NM_001079690	2.68247581	0.0	0.0	1.0	1.0	1	1	0	0	0	0	0	0	0
GSM2533515	15381	A_51_P352572	Clcnkb	0	Clcnkb	NM_019701	1.168502335	0.0	0.0	1.0	1.0	1	1	0	0	0	0	0	0	0
GSM2533515	15729	A_51_P335801	Calb1	0	Calb1	NM_009788	2.172429608	0.0	0.0	1.0	1.0	1	1	0	0	0	0	0	0	0
GSM2533515	15983	A_52_P550331	Kcnj16	0	Kcnj16	NM_010604	2.489083366	0.0	0.0	1.0	1.0	0	1	0	0	0	0	0	0	0
GSM2533515	16664	A_51_P277373	Slc8a1	0	Slc8a1	AF004666	1.353573262	0.0	0.0	1.0	1.0	1	1	0	0	0	0	0	0	0
GSM2533515	18179	A_52_P313284	Slc8a1	0	Slc8a1	AF108396	0.4212879951	0.0	0.0	1.0	1.0	1	1	0	0	0	0	0	0	0
GSM2533515	18232	A_51_P171332	Cldn19	0	Cldn19	NM_153105	1.181049468	0.0	0.0	1.0	1.0	1	1	0	0	0	0	0	0	0
GSM2533515	18861	A_51_P239601	Trpv5	0	Trpv5	NM_001007572	1.348169161	6.40994	0.0	1.0	1.0	0	1	0	0	0	0	0	0	0
GSM2533515	19028	A_52_P231461	Slc8a1	0	Slc8a1	NM_011406	1.28242234	6.41248	0.0	1.0	1.0	0	1	0	0	0	0	0	0	0
GSM2533515	20241	A_51_P335801	Calb1	0	Calb1	NM_009788	2.144285021	0.0	0.0	1.0	1.0	1	1	0	0	0	0	0	0	0
GSM2533515	22525	A_52_P562704	Slc8a1	0	Slc8a1	NM_011406	0.3725393806	0.0	0.0	1.0	1.0	1	1	0	0	0	0	0	0	0
GSM2533515	22740	A_52_P550325	Kcnj16	0	Kcnj16	NM_010604	2.276275368	0.0	0.0	1.0	1.0	1	1	0	0	0	0	0	0	0
GSM2533515	23878	A_51_P335801	Calb1	0	Calb1	NM_009788	2.103515868	0.0	0.0	1.0	1.0	1	1	0	0	0	0	0	0	0
GSM2533515	26196	A_51_P357773	Kcnj16	0	Kcnj16	NM_010604	2.137538519	0.0	0.0	1.0	1.0	0	1	0	0	0	0	0	0	0
GSM2533515	26242	A_52_P499907	Kcnj1	0	Kcnj1	NM_019659	2.511117026	0.0	0.0	1.0	1.0	1	1	0	0	0	0	0	0	0
GSM2533515	27676	A_52_P351913	Atp2b1	0	Atp2b1	AK053569	0.01683637073	0.0	0.0	1.0	1.0	1	1	0	0	0	0	0	0	0
GSM2533515	29730	A_52_P611783	Fxyd2	0	Fxyd2	NM_052824	1.981979391	0.0	0.0	1.0	1.0	1	1	0	0	0	0	0	0	0
GSM2533515	29964	A_51_P335801	Calb1	0	Calb1	NM_009788	2.156350681	0.0	0.0	1.0	1.0	1	1	0	0	0	0	0	0	0
GSM2533515	30753	A_51_P335801	Calb1	0	Calb1	NM_009788	2.131139057	0.0	0.0	1.0	1.0	1	1	0	0	0	0	0	0	0
GSM2533515	31276	A_52_P23661	Cldn19	0	Cldn19	NM_001038590	1.35768201	0.0	0.0	1.0	1.0	1	1	0	0	0	0	0	0	0
GSM2533515	33630	A_52_P244931	Slc8a1	0	Slc8a1	AK048160	0.0	6.45155	2.02258	0.0	0.0	0	0	0	0	0	0	0	0	0
GSM2533515	37269	A_51_P445985	Slc12a3	0	Slc12a3	NM_019415	1.9082501	0.0	0.0	1.0	1.0	1	1	0	0	0	0	0	0	0
GSM2533515	38687	A_52_P515497	Atp1a1	0	Atp1a1	NM_144900	1.488760744	0.0	0.0	1.0	1.0	1	1	0	0	0	0	0	0	0
GSM2533515	40389	A_52_P184322	Trpm6	0	Trpm6	NM_153417	0.3864603129	0.0	0.0	1.0	1.0	1	1	0	0	0	0	0	0	0
GSM2533515	40926	A_51_P197499	Bsnd	0	Bsnd	NM_080458	0.4762927698	0.0	0.0	1.0	1.0	1	1	0	0	0	0	0	0	0
GSM2533515	44562	A_51_P335801	Calb1	0	Calb1	NM_009788	2.142289028	0.0	0.0	1.0	1.0	1	1	0	0	0	0	0	0	0
GSM2533515	44811	A_51_P222543	Atp2b1	0	Atp2b1	BI080417	0.05019754501	0.0	0.0	1.0	1.0	1	1	0	0	0	0	0	0	0
GSM2533515	45034	A_52_P152274	Clcnka	0	Clcnka	NM_024412	1.126359664	0.0	0.0	1.0	1.0	1	1	0	0	0	0	0	0	0
GSM2533516	2344	A_51_P335801	Calb1	0	Calb1	NM_009788	2.174054598	0.0	0.0	1.0	1.0	1	1	0	0	0	0	1	0	0
GSM2533516	3560	A_51_P230799	Atp2b1	0	Atp2b1	NM_026482	-0.5234772687	0.0	0.0	1.0	1.0	1	1	0	0	0	0	0	0	0
GSM2533516	5551	A_51_P243073	Trpm6	0	Trpm6	AK080899	0.0	9.42127	2.32502	1.0	1.0	0	0	0	0	0	0	0	0	0
GSM2533516	5837	A_51_P428512	Cldn16	0	Cldn16	NM_053241	2.039558973	8.98058	0.0	1.0	1.0	0	1	0	0	0	0	0	0	0
GSM2533516	5868	A_51_P281586	Cnnm2	0	Cnnm2	NM_033569	0.4601129915	0.0	0.0	1.0	1.0	1	1	0	0	0	0	0	0	0
GSM2533516	7768	A_51_P335801	Calb1	0	Calb1	NM_009788	2.213667668	0.0	0.0	1.0	1.0	1	1	0	0	0	0	1	0	0
GSM2533516	10045	A_51_P442227	Slc12a1	0	Slc12a1	U61381	0.7303659304	8.63955	0.0	1.0	1.0	0	0	0	0	0	0	0	0	0
GSM2533516	10087	A_52_P260659	Kcnj10	0	Kcnj10	NM_001039484	2.258035096	0.0	0.0	1.0	1.0	1	1	0	0	0	0	0	0	0
GSM2533516	11353	A_51_P335801	Calb1	0	Calb1	NM_009788	2.204373055	0.0	0.0	1.0	1.0	1	1	0	0	0	0	0	0	0
GSM2533516	11562	A_51_P300817	Atp1a1	0	Atp1a1	NM_144900	1.38242432	0.0	0.0	1.0	1.0	1	1	0	0	0	0	0	0	0
GSM2533516	12114	A_51_P151484	Atp1b1	0	Atp1b1	NM_009721	1.733548097	0.0	0.0	1.0	1.0	1	1	0	0	0	0	0	0	0
GSM2533516	12522	A_51_P335801	Calb1	0	Calb1	NM_009788	2.186615991	0.0	0.0	1.0	1.0	1	1	0	0	0	0	0	0	0
GSM2533516	12999	A_52_P348986	Atp2b1	0	Atp2b1	NM_026482	-0.1706060706	0.0	0.0	1.0	1.0	1	1	0	0	0	0	0	0	0
GSM2533516	13287	A_52_P26118	Slc12a1	0	Slc12a1	NM_001079690	2.795313593	0.0	0.0	1.0	1.0	1	1	0	0	0	0	0	0	0
GSM2533516	15381	A_51_P352572	Clcnkb	0	Clcnkb	NM_019701	1.242670564	0.0	0.0	1.0	1.0	1	1	0	0	0	0	0	0	0
GSM2533516	15729	A_51_P335801	Calb1	0	Calb1	NM_009788	2.169733257	0.0	0.0	1.0	1.0	1	1	0	0	0	0	0	0	0
GSM2533516	15983	A_52_P550331	Kcnj16	0	Kcnj16	NM_010604	2.732570589	7.46772	0.0	1.0	1.0	0	1	0	0	0	0	0	0	0
GSM2533516	16664	A_51_P277373	Slc8a1	0	Slc8a1	AF004666	1.671726131	0.0	0.0	1.0	1.0	1	1	0	0	0	0	0	0	0
GSM2533516	18179	A_52_P313284	Slc8a1	0	Slc8a1	AF108396	0.4021870438	0.0	0.0	1.0	1.0	1	1	0	0	0	0	0	0	0
GSM2533516	18232	A_51_P171332	Cldn19	0	Cldn19	NM_153105	0.9086151176	0.0	0.0	1.0	1.0	1	1	0	0	0	0	0	0	0
GSM2533516	18861	A_51_P239601	Trpv5	0	Trpv5	NM_001007572	1.353625482	7.45393	0.0	1.0	1.0	0	1	0	0	0	0	0	0	0
GSM2533516	19028	A_52_P231461	Slc8a1	0	Slc8a1	NM_011406	1.448964903	7.42125	0.0	1.0	1.0	0	1	0	0	0	0	0	0	0
GSM2533516	20241	A_51_P335801	Calb1	0	Calb1	NM_009788	2.137865964	0.0	0.0	1.0	1.0	1	1	0	0	0	0	0	0	0
GSM2533516	22525	A_52_P562704	Slc8a1	0	Slc8a1	NM_011406	0.9227899188	0.0	0.0	1.0	1.0	1	1	0	0	0	0	0	0	0
GSM2533516	22740	A_52_P550325	Kcnj16	0	Kcnj16	NM_010604	2.37756011	0.0	0.0	1.0	1.0	1	1	0	0	0	0	0	0	0
GSM2533516	23878	A_51_P335801	Calb1	0	Calb1	NM_009788	2.165067809	0.0	0.0	1.0	1.0	1	1	0	0	0	0	0	0	0
GSM2533516	26196	A_51_P357773	Kcnj16	0	Kcnj16	NM_010604	2.339120967	0.0	0.0	1.0	1.0	0	1	0	0	0	0	0	0	0
GSM2533516	26242	A_52_P499907	Kcnj1	0	Kcnj1	NM_019659	2.542075274	0.0	0.0	1.0	1.0	1	1	0	0	0	0	0	0	0
GSM2533516	27676	A_52_P351913	Atp2b1	0	Atp2b1	AK053569	-0.0363933486	0.0	0.0	1.0	1.0	1	1	0	0	0	0	0	0	0
GSM2533516	29730	A_52_P611783	Fxyd2	0	Fxyd2	NM_052824	1.974102028	0.0	0.0	1.0	1.0	1	1	0	0	0	0	0	0	0
GSM2533516	29964	A_51_P335801	Calb1	0	Calb1	NM_009788	2.154853612	0.0	0.0	1.0	1.0	1	1	0	0	0	0	0	0	0
GSM2533516	30753	A_51_P335801	Calb1	0	Calb1	NM_009788	2.141574136	0.0	0.0	1.0	1.0	1	1	0	0	0	0	0	0	0
GSM2533516	31276	A_52_P23661	Cldn19	0	Cldn19	NM_001038590	1.412227464	0.0	0.0	1.0	1.0	1	1	0	0	0	0	0	0	0
GSM2533516	33630	A_52_P244931	Slc8a1	0	Slc8a1	AK048160	0.0	7.42173	2.0125	1.0	1.0	0	0	0	0	0	0	0	0	0
GSM2533516	37269	A_51_P445985	Slc12a3	0	Slc12a3	NM_019415	1.892507681	0.0	0.0	1.0	1.0	1	1	0	0	0	0	0	0	0
GSM2533516	38687	A_52_P515497	Atp1a1	0	Atp1a1	NM_144900	1.476983136	0.0	0.0	1.0	1.0	1	1	0	0	0	0	0	0	0
GSM2533516	40389	A_52_P184322	Trpm6	0	Trpm6	NM_153417	0.3505301112	0.0	0.0	1.0	1.0	1	1	0	0	0	0	0	0	0
GSM2533516	40926	A_51_P197499	Bsnd	0	Bsnd	NM_080458	0.4112525117	0.0	0.0	1.0	1.0	1	1	0	0	0	0	0	0	0
GSM2533516	44562	A_51_P335801	Calb1	0	Calb1	NM_009788	2.158540087	0.0	0.0	1.0	1.0	1	1	0	0	0	0	0	0	0
GSM2533516	44811	A_51_P222543	Atp2b1	0	Atp2b1	BI080417	0.08526071948	0.0	0.0	1.0	1.0	1	1	0	0	0	0	0	0	0
GSM2533516	45034	A_52_P152274	Clcnka	0	Clcnka	NM_024412	1.096121635	0.0	0.0	1.0	1.0	1	1	0	0	0	0	0	0	0
GSM2533517	2344	A_51_P335801	Calb1	0	Calb1	NM_009788	1.90243727	0.0	0.0	1.0	1.0	1	1	0	0	0	0	0	0	0
GSM2533517	3560	A_51_P230799	Atp2b1	0	Atp2b1	NM_026482	-0.3400380584	0.0	0.0	1.0	1.0	1	1	0	0	0	0	0	0	0
GSM2533517	5551	A_51_P243073	Trpm6	0	Trpm6	AK080899	0.0	4.76595	2.73123	1.0	1.0	0	0	0	0	0	0	0	0	0
GSM2533517	5837	A_51_P428512	Cldn16	0	Cldn16	NM_053241	1.528076286	0.0	0.0	1.0	1.0	0	1	0	0	0	0	0	0	0
GSM2533517	5868	A_51_P281586	Cnnm2	0	Cnnm2	NM_033569	0.4406032887	0.0	0.0	1.0	1.0	1	1	0	0	0	0	0	0	0
GSM2533517	7768	A_51_P335801	Calb1	0	Calb1	NM_009788	1.878037164	0.0	0.0	1.0	1.0	1	1	0	0	0	0	0	0	0
GSM2533517	10045	A_51_P442227	Slc12a1	0	Slc12a1	U61381	0.5396169328	0.0	0.0	1.0	1.0	0	0	0	0	0	0	0	0	0
GSM2533517	10087	A_52_P260659	Kcnj10	0	Kcnj10	NM_001039484	1.846263546	0.0	0.0	1.0	1.0	1	1	0	0	0	0	0	0	0
GSM2533517	11353	A_51_P335801	Calb1	0	Calb1	NM_009788	1.893608015	0.0	0.0	1.0	1.0	1	1	0	0	0	0	0	0	0
GSM2533517	11562	A_51_P300817	Atp1a1	0	Atp1a1	NM_144900	1.270430646	0.0	0.0	1.0	1.0	1	1	0	0	0	0	0	0	0
GSM2533517	12114	A_51_P151484	Atp1b1	0	Atp1b1	NM_009721	1.66628377	0.0	0.0	1.0	1.0	1	1	0	0	0	0	0	0	0
GSM2533517	12522	A_51_P335801	Calb1	0	Calb1	NM_009788	1.885884687	0.0	0.0	1.0	1.0	1	1	0	0	0	0	0	0	0
GSM2533517	12999	A_52_P348986	Atp2b1	0	Atp2b1	NM_026482	-0.1998369675	0.0	0.0	1.0	1.0	1	1	0	0	0	0	0	0	0
GSM2533517	13287	A_52_P26118	Slc12a1	0	Slc12a1	NM_001079690	2.368032917	0.0	0.0	1.0	1.0	1	1	0	0	0	0	0	0	0
GSM2533517	15381	A_51_P352572	Clcnkb	0	Clcnkb	NM_019701	1.554159844	0.0	0.0	1.0	1.0	1	1	0	0	0	0	0	0	0
GSM2533517	15729	A_51_P335801	Calb1	0	Calb1	NM_009788	1.922472561	0.0	0.0	1.0	1.0	1	1	0	0	0	0	0	0	0
GSM2533517	15983	A_52_P550331	Kcnj16	0	Kcnj16	NM_010604	2.217514711	4.35979	0.0	1.0	1.0	0	1	0	0	0	0	0	0	0
GSM2533517	16664	A_51_P277373	Slc8a1	0	Slc8a1	AF004666	1.874504894	0.0	0.0	1.0	1.0	0	1	0	0	0	0	0	0	0
GSM2533517	18179	A_52_P313284	Slc8a1	0	Slc8a1	AF108396	0.279680487	0.0	0.0	1.0	1.0	1	1	0	0	0	0	0	0	0
GSM2533517	18232	A_51_P171332	Cldn19	0	Cldn19	NM_153105	1.134738556	0.0	0.0	1.0	1.0	1	1	0	0	0	0	0	0	0
GSM2533517	18861	A_51_P239601	Trpv5	0	Trpv5	NM_001007572	1.111623832	0.0	0.0	1.0	1.0	0	1	0	0	0	0	0	0	0
GSM2533517	19028	A_52_P231461	Slc8a1	0	Slc8a1	NM_011406	0.3733025719	0.0	0.0	1.0	1.0	1	1	0	0	0	0	0	0	0
GSM2533517	20241	A_51_P335801	Calb1	0	Calb1	NM_009788	1.904517954	0.0	0.0	1.0	1.0	1	1	0	0	0	0	0	0	0
GSM2533517	22525	A_52_P562704	Slc8a1	0	Slc8a1	NM_011406	0.2592682189	0.0	0.0	1.0	1.0	1	1	0	0	0	0	0	0	0
GSM2533517	22740	A_52_P550325	Kcnj16	0	Kcnj16	NM_010604	1.947492481	0.0	0.0	1.0	1.0	1	1	0	0	0	0	0	0	0
GSM2533517	23878	A_51_P335801	Calb1	0	Calb1	NM_009788	1.882620628	0.0	0.0	1.0	1.0	1	1	0	0	0	0	0	0	0
GSM2533517	26196	A_51_P357773	Kcnj16	0	Kcnj16	NM_010604	1.840553921	0.0	0.0	1.0	1.0	0	1	0	0	0	0	0	0	0
GSM2533517	26242	A_52_P499907	Kcnj1	0	Kcnj1	NM_019659	2.218400013	0.0	0.0	1.0	1.0	1	1	0	0	0	0	0	0	0
GSM2533517	27676	A_52_P351913	Atp2b1	0	Atp2b1	AK053569	0.01686940855	0.0	0.0	1.0	1.0	1	1	0	0	0	0	0	0	0
GSM2533517	29730	A_52_P611783	Fxyd2	0	Fxyd2	NM_052824	1.683782744	0.0	0.0	1.0	1.0	1	1	0	0	0	0	0	0	0
GSM2533517	29964	A_51_P335801	Calb1	0	Calb1	NM_009788	1.882127092	0.0	0.0	1.0	1.0	1	1	0	0	0	0	0	0	0
GSM2533517	30753	A_51_P335801	Calb1	0	Calb1	NM_009788	1.892811645	0.0	0.0	1.0	1.0	1	1	0	0	0	0	0	0	0
GSM2533517	31276	A_52_P23661	Cldn19	0	Cldn19	NM_001038590	1.214620485	0.0	0.0	1.0	1.0	1	1	0	0	0	0	0	0	0
GSM2533517	33630	A_52_P244931	Slc8a1	0	Slc8a1	AK048160	0.0	4.33554	2.49568	1.0	1.0	0	0	0	0	0	0	0	0	0
GSM2533517	37269	A_51_P445985	Slc12a3	0	Slc12a3	NM_019415	1.744410701	0.0	0.0	1.0	1.0	1	1	0	0	0	0	0	0	0
GSM2533517	38687	A_52_P515497	Atp1a1	0	Atp1a1	NM_144900	1.447048135	0.0	0.0	1.0	1.0	1	1	0	0	0	0	0	0	0
GSM2533517	40389	A_52_P184322	Trpm6	0	Trpm6	NM_153417	0.1544656168	0.0	0.0	1.0	1.0	1	1	0	0	0	0	0	0	0
GSM2533517	40926	A_51_P197499	Bsnd	0	Bsnd	NM_080458	0.8360978649	0.0	0.0	1.0	1.0	1	1	0	0	0	0	0	0	0
GSM2533517	44562	A_51_P335801	Calb1	0	Calb1	NM_009788	1.901164023	0.0	0.0	1.0	1.0	1	1	0	0	0	0	1	0	0
GSM2533517	44811	A_51_P222543	Atp2b1	0	Atp2b1	BI080417	0.009015328479	0.0	0.0	1.0	1.0	1	1	0	0	0	0	0	0	0
GSM2533517	45034	A_52_P152274	Clcnka	0	Clcnka	NM_024412	1.157076507	0.0	0.0	1.0	1.0	1	1	0	0	0	0	0	0	0
GSM2533518	2344	A_51_P335801	Calb1	0	Calb1	NM_009788	3.039111008	0.0	0.0	1.0	1.0	1	1	0	0	0	0	0	0	0
GSM2533518	3560	A_51_P230799	Atp2b1	0	Atp2b1	NM_026482	-0.04371638197	0.0	0.0	1.0	1.0	1	0	0	0	0	0	0	0	0
GSM2533518	5551	A_51_P243073	Trpm6	0	Trpm6	AK080899	0.0	4.8893	2.56091	1.0	1.0	0	0	0	0	0	0	0	0	0
GSM2533518	5837	A_51_P428512	Cldn16	0	Cldn16	NM_053241	1.100874354	4.28316	0.0	1.0	1.0	0	0	0	0	0	0	0	0	0
GSM2533518	5868	A_51_P281586	Cnnm2	0	Cnnm2	NM_033569	0.7416738806	0.0	0.0	1.0	1.0	1	1	0	0	0	0	0	0	0
GSM2533518	7768	A_51_P335801	Calb1	0	Calb1	NM_009788	3.081019103	0.0	0.0	1.0	1.0	1	1	0	0	0	0	0	0	0
GSM2533518	10045	A_51_P442227	Slc12a1	0	Slc12a1	U61381	0.521901108	4.68476	0.0	1.0	1.0	0	0	0	0	0	0	0	0	0
GSM2533518	10087	A_52_P260659	Kcnj10	0	Kcnj10	NM_001039484	2.590728839	0.0	0.0	1.0	1.0	0	1	0	0	0	0	0	0	0
GSM2533518	11353	A_51_P335801	Calb1	0	Calb1	NM_009788	2.959642048	0.0	0.0	1.0	1.0	1	1	0	0	0	0	0	0	0
GSM2533518	11562	A_51_P300817	Atp1a1	0	Atp1a1	NM_144900	1.436047878	0.0	0.0	1.0	1.0	1	1	0	0	0	0	0	0	0
GSM2533518	12114	A_51_P151484	Atp1b1	0	Atp1b1	NM_009721	1.673712744	0.0	0.0	1.0	1.0	1	1	0	0	0	0	0	0	0
GSM2533518	12522	A_51_P335801	Calb1	0	Calb1	NM_009788	3.00245749	0.0	0.0	1.0	1.0	1	1	0	0	0	0	0	0	0
GSM2533518	12999	A_52_P348986	Atp2b1	0	Atp2b1	NM_026482	-0.1668054793	0.0	0.0	1.0	1.0	1	1	0	0	0	0	0	0	0
GSM2533518	13287	A_52_P26118	Slc12a1	0	Slc12a1	NM_001079690	2.713585239	0.0	0.0	1.0	1.0	1	1	0	0	0	0	0	0	0
GSM2533518	15381	A_51_P352572	Clcnkb	0	Clcnkb	NM_019701	1.619439722	0.0	0.0	1.0	1.0	1	1	0	0	0	0	0	0	0
GSM2533518	15729	A_51_P335801	Calb1	0	Calb1	NM_009788	3.107095154	0.0	0.0	1.0	1.0	1	1	0	0	0	0	0	0	0
GSM2533518	15983	A_52_P550331	Kcnj16	0	Kcnj16	NM_010604	2.254931056	4.36853	0.0	1.0	1.0	0	1	0	0	0	0	0	0	0
GSM2533518	16664	A_51_P277373	Slc8a1	0	Slc8a1	AF004666	1.488198001	4.31855	0.0	1.0	1.0	0	1	0	0	0	0	0	0	0
GSM2533518	18179	A_52_P313284	Slc8a1	0	Slc8a1	AF108396	-0.3589040695	0.0	1.83513	1.0	1.0	1	0	0	0	0	0	0	0	0
GSM2533518	18232	A_51_P171332	Cldn19	0	Cldn19	NM_153105	1.250700673	0.0	0.0	1.0	1.0	0	1	0	0	0	0	0	0	0
GSM2533518	18861	A_51_P239601	Trpv5	0	Trpv5	NM_001007572	-0.02630139476	0.0	1.83465	1.0	1.0	0	0	0	0	0	0	0	0	0
GSM2533518	19028	A_52_P231461	Slc8a1	0	Slc8a1	NM_011406	0.2630585213	3.79585	0.0	1.0	1.0	0	0	0	0	0	0	0	0	0
GSM2533518	20241	A_51_P335801	Calb1	0	Calb1	NM_009788	3.039617017	0.0	0.0	1.0	1.0	1	1	0	0	0	0	0	0	0
GSM2533518	22525	A_52_P562704	Slc8a1	0	Slc8a1	NM_011406	0.2050309923	0.0	0.0	1.0	1.0	1	0	0	0	0	0	0	0	0
GSM2533518	22740	A_52_P550325	Kcnj16	0	Kcnj16	NM_010604	2.966994893	0.0	0.0	1.0	1.0	1	1	0	0	0	0	0	0	0
GSM2533518	23878	A_51_P335801	Calb1	0	Calb1	NM_009788	2.956552771	0.0	0.0	1.0	1.0	1	1	0	0	0	0	0	0	0
GSM2533518	26196	A_51_P357773	Kcnj16	0	Kcnj16	NM_010604	2.109595321	3.84534	0.0	1.0	1.0	0	1	0	0	0	0	0	0	0
GSM2533518	26242	A_52_P499907	Kcnj1	0	Kcnj1	NM_019659	3.376561145	0.0	0.0	1.0	1.0	1	1	0	0	0	0	0	0	0
GSM2533518	27676	A_52_P351913	Atp2b1	0	Atp2b1	AK053569	-0.3026018033	0.0	0.0	1.0	1.0	1	0	0	0	0	0	0	0	0
GSM2533518	29730	A_52_P611783	Fxyd2	0	Fxyd2	NM_052824	2.595121239	0.0	0.0	1.0	1.0	1	1	0	0	0	0	0	0	0
GSM2533518	29964	A_51_P335801	Calb1	0	Calb1	NM_009788	3.028378424	0.0	0.0	1.0	1.0	1	1	0	0	0	0	0	0	0
GSM2533518	30753	A_51_P335801	Calb1	0	Calb1	NM_009788	3.149440076	0.0	0.0	1.0	1.0	1	1	0	0	0	0	0	0	0
GSM2533518	31276	A_52_P23661	Cldn19	0	Cldn19	NM_001038590	1.487834417	0.0	0.0	1.0	1.0	1	1	0	0	0	0	0	0	0
GSM2533518	33630	A_52_P244931	Slc8a1	0	Slc8a1	AK048160	0.0	4.03659	1.96094	0.0	0.0	0	0	0	0	0	0	0	0	0
GSM2533518	37269	A_51_P445985	Slc12a3	0	Slc12a3	NM_019415	2.472142512	0.0	0.0	1.0	1.0	1	1	0	0	0	0	0	0	0
GSM2533518	38687	A_52_P515497	Atp1a1	0	Atp1a1	NM_144900	1.464650028	0.0	0.0	1.0	1.0	1	1	0	0	0	0	0	0	0
GSM2533518	40389	A_52_P184322	Trpm6	0	Trpm6	NM_153417	0.4768399194	0.0	0.0	1.0	1.0	1	0	0	0	0	0	0	0	0
GSM2533518	40926	A_51_P197499	Bsnd	0	Bsnd	NM_080458	0.4716361664	0.0	0.0	1.0	1.0	1	0	0	0	0	0	0	0	0
GSM2533518	44562	A_51_P335801	Calb1	0	Calb1	NM_009788	3.043183214	0.0	0.0	1.0	1.0	1	1	0	0	0	0	0	0	0
GSM2533518	44811	A_51_P222543	Atp2b1	0	Atp2b1	BI080417	0.02717906712	0.0	0.0	1.0	1.0	1	1	0	0	0	0	0	0	0
GSM2533518	45034	A_52_P152274	Clcnka	0	Clcnka	NM_024412	1.219743271	0.0	0.0	1.0	1.0	1	1	0	0	0	0	0	0	0
GSM2533519	2344	A_51_P335801	Calb1	0	Calb1	NM_009788	3.055091493	0.0	0.0	1.0	1.0	1	1	0	0	0	0	0	0	0
GSM2533519	3560	A_51_P230799	Atp2b1	0	Atp2b1	NM_026482	-0.5977525008	0.0	1.969	1.0	1.0	1	0	0	0	0	0	0	0	0
GSM2533519	5551	A_51_P243073	Trpm6	0	Trpm6	AK080899	0.0	5.86005	2.16266	0.0	0.0	0	0	0	0	0	0	0	0	0
GSM2533519	5837	A_51_P428512	Cldn16	0	Cldn16	NM_053241	1.57185402	5.32916	0.0	1.0	1.0	0	1	0	0	0	0	0	0	0
GSM2533519	5868	A_51_P281586	Cnnm2	0	Cnnm2	NM_033569	0.5931307935	0.0	0.0	1.0	1.0	1	1	0	0	0	0	0	0	0
GSM2533519	7768	A_51_P335801	Calb1	0	Calb1	NM_009788	3.054159233	0.0	0.0	1.0	1.0	1	1	0	0	0	0	0	0	0
GSM2533519	10045	A_51_P442227	Slc12a1	0	Slc12a1	U61381	0.0	5.62477	2.03165	1.0	1.0	0	0	0	0	0	0	0	0	0
GSM2533519	10087	A_52_P260659	Kcnj10	0	Kcnj10	NM_001039484	2.774681908	5.03307	0.0	1.0	1.0	0	1	0	0	0	0	0	0	0
GSM2533519	11353	A_51_P335801	Calb1	0	Calb1	NM_009788	3.044210292	0.0	0.0	1.0	1.0	1	1	0	0	0	0	0	0	0
GSM2533519	11562	A_51_P300817	Atp1a1	0	Atp1a1	NM_144900	1.289118753	0.0	0.0	1.0	1.0	1	1	0	0	0	0	0	0	0
GSM2533519	12114	A_51_P151484	Atp1b1	0	Atp1b1	NM_009721	1.70114538	0.0	0.0	1.0	1.0	1	1	0	0	0	0	0	0	0
GSM2533519	12522	A_51_P335801	Calb1	0	Calb1	NM_009788	3.030390182	0.0	0.0	1.0	1.0	1	1	0	0	0	0	0	0	0
GSM2533519	12999	A_52_P348986	Atp2b1	0	Atp2b1	NM_026482	-0.2561566744	0.0	0.0	1.0	1.0	1	1	0	0	0	0	0	0	0
GSM2533519	13287	A_52_P26118	Slc12a1	0	Slc12a1	NM_001079690	2.590064468	0.0	0.0	1.0	1.0	1	1	0	0	0	0	0	0	0
GSM2533519	15381	A_51_P352572	Clcnkb	0	Clcnkb	NM_019701	1.594990564	0.0	0.0	1.0	1.0	0	1	0	0	0	0	0	0	0
GSM2533519	15729	A_51_P335801	Calb1	0	Calb1	NM_009788	3.054418249	0.0	0.0	1.0	1.0	1	1	0	0	0	0	0	0	0
GSM2533519	15983	A_52_P550331	Kcnj16	0	Kcnj16	NM_010604	2.175851476	5.12969	0.0	1.0	1.0	0	1	0	0	0	0	0	0	0
GSM2533519	16664	A_51_P277373	Slc8a1	0	Slc8a1	AF004666	1.597837877	5.09388	0.0	1.0	1.0	0	1	0	0	0	0	0	0	0
GSM2533519	18179	A_52_P313284	Slc8a1	0	Slc8a1	AF108396	-0.1856891128	0.0	0.0	1.0	1.0	1	0	0	0	0	0	0	0	0
GSM2533519	18232	A_51_P171332	Cldn19	0	Cldn19	NM_153105	1.372485777	0.0	0.0	1.0	1.0	0	1	0	0	0	0	0	0	0
GSM2533519	18861	A_51_P239601	Trpv5	0	Trpv5	NM_001007572	0.5313432032	4.7981	0.0	1.0	1.0	0	0	0	0	0	0	0	0	0
GSM2533519	19028	A_52_P231461	Slc8a1	0	Slc8a1	NM_011406	0.2743067788	4.77764	0.0	0.0	0.0	0	0	0	0	0	0	0	0	0
GSM2533519	20241	A_51_P335801	Calb1	0	Calb1	NM_009788	3.035301177	0.0	0.0	1.0	1.0	1	1	0	0	0	0	0	0	0
GSM2533519	22525	A_52_P562704	Slc8a1	0	Slc8a1	NM_011406	0.02929312269	0.0	0.0	1.0	1.0	1	0	0	0	0	0	0	0	0
GSM2533519	22740	A_52_P550325	Kcnj16	0	Kcnj16	NM_010604	3.039877193	0.0	0.0	1.0	1.0	1	1	0	0	0	0	0	0	0
GSM2533519	23878	A_51_P335801	Calb1	0	Calb1	NM_009788	3.004078829	0.0	0.0	1.0	1.0	1	1	0	0	0	0	0	0	0
GSM2533519	26196	A_51_P357773	Kcnj16	0	Kcnj16	NM_010604	2.225345747	4.67749	0.0	1.0	1.0	0	1	0	0	0	0	0	0	0
GSM2533519	26242	A_52_P499907	Kcnj1	0	Kcnj1	NM_019659	3.578949292	0.0	0.0	1.0	1.0	0	1	0	0	0	0	0	0	0
GSM2533519	27676	A_52_P351913	Atp2b1	0	Atp2b1	AK053569	0.02559680022	0.0	0.0	1.0	1.0	1	0	0	0	0	0	0	0	0
GSM2533519	29730	A_52_P611783	Fxyd2	0	Fxyd2	NM_052824	2.57397823	0.0	0.0	1.0	1.0	1	1	0	0	0	0	0	0	0
GSM2533519	29964	A_51_P335801	Calb1	0	Calb1	NM_009788	3.00766707	0.0	0.0	1.0	1.0	1	1	0	0	0	0	0	0	0
GSM2533519	30753	A_51_P335801	Calb1	0	Calb1	NM_009788	2.978816245	0.0	0.0	1.0	1.0	1	1	0	0	0	0	0	0	0
GSM2533519	31276	A_52_P23661	Cldn19	0	Cldn19	NM_001038590	1.130759749	0.0	0.0	1.0	1.0	1	1	0	0	0	0	0	0	0
GSM2533519	33630	A_52_P244931	Slc8a1	0	Slc8a1	AK048160	0.1162288923	0.0	0.0	1.0	1.0	0	0	0	0	0	0	0	0	0
GSM2533519	37269	A_51_P445985	Slc12a3	0	Slc12a3	NM_019415	2.647010907	0.0	0.0	1.0	1.0	0	1	0	0	0	0	0	0	0
GSM2533519	38687	A_52_P515497	Atp1a1	0	Atp1a1	NM_144900	1.321737755	0.0	0.0	1.0	1.0	1	1	0	0	0	0	0	0	0
GSM2533519	40389	A_52_P184322	Trpm6	0	Trpm6	NM_153417	0.7383982354	0.0	0.0	1.0	1.0	0	0	0	0	0	0	0	0	0
GSM2533519	40926	A_51_P197499	Bsnd	0	Bsnd	NM_080458	0.8139425709	0.0	0.0	1.0	1.0	1	1	0	0	0	0	0	0	0
GSM2533519	44562	A_51_P335801	Calb1	0	Calb1	NM_009788	3.01060002	0.0	0.0	1.0	1.0	1	1	0	0	0	0	0	0	0
GSM2533519	44811	A_51_P222543	Atp2b1	0	Atp2b1	BI080417	-0.2672421394	0.0	0.0	1.0	1.0	1	1	0	0	0	0	0	0	0
GSM2533519	45034	A_52_P152274	Clcnka	0	Clcnka	NM_024412	1.38043869	0.0	0.0	1.0	1.0	1	1	0	0	0	0	0	0	0
GSM2533520	2344	A_51_P335801	Calb1	0	Calb1	NM_009788	1.889207785	0.0	0.0	1.0	1.0	1	1	0	0	0	0	0	0	0
GSM2533520	3560	A_51_P230799	Atp2b1	0	Atp2b1	NM_026482	-0.3550874187	0.0	0.0	1.0	1.0	1	1	0	0	0	0	0	0	0
GSM2533520	5551	A_51_P243073	Trpm6	0	Trpm6	AK080899	0.0	6.08533	4.26243	1.0	1.0	0	0	0	0	0	0	0	0	0
GSM2533520	5837	A_51_P428512	Cldn16	0	Cldn16	NM_053241	1.741934863	5.78268	0.0	1.0	1.0	0	1	0	0	0	0	0	0	0
GSM2533520	5868	A_51_P281586	Cnnm2	0	Cnnm2	NM_033569	0.6122309149	0.0	0.0	1.0	1.0	1	1	0	0	0	0	0	0	0
GSM2533520	7768	A_51_P335801	Calb1	0	Calb1	NM_009788	1.885287213	0.0	0.0	1.0	1.0	1	1	0	0	0	0	0	0	0
GSM2533520	10045	A_51_P442227	Slc12a1	0	Slc12a1	U61381	0.7645684692	5.83933	0.0	1.0	1.0	0	1	0	0	0	0	0	0	0
GSM2533520	10087	A_52_P260659	Kcnj10	0	Kcnj10	NM_001039484	2.06438	0.0	0.0	1.0	1.0	1	1	0	0	0	0	0	0	0
GSM2533520	11353	A_51_P335801	Calb1	0	Calb1	NM_009788	1.886029191	0.0	0.0	1.0	1.0	1	1	0	0	0	0	0	0	0
GSM2533520	11562	A_51_P300817	Atp1a1	0	Atp1a1	NM_144900	1.344441369	0.0	0.0	1.0	1.0	1	1	0	0	0	0	0	0	0
GSM2533520	12114	A_51_P151484	Atp1b1	0	Atp1b1	NM_009721	1.649870599	0.0	0.0	1.0	1.0	1	1	0	0	0	0	0	0	0
GSM2533520	12522	A_51_P335801	Calb1	0	Calb1	NM_009788	1.901402694	0.0	0.0	1.0	1.0	1	1	0	0	0	0	0	0	0
GSM2533520	12999	A_52_P348986	Atp2b1	0	Atp2b1	NM_026482	-0.1968922231	0.0	0.0	1.0	1.0	1	1	0	0	0	0	0	0	0
GSM2533520	13287	A_52_P26118	Slc12a1	0	Slc12a1	NM_001079690	2.694182018	0.0	0.0	1.0	1.0	1	1	0	0	0	0	0	0	0
GSM2533520	15381	A_51_P352572	Clcnkb	0	Clcnkb	NM_019701	1.57890554	0.0	0.0	1.0	1.0	1	1	0	0	0	0	0	0	0
GSM2533520	15729	A_51_P335801	Calb1	0	Calb1	NM_009788	1.871168241	0.0	0.0	1.0	1.0	1	1	0	0	0	0	0	0	0
GSM2533520	15983	A_52_P550331	Kcnj16	0	Kcnj16	NM_010604	2.42274574	5.30537	0.0	1.0	1.0	0	1	0	0	0	0	0	0	0
GSM2533520	16664	A_51_P277373	Slc8a1	0	Slc8a1	AF004666	1.804791218	0.0	0.0	1.0	1.0	0	1	0	0	0	0	0	0	0
GSM2533520	18179	A_52_P313284	Slc8a1	0	Slc8a1	AF108396	0.5738541324	0.0	0.0	1.0	1.0	1	1	0	0	0	0	0	0	0
GSM2533520	18232	A_51_P171332	Cldn19	0	Cldn19	NM_153105	1.206326968	0.0	0.0	1.0	1.0	1	1	0	0	0	0	0	0	0
GSM2533520	18861	A_51_P239601	Trpv5	0	Trpv5	NM_001007572	1.338666441	5.07239	0.0	1.0	1.0	0	1	0	0	0	0	0	0	0
GSM2533520	19028	A_52_P231461	Slc8a1	0	Slc8a1	NM_011406	1.443484668	5.05688	0.0	1.0	1.0	0	1	0	0	0	0	0	0	0
GSM2533520	20241	A_51_P335801	Calb1	0	Calb1	NM_009788	1.884829747	0.0	0.0	1.0	1.0	1	1	0	0	0	0	0	0	0
GSM2533520	22525	A_52_P562704	Slc8a1	0	Slc8a1	NM_011406	0.5675478239	0.0	0.0	1.0	1.0	1	1	0	0	0	0	0	0	0
GSM2533520	22740	A_52_P550325	Kcnj16	0	Kcnj16	NM_010604	2.047586942	0.0	0.0	1.0	1.0	1	1	0	0	0	0	0	0	0
GSM2533520	23878	A_51_P335801	Calb1	0	Calb1	NM_009788	1.904203329	0.0	0.0	1.0	1.0	1	1	0	0	0	0	0	0	0
GSM2533520	26196	A_51_P357773	Kcnj16	0	Kcnj16	NM_010604	1.758458107	0.0	0.0	1.0	1.0	0	1	0	0	0	0	0	0	0
GSM2533520	26242	A_52_P499907	Kcnj1	0	Kcnj1	NM_019659	2.296852802	0.0	0.0	1.0	1.0	1	1	0	0	0	0	0	0	0
GSM2533520	27676	A_52_P351913	Atp2b1	0	Atp2b1	AK053569	-0.02644253965	0.0	0.0	1.0	1.0	1	1	0	0	0	0	0	0	0
GSM2533520	29730	A_52_P611783	Fxyd2	0	Fxyd2	NM_052824	1.715510923	0.0	0.0	1.0	1.0	1	1	0	0	0	0	0	0	0
GSM2533520	29964	A_51_P335801	Calb1	0	Calb1	NM_009788	1.903365903	0.0	0.0	1.0	1.0	1	1	0	0	0	0	0	0	0
GSM2533520	30753	A_51_P335801	Calb1	0	Calb1	NM_009788	1.899276721	0.0	0.0	1.0	1.0	1	1	0	0	0	0	0	0	0
GSM2533520	31276	A_52_P23661	Cldn19	0	Cldn19	NM_001038590	1.303915881	0.0	0.0	1.0	1.0	1	1	0	0	0	0	0	0	0
GSM2533520	33630	A_52_P244931	Slc8a1	0	Slc8a1	AK048160	0.0	5.34403	3.82232	0.0	0.0	0	0	0	0	0	0	0	0	0
GSM2533520	37269	A_51_P445985	Slc12a3	0	Slc12a3	NM_019415	1.707856411	0.0	0.0	1.0	1.0	1	1	0	0	0	0	0	0	0
GSM2533520	38687	A_52_P515497	Atp1a1	0	Atp1a1	NM_144900	1.483756043	0.0	0.0	1.0	1.0	1	1	0	0	0	0	0	0	0
GSM2533520	40389	A_52_P184322	Trpm6	0	Trpm6	NM_153417	0.6887742079	0.0	0.0	1.0	1.0	1	1	0	0	0	0	0	0	0
GSM2533520	40926	A_51_P197499	Bsnd	0	Bsnd	NM_080458	0.7273239088	0.0	0.0	1.0	1.0	1	1	0	0	0	0	0	0	0
GSM2533520	44562	A_51_P335801	Calb1	0	Calb1	NM_009788	1.887564389	0.0	0.0	1.0	1.0	1	1	0	0	0	0	0	0	0
GSM2533520	44811	A_51_P222543	Atp2b1	0	Atp2b1	BI080417	-0.07609376858	0.0	0.0	1.0	1.0	1	1	0	0	0	0	0	0	0
GSM2533520	45034	A_52_P152274	Clcnka	0	Clcnka	NM_024412	1.300482335	0.0	0.0	1.0	1.0	1	1	0	0	0	0	0	0	0
GSM2533521	2344	A_51_P335801	Calb1	0	Calb1	NM_009788	1.944957049	0.0	0.0	1.0	1.0	1	1	0	0	0	0	0	0	0
GSM2533521	3560	A_51_P230799	Atp2b1	0	Atp2b1	NM_026482	-0.3967035714	0.0	0.0	1.0	1.0	1	1	0	0	0	0	0	0	0
GSM2533521	5551	A_51_P243073	Trpm6	0	Trpm6	AK080899	0.0	5.04031	3.94051	0.0	0.0	0	0	0	0	0	0	0	0	0
GSM2533521	5837	A_51_P428512	Cldn16	0	Cldn16	NM_053241	1.732687487	4.64803	0.0	1.0	1.0	0	1	0	0	0	0	0	0	0
GSM2533521	5868	A_51_P281586	Cnnm2	0	Cnnm2	NM_033569	0.671712086	0.0	0.0	1.0	1.0	1	1	0	0	0	0	0	0	0
GSM2533521	7768	A_51_P335801	Calb1	0	Calb1	NM_009788	1.944983392	0.0	0.0	1.0	1.0	1	1	0	0	0	0	0	0	0
GSM2533521	10045	A_51_P442227	Slc12a1	0	Slc12a1	U61381	0.6993770219	4.77379	0.0	1.0	1.0	0	1	0	0	0	0	0	0	0
GSM2533521	10087	A_52_P260659	Kcnj10	0	Kcnj10	NM_001039484	1.992337008	0.0	0.0	1.0	1.0	1	1	0	0	0	0	0	0	0
GSM2533521	11353	A_51_P335801	Calb1	0	Calb1	NM_009788	1.933797419	0.0	0.0	1.0	1.0	1	1	0	0	0	0	0	0	0
GSM2533521	11562	A_51_P300817	Atp1a1	0	Atp1a1	NM_144900	1.261362001	0.0	0.0	1.0	1.0	1	1	0	0	0	0	0	0	0
GSM2533521	12114	A_51_P151484	Atp1b1	0	Atp1b1	NM_009721	1.649849394	0.0	0.0	1.0	1.0	1	1	0	0	0	0	0	0	0
GSM2533521	12522	A_51_P335801	Calb1	0	Calb1	NM_009788	1.940063487	0.0	0.0	1.0	1.0	1	1	0	0	0	0	0	0	0
GSM2533521	12999	A_52_P348986	Atp2b1	0	Atp2b1	NM_026482	-0.2292045166	0.0	0.0	1.0	1.0	1	1	0	0	0	0	0	0	0
GSM2533521	13287	A_52_P26118	Slc12a1	0	Slc12a1	NM_001079690	2.601980676	0.0	0.0	1.0	1.0	1	1	0	0	0	0	0	0	0
GSM2533521	15381	A_51_P352572	Clcnkb	0	Clcnkb	NM_019701	1.602626003	0.0	0.0	1.0	1.0	1	1	0	0	0	0	0	0	0
GSM2533521	15729	A_51_P335801	Calb1	0	Calb1	NM_009788	1.944691946	0.0	0.0	1.0	1.0	1	1	0	0	0	0	0	0	0
GSM2533521	15983	A_52_P550331	Kcnj16	0	Kcnj16	NM_010604	2.396124393	4.386	0.0	1.0	1.0	0	1	0	0	0	0	0	0	0
GSM2533521	16664	A_51_P277373	Slc8a1	0	Slc8a1	AF004666	1.991629579	0.0	0.0	1.0	1.0	0	1	0	0	0	0	0	0	0
GSM2533521	18179	A_52_P313284	Slc8a1	0	Slc8a1	AF108396	0.5925336554	0.0	0.0	1.0	1.0	1	1	0	0	0	0	0	0	0
GSM2533521	18232	A_51_P171332	Cldn19	0	Cldn19	NM_153105	1.324951423	0.0	0.0	1.0	1.0	1	1	0	0	0	0	0	0	0
GSM2533521	18861	A_51_P239601	Trpv5	0	Trpv5	NM_001007572	1.464548633	4.02988	0.0	1.0	1.0	0	1	0	0	0	0	0	0	0
GSM2533521	19028	A_52_P231461	Slc8a1	0	Slc8a1	NM_011406	1.465272501	3.97778	0.0	1.0	1.0	0	1	0	0	0	0	0	0	0
GSM2533521	20241	A_51_P335801	Calb1	0	Calb1	NM_009788	1.930467694	0.0	0.0	1.0	1.0	1	1	0	0	0	0	0	0	0
GSM2533521	22525	A_52_P562704	Slc8a1	0	Slc8a1	NM_011406	0.6120416264	0.0	0.0	1.0	1.0	1	1	0	0	0	0	0	0	0
GSM2533521	22740	A_52_P550325	Kcnj16	0	Kcnj16	NM_010604	2.093692157	0.0	0.0	1.0	1.0	1	1	0	0	0	0	0	0	0
GSM2533521	23878	A_51_P335801	Calb1	0	Calb1	NM_009788	1.945657466	0.0	0.0	1.0	1.0	1	1	0	0	0	0	0	0	0
GSM2533521	26196	A_51_P357773	Kcnj16	0	Kcnj16	NM_010604	2.466761109	3.87389	0.0	1.0	1.0	0	1	0	0	0	0	0	0	0
GSM2533521	26242	A_52_P499907	Kcnj1	0	Kcnj1	NM_019659	2.357398882	0.0	0.0	1.0	1.0	1	1	0	0	0	0	0	0	0
GSM2533521	27676	A_52_P351913	Atp2b1	0	Atp2b1	AK053569	-0.03079919534	0.0	0.0	1.0	1.0	1	1	0	0	0	0	0	0	0
GSM2533521	29730	A_52_P611783	Fxyd2	0	Fxyd2	NM_052824	1.730094178	0.0	0.0	1.0	1.0	1	1	0	0	0	0	0	0	0
GSM2533521	29964	A_51_P335801	Calb1	0	Calb1	NM_009788	1.941635279	0.0	0.0	1.0	1.0	1	1	0	0	0	0	0	0	0
GSM2533521	30753	A_51_P335801	Calb1	0	Calb1	NM_009788	1.94718737	0.0	0.0	1.0	1.0	1	1	0	0	0	0	0	0	0
GSM2533521	31276	A_52_P23661	Cldn19	0	Cldn19	NM_001038590	1.326581396	0.0	0.0	1.0	1.0	1	1	0	0	0	0	0	0	0
GSM2533521	33630	A_52_P244931	Slc8a1	0	Slc8a1	AK048160	0.0	4.20506	3.35801	1.0	1.0	0	0	0	0	0	0	0	0	0
GSM2533521	37269	A_51_P445985	Slc12a3	0	Slc12a3	NM_019415	1.719115135	0.0	0.0	1.0	1.0	1	1	0	0	0	0	0	0	0
GSM2533521	38687	A_52_P515497	Atp1a1	0	Atp1a1	NM_144900	1.394097839	0.0	0.0	1.0	1.0	1	1	0	0	0	0	0	0	0
GSM2533521	40389	A_52_P184322	Trpm6	0	Trpm6	NM_153417	0.6805741592	0.0	0.0	1.0	1.0	1	1	0	0	0	0	0	0	0
GSM2533521	40926	A_51_P197499	Bsnd	0	Bsnd	NM_080458	0.7696859593	0.0	0.0	1.0	1.0	1	1	0	0	0	0	0	0	0
GSM2533521	44562	A_51_P335801	Calb1	0	Calb1	NM_009788	1.937440963	0.0	0.0	1.0	1.0	1	1	0	0	0	0	0	0	0
GSM2533521	44811	A_51_P222543	Atp2b1	0	Atp2b1	BI080417	-0.1125366631	0.0	0.0	1.0	1.0	1	1	0	0	0	0	0	0	0
GSM2533521	45034	A_52_P152274	Clcnka	0	Clcnka	NM_024412	1.30289164	0.0	0.0	1.0	1.0	1	1	0	0	0	0	0	0	0
GSM2533522	2344	A_51_P335801	Calb1	0	Calb1	NM_009788	2.011668749	0.0	0.0	1.0	1.0	1	1	0	0	0	0	0	0	0
GSM2533522	3560	A_51_P230799	Atp2b1	0	Atp2b1	NM_026482	-0.1811036454	0.0	0.0	1.0	1.0	1	1	0	0	0	0	0	0	0
GSM2533522	5551	A_51_P243073	Trpm6	0	Trpm6	AK080899	0.0	7.35472	4.41548	0.0	0.0	0	0	0	0	0	0	0	0	0
GSM2533522	5837	A_51_P428512	Cldn16	0	Cldn16	NM_053241	1.277164792	6.88399	0.0	1.0	1.0	0	1	0	0	0	0	0	0	0
GSM2533522	5868	A_51_P281586	Cnnm2	0	Cnnm2	NM_033569	0.6296621874	0.0	0.0	1.0	1.0	1	1	0	0	0	0	0	0	0
GSM2533522	7768	A_51_P335801	Calb1	0	Calb1	NM_009788	2.047113072	0.0	0.0	1.0	1.0	1	1	0	0	0	0	1	0	0
GSM2533522	10045	A_51_P442227	Slc12a1	0	Slc12a1	U61381	0.5116356673	6.84027	0.0	1.0	1.0	0	0	0	0	0	0	0	0	0
GSM2533522	10087	A_52_P260659	Kcnj10	0	Kcnj10	NM_001039484	2.196565927	0.0	0.0	1.0	1.0	1	1	0	0	0	0	0	0	0
GSM2533522	11353	A_51_P335801	Calb1	0	Calb1	NM_009788	2.034449609	0.0	0.0	1.0	1.0	1	1	0	0	0	0	0	0	0
GSM2533522	11562	A_51_P300817	Atp1a1	0	Atp1a1	NM_144900	1.270530149	0.0	0.0	1.0	1.0	1	1	0	0	0	0	0	0	0
GSM2533522	12114	A_51_P151484	Atp1b1	0	Atp1b1	NM_009721	1.690424737	0.0	0.0	1.0	1.0	1	1	0	0	0	0	0	0	0
GSM2533522	12522	A_51_P335801	Calb1	0	Calb1	NM_009788	2.033014691	0.0	0.0	1.0	1.0	1	1	0	0	0	0	0	0	0
GSM2533522	12999	A_52_P348986	Atp2b1	0	Atp2b1	NM_026482	-0.1502466409	0.0	0.0	1.0	1.0	1	1	0	0	0	0	0	0	0
GSM2533522	13287	A_52_P26118	Slc12a1	0	Slc12a1	NM_001079690	2.654711678	0.0	0.0	1.0	1.0	1	1	0	0	0	0	0	0	0
GSM2533522	15381	A_51_P352572	Clcnkb	0	Clcnkb	NM_019701	1.546228194	0.0	0.0	1.0	1.0	0	1	0	0	0	0	0	0	0
GSM2533522	15729	A_51_P335801	Calb1	0	Calb1	NM_009788	1.985739121	0.0	0.0	1.0	1.0	1	1	0	0	0	0	0	0	0
GSM2533522	15983	A_52_P550331	Kcnj16	0	Kcnj16	NM_010604	2.213261541	6.16548	0.0	1.0	1.0	0	1	0	0	0	0	0	0	0
GSM2533522	16664	A_51_P277373	Slc8a1	0	Slc8a1	AF004666	1.833130237	0.0	0.0	1.0	1.0	0	1	0	0	0	0	0	0	0
GSM2533522	18179	A_52_P313284	Slc8a1	0	Slc8a1	AF108396	0.2637726022	0.0	0.0	1.0	1.0	1	1	0	0	0	0	0	0	0
GSM2533522	18232	A_51_P171332	Cldn19	0	Cldn19	NM_153105	1.085374602	0.0	0.0	1.0	1.0	1	1	0	0	0	0	0	0	0
GSM2533522	18861	A_51_P239601	Trpv5	0	Trpv5	NM_001007572	1.273319099	5.52004	0.0	1.0	1.0	0	1	0	0	0	0	0	0	0
GSM2533522	19028	A_52_P231461	Slc8a1	0	Slc8a1	NM_011406	1.291116943	5.47774	0.0	1.0	1.0	0	1	0	0	0	0	0	0	0
GSM2533522	20241	A_51_P335801	Calb1	0	Calb1	NM_009788	2.023562041	0.0	0.0	1.0	1.0	1	1	0	0	0	0	0	0	0
GSM2533522	22525	A_52_P562704	Slc8a1	0	Slc8a1	NM_011406	0.5163509474	0.0	0.0	1.0	1.0	1	1	0	0	0	0	0	0	0
GSM2533522	22740	A_52_P550325	Kcnj16	0	Kcnj16	NM_010604	2.182569175	0.0	0.0	1.0	1.0	1	1	0	0	0	0	0	0	0
GSM2533522	23878	A_51_P335801	Calb1	0	Calb1	NM_009788	2.011751007	0.0	0.0	1.0	1.0	1	1	0	0	0	0	0	0	0
GSM2533522	26196	A_51_P357773	Kcnj16	0	Kcnj16	NM_010604	1.882106887	0.0	0.0	1.0	1.0	0	1	0	0	0	0	0	0	0
GSM2533522	26242	A_52_P499907	Kcnj1	0	Kcnj1	NM_019659	2.434201191	0.0	0.0	1.0	1.0	1	1	0	0	0	0	0	0	0
GSM2533522	27676	A_52_P351913	Atp2b1	0	Atp2b1	AK053569	0.2255368887	0.0	0.0	1.0	1.0	1	1	0	0	0	0	0	0	0
GSM2533522	29730	A_52_P611783	Fxyd2	0	Fxyd2	NM_052824	1.800995125	0.0	0.0	1.0	1.0	1	1	0	0	0	0	0	0	0
GSM2533522	29964	A_51_P335801	Calb1	0	Calb1	NM_009788	2.025628825	0.0	0.0	1.0	1.0	1	1	0	0	0	0	0	0	0
GSM2533522	30753	A_51_P335801	Calb1	0	Calb1	NM_009788	2.026694071	0.0	0.0	1.0	1.0	1	1	0	0	0	0	0	0	0
GSM2533522	31276	A_52_P23661	Cldn19	0	Cldn19	NM_001038590	1.204475395	0.0	0.0	1.0	1.0	1	1	0	0	0	0	0	0	0
GSM2533522	33630	A_52_P244931	Slc8a1	0	Slc8a1	AK048160	0.0	5.81554	3.64292	1.0	1.0	0	0	0	0	0	0	0	0	0
GSM2533522	37269	A_51_P445985	Slc12a3	0	Slc12a3	NM_019415	1.793598159	0.0	0.0	1.0	1.0	1	1	0	0	0	0	0	0	0
GSM2533522	38687	A_52_P515497	Atp1a1	0	Atp1a1	NM_144900	1.483743108	0.0	0.0	1.0	1.0	1	1	0	0	0	0	0	0	0
GSM2533522	40389	A_52_P184322	Trpm6	0	Trpm6	NM_153417	0.6860609266	0.0	0.0	1.0	1.0	0	1	0	0	0	0	0	0	0
GSM2533522	40926	A_51_P197499	Bsnd	0	Bsnd	NM_080458	0.6389477244	0.0	0.0	1.0	1.0	1	1	0	0	0	0	0	0	0
GSM2533522	44562	A_51_P335801	Calb1	0	Calb1	NM_009788	2.003384398	0.0	0.0	1.0	1.0	1	1	0	0	0	0	0	0	0
GSM2533522	44811	A_51_P222543	Atp2b1	0	Atp2b1	BI080417	-0.02275173175	0.0	0.0	1.0	1.0	1	1	0	0	0	0	0	0	0
GSM2533522	45034	A_52_P152274	Clcnka	0	Clcnka	NM_024412	1.061493793	0.0	0.0	1.0	1.0	1	1	0	0	0	0	0	0	0
GSM2533523	2344	A_51_P335801	Calb1	0	Calb1	NM_009788	1.930809837	0.0	0.0	1.0	1.0	1	1	0	0	0	0	0	0	0
GSM2533523	3560	A_51_P230799	Atp2b1	0	Atp2b1	NM_026482	-0.2776034445	0.0	0.0	1.0	1.0	1	1	0	0	0	0	0	0	0
GSM2533523	5551	A_51_P243073	Trpm6	0	Trpm6	AK080899	0.0	7.93709	5.34464	1.0	1.0	0	0	0	0	0	0	0	0	0
GSM2533523	5837	A_51_P428512	Cldn16	0	Cldn16	NM_053241	1.492235593	7.3118	0.0	1.0	1.0	0	1	0	0	0	0	0	0	0
GSM2533523	5868	A_51_P281586	Cnnm2	0	Cnnm2	NM_033569	0.6286149232	0.0	0.0	1.0	1.0	1	1	0	0	0	0	0	0	0
GSM2533523	7768	A_51_P335801	Calb1	0	Calb1	NM_009788	1.954501181	0.0	0.0	1.0	1.0	1	1	0	0	0	0	0	0	0
GSM2533523	10045	A_51_P442227	Slc12a1	0	Slc12a1	U61381	0.5428079803	7.3534	0.0	1.0	1.0	0	0	0	0	0	0	0	0	0
GSM2533523	10087	A_52_P260659	Kcnj10	0	Kcnj10	NM_001039484	2.104095211	0.0	0.0	1.0	1.0	1	1	0	0	0	0	0	0	0
GSM2533523	11353	A_51_P335801	Calb1	0	Calb1	NM_009788	1.941689596	0.0	0.0	1.0	1.0	1	1	0	0	0	0	0	0	0
GSM2533523	11562	A_51_P300817	Atp1a1	0	Atp1a1	NM_144900	1.411877671	0.0	0.0	1.0	1.0	1	1	0	0	0	0	0	0	0
GSM2533523	12114	A_51_P151484	Atp1b1	0	Atp1b1	NM_009721	1.667610212	0.0	0.0	1.0	1.0	1	1	0	0	0	0	0	0	0
GSM2533523	12522	A_51_P335801	Calb1	0	Calb1	NM_009788	1.94566982	0.0	0.0	1.0	1.0	1	1	0	0	0	0	0	0	0
GSM2533523	12999	A_52_P348986	Atp2b1	0	Atp2b1	NM_026482	-0.2233000856	0.0	0.0	1.0	1.0	1	1	0	0	0	0	0	0	0
GSM2533523	13287	A_52_P26118	Slc12a1	0	Slc12a1	NM_001079690	2.692104564	0.0	0.0	1.0	1.0	1	1	0	0	0	0	0	0	0
GSM2533523	15381	A_51_P352572	Clcnkb	0	Clcnkb	NM_019701	1.524511662	0.0	0.0	1.0	1.0	0	1	0	0	0	0	0	0	0
GSM2533523	15729	A_51_P335801	Calb1	0	Calb1	NM_009788	1.923042757	0.0	0.0	1.0	1.0	1	1	0	0	0	0	0	0	0
GSM2533523	15983	A_52_P550331	Kcnj16	0	Kcnj16	NM_010604	2.358959959	6.43527	0.0	1.0	1.0	0	1	0	0	0	0	0	0	0
GSM2533523	16664	A_51_P277373	Slc8a1	0	Slc8a1	AF004666	1.701861242	0.0	0.0	1.0	1.0	0	1	0	0	0	0	0	0	0
GSM2533523	18179	A_52_P313284	Slc8a1	0	Slc8a1	AF108396	0.6109256165	0.0	0.0	1.0	1.0	1	1	0	0	0	0	0	0	0
GSM2533523	18232	A_51_P171332	Cldn19	0	Cldn19	NM_153105	1.314524692	0.0	0.0	1.0	1.0	1	1	0	0	0	0	0	0	0
GSM2533523	18861	A_51_P239601	Trpv5	0	Trpv5	NM_001007572	1.220013125	6.01091	0.0	1.0	1.0	0	1	0	0	0	0	0	0	0
GSM2533523	19028	A_52_P231461	Slc8a1	0	Slc8a1	NM_011406	1.193062491	5.95517	0.0	1.0	1.0	0	1	0	0	0	0	0	0	0
GSM2533523	20241	A_51_P335801	Calb1	0	Calb1	NM_009788	1.929262373	0.0	0.0	1.0	1.0	1	1	0	0	0	0	0	0	0
GSM2533523	22525	A_52_P562704	Slc8a1	0	Slc8a1	NM_011406	0.6012163727	0.0	0.0	1.0	1.0	1	1	0	0	0	0	0	0	0
GSM2533523	22740	A_52_P550325	Kcnj16	0	Kcnj16	NM_010604	2.070805303	0.0	0.0	1.0	1.0	1	1	0	0	0	0	0	0	0
GSM2533523	23878	A_51_P335801	Calb1	0	Calb1	NM_009788	1.930176613	0.0	0.0	1.0	1.0	1	1	0	0	0	0	0	0	0
GSM2533523	26196	A_51_P357773	Kcnj16	0	Kcnj16	NM_010604	1.814042437	0.0	0.0	1.0	1.0	0	1	0	0	0	0	0	0	0
GSM2533523	26242	A_52_P499907	Kcnj1	0	Kcnj1	NM_019659	2.36078557	0.0	0.0	1.0	1.0	1	1	0	0	0	0	0	0	0
GSM2533523	27676	A_52_P351913	Atp2b1	0	Atp2b1	AK053569	0.01795902701	0.0	0.0	1.0	1.0	1	1	0	0	0	0	0	0	0
GSM2533523	29730	A_52_P611783	Fxyd2	0	Fxyd2	NM_052824	1.754117838	0.0	0.0	1.0	1.0	1	1	0	0	0	0	0	0	0
GSM2533523	29964	A_51_P335801	Calb1	0	Calb1	NM_009788	1.927458332	0.0	0.0	1.0	1.0	1	1	0	0	0	0	0	0	0
GSM2533523	30753	A_51_P335801	Calb1	0	Calb1	NM_009788	1.925961774	0.0	0.0	1.0	1.0	1	1	0	0	0	0	0	0	0
GSM2533523	31276	A_52_P23661	Cldn19	0	Cldn19	NM_001038590	1.297366293	0.0	0.0	1.0	1.0	1	1	0	0	0	0	0	0	0
GSM2533523	33630	A_52_P244931	Slc8a1	0	Slc8a1	AK048160	0.0	6.24257	4.38272	1.0	1.0	0	0	0	0	0	0	0	0	0
GSM2533523	37269	A_51_P445985	Slc12a3	0	Slc12a3	NM_019415	1.746850233	0.0	0.0	1.0	1.0	1	1	0	0	0	0	0	0	0
GSM2533523	38687	A_52_P515497	Atp1a1	0	Atp1a1	NM_144900	1.449944008	0.0	0.0	1.0	1.0	1	1	0	0	0	0	0	0	0
GSM2533523	40389	A_52_P184322	Trpm6	0	Trpm6	NM_153417	0.8335680445	0.0	0.0	1.0	1.0	0	1	0	0	0	0	0	0	0
GSM2533523	40926	A_51_P197499	Bsnd	0	Bsnd	NM_080458	0.712949547	0.0	0.0	1.0	1.0	1	1	0	0	0	0	0	0	0
GSM2533523	44562	A_51_P335801	Calb1	0	Calb1	NM_009788	1.956689951	0.0	0.0	1.0	1.0	1	1	0	0	0	0	0	0	0
GSM2533523	44811	A_51_P222543	Atp2b1	0	Atp2b1	BI080417	-0.1188098518	0.0	0.0	1.0	1.0	1	1	0	0	0	0	0	0	0
GSM2533523	45034	A_52_P152274	Clcnka	0	Clcnka	NM_024412	1.284274068	0.0	0.0	1.0	1.0	1	1	0	0	0	0	0	0	0
GSM2533524	2344	A_51_P335801	Calb1	0		NM_009788	1.995165578					1	1	0	0	0	0	0	0	0
GSM2533524	3560	A_51_P230799	Atp2b1	0		NM_026482	-0.1329801259					1	1	0	0	0	0	0	0	0
GSM2533524	5551	A_51_P243073	Trpm6	0		AK080899	0.0					0	0	0	0	0	0	0	0	0
GSM2533524	5837	A_51_P428512	Cldn16	0		NM_053241	1.690392895					0	1	0	0	0	0	0	0	0
GSM2533524	5868	A_51_P281586	Cnnm2	0		NM_033569	0.6539003482					1	1	0	0	0	0	0	0	0
GSM2533524	7768	A_51_P335801	Calb1	0		NM_009788	1.956725447					1	1	0	0	0	0	0	0	0
GSM2533524	10045	A_51_P442227	Slc12a1	0		U61381	0.5711328849					0	1	0	0	0	0	0	0	0
GSM2533524	10087	A_52_P260659	Kcnj10	0		NM_001039484	2.067488104					1	1	0	0	0	0	0	0	0
GSM2533524	11353	A_51_P335801	Calb1	0		NM_009788	1.97148615					1	1	0	0	0	0	0	0	0
GSM2533524	11562	A_51_P300817	Atp1a1	0		NM_144900	1.444557463					1	1	0	0	0	0	0	0	0
GSM2533524	12114	A_51_P151484	Atp1b1	0		NM_009721	1.772363164					1	1	0	0	0	0	0	0	0
GSM2533524	12522	A_51_P335801	Calb1	0		NM_009788	1.947512271					1	1	0	0	0	0	0	0	0
GSM2533524	12999	A_52_P348986	Atp2b1	0		NM_026482	-0.2415315424					1	1	0	0	0	0	0	0	0
GSM2533524	13287	A_52_P26118	Slc12a1	0		NM_001079690	2.664025055					1	1	0	0	0	0	0	0	0
GSM2533524	15381	A_51_P352572	Clcnkb	0		AF124847	0.5770821904					1	1	0	0	0	0	0	0	0
GSM2533524	15729	A_51_P335801	Calb1	0		NM_009788	1.95492983					1	1	0	0	0	0	0	0	0
GSM2533524	15983	A_52_P550331	Kcnj16	0		NM_010604	2.293866135					0	1	0	0	0	0	0	0	0
GSM2533524	16664	A_51_P277373	Slc8a1	0		NM_001286684	1.459160872					1	1	0	0	0	0	0	0	0
GSM2533524	18179	A_52_P313284	Slc8a1	0		NR_104580	0.7389447642					1	1	0	0	0	0	0	0	0
GSM2533524	18232	A_51_P171332	Cldn19	0		NM_153105	1.274464682					1	1	0	0	0	0	0	0	0
GSM2533524	18861	A_51_P239601	Trpv5	0		NM_001007572	1.314286262					0	1	0	0	0	0	0	0	0
GSM2533524	19028	A_52_P231461	Slc8a1	0		NM_011406	1.404389675					0	1	0	0	0	0	0	0	0
GSM2533524	20241	A_51_P335801	Calb1	0		NM_009788	1.962836256					1	1	0	0	0	0	0	0	0
GSM2533524	22525	A_52_P562704	Slc8a1	0		NM_011406	0.5001607586					1	1	0	0	0	0	0	0	0
GSM2533524	22740	A_52_P550325	Kcnj16	0		NM_010604	2.080514689					1	1	0	0	0	0	0	0	0
GSM2533524	23878	A_51_P335801	Calb1	0		NM_009788	1.958718492					1	1	0	0	0	0	0	0	0
GSM2533524	26196	A_51_P357773	Kcnj16	0		NM_010604	1.968182703					0	1	0	0	0	0	0	0	0
GSM2533524	26242	A_52_P499907	Kcnj1	0		NM_019659	2.361562588					1	1	0	0	0	0	0	0	0
GSM2533524	27676	A_52_P351913	Atp2b1	0		AK053569	0.1486627805					1	1	0	0	0	0	0	0	0
GSM2533524	29730	A_52_P611783	Fxyd2	0		NM_052823	1.729831979					1	1	0	0	0	0	0	0	0
GSM2533524	29964	A_51_P335801	Calb1	0		NM_009788	1.956731685					1	1	0	0	0	0	0	0	0
GSM2533524	30753	A_51_P335801	Calb1	0		NM_009788	1.95305281					1	1	0	0	0	0	0	0	0
GSM2533524	31276	A_52_P23661	Cldn19	0		NM_001038590	1.339447075					1	1	0	0	0	0	0	0	0
GSM2533524	33630	A_52_P244931	Slc8a1	0		AK048160	0.0					0	0	0	0	0	0	0	0	0
GSM2533524	37269	A_51_P445985	Slc12a3	0		NM_019415	1.713444228					1	1	0	0	0	0	0	0	0
GSM2533524	38687	A_52_P515497	Atp1a1	0		NM_144900	1.416733505					1	1	0	0	0	0	0	0	0
GSM2533524	40389	A_52_P184322	Trpm6	0		NM_153417	0.6103980716					1	1	0	0	0	0	0	0	0
GSM2533524	40926	A_51_P197499	Bsnd	0		NM_080458	0.5421868975					1	1	0	0	0	0	0	0	0
GSM2533524	44562	A_51_P335801	Calb1	0		NM_009788	1.952924021					1	1	0	0	0	0	0	0	0
GSM2533524	44811	A_51_P222543	Atp2b1	0		NM_026482	-0.1495101233					1	1	0	0	0	0	0	0	0
GSM2533524	45034	A_52_P152274	Clcnka	0		NM_024412	1.194996257					1	1	0	0	0	0	0	0	0
GSM2533525	2344	A_51_P335801	Calb1	0		NM_009788	1.847099047					1	1	0	0	0	0	0	0	0
GSM2533525	3560	A_51_P230799	Atp2b1	0		NM_026482	-0.1348143222					1	1	0	0	0	0	0	0	0
GSM2533525	5551	A_51_P243073	Trpm6	0		AK080899	0.0					0	0	0	0	0	0	0	0	0
GSM2533525	5837	A_51_P428512	Cldn16	0		NM_053241	1.552919198					0	1	0	0	0	0	0	0	0
GSM2533525	5868	A_51_P281586	Cnnm2	0		NM_033569	0.6010952554					1	1	0	0	0	0	0	0	0
GSM2533525	7768	A_51_P335801	Calb1	0		NM_009788	1.865631281					1	1	0	0	0	0	0	0	0
GSM2533525	10045	A_51_P442227	Slc12a1	0		U61381	0.7566744392					0	1	0	0	0	0	0	0	0
GSM2533525	10087	A_52_P260659	Kcnj10	0		NM_001039484	1.910748713					1	1	0	0	0	0	0	0	0
GSM2533525	11353	A_51_P335801	Calb1	0		NM_009788	1.862265766					1	1	0	0	0	0	0	0	0
GSM2533525	11562	A_51_P300817	Atp1a1	0		NM_144900	1.475318168					1	1	0	0	0	0	0	0	0
GSM2533525	12114	A_51_P151484	Atp1b1	0		NM_009721	1.851206339					1	1	0	0	0	0	0	0	0
GSM2533525	12522	A_51_P335801	Calb1	0		NM_009788	1.854177915					1	1	0	0	0	0	0	0	0
GSM2533525	12999	A_52_P348986	Atp2b1	0		NM_026482	-0.2054850191					1	1	0	0	0	0	0	0	0
GSM2533525	13287	A_52_P26118	Slc12a1	0		NM_001079690	2.603167579					1	1	0	0	0	0	0	0	0
GSM2533525	15381	A_51_P352572	Clcnkb	0		AF124847	1.125149691					0	1	0	0	0	0	0	0	0
GSM2533525	15729	A_51_P335801	Calb1	0		NM_009788	1.855591261					1	1	0	0	0	0	0	0	0
GSM2533525	15983	A_52_P550331	Kcnj16	0		NM_010604	2.396998785					0	1	0	0	0	0	0	0	0
GSM2533525	16664	A_51_P277373	Slc8a1	0		NM_001286684	1.583723272					0	1	0	0	0	0	0	0	0
GSM2533525	18179	A_52_P313284	Slc8a1	0		NR_104580	0.7300690617					1	1	0	0	0	0	0	0	0
GSM2533525	18232	A_51_P171332	Cldn19	0		NM_153105	1.074031591					1	1	0	0	0	0	0	0	0
GSM2533525	18861	A_51_P239601	Trpv5	0		NM_001007572	1.234187315					0	1	0	0	0	0	0	0	0
GSM2533525	19028	A_52_P231461	Slc8a1	0		NM_011406	0.9735755052					0	1	0	0	0	0	0	0	0
GSM2533525	20241	A_51_P335801	Calb1	0		NM_009788	1.826659039					1	1	0	0	0	0	0	0	0
GSM2533525	22525	A_52_P562704	Slc8a1	0		NM_011406	0.6749445504					1	1	0	0	0	0	0	0	0
GSM2533525	22740	A_52_P550325	Kcnj16	0		NM_010604	1.975523508					1	1	0	0	0	0	0	0	0
GSM2533525	23878	A_51_P335801	Calb1	0		NM_009788	1.846614542					1	1	0	0	0	0	0	0	0
GSM2533525	26196	A_51_P357773	Kcnj16	0		NM_010604	1.803688906					0	1	0	0	0	0	0	0	0
GSM2533525	26242	A_52_P499907	Kcnj1	0		NM_019659	2.310220095					1	1	0	0	0	0	0	0	0
GSM2533525	27676	A_52_P351913	Atp2b1	0		AK053569	0.1117080622					1	1	0	0	0	0	0	0	0
GSM2533525	29730	A_52_P611783	Fxyd2	0		NM_052823	1.664975105					1	1	0	0	0	0	0	0	0
GSM2533525	29964	A_51_P335801	Calb1	0		NM_009788	1.835479114					1	1	0	0	0	0	0	0	0
GSM2533525	30753	A_51_P335801	Calb1	0		NM_009788	1.848009031					1	1	0	0	0	0	0	0	0
GSM2533525	31276	A_52_P23661	Cldn19	0		NM_001038590	1.277613616					1	1	0	0	0	0	0	0	0
GSM2533525	33630	A_52_P244931	Slc8a1	0		AK048160	0.0					0	0	0	0	0	0	0	0	0
GSM2533525	37269	A_51_P445985	Slc12a3	0		NM_019415	1.681264689					1	1	0	0	0	0	0	0	0
GSM2533525	38687	A_52_P515497	Atp1a1	0		NM_144900	1.380707871					1	1	0	0	0	0	0	0	0
GSM2533525	40389	A_52_P184322	Trpm6	0		NM_153417	0.9662196998					0	1	0	0	0	0	0	0	0
GSM2533525	40926	A_51_P197499	Bsnd	0		NM_080458	0.6508712055					1	1	0	0	0	0	0	0	0
GSM2533525	44562	A_51_P335801	Calb1	0		NM_009788	1.86070526					1	1	0	0	0	0	1	0	0
GSM2533525	44811	A_51_P222543	Atp2b1	0		NM_026482	-0.2377525399					1	1	0	0	0	0	0	0	0
GSM2533525	45034	A_52_P152274	Clcnka	0		NM_024412	1.272162738					1	1	0	0	0	0	0	0	0
GSM2533526	2344	A_51_P335801	Calb1	0		NM_009788	1.85683861					1	1	0	0	0	0	0	1	0
GSM2533526	3560	A_51_P230799	Atp2b1	0		NM_026482	-0.4193903783					1	1	0	0	0	0	0	0	0
GSM2533526	5551	A_51_P243073	Trpm6	0		AK080899	0.06578906399					0	1	0	0	0	0	0	0	0
GSM2533526	5837	A_51_P428512	Cldn16	0		NM_053241	0.7037815983					1	1	0	0	0	0	0	0	0
GSM2533526	5868	A_51_P281586	Cnnm2	0		NM_033569	0.4529838648					1	1	0	0	0	0	0	0	0
GSM2533526	7768	A_51_P335801	Calb1	0		NM_009788	1.896905414					1	1	0	0	0	0	0	0	0
GSM2533526	10045	A_51_P442227	Slc12a1	0		U61381	0.2997658984					1	1	0	0	0	0	0	0	0
GSM2533526	10087	A_52_P260659	Kcnj10	0		NM_001039484	1.843625133					1	1	0	0	0	0	0	0	0
GSM2533526	11353	A_51_P335801	Calb1	0		NM_009788	1.878028285					1	1	0	0	0	0	0	0	0
GSM2533526	11562	A_51_P300817	Atp1a1	0		NM_144900	1.403148715					1	1	0	0	0	0	0	0	0
GSM2533526	12114	A_51_P151484	Atp1b1	0		NM_009721	1.875153298					1	1	0	0	0	0	0	0	0
GSM2533526	12522	A_51_P335801	Calb1	0		NM_009788	1.848828531					1	1	0	0	0	0	0	0	0
GSM2533526	12999	A_52_P348986	Atp2b1	0		NM_026482	-0.3656684283					1	1	0	0	0	0	0	0	0
GSM2533526	13287	A_52_P26118	Slc12a1	0		NM_001079690	2.407671095					1	1	0	0	0	0	0	0	0
GSM2533526	15381	A_51_P352572	Clcnkb	0		AF124847	0.626136529					1	1	0	0	0	0	0	0	0
GSM2533526	15729	A_51_P335801	Calb1	0		NM_009788	1.857275519					1	1	0	0	0	0	0	0	0
GSM2533526	15983	A_52_P550331	Kcnj16	0		NM_010604	1.488792673					1	1	0	0	0	0	0	0	0
GSM2533526	16664	A_51_P277373	Slc8a1	0		NM_001286684	0.8346276928					1	1	0	0	0	0	0	0	0
GSM2533526	18179	A_52_P313284	Slc8a1	0		NR_104580	0.3951579692					1	1	0	0	0	0	0	0	0
GSM2533526	18232	A_51_P171332	Cldn19	0		NM_153105	0.7533315046					1	1	0	0	0	0	0	0	0
GSM2533526	18861	A_51_P239601	Trpv5	0		NM_001007572	0.2572428544					1	1	0	0	0	0	0	0	0
GSM2533526	19028	A_52_P231461	Slc8a1	0		NM_011406	0.728573783					0	1	0	0	0	0	0	0	0
GSM2533526	20241	A_51_P335801	Calb1	0		NM_009788	1.896126449					1	1	0	0	0	0	0	0	0
GSM2533526	22525	A_52_P562704	Slc8a1	0		NM_011406	0.3508611432					1	1	0	0	0	0	0	0	0
GSM2533526	22740	A_52_P550325	Kcnj16	0		NM_010604	2.027093674					1	1	0	0	0	0	0	0	0
GSM2533526	23878	A_51_P335801	Calb1	0		NM_009788	1.870910823					1	1	0	0	0	0	0	0	0
GSM2533526	26196	A_51_P357773	Kcnj16	0		NM_010604	1.440754098					1	1	0	0	0	0	0	0	0
GSM2533526	26242	A_52_P499907	Kcnj1	0		NM_019659	2.340750586					1	1	0	0	0	0	0	0	0
GSM2533526	27676	A_52_P351913	Atp2b1	0		AK053569	-0.1718440143					1	1	0	0	0	0	0	0	0
GSM2533526	29730	A_52_P611783	Fxyd2	0		NM_052823	1.799611602					1	1	0	0	0	0	0	0	0
GSM2533526	29964	A_51_P335801	Calb1	0		NM_009788	1.878723425					1	1	0	0	0	0	0	0	0
GSM2533526	30753	A_51_P335801	Calb1	0		NM_009788	1.907850898					1	1	0	0	0	0	0	0	0
GSM2533526	31276	A_52_P23661	Cldn19	0		NM_001038590	0.9435566098					1	1	0	0	0	0	0	0	0
GSM2533526	33630	A_52_P244931	Slc8a1	0		AK048160	0.1350214228					1	1	0	0	0	0	0	0	0
GSM2533526	37269	A_51_P445985	Slc12a3	0		NM_019415	1.317074282					1	1	0	0	0	0	0	0	0
GSM2533526	38687	A_52_P515497	Atp1a1	0		NM_144900	1.351570175					1	1	0	0	0	0	0	0	0
GSM2533526	40389	A_52_P184322	Trpm6	0		NM_153417	0.3962799974					1	1	0	0	0	0	0	0	0
GSM2533526	40926	A_51_P197499	Bsnd	0		NM_080458	0.4299027565					1	1	0	0	0	0	0	0	0
GSM2533526	44562	A_51_P335801	Calb1	0		NM_009788	1.836541744					1	1	0	0	0	0	0	1	0
GSM2533526	44811	A_51_P222543	Atp2b1	0		NM_026482	-0.3453868254					1	1	0	0	0	0	0	0	0
GSM2533526	45034	A_52_P152274	Clcnka	0		NM_024412	0.836229414					1	1	0	0	0	0	0	0	0
GSM2533527	2344	A_51_P335801	Calb1	0		NM_009788	1.944846937					1	1	0	0	0	0	0	0	0
GSM2533527	3560	A_51_P230799	Atp2b1	0		NM_026482	-0.2386922527					1	1	0	0	0	0	0	0	0
GSM2533527	5551	A_51_P243073	Trpm6	0		AK080899	0.214081171					0	0	0	0	0	0	0	0	0
GSM2533527	5837	A_51_P428512	Cldn16	0		NM_053241	1.608562343					0	1	0	0	0	0	0	0	0
GSM2533527	5868	A_51_P281586	Cnnm2	0		NM_033569	0.7345473155					1	1	0	0	0	0	0	0	0
GSM2533527	7768	A_51_P335801	Calb1	0		NM_009788	1.911247619					1	1	0	0	0	0	0	0	0
GSM2533527	10045	A_51_P442227	Slc12a1	0		U61381	0.6817620739					0	1	0	0	0	0	0	0	0
GSM2533527	10087	A_52_P260659	Kcnj10	0		NM_001039484	2.068661185					1	1	0	0	0	0	0	0	0
GSM2533527	11353	A_51_P335801	Calb1	0		NM_009788	1.925890778					1	1	0	0	0	0	0	0	0
GSM2533527	11562	A_51_P300817	Atp1a1	0		NM_144900	1.342026943					1	1	0	0	0	0	0	0	0
GSM2533527	12114	A_51_P151484	Atp1b1	0		NM_009721	1.876120616					1	1	0	0	0	0	0	0	0
GSM2533527	12522	A_51_P335801	Calb1	0		NM_009788	1.920185021					1	1	0	0	0	0	0	0	0
GSM2533527	12999	A_52_P348986	Atp2b1	0		NM_026482	-0.2884215578					1	1	0	0	0	0	0	0	0
GSM2533527	13287	A_52_P26118	Slc12a1	0		NM_001079690	2.695098435					1	1	0	0	0	0	0	0	0
GSM2533527	15381	A_51_P352572	Clcnkb	0		AF124847	1.249184626					1	1	0	0	0	0	0	0	0
GSM2533527	15729	A_51_P335801	Calb1	0		NM_009788	1.934993915					1	1	0	0	0	0	0	0	0
GSM2533527	15983	A_52_P550331	Kcnj16	0		NM_010604	2.136836452					0	1	0	0	0	0	0	0	0
GSM2533527	16664	A_51_P277373	Slc8a1	0		NM_001286684	1.672985162					1	1	0	0	0	0	0	0	0
GSM2533527	18179	A_52_P313284	Slc8a1	0		NR_104580	0.8539281851					1	1	0	0	0	0	0	0	0
GSM2533527	18232	A_51_P171332	Cldn19	0		NM_153105	1.08477636					1	1	0	0	0	0	0	0	0
GSM2533527	18861	A_51_P239601	Trpv5	0		NM_001007572	1.231785759					0	1	0	0	0	0	0	0	0
GSM2533527	19028	A_52_P231461	Slc8a1	0		NM_011406	1.53519975					0	1	0	0	0	0	0	0	0
GSM2533527	20241	A_51_P335801	Calb1	0		NM_009788	1.932149778					1	1	0	0	0	0	0	0	0
GSM2533527	22525	A_52_P562704	Slc8a1	0		NM_011406	0.8303807979					1	1	0	0	0	0	0	0	0
GSM2533527	22740	A_52_P550325	Kcnj16	0		NM_010604	2.058833596					1	1	0	0	0	0	0	0	0
GSM2533527	23878	A_51_P335801	Calb1	0		NM_009788	1.893629633					1	1	0	0	0	0	0	0	0
GSM2533527	26196	A_51_P357773	Kcnj16	0		NM_010604	1.809883075					0	1	0	0	0	0	0	0	0
GSM2533527	26242	A_52_P499907	Kcnj1	0		NM_019659	2.40245945					1	1	0	0	0	0	0	0	0
GSM2533527	27676	A_52_P351913	Atp2b1	0		AK053569	0.03298531424					1	1	0	0	0	0	0	0	0
GSM2533527	29730	A_52_P611783	Fxyd2	0		NM_052823	1.76911477					1	1	0	0	0	0	0	0	0
GSM2533527	29964	A_51_P335801	Calb1	0		NM_009788	1.923311633					1	1	0	0	0	0	0	0	0
GSM2533527	30753	A_51_P335801	Calb1	0		NM_009788	1.931205002					1	1	0	0	0	0	0	0	0
GSM2533527	31276	A_52_P23661	Cldn19	0		NM_001038590	1.332095467					1	1	0	0	0	0	0	0	0
GSM2533527	33630	A_52_P244931	Slc8a1	0		AK048160	0.1488827143					0	0	0	0	0	0	0	0	0
GSM2533527	37269	A_51_P445985	Slc12a3	0		NM_019415	1.707095196					1	1	0	0	0	0	0	0	0
GSM2533527	38687	A_52_P515497	Atp1a1	0		NM_144900	1.468944395					1	1	0	0	0	0	0	0	0
GSM2533527	40389	A_52_P184322	Trpm6	0		NM_153417	0.5670483171					1	1	0	0	0	0	0	0	0
GSM2533527	40926	A_51_P197499	Bsnd	0		NM_080458	0.4262581038					1	1	0	0	0	0	0	0	0
GSM2533527	44562	A_51_P335801	Calb1	0		NM_009788	1.913776539					1	1	0	0	0	0	0	1	0
GSM2533527	44811	A_51_P222543	Atp2b1	0		NM_026482	-0.1690539373					1	1	0	0	0	0	0	0	0
GSM2533527	45034	A_52_P152274	Clcnka	0		NM_024412	1.443358444					1	1	0	0	0	0	0	0	0
GSM2533528	2344	A_51_P335801	Calb1	0		NM_009788	1.884530219					1	1	0	0	0	0	1	0	0
GSM2533528	3560	A_51_P230799	Atp2b1	0		NM_026482	-0.259626179					1	1	0	0	0	0	0	0	0
GSM2533528	5551	A_51_P243073	Trpm6	0		AK080899	0.0					0	0	0	0	0	0	0	0	0
GSM2533528	5837	A_51_P428512	Cldn16	0		NM_053241	1.463906765					0	1	0	0	0	0	0	0	0
GSM2533528	5868	A_51_P281586	Cnnm2	0		NM_033569	0.696638616					1	1	0	0	0	0	0	0	0
GSM2533528	7768	A_51_P335801	Calb1	0		NM_009788	1.870507354					1	1	0	0	0	0	0	0	0
GSM2533528	10045	A_51_P442227	Slc12a1	0		U61381	0.6716324314					0	1	0	0	0	0	0	0	0
GSM2533528	10087	A_52_P260659	Kcnj10	0		NM_001039484	2.009533232					1	1	0	0	0	0	0	0	0
GSM2533528	11353	A_51_P335801	Calb1	0		NM_009788	1.883485717					1	1	0	0	0	0	0	0	0
GSM2533528	11562	A_51_P300817	Atp1a1	0		NM_144900	1.439916916					1	1	0	0	0	0	0	0	0
GSM2533528	12114	A_51_P151484	Atp1b1	0		NM_009721	1.682732036					1	1	0	0	0	0	0	0	0
GSM2533528	12522	A_51_P335801	Calb1	0		NM_009788	1.893539164					1	1	0	0	0	0	0	0	0
GSM2533528	12999	A_52_P348986	Atp2b1	0		NM_026482	-0.258273749					1	1	0	0	0	0	0	0	0
GSM2533528	13287	A_52_P26118	Slc12a1	0		NM_001079690	2.689132663					1	1	0	0	0	0	0	0	0
GSM2533528	15381	A_51_P352572	Clcnkb	0		AF124847	1.345410773					1	1	0	0	0	0	0	0	0
GSM2533528	15729	A_51_P335801	Calb1	0		NM_009788	1.888288427					1	1	0	0	0	0	0	0	0
GSM2533528	15983	A_52_P550331	Kcnj16	0		NM_010604	2.230668825					0	1	0	0	0	0	0	0	0
GSM2533528	16664	A_51_P277373	Slc8a1	0		NM_001286684	1.433517695					1	1	0	0	0	0	0	0	0
GSM2533528	18179	A_52_P313284	Slc8a1	0		NR_104580	0.7921364987					1	1	0	0	0	0	0	0	0
GSM2533528	18232	A_51_P171332	Cldn19	0		NM_153105	1.442396547					1	1	0	0	0	0	0	0	0
GSM2533528	18861	A_51_P239601	Trpv5	0		NM_001007572	1.140716724					0	1	0	0	0	0	0	0	0
GSM2533528	19028	A_52_P231461	Slc8a1	0		NM_011406	1.504983223					0	1	0	0	0	0	0	0	0
GSM2533528	20241	A_51_P335801	Calb1	0		NM_009788	1.871836859					1	1	0	0	0	0	0	0	0
GSM2533528	22525	A_52_P562704	Slc8a1	0		NM_011406	0.7417298947					1	1	0	0	0	0	0	0	0
GSM2533528	22740	A_52_P550325	Kcnj16	0		NM_010604	1.964188339					1	1	0	0	0	0	0	0	0
GSM2533528	23878	A_51_P335801	Calb1	0		NM_009788	1.869733537					1	1	0	0	0	0	0	0	0
GSM2533528	26196	A_51_P357773	Kcnj16	0		NM_010604	1.831218106					1	1	0	0	0	0	0	0	0
GSM2533528	26242	A_52_P499907	Kcnj1	0		NM_019659	2.339815972					1	1	0	0	0	0	0	0	0
GSM2533528	27676	A_52_P351913	Atp2b1	0		AK053569	0.05795397694					1	1	0	0	0	0	0	0	0
GSM2533528	29730	A_52_P611783	Fxyd2	0		NM_052823	1.67714299					1	1	0	0	0	0	0	0	0
GSM2533528	29964	A_51_P335801	Calb1	0		NM_009788	1.885910882					1	1	0	0	0	0	0	0	0
GSM2533528	30753	A_51_P335801	Calb1	0		NM_009788	1.885800318					1	1	0	0	0	0	0	0	0
GSM2533528	31276	A_52_P23661	Cldn19	0		NM_001038590	1.397965372					1	1	0	0	0	0	0	0	0
GSM2533528	33630	A_52_P244931	Slc8a1	0		AK048160	0.02273098331					0	0	0	0	0	0	0	0	0
GSM2533528	37269	A_51_P445985	Slc12a3	0		NM_019415	1.624502491					1	1	0	0	0	0	0	0	0
GSM2533528	38687	A_52_P515497	Atp1a1	0		NM_144900	1.441657571					1	1	0	0	0	0	0	0	0
GSM2533528	40389	A_52_P184322	Trpm6	0		NM_153417	0.6523476743					1	1	0	0	0	0	0	0	0
GSM2533528	40926	A_51_P197499	Bsnd	0		NM_080458	0.8059356974					1	1	0	0	0	0	0	0	0
GSM2533528	44562	A_51_P335801	Calb1	0		NM_009788	1.889580888					1	1	0	0	0	0	1	1	0
GSM2533528	44811	A_51_P222543	Atp2b1	0		NM_026482	-0.1819205618					1	1	0	0	0	0	0	0	0
GSM2533528	45034	A_52_P152274	Clcnka	0		NM_024412	1.393673544					1	1	0	0	0	0	0	0	0
GSM2533529	2344	A_51_P335801	Calb1	0		NM_009788	1.855263909					1	1	0	0	0	0	0	0	0
GSM2533529	3560	A_51_P230799	Atp2b1	0		NM_026482	-0.3656423113					1	1	0	0	0	0	0	0	0
GSM2533529	5551	A_51_P243073	Trpm6	0		AK080899	0.2092948818					0	0	0	0	0	0	0	0	0
GSM2533529	5837	A_51_P428512	Cldn16	0		NM_053241	1.553407182					0	1	0	0	0	0	0	0	0
GSM2533529	5868	A_51_P281586	Cnnm2	0		NM_033569	0.6533714939					1	1	0	0	0	0	0	0	0
GSM2533529	7768	A_51_P335801	Calb1	0		NM_009788	1.877489343					1	1	0	0	0	0	0	0	0
GSM2533529	10045	A_51_P442227	Slc12a1	0		U61381	0.3179118754					0	1	0	0	0	0	0	0	0
GSM2533529	10087	A_52_P260659	Kcnj10	0		NM_001039484	2.069172377					1	1	0	0	0	0	0	0	0
GSM2533529	11353	A_51_P335801	Calb1	0		NM_009788	1.869470958					1	1	0	0	0	0	0	0	0
GSM2533529	11562	A_51_P300817	Atp1a1	0		NM_144900	1.36985544					1	1	0	0	0	0	0	0	0
GSM2533529	12114	A_51_P151484	Atp1b1	0		NM_009721	1.703932068					1	1	0	0	0	0	0	0	0
GSM2533529	12522	A_51_P335801	Calb1	0		NM_009788	1.881461532					1	1	0	0	0	0	0	0	0
GSM2533529	12999	A_52_P348986	Atp2b1	0		NM_026482	-0.3809354279					1	1	0	0	0	0	0	0	0
GSM2533529	13287	A_52_P26118	Slc12a1	0		NM_001079690	2.532479858					1	1	0	0	0	0	0	0	0
GSM2533529	15381	A_51_P352572	Clcnkb	0		AF124847	1.250902988					1	1	0	0	0	0	0	0	0
GSM2533529	15729	A_51_P335801	Calb1	0		NM_009788	1.87973175					1	1	0	0	0	0	0	0	0
GSM2533529	15983	A_52_P550331	Kcnj16	0		NM_010604	2.24832778					0	1	0	0	0	0	0	0	0
GSM2533529	16664	A_51_P277373	Slc8a1	0		NM_001286684	1.297666535					1	1	0	0	0	0	0	0	0
GSM2533529	18179	A_52_P313284	Slc8a1	0		NR_104580	0.6749871629					1	1	0	0	0	0	0	0	0
GSM2533529	18232	A_51_P171332	Cldn19	0		NM_153105	1.312407917					1	1	0	0	0	0	0	0	0
GSM2533529	18861	A_51_P239601	Trpv5	0		NM_001007572	1.185090657					0	1	0	0	0	0	0	0	0
GSM2533529	19028	A_52_P231461	Slc8a1	0		NM_011406	1.320320491					0	1	0	0	0	0	0	0	0
GSM2533529	20241	A_51_P335801	Calb1	0		NM_009788	1.879085603					1	1	0	0	0	0	0	0	0
GSM2533529	22525	A_52_P562704	Slc8a1	0		NM_011406	0.6934770635					1	1	0	0	0	0	0	0	0
GSM2533529	22740	A_52_P550325	Kcnj16	0		NM_010604	1.943030483					1	1	0	0	0	0	0	0	0
GSM2533529	23878	A_51_P335801	Calb1	0		NM_009788	1.865841988					1	1	0	0	0	0	0	0	0
GSM2533529	26196	A_51_P357773	Kcnj16	0		NM_010604	1.87057326					1	1	0	0	0	0	0	0	0
GSM2533529	26242	A_52_P499907	Kcnj1	0		NM_019659	2.293275249					1	1	0	0	0	0	0	0	0
GSM2533529	27676	A_52_P351913	Atp2b1	0		AK053569	-0.05755501238					1	1	0	0	0	0	0	0	0
GSM2533529	29730	A_52_P611783	Fxyd2	0		NM_052823	1.685918313					1	1	0	0	0	0	0	0	0
GSM2533529	29964	A_51_P335801	Calb1	0		NM_009788	1.874212602					1	1	0	0	0	0	0	0	0
GSM2533529	30753	A_51_P335801	Calb1	0		NM_009788	1.872893131					1	1	0	0	0	0	0	0	0
GSM2533529	31276	A_52_P23661	Cldn19	0		NM_001038590	1.29490867					1	1	0	0	0	0	0	0	0
GSM2533529	33630	A_52_P244931	Slc8a1	0		AK048160	0.0					0	0	0	0	0	0	0	0	0
GSM2533529	37269	A_51_P445985	Slc12a3	0		NM_019415	1.587733229					1	1	0	0	0	0	0	0	0
GSM2533529	38687	A_52_P515497	Atp1a1	0		NM_144900	1.360322921					1	1	0	0	0	0	0	0	0
GSM2533529	40389	A_52_P184322	Trpm6	0		NM_153417	0.4746045673					1	1	0	0	0	0	0	0	0
GSM2533529	40926	A_51_P197499	Bsnd	0		NM_080458	0.6573402239					1	1	0	0	0	0	0	0	0
GSM2533529	44562	A_51_P335801	Calb1	0		NM_009788	1.88261513					1	1	0	0	0	0	0	1	0
GSM2533529	44811	A_51_P222543	Atp2b1	0		NM_026482	-0.239174241					1	1	0	0	0	0	0	0	0
GSM2533529	45034	A_52_P152274	Clcnka	0		NM_024412	1.385244408					1	1	0	0	0	0	0	0	0
GSM2533530	2344	A_51_P335801	Calb1	0		NM_009788	2.043408345					1	1	0	0	0	0	0	0	0
GSM2533530	3560	A_51_P230799	Atp2b1	0		NM_026482	-0.2570558723					1	1	0	0	0	0	0	0	0
GSM2533530	5551	A_51_P243073	Trpm6	0		AK080899	-0.024921273					0	0	0	0	0	0	0	0	0
GSM2533530	5837	A_51_P428512	Cldn16	0		NM_053241	1.120708783					0	1	0	0	0	0	0	0	0
GSM2533530	5868	A_51_P281586	Cnnm2	0		NM_033569	0.6470666325					1	1	0	0	0	0	0	0	0
GSM2533530	7768	A_51_P335801	Calb1	0		NM_009788	2.011068889					1	1	0	0	0	0	0	0	0
GSM2533530	10045	A_51_P442227	Slc12a1	0		U61381	0.3659609523					0	1	0	0	0	0	0	0	0
GSM2533530	10087	A_52_P260659	Kcnj10	0		NM_001039484	2.145142756					1	1	0	0	0	0	0	0	0
GSM2533530	11353	A_51_P335801	Calb1	0		NM_009788	2.025653053					1	1	0	0	0	0	0	0	0
GSM2533530	11562	A_51_P300817	Atp1a1	0		NM_144900	1.475682553					1	1	0	0	0	0	0	0	0
GSM2533530	12114	A_51_P151484	Atp1b1	0		NM_009721	1.821954562					1	1	0	0	0	0	0	0	0
GSM2533530	12522	A_51_P335801	Calb1	0		NM_009788	2.023631616					1	1	0	0	0	0	0	0	0
GSM2533530	12999	A_52_P348986	Atp2b1	0		NM_026482	-0.3245598863					1	1	0	0	0	0	0	0	0
GSM2533530	13287	A_52_P26118	Slc12a1	0		NM_001079690	2.590607007					1	1	0	0	0	0	0	0	0
GSM2533530	15381	A_51_P352572	Clcnkb	0		AF124847	0.9523785668					1	1	0	0	0	0	0	0	0
GSM2533530	15729	A_51_P335801	Calb1	0		NM_009788	2.018809942					1	1	0	0	0	0	0	0	0
GSM2533530	15983	A_52_P550331	Kcnj16	0		NM_010604	2.018353901					0	1	0	0	0	0	0	0	0
GSM2533530	16664	A_51_P277373	Slc8a1	0		NM_001286684	1.222144332					0	1	0	0	0	0	0	0	0
GSM2533530	18179	A_52_P313284	Slc8a1	0		NR_104580	0.6610630287					1	1	0	0	0	0	0	0	0
GSM2533530	18232	A_51_P171332	Cldn19	0		NM_153105	0.7928871415					1	1	0	0	0	0	0	0	0
GSM2533530	18861	A_51_P239601	Trpv5	0		NM_001007572	0.8806113276					0	1	0	0	0	0	0	0	0
GSM2533530	19028	A_52_P231461	Slc8a1	0		NM_011406	1.019757286					0	1	0	0	0	0	0	0	0
GSM2533530	20241	A_51_P335801	Calb1	0		NM_009788	2.067962405					1	1	0	0	0	0	0	0	0
GSM2533530	22525	A_52_P562704	Slc8a1	0		NM_011406	0.5237761779					1	1	0	0	0	0	0	0	0
GSM2533530	22740	A_52_P550325	Kcnj16	0		NM_010604	2.16304291					1	1	0	0	0	0	0	0	0
GSM2533530	23878	A_51_P335801	Calb1	0		NM_009788	1.991175321					1	1	0	0	0	0	0	0	0
GSM2533530	26196	A_51_P357773	Kcnj16	0		NM_010604	1.930576956					0	1	0	0	0	0	0	0	0
GSM2533530	26242	A_52_P499907	Kcnj1	0		NM_019659	2.48516303					1	1	0	0	0	0	0	0	0
GSM2533530	27676	A_52_P351913	Atp2b1	0		AK053569	0.03776494825					1	1	0	0	0	0	0	0	0
GSM2533530	29730	A_52_P611783	Fxyd2	0		NM_052823	1.870175837					1	1	0	0	0	0	0	0	0
GSM2533530	29964	A_51_P335801	Calb1	0		NM_009788	2.011111125					1	1	0	0	0	0	0	0	0
GSM2533530	30753	A_51_P335801	Calb1	0		NM_009788	1.999143262					1	1	0	0	0	0	0	0	0
GSM2533530	31276	A_52_P23661	Cldn19	0		NM_001038590	1.162997392					1	1	0	0	0	0	0	0	0
GSM2533530	33630	A_52_P244931	Slc8a1	0		AK048160	0.2047013104					0	0	0	0	0	0	0	0	0
GSM2533530	37269	A_51_P445985	Slc12a3	0		NM_019415	1.74972609					1	1	0	0	0	0	0	0	0
GSM2533530	38687	A_52_P515497	Atp1a1	0		NM_144900	1.458302062					1	1	0	0	0	0	0	0	0
GSM2533530	40389	A_52_P184322	Trpm6	0		NM_153417	0.4573205938					1	1	0	0	0	0	0	0	0
GSM2533530	40926	A_51_P197499	Bsnd	0		NM_080458	0.2727750403					1	1	0	0	0	0	0	0	0
GSM2533530	44562	A_51_P335801	Calb1	0		NM_009788	1.983185278					1	1	0	0	0	0	1	1	0
GSM2533530	44811	A_51_P222543	Atp2b1	0		NM_026482	-0.1833588669					1	1	0	0	0	0	0	0	0
GSM2533530	45034	A_52_P152274	Clcnka	0		NM_024412	1.141475524					1	1	0	0	0	0	0	0	0
GSM2533531	2344	A_51_P335801	Calb1	0		NM_009788	1.967520354					1	1	0	0	0	0	1	1	0
GSM2533531	3560	A_51_P230799	Atp2b1	0		NM_026482	-0.09094131753					1	1	0	0	0	0	0	0	0
GSM2533531	5551	A_51_P243073	Trpm6	0		AK080899	0.0					0	0	0	0	0	0	0	0	0
GSM2533531	5837	A_51_P428512	Cldn16	0		NM_053241	1.547549792					0	1	0	0	0	0	0	0	0
GSM2533531	5868	A_51_P281586	Cnnm2	0		NM_033569	0.5162290918					1	1	0	0	0	0	0	0	0
GSM2533531	7768	A_51_P335801	Calb1	0		NM_009788	1.961010732					1	1	0	0	0	0	0	0	0
GSM2533531	10045	A_51_P442227	Slc12a1	0		U61381	0.4419973395					0	1	0	0	0	0	0	0	0
GSM2533531	10087	A_52_P260659	Kcnj10	0		NM_001039484	2.10458398					1	1	0	0	0	0	0	0	0
GSM2533531	11353	A_51_P335801	Calb1	0		NM_009788	1.959400204					1	1	0	0	0	0	0	0	0
GSM2533531	11562	A_51_P300817	Atp1a1	0		NM_144900	1.458585141					1	1	0	0	0	0	0	0	0
GSM2533531	12114	A_51_P151484	Atp1b1	0		NM_009721	1.753897553					1	1	0	0	0	0	0	0	0
GSM2533531	12522	A_51_P335801	Calb1	0		NM_009788	1.975656121					1	1	0	0	0	0	0	0	0
GSM2533531	12999	A_52_P348986	Atp2b1	0		NM_026482	-0.2675283302					1	1	0	0	0	0	0	0	0
GSM2533531	13287	A_52_P26118	Slc12a1	0		NM_001079690	2.676016935					1	1	0	0	0	0	0	0	0
GSM2533531	15381	A_51_P352572	Clcnkb	0		AF124847	0.9909225682					1	1	0	0	0	0	0	0	0
GSM2533531	15729	A_51_P335801	Calb1	0		NM_009788	1.978084396					1	1	0	0	0	0	0	0	0
GSM2533531	15983	A_52_P550331	Kcnj16	0		NM_010604	2.197534646					0	1	0	0	0	0	0	0	0
GSM2533531	16664	A_51_P277373	Slc8a1	0		NM_001286684	1.403333728					1	1	0	0	0	0	0	0	0
GSM2533531	18179	A_52_P313284	Slc8a1	0		NR_104580	0.6337272647					1	1	0	0	0	0	0	0	0
GSM2533531	18232	A_51_P171332	Cldn19	0		NM_153105	1.127126718					1	1	0	0	0	0	0	0	0
GSM2533531	18861	A_51_P239601	Trpv5	0		NM_001007572	0.9408218047					0	1	0	0	0	0	0	0	0
GSM2533531	19028	A_52_P231461	Slc8a1	0		NM_011406	1.357751311					0	1	0	0	0	0	0	0	0
GSM2533531	20241	A_51_P335801	Calb1	0		NM_009788	1.974015044					1	1	0	0	0	0	0	0	0
GSM2533531	22525	A_52_P562704	Slc8a1	0		NM_011406	0.515216251					1	1	0	0	0	0	0	0	0
GSM2533531	22740	A_52_P550325	Kcnj16	0		NM_010604	2.054096565					1	1	0	0	0	0	0	0	0
GSM2533531	23878	A_51_P335801	Calb1	0		NM_009788	1.958582591					1	1	0	0	0	0	0	0	0
GSM2533531	26196	A_51_P357773	Kcnj16	0		NM_010604	1.958915207					0	1	0	0	0	0	0	0	0
GSM2533531	26242	A_52_P499907	Kcnj1	0		NM_019659	2.463010796					1	1	0	0	0	0	0	0	0
GSM2533531	27676	A_52_P351913	Atp2b1	0		AK053569	0.1296837775					1	1	0	0	0	0	0	0	0
GSM2533531	29730	A_52_P611783	Fxyd2	0		NM_052823	1.748529984					1	1	0	0	0	0	0	0	0
GSM2533531	29964	A_51_P335801	Calb1	0		NM_009788	1.972933226					1	1	0	0	0	0	0	0	0
GSM2533531	30753	A_51_P335801	Calb1	0		NM_009788	1.971808972					1	1	0	0	0	0	0	0	0
GSM2533531	31276	A_52_P23661	Cldn19	0		NM_001038590	1.413985467					1	1	0	0	0	0	0	0	0
GSM2533531	33630	A_52_P244931	Slc8a1	0		AK048160	0.0					0	0	0	0	0	0	0	0	0
GSM2533531	37269	A_51_P445985	Slc12a3	0		NM_019415	1.717209783					1	1	0	0	0	0	0	0	0
GSM2533531	38687	A_52_P515497	Atp1a1	0		NM_144900	1.464412832					1	1	0	0	0	0	0	0	0
GSM2533531	40389	A_52_P184322	Trpm6	0		NM_153417	0.4065557842					1	1	0	0	0	0	0	0	0
GSM2533531	40926	A_51_P197499	Bsnd	0		NM_080458	0.6850538961					1	1	0	0	0	0	0	0	0
GSM2533531	44562	A_51_P335801	Calb1	0		NM_009788	1.967683153					1	1	0	0	0	0	1	1	0
GSM2533531	44811	A_51_P222543	Atp2b1	0		NM_026482	-0.1348467383					1	1	0	0	0	0	0	0	0
GSM2533531	45034	A_52_P152274	Clcnka	0		NM_024412	1.323317561					1	1	0	0	0	0	0	0	0
GSM2533532	2344	A_51_P335801	Calb1	0		NM_009788	1.934251623					1	1	0	0	0	0	0	0	0
GSM2533532	3560	A_51_P230799	Atp2b1	0		NM_026482	-0.08455153958					1	1	0	0	0	0	0	0	0
GSM2533532	5551	A_51_P243073	Trpm6	0		AK080899	0.1787984153					0	0	0	0	0	0	0	0	0
GSM2533532	5837	A_51_P428512	Cldn16	0		NM_053241	1.412357614					0	1	0	0	0	0	0	0	0
GSM2533532	5868	A_51_P281586	Cnnm2	0		NM_033569	0.5094891737					1	1	0	0	0	0	0	0	0
GSM2533532	7768	A_51_P335801	Calb1	0		NM_009788	1.939749179					1	1	0	0	0	0	0	0	0
GSM2533532	10045	A_51_P442227	Slc12a1	0		U61381	0.7434608663					0	1	0	0	0	0	0	0	0
GSM2533532	10087	A_52_P260659	Kcnj10	0		NM_001039484	2.058256341					1	1	0	0	0	0	0	0	0
GSM2533532	11353	A_51_P335801	Calb1	0		NM_009788	1.975534236					1	1	0	0	0	0	0	0	0
GSM2533532	11562	A_51_P300817	Atp1a1	0		NM_144900	1.506317732					1	1	0	0	0	0	0	0	0
GSM2533532	12114	A_51_P151484	Atp1b1	0		NM_009721	1.780271565					1	1	0	0	0	0	0	0	0
GSM2533532	12522	A_51_P335801	Calb1	0		NM_009788	1.98535747					1	1	0	0	0	0	0	0	0
GSM2533532	12999	A_52_P348986	Atp2b1	0		NM_026482	-0.2870108213					1	1	0	0	0	0	0	0	0
GSM2533532	13287	A_52_P26118	Slc12a1	0		NM_001079690	2.746360268					1	1	0	0	0	0	0	0	0
GSM2533532	15381	A_51_P352572	Clcnkb	0		AF124847	1.082139988					1	1	0	0	0	0	0	0	0
GSM2533532	15729	A_51_P335801	Calb1	0		NM_009788	1.987170135					1	1	0	0	0	0	0	0	0
GSM2533532	15983	A_52_P550331	Kcnj16	0		NM_010604	2.309332009					0	1	0	0	0	0	0	0	0
GSM2533532	16664	A_51_P277373	Slc8a1	0		NM_001286684	1.362072941					1	1	0	0	0	0	0	0	0
GSM2533532	18179	A_52_P313284	Slc8a1	0		NR_104580	0.5957856072					1	1	0	0	0	0	0	0	0
GSM2533532	18232	A_51_P171332	Cldn19	0		NM_153105	1.104423592					1	1	0	0	0	0	0	0	0
GSM2533532	18861	A_51_P239601	Trpv5	0		NM_001007572	1.289549035					0	1	0	0	0	0	0	0	0
GSM2533532	19028	A_52_P231461	Slc8a1	0		NM_011406	1.481335136					0	1	0	0	0	0	0	0	0
GSM2533532	20241	A_51_P335801	Calb1	0		NM_009788	1.976856203					1	1	0	0	0	0	0	0	0
GSM2533532	22525	A_52_P562704	Slc8a1	0		NM_011406	0.5772975296					1	1	0	0	0	0	0	0	0
GSM2533532	22740	A_52_P550325	Kcnj16	0		NM_010604	2.059546397					1	1	0	0	0	0	0	0	0
GSM2533532	23878	A_51_P335801	Calb1	0		NM_009788	1.975697209					1	1	0	0	0	0	0	0	0
GSM2533532	26196	A_51_P357773	Kcnj16	0		NM_010604	2.04945073					0	1	0	0	0	0	0	0	0
GSM2533532	26242	A_52_P499907	Kcnj1	0		NM_019659	2.443423094					1	1	0	0	0	0	0	0	0
GSM2533532	27676	A_52_P351913	Atp2b1	0		AK053569	0.1268938738					1	1	0	0	0	0	0	0	0
GSM2533532	29730	A_52_P611783	Fxyd2	0		NM_052823	1.747607439					1	1	0	0	0	0	0	0	0
GSM2533532	29964	A_51_P335801	Calb1	0		NM_009788	1.991673139					1	1	0	0	0	0	0	0	0
GSM2533532	30753	A_51_P335801	Calb1	0		NM_009788	1.972855566					1	1	0	0	0	0	0	0	0
GSM2533532	31276	A_52_P23661	Cldn19	0		NM_001038590	1.405584777					1	1	0	0	0	0	0	0	0
GSM2533532	33630	A_52_P244931	Slc8a1	0		AK048160	0.0					0	0	0	0	0	0	0	0	0
GSM2533532	37269	A_51_P445985	Slc12a3	0		NM_019415	1.770399987					1	1	0	0	0	0	0	0	0
GSM2533532	38687	A_52_P515497	Atp1a1	0		NM_144900	1.487683664					1	1	0	0	0	0	0	0	0
GSM2533532	40389	A_52_P184322	Trpm6	0		NM_153417	0.4334811855					1	1	0	0	0	0	0	0	0
GSM2533532	40926	A_51_P197499	Bsnd	0		NM_080458	0.5595688752					1	1	0	0	0	0	0	0	0
GSM2533532	44562	A_51_P335801	Calb1	0		NM_009788	1.984237007					1	1	0	0	0	0	0	0	0
GSM2533532	44811	A_51_P222543	Atp2b1	0		NM_026482	-0.1574409998					1	1	0	0	0	0	0	0	0
GSM2533532	45034	A_52_P152274	Clcnka	0		NM_024412	1.374703935					1	1	0	0	0	0	0	0	0
GSM2533533	2344	A_51_P335801	Calb1	0		NM_009788	1.983666812					1	1	0	0	0	0	0	0	0
GSM2533533	3560	A_51_P230799	Atp2b1	0		NM_026482	-0.2201051754					1	1	0	0	0	0	0	0	0
GSM2533533	5551	A_51_P243073	Trpm6	0		AK080899	-0.222299922					0	0	0	0	0	0	0	0	0
GSM2533533	5837	A_51_P428512	Cldn16	0		NM_053241	1.612396823					0	1	0	0	0	0	0	0	0
GSM2533533	5868	A_51_P281586	Cnnm2	0		NM_033569	0.5124012807					1	1	0	0	0	0	0	0	0
GSM2533533	7768	A_51_P335801	Calb1	0		NM_009788	2.01061378					1	1	0	0	0	0	0	0	0
GSM2533533	10045	A_51_P442227	Slc12a1	0		U61381	0.6963443851					0	1	0	0	0	0	0	0	0
GSM2533533	10087	A_52_P260659	Kcnj10	0		NM_001039484	2.1690739					1	1	0	0	0	0	0	0	0
GSM2533533	11353	A_51_P335801	Calb1	0		NM_009788	2.00406927					1	1	0	0	0	0	0	0	0
GSM2533533	11562	A_51_P300817	Atp1a1	0		NM_144900	1.41253505					1	1	0	0	0	0	0	0	0
GSM2533533	12114	A_51_P151484	Atp1b1	0		NM_009721	1.75100672					1	1	0	0	0	0	0	0	0
GSM2533533	12522	A_51_P335801	Calb1	0		NM_009788	2.025457373					1	1	0	0	0	0	0	0	0
GSM2533533	12999	A_52_P348986	Atp2b1	0		NM_026482	-0.3696440671					1	1	0	0	0	0	0	0	0
GSM2533533	13287	A_52_P26118	Slc12a1	0		NM_001079690	2.616949688					1	1	0	0	0	0	0	0	0
GSM2533533	15381	A_51_P352572	Clcnkb	0		AF124847	1.076305361					1	1	0	0	0	0	0	0	0
GSM2533533	15729	A_51_P335801	Calb1	0		NM_009788	2.02356682					1	1	0	0	0	0	0	0	0
GSM2533533	15983	A_52_P550331	Kcnj16	0		NM_010604	2.533203735					0	1	0	0	0	0	0	0	0
GSM2533533	16664	A_51_P277373	Slc8a1	0		NM_001286684	1.269642073					1	1	0	0	0	0	0	0	0
GSM2533533	18179	A_52_P313284	Slc8a1	0		NR_104580	0.44849192					1	1	0	0	0	0	0	0	0
GSM2533533	18232	A_51_P171332	Cldn19	0		NM_153105	1.067673462					1	1	0	0	0	0	0	0	0
GSM2533533	18861	A_51_P239601	Trpv5	0		NM_001007572	0.7561774444					0	1	0	0	0	0	0	0	0
GSM2533533	19028	A_52_P231461	Slc8a1	0		NM_011406	1.17551659					0	1	0	0	0	0	0	0	0
GSM2533533	20241	A_51_P335801	Calb1	0		NM_009788	2.026977307					1	1	0	0	0	0	0	0	0
GSM2533533	22525	A_52_P562704	Slc8a1	0		NM_011406	0.4705628085					1	1	0	0	0	0	0	0	0
GSM2533533	22740	A_52_P550325	Kcnj16	0		NM_010604	2.109682398					1	1	0	0	0	0	0	0	0
GSM2533533	23878	A_51_P335801	Calb1	0		NM_009788	2.018078847					1	1	0	0	0	0	0	0	0
GSM2533533	26196	A_51_P357773	Kcnj16	0		NM_010604	1.960969598					1	1	0	0	0	0	0	0	0
GSM2533533	26242	A_52_P499907	Kcnj1	0		NM_019659	2.455538621					1	1	0	0	0	0	0	0	0
GSM2533533	27676	A_52_P351913	Atp2b1	0		AK053569	0.02959922488					1	1	0	0	0	0	0	0	0
GSM2533533	29730	A_52_P611783	Fxyd2	0		NM_052823	1.809024					1	1	0	0	0	0	0	0	0
GSM2533533	29964	A_51_P335801	Calb1	0		NM_009788	2.013544187					1	1	0	0	0	0	0	0	0
GSM2533533	30753	A_51_P335801	Calb1	0		NM_009788	2.000929268					1	1	0	0	0	0	0	0	0
GSM2533533	31276	A_52_P23661	Cldn19	0		NM_001038590	1.458289117					1	1	0	0	0	0	0	0	0
GSM2533533	33630	A_52_P244931	Slc8a1	0		AK048160	0.0					0	0	0	0	0	0	0	0	0
GSM2533533	37269	A_51_P445985	Slc12a3	0		NM_019415	1.740588891					1	1	0	0	0	0	0	0	0
GSM2533533	38687	A_52_P515497	Atp1a1	0		NM_144900	1.410883562					1	1	0	0	0	0	0	0	0
GSM2533533	40389	A_52_P184322	Trpm6	0		NM_153417	0.4528838277					1	1	0	0	0	0	0	0	0
GSM2533533	40926	A_51_P197499	Bsnd	0		NM_080458	0.5094220368					1	1	0	0	0	0	0	0	0
GSM2533533	44562	A_51_P335801	Calb1	0		NM_009788	2.054807354					1	1	0	0	0	0	1	0	0
GSM2533533	44811	A_51_P222543	Atp2b1	0		NM_026482	-0.2110372351					1	1	0	0	0	0	0	0	0
GSM2533533	45034	A_52_P152274	Clcnka	0		NM_024412	1.242692119					1	1	0	0	0	0	0	0	0
GSM2533534	2344	A_51_P335801	Calb1	0		NM_009788	1.882904091					1	1	0	0	0	0	0	1	0
GSM2533534	3560	A_51_P230799	Atp2b1	0		NM_026482	-0.320681044					1	1	0	0	0	0	0	0	0
GSM2533534	5551	A_51_P243073	Trpm6	0		AK080899	0.0					0	0	0	0	0	0	0	0	0
GSM2533534	5837	A_51_P428512	Cldn16	0		NM_053241	1.282233969					0	1	0	0	0	0	0	0	0
GSM2533534	5868	A_51_P281586	Cnnm2	0		NM_033569	0.5879937756					1	1	0	0	0	0	0	0	0
GSM2533534	7768	A_51_P335801	Calb1	0		NM_009788	1.89779909					1	1	0	0	0	0	0	0	0
GSM2533534	10045	A_51_P442227	Slc12a1	0		U61381	0.9829267077					0	1	0	0	0	0	0	0	0
GSM2533534	10087	A_52_P260659	Kcnj10	0		NM_001039484	2.080613128					1	1	0	0	0	0	0	0	0
GSM2533534	11353	A_51_P335801	Calb1	0		NM_009788	1.897145494					1	1	0	0	0	0	0	0	0
GSM2533534	11562	A_51_P300817	Atp1a1	0		NM_144900	1.333095008					1	1	0	0	0	0	0	0	0
GSM2533534	12114	A_51_P151484	Atp1b1	0		NM_009721	1.91907383					1	1	0	0	0	0	0	0	0
GSM2533534	12522	A_51_P335801	Calb1	0		NM_009788	1.890061657					1	1	0	0	0	0	0	0	0
GSM2533534	12999	A_52_P348986	Atp2b1	0		NM_026482	-0.2962787633					1	1	0	0	0	0	0	0	0
GSM2533534	13287	A_52_P26118	Slc12a1	0		NM_001079690	2.488874736					1	1	0	0	0	0	0	0	0
GSM2533534	15381	A_51_P352572	Clcnkb	0		AF124847	1.186787456					1	1	0	0	0	0	0	0	0
GSM2533534	15729	A_51_P335801	Calb1	0		NM_009788	1.886145171					1	1	0	0	0	0	0	0	0
GSM2533534	15983	A_52_P550331	Kcnj16	0		NM_010604	2.638043314					0	1	0	0	0	0	0	0	0
GSM2533534	16664	A_51_P277373	Slc8a1	0		NM_001286684	1.138463702					1	1	0	0	0	0	0	0	0
GSM2533534	18179	A_52_P313284	Slc8a1	0		NR_104580	0.6366759234					1	1	0	0	0	0	0	0	0
GSM2533534	18232	A_51_P171332	Cldn19	0		NM_153105	0.9133711814					1	1	0	0	0	0	0	0	0
GSM2533534	18861	A_51_P239601	Trpv5	0		NM_001007572	1.123552855					0	1	0	0	0	0	0	0	0
GSM2533534	19028	A_52_P231461	Slc8a1	0		NM_011406	1.537656073					0	1	0	0	0	0	0	0	0
GSM2533534	20241	A_51_P335801	Calb1	0		NM_009788	1.882020504					1	1	0	0	0	0	0	0	0
GSM2533534	22525	A_52_P562704	Slc8a1	0		NM_011406	0.5247038259					1	1	0	0	0	0	0	0	0
GSM2533534	22740	A_52_P550325	Kcnj16	0		NM_010604	2.007249498					1	1	0	0	0	0	0	0	0
GSM2533534	23878	A_51_P335801	Calb1	0		NM_009788	1.850048234					1	1	0	0	0	0	0	0	0
GSM2533534	26196	A_51_P357773	Kcnj16	0		NM_010604	2.04877045					0	1	0	0	0	0	0	0	0
GSM2533534	26242	A_52_P499907	Kcnj1	0		NM_019659	2.348130585					1	1	0	0	0	0	0	0	0
GSM2533534	27676	A_52_P351913	Atp2b1	0		AK053569	0.1642398075					1	1	0	0	0	0	0	0	0
GSM2533534	29730	A_52_P611783	Fxyd2	0		NM_052823	1.800824498					1	1	0	0	0	0	0	0	0
GSM2533534	29964	A_51_P335801	Calb1	0		NM_009788	1.875360779					1	1	0	0	0	0	0	0	0
GSM2533534	30753	A_51_P335801	Calb1	0		NM_009788	1.894068514					1	1	0	0	0	0	0	0	0
GSM2533534	31276	A_52_P23661	Cldn19	0		NM_001038590	1.026817236					1	1	0	0	0	0	0	0	0
GSM2533534	33630	A_52_P244931	Slc8a1	0		AK048160	0.0					0	0	0	0	0	0	0	0	0
GSM2533534	37269	A_51_P445985	Slc12a3	0		NM_019415	1.636373328					1	1	0	0	0	0	0	0	0
GSM2533534	38687	A_52_P515497	Atp1a1	0		NM_144900	1.40111233					1	1	0	0	0	0	0	0	0
GSM2533534	40389	A_52_P184322	Trpm6	0		NM_153417	0.3896183962					1	1	0	0	0	0	0	0	0
GSM2533534	40926	A_51_P197499	Bsnd	0		NM_080458	0.4484303074					1	1	0	0	0	0	0	0	0
GSM2533534	44562	A_51_P335801	Calb1	0		NM_009788	1.893078758					1	1	0	0	0	0	1	1	0
GSM2533534	44811	A_51_P222543	Atp2b1	0		NM_026482	-0.1791048372					1	1	0	0	0	0	0	0	0
GSM2533534	45034	A_52_P152274	Clcnka	0		NM_024412	1.228721305					1	1	0	0	0	0	0	0	0
GSM2533535	2344	A_51_P335801	Calb1	0		NM_009788	1.882357113					1	1	0	0	0	0	1	0	0
GSM2533535	3560	A_51_P230799	Atp2b1	0		NM_026482	-0.1890631245					1	1	0	0	0	0	0	0	0
GSM2533535	5551	A_51_P243073	Trpm6	0		AK080899	0.3315285244					0	0	0	0	0	0	0	0	0
GSM2533535	5837	A_51_P428512	Cldn16	0		NM_053241	1.50347952					0	1	0	0	0	0	0	0	0
GSM2533535	5868	A_51_P281586	Cnnm2	0		NM_033569	0.5371334775					1	1	0	0	0	0	0	0	0
GSM2533535	7768	A_51_P335801	Calb1	0		NM_009788	1.850005217					1	1	0	0	0	0	0	0	0
GSM2533535	10045	A_51_P442227	Slc12a1	0		U61381	0.9777132128					0	1	0	0	0	0	0	0	0
GSM2533535	10087	A_52_P260659	Kcnj10	0		NM_001039484	2.009583126					1	1	0	0	0	0	0	0	0
GSM2533535	11353	A_51_P335801	Calb1	0		NM_009788	1.860039017					1	1	0	0	0	0	0	0	0
GSM2533535	11562	A_51_P300817	Atp1a1	0		NM_144900	1.44960215					1	1	0	0	0	0	0	0	0
GSM2533535	12114	A_51_P151484	Atp1b1	0		NM_009721	1.719121778					1	1	0	0	0	0	0	0	0
GSM2533535	12522	A_51_P335801	Calb1	0		NM_009788	1.859938382					1	1	0	0	0	0	0	0	0
GSM2533535	12999	A_52_P348986	Atp2b1	0		NM_026482	-0.3018428821					1	1	0	0	0	0	0	0	0
GSM2533535	13287	A_52_P26118	Slc12a1	0		NM_001079690	2.574923892					1	1	0	0	0	0	0	0	0
GSM2533535	15381	A_51_P352572	Clcnkb	0		AF124847	1.279815065					1	1	0	0	0	0	0	0	0
GSM2533535	15729	A_51_P335801	Calb1	0		NM_009788	1.876841388					1	1	0	0	0	0	0	0	0
GSM2533535	15983	A_52_P550331	Kcnj16	0		NM_010604	2.229720486					0	1	0	0	0	0	0	0	0
GSM2533535	16664	A_51_P277373	Slc8a1	0		NM_001286684	1.381579699					1	1	0	0	0	0	0	0	0
GSM2533535	18179	A_52_P313284	Slc8a1	0		NR_104580	0.64802213					1	1	0	0	0	0	0	0	0
GSM2533535	18232	A_51_P171332	Cldn19	0		NM_153105	1.172984407					1	1	0	0	0	0	0	0	0
GSM2533535	18861	A_51_P239601	Trpv5	0		NM_001007572	0.5967870164					0	1	0	0	0	0	0	0	0
GSM2533535	19028	A_52_P231461	Slc8a1	0		NM_011406	1.279730088					0	1	0	0	0	0	0	0	0
GSM2533535	20241	A_51_P335801	Calb1	0		NM_009788	1.87252053					1	1	0	0	0	0	0	0	0
GSM2533535	22525	A_52_P562704	Slc8a1	0		NM_011406	0.6980527698					1	1	0	0	0	0	0	0	0
GSM2533535	22740	A_52_P550325	Kcnj16	0		NM_010604	1.941686704					1	1	0	0	0	0	0	0	0
GSM2533535	23878	A_51_P335801	Calb1	0		NM_009788	1.866829581					1	1	0	0	0	0	0	0	0
GSM2533535	26196	A_51_P357773	Kcnj16	0		NM_010604	1.964821767					0	1	0	0	0	0	0	0	0
GSM2533535	26242	A_52_P499907	Kcnj1	0		NM_019659	2.264196836					1	1	0	0	0	0	0	0	0
GSM2533535	27676	A_52_P351913	Atp2b1	0		AK053569	0.1709022837					1	1	0	0	0	0	0	0	0
GSM2533535	29730	A_52_P611783	Fxyd2	0		NM_052823	1.636195882					1	1	0	0	0	0	0	0	0
GSM2533535	29964	A_51_P335801	Calb1	0		NM_009788	1.864120848					1	1	0	0	0	0	0	0	0
GSM2533535	30753	A_51_P335801	Calb1	0		NM_009788	1.860282512					1	1	0	0	0	0	0	0	0
GSM2533535	31276	A_52_P23661	Cldn19	0		NM_001038590	1.22424271					1	1	0	0	0	0	0	0	0
GSM2533535	33630	A_52_P244931	Slc8a1	0		AK048160	-0.01591141939					0	0	0	0	0	0	0	0	0
GSM2533535	37269	A_51_P445985	Slc12a3	0		NM_019415	1.675058153					1	1	0	0	0	0	0	0	0
GSM2533535	38687	A_52_P515497	Atp1a1	0		NM_144900	1.472046734					1	1	0	0	0	0	0	0	0
GSM2533535	40389	A_52_P184322	Trpm6	0		NM_153417	0.3972267711					1	1	0	0	0	0	0	0	0
GSM2533535	40926	A_51_P197499	Bsnd	0		NM_080458	0.8523232577					1	1	0	0	0	0	0	0	0
GSM2533535	44562	A_51_P335801	Calb1	0		NM_009788	1.801690633					1	1	0	0	0	1	1	1	0
GSM2533535	44811	A_51_P222543	Atp2b1	0		NM_026482	-0.125062232					1	1	0	0	0	0	0	0	0
GSM2533535	45034	A_52_P152274	Clcnka	0		NM_024412	1.393357181					1	1	0	0	0	0	0	0	0
GSM2533536	2344	A_51_P335801	Calb1	0	Calb1	NM_009788	2.050890829	0.0	0.0	1.0	1.0	1	1	0	0	0	0	0	0	0
GSM2533536	3560	A_51_P230799	Atp2b1	0	Atp2b1	NM_026482	-0.2160705733	0.0	0.0	1.0	1.0	1	1	0	0	0	0	0	0	0
GSM2533536	5551	A_51_P243073	Trpm6	0	Trpm6	AK080899	0.0	6.54355	4.1391	0.0	0.0	0	0	0	0	0	0	0	0	0
GSM2533536	5837	A_51_P428512	Cldn16	0	Cldn16	NM_053241	1.414417928	6.09923	0.0	1.0	1.0	0	1	0	0	0	0	0	0	0
GSM2533536	5868	A_51_P281586	Cnnm2	0	Cnnm2	NM_033569	0.4317002286	0.0	0.0	1.0	1.0	1	1	0	0	0	0	0	0	0
GSM2533536	7768	A_51_P335801	Calb1	0	Calb1	NM_009788	2.045938133	0.0	0.0	1.0	1.0	1	1	0	0	0	0	0	0	0
GSM2533536	10045	A_51_P442227	Slc12a1	0	Slc12a1	U61381	0.5397336215	0.0	0.0	1.0	1.0	0	0	0	0	0	0	0	0	0
GSM2533536	10087	A_52_P260659	Kcnj10	0	Kcnj10	NM_001039484	2.110724135	0.0	0.0	1.0	1.0	1	1	0	0	0	0	0	0	0
GSM2533536	11353	A_51_P335801	Calb1	0	Calb1	NM_009788	2.062418165	0.0	0.0	1.0	1.0	1	1	0	0	0	0	0	0	0
GSM2533536	11562	A_51_P300817	Atp1a1	0	Atp1a1	NM_144900	1.238227688	0.0	0.0	1.0	1.0	1	1	0	0	0	0	0	0	0
GSM2533536	12114	A_51_P151484	Atp1b1	0	Atp1b1	NM_009721	1.731325466	0.0	0.0	1.0	1.0	1	1	0	0	0	0	0	0	0
GSM2533536	12522	A_51_P335801	Calb1	0	Calb1	NM_009788	2.047795601	0.0	0.0	1.0	1.0	1	1	0	0	0	0	0	0	0
GSM2533536	12999	A_52_P348986	Atp2b1	0	Atp2b1	NM_026482	-0.3025887078	0.0	0.0	1.0	1.0	1	1	0	0	0	0	0	0	0
GSM2533536	13287	A_52_P26118	Slc12a1	0	Slc12a1	NM_001079690	2.644664037	0.0	0.0	1.0	1.0	1	1	0	0	0	0	0	0	0
GSM2533536	15381	A_51_P352572	Clcnkb	0	Clcnkb	NM_019701	1.537506868	0.0	0.0	1.0	1.0	0	1	0	0	0	0	0	0	0
GSM2533536	15729	A_51_P335801	Calb1	0	Calb1	NM_009788	2.067968463	0.0	0.0	1.0	1.0	1	1	0	0	0	0	0	0	0
GSM2533536	15983	A_52_P550331	Kcnj16	0	Kcnj16	NM_010604	2.412072727	5.63237	0.0	1.0	1.0	0	1	0	0	0	0	0	0	0
GSM2533536	16664	A_51_P277373	Slc8a1	0	Slc8a1	AF004666	1.616340703	0.0	0.0	1.0	1.0	0	1	0	0	0	0	0	0	0
GSM2533536	18179	A_52_P313284	Slc8a1	0	Slc8a1	AF108396	0.5670505236	0.0	0.0	1.0	1.0	1	1	0	0	0	0	0	0	0
GSM2533536	18232	A_51_P171332	Cldn19	0	Cldn19	NM_153105	0.9491015448	0.0	0.0	1.0	1.0	1	1	0	0	0	0	0	0	0
GSM2533536	18861	A_51_P239601	Trpv5	0	Trpv5	NM_001007572	0.9191810339	5.16968	0.0	1.0	1.0	0	1	0	0	0	0	0	0	0
GSM2533536	19028	A_52_P231461	Slc8a1	0	Slc8a1	NM_011406	1.060379511	5.12685	0.0	1.0	1.0	0	1	0	0	0	0	0	0	0
GSM2533536	20241	A_51_P335801	Calb1	0	Calb1	NM_009788	2.028883868	0.0	0.0	1.0	1.0	1	1	0	0	0	0	0	0	0
GSM2533536	22525	A_52_P562704	Slc8a1	0	Slc8a1	NM_011406	0.4209078406	0.0	0.0	1.0	1.0	1	1	0	0	0	0	0	0	0
GSM2533536	22740	A_52_P550325	Kcnj16	0	Kcnj16	NM_010604	2.173451326	0.0	0.0	1.0	1.0	1	1	0	0	0	0	0	0	0
GSM2533536	23878	A_51_P335801	Calb1	0	Calb1	NM_009788	2.047741392	0.0	0.0	1.0	1.0	1	1	0	0	0	0	0	0	0
GSM2533536	26196	A_51_P357773	Kcnj16	0	Kcnj16	NM_010604	1.819295663	0.0	0.0	1.0	1.0	0	1	0	0	0	0	0	0	0
GSM2533536	26242	A_52_P499907	Kcnj1	0	Kcnj1	NM_019659	2.368579291	0.0	0.0	1.0	1.0	1	1	0	0	0	0	0	0	0
GSM2533536	27676	A_52_P351913	Atp2b1	0	Atp2b1	AK053569	0.03799400495	0.0	0.0	1.0	1.0	1	1	0	0	0	0	0	0	0
GSM2533536	29730	A_52_P611783	Fxyd2	0	Fxyd2	NM_052824	1.858155057	0.0	0.0	1.0	1.0	1	1	0	0	0	0	0	0	0
GSM2533536	29964	A_51_P335801	Calb1	0	Calb1	NM_009788	2.049347872	0.0	0.0	1.0	1.0	1	1	0	0	0	0	0	0	0
GSM2533536	30753	A_51_P335801	Calb1	0	Calb1	NM_009788	2.050221906	0.0	0.0	1.0	1.0	1	1	0	0	0	0	0	0	0
GSM2533536	31276	A_52_P23661	Cldn19	0	Cldn19	NM_001038590	1.316918828	0.0	0.0	1.0	1.0	1	1	0	0	0	0	0	0	0
GSM2533536	33630	A_52_P244931	Slc8a1	0	Slc8a1	AK048160	0.0	5.89736	3.73814	1.0	1.0	0	0	0	0	0	0	0	0	0
GSM2533536	37269	A_51_P445985	Slc12a3	0	Slc12a3	NM_019415	1.961866814	0.0	0.0	1.0	1.0	1	1	0	0	0	0	0	0	0
GSM2533536	38687	A_52_P515497	Atp1a1	0	Atp1a1	NM_144900	1.433287067	0.0	0.0	1.0	1.0	1	1	0	0	0	0	0	0	0
GSM2533536	40389	A_52_P184322	Trpm6	0	Trpm6	NM_153417	0.4108633406	0.0	0.0	1.0	1.0	0	1	0	0	0	0	0	0	0
GSM2533536	40926	A_51_P197499	Bsnd	0	Bsnd	NM_080458	0.4708253104	0.0	0.0	1.0	1.0	1	1	0	0	0	0	0	0	0
GSM2533536	44562	A_51_P335801	Calb1	0	Calb1	NM_009788	2.088139608	0.0	0.0	1.0	1.0	1	1	0	0	0	0	0	0	0
GSM2533536	44811	A_51_P222543	Atp2b1	0	Atp2b1	BI080417	0.01171211879	0.0	0.0	1.0	1.0	1	1	0	0	0	0	0	0	0
GSM2533536	45034	A_52_P152274	Clcnka	0	Clcnka	NM_024412	1.021032859	0.0	0.0	1.0	1.0	1	1	0	0	0	0	0	0	0
GSM2533537	2344	A_51_P335801	Calb1	0	Calb1	NM_009788	1.896622586	0.0	0.0	1.0	1.0	1	1	0	0	0	0	0	0	0
GSM2533537	3560	A_51_P230799	Atp2b1	0	Atp2b1	NM_026482	-0.2737887069	0.0	0.0	1.0	1.0	1	1	0	0	0	0	0	0	0
GSM2533537	5551	A_51_P243073	Trpm6	0	Trpm6	AK080899	0.0	7.96915	5.38457	0.0	0.0	0	0	0	0	0	0	0	0	0
GSM2533537	5837	A_51_P428512	Cldn16	0	Cldn16	NM_053241	1.568543038	7.50365	0.0	1.0	1.0	0	1	0	0	0	0	0	0	0
GSM2533537	5868	A_51_P281586	Cnnm2	0	Cnnm2	NM_033569	0.6393190276	0.0	0.0	1.0	1.0	1	1	0	0	0	0	0	0	0
GSM2533537	7768	A_51_P335801	Calb1	0	Calb1	NM_009788	1.923962244	0.0	0.0	1.0	1.0	1	1	0	0	0	0	0	0	0
GSM2533537	10045	A_51_P442227	Slc12a1	0	Slc12a1	U61381	0.4474320631	7.52052	0.0	1.0	1.0	0	0	0	0	0	0	0	0	0
GSM2533537	10087	A_52_P260659	Kcnj10	0	Kcnj10	NM_001039484	1.929585675	0.0	0.0	1.0	1.0	1	1	0	0	0	0	0	0	0
GSM2533537	11353	A_51_P335801	Calb1	0	Calb1	NM_009788	1.906469885	0.0	0.0	1.0	1.0	1	1	0	0	0	0	0	0	0
GSM2533537	11562	A_51_P300817	Atp1a1	0	Atp1a1	NM_144900	1.250964163	0.0	0.0	1.0	1.0	1	1	0	0	0	0	0	0	0
GSM2533537	12114	A_51_P151484	Atp1b1	0	Atp1b1	NM_009721	1.630189541	0.0	0.0	1.0	1.0	1	1	0	0	0	0	0	0	0
GSM2533537	12522	A_51_P335801	Calb1	0	Calb1	NM_009788	1.916531135	0.0	0.0	1.0	1.0	1	1	0	0	0	0	0	0	0
GSM2533537	12999	A_52_P348986	Atp2b1	0	Atp2b1	NM_026482	-0.2311569426	0.0	0.0	1.0	1.0	1	1	0	0	0	0	0	0	0
GSM2533537	13287	A_52_P26118	Slc12a1	0	Slc12a1	NM_001079690	2.627279746	0.0	0.0	1.0	1.0	1	1	0	0	0	0	0	0	0
GSM2533537	15381	A_51_P352572	Clcnkb	0	Clcnkb	NM_019701	1.832054118	0.0	0.0	1.0	1.0	0	1	0	0	0	0	0	0	0
GSM2533537	15729	A_51_P335801	Calb1	0	Calb1	NM_009788	1.922253365	0.0	0.0	1.0	1.0	1	1	0	0	0	0	0	0	0
GSM2533537	15983	A_52_P550331	Kcnj16	0	Kcnj16	NM_010604	2.418415264	6.53309	0.0	1.0	1.0	0	1	0	0	0	0	0	0	0
GSM2533537	16664	A_51_P277373	Slc8a1	0	Slc8a1	AF004666	2.125570916	0.0	0.0	1.0	1.0	0	1	0	0	0	0	0	0	0
GSM2533537	18179	A_52_P313284	Slc8a1	0	Slc8a1	AF108396	0.6957679129	0.0	0.0	1.0	1.0	1	1	0	0	0	0	0	0	0
GSM2533537	18232	A_51_P171332	Cldn19	0	Cldn19	NM_153105	1.090906302	0.0	0.0	1.0	1.0	0	1	0	0	0	0	0	0	0
GSM2533537	18861	A_51_P239601	Trpv5	0	Trpv5	NM_001007572	1.262836315	6.08119	0.0	1.0	1.0	0	1	0	0	0	0	0	0	0
GSM2533537	19028	A_52_P231461	Slc8a1	0	Slc8a1	NM_011406	1.303443867	6.02259	0.0	1.0	1.0	0	1	0	0	0	0	0	0	0
GSM2533537	20241	A_51_P335801	Calb1	0	Calb1	NM_009788	1.91138195	0.0	0.0	1.0	1.0	1	1	0	0	0	0	0	0	0
GSM2533537	22525	A_52_P562704	Slc8a1	0	Slc8a1	NM_011406	0.6148166898	0.0	0.0	1.0	1.0	1	1	0	0	0	0	0	0	0
GSM2533537	22740	A_52_P550325	Kcnj16	0	Kcnj16	NM_010604	2.072588989	0.0	0.0	1.0	1.0	1	1	0	0	0	0	0	0	0
GSM2533537	23878	A_51_P335801	Calb1	0	Calb1	NM_009788	1.930463059	0.0	0.0	1.0	1.0	1	1	0	0	0	0	0	0	0
GSM2533537	26196	A_51_P357773	Kcnj16	0	Kcnj16	NM_010604	1.718359059	0.0	0.0	1.0	1.0	0	1	0	0	0	0	0	0	0
GSM2533537	26242	A_52_P499907	Kcnj1	0	Kcnj1	NM_019659	2.310455353	0.0	0.0	1.0	1.0	1	1	0	0	0	0	0	0	0
GSM2533537	27676	A_52_P351913	Atp2b1	0	Atp2b1	AK053569	0.1303879807	0.0	0.0	1.0	1.0	1	1	0	0	0	0	0	0	0
GSM2533537	29730	A_52_P611783	Fxyd2	0	Fxyd2	NM_052824	1.704395938	0.0	0.0	1.0	1.0	1	1	0	0	0	0	0	0	0
GSM2533537	29964	A_51_P335801	Calb1	0	Calb1	NM_009788	1.924482363	0.0	0.0	1.0	1.0	1	1	0	0	0	0	0	0	0
GSM2533537	30753	A_51_P335801	Calb1	0	Calb1	NM_009788	1.925577427	0.0	0.0	1.0	1.0	1	1	0	0	0	0	0	0	0
GSM2533537	31276	A_52_P23661	Cldn19	0	Cldn19	NM_001038590	1.095173307	0.0	0.0	1.0	1.0	1	1	0	0	0	0	0	0	0
GSM2533537	33630	A_52_P244931	Slc8a1	0	Slc8a1	AK048160	0.0	6.56256	4.50053	0.0	0.0	0	0	0	0	0	0	0	0	0
GSM2533537	37269	A_51_P445985	Slc12a3	0	Slc12a3	NM_019415	1.773116697	0.0	0.0	1.0	1.0	1	1	0	0	0	0	0	0	0
GSM2533537	38687	A_52_P515497	Atp1a1	0	Atp1a1	NM_144900	1.399436375	0.0	0.0	1.0	1.0	1	1	0	0	0	0	0	0	0
GSM2533537	40389	A_52_P184322	Trpm6	0	Trpm6	NM_153417	0.8704385233	0.0	0.0	1.0	1.0	0	1	0	0	0	0	0	0	0
GSM2533537	40926	A_51_P197499	Bsnd	0	Bsnd	NM_080458	0.640228984	0.0	0.0	1.0	1.0	1	1	0	0	0	0	0	0	0
GSM2533537	44562	A_51_P335801	Calb1	0	Calb1	NM_009788	1.917093663	0.0	0.0	1.0	1.0	1	1	0	0	0	0	0	0	0
GSM2533537	44811	A_51_P222543	Atp2b1	0	Atp2b1	BI080417	-0.1473474756	0.0	0.0	1.0	1.0	1	1	0	0	0	0	0	0	0
GSM2533537	45034	A_52_P152274	Clcnka	0	Clcnka	NM_024412	0.9451306902	0.0	0.0	1.0	1.0	1	1	0	0	0	0	0	0	0
GSM2533538	2344	A_51_P335801	Calb1	0	Calb1	NM_009788	1.920145463	0.0	0.0	1.0	1.0	1	1	0	0	0	0	0	0	0
GSM2533538	3560	A_51_P230799	Atp2b1	0	Atp2b1	NM_026482	-0.2325083051	0.0	0.0	1.0	1.0	1	1	0	0	0	0	0	0	0
GSM2533538	5551	A_51_P243073	Trpm6	0	Trpm6	AK080899	0.0	3.72962	2.68044	1.0	1.0	0	0	0	0	0	0	0	0	0
GSM2533538	5837	A_51_P428512	Cldn16	0	Cldn16	NM_053241	1.764303437	0.0	0.0	1.0	1.0	0	1	0	0	0	0	0	0	0
GSM2533538	5868	A_51_P281586	Cnnm2	0	Cnnm2	NM_033569	0.6523648892	0.0	0.0	1.0	1.0	1	1	0	0	0	0	0	0	0
GSM2533538	7768	A_51_P335801	Calb1	0	Calb1	NM_009788	1.891585823	0.0	0.0	1.0	1.0	1	1	0	0	0	0	0	0	0
GSM2533538	10045	A_51_P442227	Slc12a1	0	Slc12a1	U61381	0.6258176432	0.0	0.0	1.0	1.0	0	1	0	0	0	0	0	0	0
GSM2533538	10087	A_52_P260659	Kcnj10	0	Kcnj10	NM_001039484	2.010288645	0.0	0.0	1.0	1.0	1	1	0	0	0	0	0	0	0
GSM2533538	11353	A_51_P335801	Calb1	0	Calb1	NM_009788	1.902641772	0.0	0.0	1.0	1.0	1	1	0	0	0	0	0	0	0
GSM2533538	11562	A_51_P300817	Atp1a1	0	Atp1a1	NM_144900	1.367474119	0.0	0.0	1.0	1.0	1	1	0	0	0	0	0	0	0
GSM2533538	12114	A_51_P151484	Atp1b1	0	Atp1b1	NM_009721	1.647685627	0.0	0.0	1.0	1.0	1	1	0	0	0	0	0	0	0
GSM2533538	12522	A_51_P335801	Calb1	0	Calb1	NM_009788	1.895224802	0.0	0.0	1.0	1.0	1	1	0	0	0	0	0	0	0
GSM2533538	12999	A_52_P348986	Atp2b1	0	Atp2b1	NM_026482	-0.3024785145	0.0	0.0	1.0	1.0	1	1	0	0	0	0	0	0	0
GSM2533538	13287	A_52_P26118	Slc12a1	0	Slc12a1	NM_001079690	2.608211373	0.0	0.0	1.0	1.0	1	1	0	0	0	0	0	0	0
GSM2533538	15381	A_51_P352572	Clcnkb	0	Clcnkb	NM_019701	1.61607122	0.0	0.0	1.0	1.0	1	1	0	0	0	0	0	0	0
GSM2533538	15729	A_51_P335801	Calb1	0	Calb1	NM_009788	1.884324822	0.0	0.0	1.0	1.0	1	1	0	0	0	0	0	0	0
GSM2533538	15983	A_52_P550331	Kcnj16	0	Kcnj16	NM_010604	2.50612703	0.0	0.0	1.0	1.0	0	1	0	0	0	0	0	0	0
GSM2533538	16664	A_51_P277373	Slc8a1	0	Slc8a1	AF004666	1.766618237	0.0	0.0	1.0	1.0	0	1	0	0	0	0	0	0	0
GSM2533538	18179	A_52_P313284	Slc8a1	0	Slc8a1	AF108396	0.6543337915	0.0	0.0	1.0	1.0	1	1	0	0	0	0	0	0	0
GSM2533538	18232	A_51_P171332	Cldn19	0	Cldn19	NM_153105	1.128467829	0.0	0.0	1.0	1.0	1	1	0	0	0	0	0	0	0
GSM2533538	18861	A_51_P239601	Trpv5	0	Trpv5	NM_001007572	1.34141389	2.96556	0.0	1.0	1.0	0	1	0	0	0	0	0	0	0
GSM2533538	19028	A_52_P231461	Slc8a1	0	Slc8a1	NM_011406	1.436408209	2.95333	0.0	1.0	1.0	0	1	0	0	0	0	0	0	0
GSM2533538	20241	A_51_P335801	Calb1	0	Calb1	NM_009788	1.875945991	0.0	0.0	1.0	1.0	1	1	0	0	0	0	0	0	0
GSM2533538	22525	A_52_P562704	Slc8a1	0	Slc8a1	NM_011406	0.9254360107	0.0	0.0	1.0	1.0	1	1	0	0	0	0	0	0	0
GSM2533538	22740	A_52_P550325	Kcnj16	0	Kcnj16	NM_010604	2.060744528	0.0	0.0	1.0	1.0	1	1	0	0	0	0	0	0	0
GSM2533538	23878	A_51_P335801	Calb1	0	Calb1	NM_009788	1.896033445	0.0	0.0	1.0	1.0	1	1	0	0	0	0	0	0	0
GSM2533538	26196	A_51_P357773	Kcnj16	0	Kcnj16	NM_010604	1.853783924	0.0	0.0	1.0	1.0	1	1	0	0	0	0	0	0	0
GSM2533538	26242	A_52_P499907	Kcnj1	0	Kcnj1	NM_019659	2.311282765	0.0	0.0	1.0	1.0	1	1	0	0	0	0	0	0	0
GSM2533538	27676	A_52_P351913	Atp2b1	0	Atp2b1	AK053569	-0.1297588232	0.0	0.0	1.0	1.0	1	1	0	0	0	0	0	0	0
GSM2533538	29730	A_52_P611783	Fxyd2	0	Fxyd2	NM_052824	1.647296408	0.0	0.0	1.0	1.0	1	1	0	0	0	0	0	0	0
GSM2533538	29964	A_51_P335801	Calb1	0	Calb1	NM_009788	1.899533758	0.0	0.0	1.0	1.0	1	1	0	0	0	0	0	0	0
GSM2533538	30753	A_51_P335801	Calb1	0	Calb1	NM_009788	1.889545112	0.0	0.0	1.0	1.0	1	1	0	0	0	0	0	0	0
GSM2533538	31276	A_52_P23661	Cldn19	0	Cldn19	NM_001038590	1.220127876	0.0	0.0	1.0	1.0	1	1	0	0	0	0	0	0	0
GSM2533538	33630	A_52_P244931	Slc8a1	0	Slc8a1	AK048160	0.0	3.10391	2.20363	1.0	1.0	0	0	0	0	0	0	0	0	0
GSM2533538	37269	A_51_P445985	Slc12a3	0	Slc12a3	NM_019415	1.730369776	0.0	0.0	1.0	1.0	1	1	0	0	0	0	0	0	0
GSM2533538	38687	A_52_P515497	Atp1a1	0	Atp1a1	NM_144900	1.397349188	0.0	0.0	1.0	1.0	1	1	0	0	0	0	0	0	0
GSM2533538	40389	A_52_P184322	Trpm6	0	Trpm6	NM_153417	0.8557257939	0.0	0.0	1.0	1.0	1	1	0	0	0	0	0	0	0
GSM2533538	40926	A_51_P197499	Bsnd	0	Bsnd	NM_080458	0.8168334001	0.0	0.0	1.0	1.0	1	1	0	0	0	0	0	0	0
GSM2533538	44562	A_51_P335801	Calb1	0	Calb1	NM_009788	1.874194025	0.0	0.0	1.0	1.0	1	1	0	0	0	0	0	0	0
GSM2533538	44811	A_51_P222543	Atp2b1	0	Atp2b1	BI080417	-0.2692886129	0.0	0.0	1.0	1.0	1	1	0	0	0	0	0	0	0
GSM2533538	45034	A_52_P152274	Clcnka	0	Clcnka	NM_024412	1.365440102	0.0	0.0	1.0	1.0	1	1	0	0	0	0	0	0	0
GSM2533539	2344	A_51_P335801	Calb1	0	Calb1	NM_009788	2.039412941	0.0	0.0	1.0	1.0	1	1	0	0	0	0	0	0	0
GSM2533539	3560	A_51_P230799	Atp2b1	0	Atp2b1	NM_026482	-0.2178757016	0.0	0.0	1.0	1.0	1	1	0	0	0	0	0	0	0
GSM2533539	5551	A_51_P243073	Trpm6	0	Trpm6	AK080899	0.0	3.55214	2.61558	1.0	1.0	0	0	0	0	0	0	0	0	0
GSM2533539	5837	A_51_P428512	Cldn16	0	Cldn16	NM_053241	1.580905807	0.0	0.0	1.0	1.0	0	1	0	0	0	0	0	0	0
GSM2533539	5868	A_51_P281586	Cnnm2	0	Cnnm2	NM_033569	0.54954953	0.0	0.0	1.0	1.0	1	1	0	0	0	0	0	0	0
GSM2533539	7768	A_51_P335801	Calb1	0	Calb1	NM_009788	2.010790457	0.0	0.0	1.0	1.0	1	1	0	0	0	0	0	0	0
GSM2533539	10045	A_51_P442227	Slc12a1	0	Slc12a1	U61381	0.7531108378	3.42788	0.0	1.0	1.0	0	0	0	0	0	0	0	0	0
GSM2533539	10087	A_52_P260659	Kcnj10	0	Kcnj10	NM_001039484	2.200966232	0.0	0.0	1.0	1.0	1	1	0	0	0	0	0	0	0
GSM2533539	11353	A_51_P335801	Calb1	0	Calb1	NM_009788	2.008339791	0.0	0.0	1.0	1.0	1	1	0	0	0	0	0	0	0
GSM2533539	11562	A_51_P300817	Atp1a1	0	Atp1a1	NM_144900	1.138419178	0.0	0.0	1.0	1.0	1	1	0	0	0	0	0	0	0
GSM2533539	12114	A_51_P151484	Atp1b1	0	Atp1b1	NM_009721	1.558915735	0.0	0.0	1.0	1.0	1	1	0	0	0	0	0	0	0
GSM2533539	12522	A_51_P335801	Calb1	0	Calb1	NM_009788	2.027214016	0.0	0.0	1.0	1.0	1	1	0	0	0	0	0	0	0
GSM2533539	12999	A_52_P348986	Atp2b1	0	Atp2b1	NM_026482	-0.2548454758	0.0	0.0	1.0	1.0	1	1	0	0	0	0	0	0	0
GSM2533539	13287	A_52_P26118	Slc12a1	0	Slc12a1	NM_001079690	2.52763739	0.0	0.0	1.0	1.0	1	1	0	0	0	0	0	0	0
GSM2533539	15381	A_51_P352572	Clcnkb	0	Clcnkb	NM_019701	1.534076498	0.0	0.0	1.0	1.0	0	1	0	0	0	0	0	0	0
GSM2533539	15729	A_51_P335801	Calb1	0	Calb1	NM_009788	2.030383596	0.0	0.0	1.0	1.0	1	1	0	0	0	0	0	0	0
GSM2533539	15983	A_52_P550331	Kcnj16	0	Kcnj16	NM_010604	2.199968816	0.0	0.0	1.0	1.0	0	1	0	0	0	0	0	0	0
GSM2533539	16664	A_51_P277373	Slc8a1	0	Slc8a1	AF004666	1.274126649	0.0	0.0	1.0	1.0	0	1	0	0	0	0	0	0	0
GSM2533539	18179	A_52_P313284	Slc8a1	0	Slc8a1	AF108396	0.8013326713	0.0	0.0	1.0	1.0	1	1	0	0	0	0	0	0	0
GSM2533539	18232	A_51_P171332	Cldn19	0	Cldn19	NM_153105	1.199631635	0.0	0.0	1.0	1.0	1	1	0	0	0	0	0	0	0
GSM2533539	18861	A_51_P239601	Trpv5	0	Trpv5	NM_001007572	1.31056904	2.97758	0.0	1.0	1.0	0	1	0	0	0	0	0	0	0
GSM2533539	19028	A_52_P231461	Slc8a1	0	Slc8a1	NM_011406	1.164786098	2.94437	0.0	1.0	1.0	0	1	0	0	0	0	0	0	0
GSM2533539	20241	A_51_P335801	Calb1	0	Calb1	NM_009788	2.036293073	0.0	0.0	1.0	1.0	1	1	0	0	0	0	0	0	0
GSM2533539	22525	A_52_P562704	Slc8a1	0	Slc8a1	NM_011406	0.7008498412	0.0	0.0	1.0	1.0	1	1	0	0	0	0	0	0	0
GSM2533539	22740	A_52_P550325	Kcnj16	0	Kcnj16	NM_010604	2.124424122	0.0	0.0	1.0	1.0	1	1	0	0	0	0	0	0	0
GSM2533539	23878	A_51_P335801	Calb1	0	Calb1	NM_009788	2.009660771	0.0	0.0	1.0	1.0	1	1	0	0	0	0	0	0	0
GSM2533539	26196	A_51_P357773	Kcnj16	0	Kcnj16	NM_010604	1.919777722	0.0	0.0	1.0	1.0	0	1	0	0	0	0	0	0	0
GSM2533539	26242	A_52_P499907	Kcnj1	0	Kcnj1	NM_019659	2.401224894	0.0	0.0	1.0	1.0	1	1	0	0	0	0	0	0	0
GSM2533539	27676	A_52_P351913	Atp2b1	0	Atp2b1	AK053569	0.1235038598	0.0	0.0	1.0	1.0	1	1	0	0	0	0	0	0	0
GSM2533539	29730	A_52_P611783	Fxyd2	0	Fxyd2	NM_052824	1.724875022	0.0	0.0	1.0	1.0	1	1	0	0	0	0	0	0	0
GSM2533539	29964	A_51_P335801	Calb1	0	Calb1	NM_009788	2.002575192	0.0	0.0	1.0	1.0	1	1	0	0	0	0	0	0	0
GSM2533539	30753	A_51_P335801	Calb1	0	Calb1	NM_009788	2.002327297	0.0	0.0	1.0	1.0	1	1	0	0	0	0	0	0	0
GSM2533539	31276	A_52_P23661	Cldn19	0	Cldn19	NM_001038590	1.274981325	0.0	0.0	1.0	1.0	1	1	0	0	0	0	0	0	0
GSM2533539	33630	A_52_P244931	Slc8a1	0	Slc8a1	AK048160	0.0	3.30436	2.41293	1.0	1.0	0	0	0	0	0	0	0	0	0
GSM2533539	37269	A_51_P445985	Slc12a3	0	Slc12a3	NM_019415	1.743061507	0.0	0.0	1.0	1.0	1	1	0	0	0	0	0	0	0
GSM2533539	38687	A_52_P515497	Atp1a1	0	Atp1a1	NM_144900	1.284993496	0.0	0.0	1.0	1.0	1	1	0	0	0	0	0	0	0
GSM2533539	40389	A_52_P184322	Trpm6	0	Trpm6	NM_153417	0.365449825	0.0	0.0	1.0	1.0	1	1	0	0	0	0	0	0	0
GSM2533539	40926	A_51_P197499	Bsnd	0	Bsnd	NM_080458	0.9771189423	0.0	0.0	1.0	1.0	1	1	0	0	0	0	0	0	0
GSM2533539	44562	A_51_P335801	Calb1	0	Calb1	NM_009788	2.004851611	0.0	0.0	1.0	1.0	1	1	0	0	0	0	0	0	0
GSM2533539	44811	A_51_P222543	Atp2b1	0	Atp2b1	BI080417	-0.1166675912	0.0	0.0	1.0	1.0	1	1	0	0	0	0	0	0	0
GSM2533539	45034	A_52_P152274	Clcnka	0	Clcnka	NM_024412	1.170893327	0.0	0.0	1.0	1.0	1	1	0	0	0	0	0	0	0
GSM2533540	2344	A_51_P335801	Calb1	0	Calb1	NM_009788	2.022944062	0.0	0.0	1.0	1.0	1	1	0	0	0	0	0	0	0
GSM2533540	3560	A_51_P230799	Atp2b1	0	Atp2b1	NM_026482	-0.228222649	0.0	0.0	1.0	1.0	1	1	0	0	0	0	0	0	0
GSM2533540	5551	A_51_P243073	Trpm6	0	Trpm6	AK080899	0.0	3.63627	2.90537	1.0	1.0	0	0	0	0	0	0	0	0	0
GSM2533540	5837	A_51_P428512	Cldn16	0	Cldn16	NM_053241	1.38684331	0.0	0.0	1.0	1.0	0	1	0	0	0	0	0	0	0
GSM2533540	5868	A_51_P281586	Cnnm2	0	Cnnm2	NM_033569	0.6758240748	0.0	0.0	1.0	1.0	1	1	0	0	0	0	0	0	0
GSM2533540	7768	A_51_P335801	Calb1	0	Calb1	NM_009788	2.005324892	0.0	0.0	1.0	1.0	1	1	0	0	0	0	0	0	0
GSM2533540	10045	A_51_P442227	Slc12a1	0	Slc12a1	U61381	1.099366665	3.48124	0.0	1.0	1.0	0	1	0	0	0	0	0	0	0
GSM2533540	10087	A_52_P260659	Kcnj10	0	Kcnj10	NM_001039484	2.070716061	0.0	0.0	1.0	1.0	1	1	0	0	0	0	0	0	0
GSM2533540	11353	A_51_P335801	Calb1	0	Calb1	NM_009788	2.005968191	0.0	0.0	1.0	1.0	1	1	0	0	0	0	0	0	0
GSM2533540	11562	A_51_P300817	Atp1a1	0	Atp1a1	NM_144900	1.305385173	0.0	0.0	1.0	1.0	1	1	0	0	0	0	0	0	0
GSM2533540	12114	A_51_P151484	Atp1b1	0	Atp1b1	NM_009721	1.69463318	0.0	0.0	1.0	1.0	1	1	0	0	0	0	0	0	0
GSM2533540	12522	A_51_P335801	Calb1	0	Calb1	NM_009788	1.999746277	0.0	0.0	1.0	1.0	1	1	0	0	0	0	0	0	0
GSM2533540	12999	A_52_P348986	Atp2b1	0	Atp2b1	NM_026482	-0.2902036832	0.0	0.0	1.0	1.0	1	1	0	0	0	0	0	0	0
GSM2533540	13287	A_52_P26118	Slc12a1	0	Slc12a1	NM_001079690	2.552228673	0.0	0.0	1.0	1.0	1	1	0	0	0	0	0	0	0
GSM2533540	15381	A_51_P352572	Clcnkb	0	Clcnkb	NM_019701	1.5509712	0.0	0.0	1.0	1.0	1	1	0	0	0	0	0	0	0
GSM2533540	15729	A_51_P335801	Calb1	0	Calb1	NM_009788	2.009163019	0.0	0.0	1.0	1.0	1	1	0	0	0	0	0	0	0
GSM2533540	15983	A_52_P550331	Kcnj16	0	Kcnj16	NM_010604	2.595728994	3.46104	0.0	1.0	1.0	0	1	0	0	0	0	0	0	0
GSM2533540	16664	A_51_P277373	Slc8a1	0	Slc8a1	AF004666	1.78993346	0.0	0.0	1.0	1.0	0	1	0	0	0	0	0	0	0
GSM2533540	18179	A_52_P313284	Slc8a1	0	Slc8a1	AF108396	0.873572236	0.0	0.0	1.0	1.0	1	1	0	0	0	0	0	0	0
GSM2533540	18232	A_51_P171332	Cldn19	0	Cldn19	NM_153105	0.7361042065	0.0	0.0	1.0	1.0	1	1	0	0	0	0	0	0	0
GSM2533540	18861	A_51_P239601	Trpv5	0	Trpv5	NM_001007572	1.3823184	3.08489	0.0	1.0	1.0	0	1	0	0	0	0	0	0	0
GSM2533540	19028	A_52_P231461	Slc8a1	0	Slc8a1	NM_011406	1.524922144	3.06857	0.0	1.0	1.0	0	1	0	0	0	0	0	0	0
GSM2533540	20241	A_51_P335801	Calb1	0	Calb1	NM_009788	1.986152136	0.0	0.0	1.0	1.0	1	1	0	0	0	0	0	0	0
GSM2533540	22525	A_52_P562704	Slc8a1	0	Slc8a1	NM_011406	0.9502635829	0.0	0.0	1.0	1.0	1	1	0	0	0	0	0	0	0
GSM2533540	22740	A_52_P550325	Kcnj16	0	Kcnj16	NM_010604	2.171728816	0.0	0.0	1.0	1.0	1	1	0	0	0	0	0	0	0
GSM2533540	23878	A_51_P335801	Calb1	0	Calb1	NM_009788	2.00197496	0.0	0.0	1.0	1.0	1	1	0	0	0	0	0	0	0
GSM2533540	26196	A_51_P357773	Kcnj16	0	Kcnj16	NM_010604	1.895815561	0.0	0.0	1.0	1.0	1	1	0	0	0	0	0	0	0
GSM2533540	26242	A_52_P499907	Kcnj1	0	Kcnj1	NM_019659	2.424247053	0.0	0.0	1.0	1.0	1	1	0	0	0	0	0	0	0
GSM2533540	27676	A_52_P351913	Atp2b1	0	Atp2b1	AK053569	-0.03943086404	0.0	0.0	1.0	1.0	1	1	0	0	0	0	0	0	0
GSM2533540	29730	A_52_P611783	Fxyd2	0	Fxyd2	NM_052824	1.779182683	0.0	0.0	1.0	1.0	1	1	0	0	0	0	0	0	0
GSM2533540	29964	A_51_P335801	Calb1	0	Calb1	NM_009788	2.013151175	0.0	0.0	1.0	1.0	1	1	0	0	0	0	0	0	0
GSM2533540	30753	A_51_P335801	Calb1	0	Calb1	NM_009788	2.001195958	0.0	0.0	1.0	1.0	1	1	0	0	0	0	0	0	0
GSM2533540	31276	A_52_P23661	Cldn19	0	Cldn19	NM_001038590	1.081504602	0.0	0.0	1.0	1.0	1	1	0	0	0	0	0	0	0
GSM2533540	33630	A_52_P244931	Slc8a1	0	Slc8a1	AK048160	0.0	3.39564	2.59322	1.0	1.0	0	0	0	0	0	0	0	0	0
GSM2533540	37269	A_51_P445985	Slc12a3	0	Slc12a3	NM_019415	1.846996636	0.0	0.0	1.0	1.0	1	1	0	0	0	0	0	0	0
GSM2533540	38687	A_52_P515497	Atp1a1	0	Atp1a1	NM_144900	1.34039177	0.0	0.0	1.0	1.0	1	1	0	0	0	0	0	0	0
GSM2533540	40389	A_52_P184322	Trpm6	0	Trpm6	NM_153417	0.6924099601	0.0	0.0	1.0	1.0	1	1	0	0	0	0	0	0	0
GSM2533540	40926	A_51_P197499	Bsnd	0	Bsnd	NM_080458	0.6079741879	0.0	0.0	1.0	1.0	1	1	0	0	0	0	0	0	0
GSM2533540	44562	A_51_P335801	Calb1	0	Calb1	NM_009788	2.006484262	0.0	0.0	1.0	1.0	1	1	0	0	0	0	0	0	0
GSM2533540	44811	A_51_P222543	Atp2b1	0	Atp2b1	BI080417	-0.2021479703	0.0	0.0	1.0	1.0	1	1	0	0	0	0	0	0	0
GSM2533540	45034	A_52_P152274	Clcnka	0	Clcnka	NM_024412	1.046782336	0.0	0.0	1.0	1.0	1	1	0	0	0	0	0	0	0
GSM2533541	2344	A_51_P335801	Calb1	0		NM_009788	2.050747472					1	1	0	0	0	0	1	0	0
GSM2533541	3560	A_51_P230799	Atp2b1	0		NM_026482	-0.1982276525					1	1	0	0	0	0	0	0	0
GSM2533541	5551	A_51_P243073	Trpm6	0		AK080899	0.1200600749					0	0	0	0	0	0	0	0	0
GSM2533541	5837	A_51_P428512	Cldn16	0		NM_053241	1.663176911					0	1	0	0	0	0	0	0	0
GSM2533541	5868	A_51_P281586	Cnnm2	0		NM_033569	0.5935433808					1	1	0	0	0	0	0	0	0
GSM2533541	7768	A_51_P335801	Calb1	0		NM_009788	2.023365654					1	1	0	0	0	0	0	0	0
GSM2533541	10045	A_51_P442227	Slc12a1	0		U61381	0.8175882634					0	1	0	0	0	0	0	0	0
GSM2533541	10087	A_52_P260659	Kcnj10	0		NM_001039484	2.241004095					1	1	0	0	0	0	0	0	0
GSM2533541	11353	A_51_P335801	Calb1	0		NM_009788	2.057251743					1	1	0	0	0	0	0	0	0
GSM2533541	11562	A_51_P300817	Atp1a1	0		NM_144900	1.394804748					1	1	0	0	0	0	0	0	0
GSM2533541	12114	A_51_P151484	Atp1b1	0		NM_009721	1.77812957					1	1	0	0	0	0	0	0	0
GSM2533541	12522	A_51_P335801	Calb1	0		NM_009788	2.054209969					1	1	0	0	0	0	0	0	0
GSM2533541	12999	A_52_P348986	Atp2b1	0		NM_026482	-0.2866341453					1	1	0	0	0	0	0	0	0
GSM2533541	13287	A_52_P26118	Slc12a1	0		NM_001079690	2.711087419					1	1	0	0	0	0	0	0	0
GSM2533541	15381	A_51_P352572	Clcnkb	0		AF124847	0.9908030788					1	1	0	0	0	0	0	0	0
GSM2533541	15729	A_51_P335801	Calb1	0		NM_009788	2.075550188					1	1	0	0	0	0	0	0	0
GSM2533541	15983	A_52_P550331	Kcnj16	0		NM_010604	2.122238066					0	1	0	0	0	0	0	0	0
GSM2533541	16664	A_51_P277373	Slc8a1	0		NM_001286684	1.314537637					1	1	0	0	0	0	0	0	0
GSM2533541	18179	A_52_P313284	Slc8a1	0		NR_104580	0.833125922					1	1	0	0	0	0	0	0	0
GSM2533541	18232	A_51_P171332	Cldn19	0		NM_153105	0.97190488					1	1	0	0	0	0	0	0	0
GSM2533541	18861	A_51_P239601	Trpv5	0		NM_001007572	1.048363013					0	1	0	0	0	0	0	0	0
GSM2533541	19028	A_52_P231461	Slc8a1	0		NM_011406	1.18058073					0	1	0	0	0	0	0	0	0
GSM2533541	20241	A_51_P335801	Calb1	0		NM_009788	2.053178925					1	1	0	0	0	0	0	0	0
GSM2533541	22525	A_52_P562704	Slc8a1	0		NM_011406	0.6178965347					1	1	0	0	0	0	0	0	0
GSM2533541	22740	A_52_P550325	Kcnj16	0		NM_010604	2.206068679					1	1	0	0	0	0	0	0	0
GSM2533541	23878	A_51_P335801	Calb1	0		NM_009788	2.045690121					1	1	0	0	0	0	0	0	0
GSM2533541	26196	A_51_P357773	Kcnj16	0		NM_010604	2.062331245					0	1	0	0	0	0	0	0	0
GSM2533541	26242	A_52_P499907	Kcnj1	0		NM_019659	2.522548892					1	1	0	0	0	0	0	0	0
GSM2533541	27676	A_52_P351913	Atp2b1	0		AK053569	0.3168108032					1	1	0	0	0	0	0	0	0
GSM2533541	29730	A_52_P611783	Fxyd2	0		NM_052823	1.825007186					1	1	0	0	0	0	0	0	0
GSM2533541	29964	A_51_P335801	Calb1	0		NM_009788	2.030993725					1	1	0	0	0	0	0	0	0
GSM2533541	30753	A_51_P335801	Calb1	0		NM_009788	2.027495811					1	1	0	0	0	0	0	0	0
GSM2533541	31276	A_52_P23661	Cldn19	0		NM_001038590	1.59626277					0	1	0	0	0	0	0	0	0
GSM2533541	33630	A_52_P244931	Slc8a1	0		AK048160	0.0					0	0	0	0	0	0	0	0	0
GSM2533541	37269	A_51_P445985	Slc12a3	0		NM_019415	1.80791841					1	1	0	0	0	0	0	0	0
GSM2533541	38687	A_52_P515497	Atp1a1	0		NM_144900	1.503275998					1	1	0	0	0	0	0	0	0
GSM2533541	40389	A_52_P184322	Trpm6	0		NM_153417	0.3192154944					1	1	0	0	0	0	0	0	0
GSM2533541	40926	A_51_P197499	Bsnd	0		NM_080458	0.4508124159					1	1	0	0	0	0	0	0	0
GSM2533541	44562	A_51_P335801	Calb1	0		NM_009788	2.072564492					1	1	0	0	0	0	1	0	0
GSM2533541	44811	A_51_P222543	Atp2b1	0		NM_026482	-0.0533725365					1	1	0	0	0	0	0	0	0
GSM2533541	45034	A_52_P152274	Clcnka	0		NM_024412	1.294377289					0	1	0	0	0	0	0	0	0
GSM2533542	2344	A_51_P335801	Calb1	0		NM_009788	1.953253686					1	1	0	0	0	0	0	0	0
GSM2533542	3560	A_51_P230799	Atp2b1	0		NM_026482	-0.03907990307					1	1	0	0	0	0	0	0	0
GSM2533542	5551	A_51_P243073	Trpm6	0		AK080899	0.0					0	0	0	0	0	0	0	0	0
GSM2533542	5837	A_51_P428512	Cldn16	0		NM_053241	1.37206377					0	1	0	0	0	0	0	0	0
GSM2533542	5868	A_51_P281586	Cnnm2	0		NM_033569	0.5942071698					1	1	0	0	0	0	0	0	0
GSM2533542	7768	A_51_P335801	Calb1	0		NM_009788	1.981637584					1	1	0	0	0	0	0	0	0
GSM2533542	10045	A_51_P442227	Slc12a1	0		U61381	0.8213828118					0	0	0	0	0	0	0	0	0
GSM2533542	10087	A_52_P260659	Kcnj10	0		NM_001039484	2.17140385					1	1	0	0	0	0	0	0	0
GSM2533542	11353	A_51_P335801	Calb1	0		NM_009788	1.936722383					1	1	0	0	0	0	0	0	0
GSM2533542	11562	A_51_P300817	Atp1a1	0		NM_144900	1.451789321					1	1	0	0	0	0	0	0	0
GSM2533542	12114	A_51_P151484	Atp1b1	0		NM_009721	1.698952169					1	1	0	0	0	0	0	0	0
GSM2533542	12522	A_51_P335801	Calb1	0		NM_009788	1.871513684					1	1	0	0	0	0	0	0	0
GSM2533542	12999	A_52_P348986	Atp2b1	0		NM_026482	-0.2823789882					1	1	0	0	0	0	0	0	0
GSM2533542	13287	A_52_P26118	Slc12a1	0		NM_001079690	2.581795541					1	1	0	0	0	0	0	0	0
GSM2533542	15381	A_51_P352572	Clcnkb	0		AF124847	1.222581869					1	1	0	0	0	0	0	0	0
GSM2533542	15729	A_51_P335801	Calb1	0		NM_009788	1.89787342					1	1	0	0	0	0	0	0	0
GSM2533542	15983	A_52_P550331	Kcnj16	0		NM_010604	2.356651133					0	1	0	0	0	0	0	0	0
GSM2533542	16664	A_51_P277373	Slc8a1	0		NM_001286684	1.340130403					0	1	0	0	0	0	0	0	0
GSM2533542	18179	A_52_P313284	Slc8a1	0		NR_104580	0.7836010723					1	1	0	0	0	0	0	0	0
GSM2533542	18232	A_51_P171332	Cldn19	0		NM_153105	1.370147942					0	1	0	0	0	0	0	0	0
GSM2533542	18861	A_51_P239601	Trpv5	0		NM_001007572	1.168523884					0	1	0	0	0	0	0	0	0
GSM2533542	19028	A_52_P231461	Slc8a1	0		NM_011406	1.538267292					0	1	0	0	0	0	0	0	0
GSM2533542	20241	A_51_P335801	Calb1	0		NM_009788	1.922599056					1	1	0	0	0	0	0	0	0
GSM2533542	22525	A_52_P562704	Slc8a1	0		NM_011406	0.7725257664					1	1	0	0	0	0	0	0	0
GSM2533542	22740	A_52_P550325	Kcnj16	0		NM_010604	1.996769293					1	1	0	0	0	0	0	0	0
GSM2533542	23878	A_51_P335801	Calb1	0		NM_009788	1.951819347					1	1	0	0	0	0	0	0	0
GSM2533542	26196	A_51_P357773	Kcnj16	0		NM_010604	2.152310367					0	1	0	0	0	0	0	0	0
GSM2533542	26242	A_52_P499907	Kcnj1	0		NM_019659	2.361536392					1	1	0	0	0	0	0	0	0
GSM2533542	27676	A_52_P351913	Atp2b1	0		AK053569	0.06745894522					1	1	0	0	0	0	0	0	0
GSM2533542	29730	A_52_P611783	Fxyd2	0		NM_052823	1.709456584					1	1	0	0	0	0	0	0	0
GSM2533542	29964	A_51_P335801	Calb1	0		NM_009788	1.924198311					1	1	0	0	0	0	0	0	0
GSM2533542	30753	A_51_P335801	Calb1	0		NM_009788	1.991079782					1	1	0	0	0	0	0	0	0
GSM2533542	31276	A_52_P23661	Cldn19	0		NM_001038590	1.429970416					1	1	0	0	0	0	0	0	0
GSM2533542	33630	A_52_P244931	Slc8a1	0		AK048160	0.0					0	0	0	0	0	0	0	0	0
GSM2533542	37269	A_51_P445985	Slc12a3	0		NM_019415	1.669185955					1	1	0	0	0	0	0	0	0
GSM2533542	38687	A_52_P515497	Atp1a1	0		NM_144900	1.465366312					1	1	0	0	0	0	0	0	0
GSM2533542	40389	A_52_P184322	Trpm6	0		NM_153417	0.5304774137					1	1	0	0	0	0	0	0	0
GSM2533542	40926	A_51_P197499	Bsnd	0		NM_080458	0.9041589993					1	1	0	0	0	0	0	0	0
GSM2533542	44562	A_51_P335801	Calb1	0		NM_009788	1.93634954					1	1	0	0	0	0	0	0	0
GSM2533542	44811	A_51_P222543	Atp2b1	0		NM_026482	-0.07761494514					1	1	0	0	0	0	0	0	0
GSM2533542	45034	A_52_P152274	Clcnka	0		NM_024412	1.431877959					1	1	0	0	0	0	0	0	0
GSM2533543	2344	A_51_P335801	Calb1	0		NM_009788	2.028158192					1	1	0	0	0	0	0	0	0
GSM2533543	3560	A_51_P230799	Atp2b1	0		NM_026482	-0.1256370666					1	1	0	0	0	0	0	0	0
GSM2533543	5551	A_51_P243073	Trpm6	0		AK080899	0.0					0	0	0	0	0	0	0	0	0
GSM2533543	5837	A_51_P428512	Cldn16	0		NM_053241	1.747558064					0	1	0	0	0	0	0	0	0
GSM2533543	5868	A_51_P281586	Cnnm2	0		NM_033569	0.6100054689					1	1	0	0	0	0	0	0	0
GSM2533543	7768	A_51_P335801	Calb1	0		NM_009788	2.01425003					1	1	0	0	0	0	0	0	0
GSM2533543	10045	A_51_P442227	Slc12a1	0		U61381	0.5268171521					0	0	0	0	0	0	0	0	0
GSM2533543	10087	A_52_P260659	Kcnj10	0		NM_001039484	2.0894775					1	1	0	0	0	0	0	0	0
GSM2533543	11353	A_51_P335801	Calb1	0		NM_009788	1.96385521					1	1	0	0	0	0	0	0	0
GSM2533543	11562	A_51_P300817	Atp1a1	0		NM_144900	1.397757763					1	1	0	0	0	0	0	0	0
GSM2533543	12114	A_51_P151484	Atp1b1	0		NM_009721	1.733978531					1	1	0	0	0	0	0	0	0
GSM2533543	12522	A_51_P335801	Calb1	0		NM_009788	1.988684799					1	1	0	0	0	0	0	0	0
GSM2533543	12999	A_52_P348986	Atp2b1	0		NM_026482	-0.36925523					1	1	0	0	0	0	0	0	0
GSM2533543	13287	A_52_P26118	Slc12a1	0		NM_001079690	2.566453991					1	1	0	0	0	0	0	0	0
GSM2533543	15381	A_51_P352572	Clcnkb	0		AF124847	1.162987541					0	1	0	0	0	0	0	0	0
GSM2533543	15729	A_51_P335801	Calb1	0		NM_009788	2.001581814					1	1	0	0	0	0	0	0	0
GSM2533543	15983	A_52_P550331	Kcnj16	0		NM_010604	2.510500385					0	1	0	0	0	0	0	0	0
GSM2533543	16664	A_51_P277373	Slc8a1	0		NM_001286684	1.461769648					0	1	0	0	0	0	0	0	0
GSM2533543	18179	A_52_P313284	Slc8a1	0		NR_104580	0.6926963058					1	1	0	0	0	0	0	0	0
GSM2533543	18232	A_51_P171332	Cldn19	0		NM_153105	1.195593707					1	1	0	0	0	0	0	0	0
GSM2533543	18861	A_51_P239601	Trpv5	0		NM_001007572	1.141472712					0	1	0	0	0	0	0	0	0
GSM2533543	19028	A_52_P231461	Slc8a1	0		NM_011406	1.347901409					0	1	0	0	0	0	0	0	0
GSM2533543	20241	A_51_P335801	Calb1	0		NM_009788	1.968161837					1	1	0	0	0	0	0	0	0
GSM2533543	22525	A_52_P562704	Slc8a1	0		NM_011406	0.748844361					1	1	0	0	0	0	0	0	0
GSM2533543	22740	A_52_P550325	Kcnj16	0		NM_010604	2.043071086					1	1	0	0	0	0	0	0	0
GSM2533543	23878	A_51_P335801	Calb1	0		NM_009788	1.98295132					1	1	0	0	0	0	0	0	0
GSM2533543	26196	A_51_P357773	Kcnj16	0		NM_010604	2.254796149					0	1	0	0	0	0	0	0	0
GSM2533543	26242	A_52_P499907	Kcnj1	0		NM_019659	2.428428726					1	1	0	0	0	0	0	0	0
GSM2533543	27676	A_52_P351913	Atp2b1	0		AK053569	0.01069897157					1	1	0	0	0	0	0	0	0
GSM2533543	29730	A_52_P611783	Fxyd2	0		NM_052823	1.742114192					1	1	0	0	0	0	0	0	0
GSM2533543	29964	A_51_P335801	Calb1	0		NM_009788	1.988199181					1	1	0	0	0	0	0	0	0
GSM2533543	30753	A_51_P335801	Calb1	0		NM_009788	1.98729859					1	1	0	0	0	0	0	0	0
GSM2533543	31276	A_52_P23661	Cldn19	0		NM_001038590	1.484542612					1	1	0	0	0	0	0	0	0
GSM2533543	33630	A_52_P244931	Slc8a1	0		AK048160	0.0					0	0	0	0	0	0	0	0	0
GSM2533543	37269	A_51_P445985	Slc12a3	0		NM_019415	1.700477268					1	1	0	0	0	0	0	0	0
GSM2533543	38687	A_52_P515497	Atp1a1	0		NM_144900	1.350244452					1	1	0	0	0	0	0	0	0
GSM2533543	40389	A_52_P184322	Trpm6	0		NM_153417	0.5070833331					1	1	0	0	0	0	0	0	0
GSM2533543	40926	A_51_P197499	Bsnd	0		NM_080458	1.007799531					1	1	0	0	0	0	0	0	0
GSM2533543	44562	A_51_P335801	Calb1	0		NM_009788	1.988320899					1	1	0	0	0	0	0	0	0
GSM2533543	44811	A_51_P222543	Atp2b1	0		NM_026482	-0.2616568212					1	1	0	0	0	0	0	0	0
GSM2533543	45034	A_52_P152274	Clcnka	0		NM_024412	1.579220076					1	1	0	0	0	0	0	0	0
GSM2533544	2344	A_51_P335801	Calb1	0		NM_009788	2.063300986					1	1	0	0	0	0	0	0	0
GSM2533544	3560	A_51_P230799	Atp2b1	0		NM_026482	-0.008478811001					1	1	0	0	0	0	0	0	0
GSM2533544	5551	A_51_P243073	Trpm6	0		AK080899	0.0					0	0	0	0	0	0	0	0	0
GSM2533544	5837	A_51_P428512	Cldn16	0		NM_053241	1.539033428					0	1	0	0	0	0	0	0	0
GSM2533544	5868	A_51_P281586	Cnnm2	0		NM_033569	0.6968741838					1	1	0	0	0	0	0	0	0
GSM2533544	7768	A_51_P335801	Calb1	0		NM_009788	2.066766039					1	1	0	0	0	0	0	0	0
GSM2533544	10045	A_51_P442227	Slc12a1	0		U61381	0.2479673549					0	0	0	0	0	0	0	0	0
GSM2533544	10087	A_52_P260659	Kcnj10	0		NM_001039484	2.268222125					0	1	0	0	0	0	0	0	0
GSM2533544	11353	A_51_P335801	Calb1	0		NM_009788	2.008149135					1	1	0	0	0	0	0	0	0
GSM2533544	11562	A_51_P300817	Atp1a1	0		NM_144900	1.474929713					1	1	0	0	0	0	0	0	0
GSM2533544	12114	A_51_P151484	Atp1b1	0		NM_009721	1.720016312					1	1	0	0	0	0	0	0	0
GSM2533544	12522	A_51_P335801	Calb1	0		NM_009788	1.980017259					1	1	0	0	0	0	0	0	0
GSM2533544	12999	A_52_P348986	Atp2b1	0		NM_026482	-0.302839706					1	1	0	0	0	0	0	0	0
GSM2533544	13287	A_52_P26118	Slc12a1	0		NM_001079690	2.483698453					1	1	0	0	0	0	0	0	0
GSM2533544	15381	A_51_P352572	Clcnkb	0		AF124847	1.204674342					0	1	0	0	0	0	0	0	0
GSM2533544	15729	A_51_P335801	Calb1	0		NM_009788	1.973114794					1	1	0	0	0	0	0	0	0
GSM2533544	15983	A_52_P550331	Kcnj16	0		NM_010604	2.152241692					0	1	0	0	0	0	0	0	0
GSM2533544	16664	A_51_P277373	Slc8a1	0		NM_001286684	1.472290652					0	1	0	0	0	0	0	0	0
GSM2533544	18179	A_52_P313284	Slc8a1	0		NR_104580	0.7672050342					1	1	0	0	0	0	0	0	0
GSM2533544	18232	A_51_P171332	Cldn19	0		NM_153105	1.251593214					1	1	0	0	0	0	0	0	0
GSM2533544	18861	A_51_P239601	Trpv5	0		NM_001007572	0.9765269519					0	1	0	0	0	0	0	0	0
GSM2533544	19028	A_52_P231461	Slc8a1	0		NM_011406	1.325196651					0	1	0	0	0	0	0	0	0
GSM2533544	20241	A_51_P335801	Calb1	0		NM_009788	1.993845532					1	1	0	0	0	0	0	0	0
GSM2533544	22525	A_52_P562704	Slc8a1	0		NM_011406	0.7849262834					1	1	0	0	0	0	0	0	0
GSM2533544	22740	A_52_P550325	Kcnj16	0		NM_010604	2.084051116					1	1	0	0	0	0	0	0	0
GSM2533544	23878	A_51_P335801	Calb1	0		NM_009788	2.019297576					1	1	0	0	0	0	0	0	0
GSM2533544	26196	A_51_P357773	Kcnj16	0		NM_010604	2.047190409					0	1	0	0	0	0	0	0	0
GSM2533544	26242	A_52_P499907	Kcnj1	0		NM_019659	2.491016594					1	1	0	0	0	0	0	0	0
GSM2533544	27676	A_52_P351913	Atp2b1	0		AK053569	9.23696704e-05					1	1	0	0	0	0	0	0	0
GSM2533544	29730	A_52_P611783	Fxyd2	0		NM_052823	1.766849696					1	1	0	0	0	0	0	0	0
GSM2533544	29964	A_51_P335801	Calb1	0		NM_009788	2.00633908					1	1	0	0	0	0	0	0	0
GSM2533544	30753	A_51_P335801	Calb1	0		NM_009788	2.013350796					1	1	0	0	0	0	0	0	0
GSM2533544	31276	A_52_P23661	Cldn19	0		NM_001038590	1.466718341					0	1	0	0	0	0	0	0	0
GSM2533544	33630	A_52_P244931	Slc8a1	0		AK048160	0.0					0	0	0	0	0	0	0	0	0
GSM2533544	37269	A_51_P445985	Slc12a3	0		NM_019415	1.779658587					1	1	0	0	0	0	0	0	0
GSM2533544	38687	A_52_P515497	Atp1a1	0		NM_144900	1.393081223					1	1	0	0	0	0	0	0	0
GSM2533544	40389	A_52_P184322	Trpm6	0		NM_153417	0.6316415128					1	1	0	0	0	0	0	0	0
GSM2533544	40926	A_51_P197499	Bsnd	0		NM_080458	0.7601924971					1	1	0	0	0	0	0	0	0
GSM2533544	44562	A_51_P335801	Calb1	0		NM_009788	2.011616816					1	1	0	0	0	0	0	0	0
GSM2533544	44811	A_51_P222543	Atp2b1	0		NM_026482	-0.1664646415					1	1	0	0	0	0	0	0	0
GSM2533544	45034	A_52_P152274	Clcnka	0		NM_024412	1.428049529					0	1	0	0	0	0	0	0	0
GSM2533545	2344	A_51_P335801	Calb1	0		NM_009788	1.953681684					1	1	0	0	0	0	0	0	0
GSM2533545	3560	A_51_P230799	Atp2b1	0		NM_026482	-0.1548355657					1	1	0	0	0	0	0	0	0
GSM2533545	5551	A_51_P243073	Trpm6	0		AK080899	0.0					0	0	0	0	0	0	0	0	0
GSM2533545	5837	A_51_P428512	Cldn16	0		NM_053241	1.506618428					0	1	0	0	0	0	0	0	0
GSM2533545	5868	A_51_P281586	Cnnm2	0		NM_033569	0.5819794486					1	1	0	0	0	0	0	0	0
GSM2533545	7768	A_51_P335801	Calb1	0		NM_009788	1.927788309					1	1	0	0	0	0	0	0	0
GSM2533545	10045	A_51_P442227	Slc12a1	0		U61381	0.7949846082					0	1	0	0	0	0	0	0	0
GSM2533545	10087	A_52_P260659	Kcnj10	0		NM_001039484	2.098170338					1	1	0	0	0	0	0	0	0
GSM2533545	11353	A_51_P335801	Calb1	0		NM_009788	1.929891262					1	1	0	0	0	0	0	0	0
GSM2533545	11562	A_51_P300817	Atp1a1	0		NM_144900	1.407199596					1	1	0	0	0	0	0	0	0
GSM2533545	12114	A_51_P151484	Atp1b1	0		NM_009721	1.72317441					1	1	0	0	0	0	0	0	0
GSM2533545	12522	A_51_P335801	Calb1	0		NM_009788	1.911852373					1	1	0	0	0	0	0	0	0
GSM2533545	12999	A_52_P348986	Atp2b1	0		NM_026482	-0.3010735431					1	1	0	0	0	0	0	0	0
GSM2533545	13287	A_52_P26118	Slc12a1	0		NM_001079690	2.351740133					1	1	0	0	0	0	0	0	0
GSM2533545	15381	A_51_P352572	Clcnkb	0		AF124847	1.165526345					1	1	0	0	0	0	0	0	0
GSM2533545	15729	A_51_P335801	Calb1	0		NM_009788	1.911390208					1	1	0	0	0	0	0	0	0
GSM2533545	15983	A_52_P550331	Kcnj16	0		NM_010604	2.110909961					0	1	0	0	0	0	0	0	0
GSM2533545	16664	A_51_P277373	Slc8a1	0		NM_001286684	1.230731604					1	1	0	0	0	0	0	0	0
GSM2533545	18179	A_52_P313284	Slc8a1	0		NR_104580	0.637743002					1	1	0	0	0	0	0	0	0
GSM2533545	18232	A_51_P171332	Cldn19	0		NM_153105	1.079415536					1	1	0	0	0	0	0	0	0
GSM2533545	18861	A_51_P239601	Trpv5	0		NM_001007572	1.251111694					0	1	0	0	0	0	0	0	0
GSM2533545	19028	A_52_P231461	Slc8a1	0		NM_011406	1.446792971					0	1	0	0	0	0	0	0	0
GSM2533545	20241	A_51_P335801	Calb1	0		NM_009788	1.894439379					1	1	0	0	0	0	0	0	0
GSM2533545	22525	A_52_P562704	Slc8a1	0		NM_011406	0.530540681					1	1	0	0	0	0	0	0	0
GSM2533545	22740	A_52_P550325	Kcnj16	0		NM_010604	2.050558981					1	1	0	0	0	0	0	0	0
GSM2533545	23878	A_51_P335801	Calb1	0		NM_009788	1.946589027					1	1	0	0	0	0	0	0	0
GSM2533545	26196	A_51_P357773	Kcnj16	0		NM_010604	1.903467386					1	1	0	0	0	0	0	0	0
GSM2533545	26242	A_52_P499907	Kcnj1	0		NM_019659	2.327798548					1	1	0	0	0	0	0	0	0
GSM2533545	27676	A_52_P351913	Atp2b1	0		AK053569	-0.040976859					1	1	0	0	0	0	0	0	0
GSM2533545	29730	A_52_P611783	Fxyd2	0		NM_052823	1.706812654					1	1	0	0	0	0	0	0	0
GSM2533545	29964	A_51_P335801	Calb1	0		NM_009788	1.944183624					1	1	0	0	0	0	0	0	0
GSM2533545	30753	A_51_P335801	Calb1	0		NM_009788	1.944390971					1	1	0	0	0	0	0	0	0
GSM2533545	31276	A_52_P23661	Cldn19	0		NM_001038590	1.360060628					1	1	0	0	0	0	0	0	0
GSM2533545	33630	A_52_P244931	Slc8a1	0		AK048160	-0.002763577657					0	0	0	0	0	0	0	0	0
GSM2533545	37269	A_51_P445985	Slc12a3	0		NM_019415	1.7057826					1	1	0	0	0	0	0	0	0
GSM2533545	38687	A_52_P515497	Atp1a1	0		NM_144900	1.372621916					1	1	0	0	0	0	0	0	0
GSM2533545	40389	A_52_P184322	Trpm6	0		NM_153417	0.5292749354					1	1	0	0	0	0	0	0	0
GSM2533545	40926	A_51_P197499	Bsnd	0		NM_080458	0.9141355508					1	1	0	0	0	0	0	0	0
GSM2533545	44562	A_51_P335801	Calb1	0		NM_009788	1.9499407					1	1	0	0	0	0	0	0	0
GSM2533545	44811	A_51_P222543	Atp2b1	0		NM_026482	-0.2123326364					1	1	0	0	0	0	0	0	0
GSM2533545	45034	A_52_P152274	Clcnka	0		NM_024412	1.429144182					1	1	0	0	0	0	0	0	0
GSM2533546	2344	A_51_P335801	Calb1	0		NM_009788	1.9284038					1	1	0	0	0	0	0	0	0
GSM2533546	3560	A_51_P230799	Atp2b1	0		NM_026482	-0.2202684731					1	1	0	0	0	0	0	0	0
GSM2533546	5551	A_51_P243073	Trpm6	0		AK080899	0.0					0	0	0	0	0	0	0	0	0
GSM2533546	5837	A_51_P428512	Cldn16	0		NM_053241	1.898716475					0	1	0	0	0	0	0	0	0
GSM2533546	5868	A_51_P281586	Cnnm2	0		NM_033569	0.5153323109					1	1	0	0	0	0	0	0	0
GSM2533546	7768	A_51_P335801	Calb1	0		NM_009788	1.895856227					1	1	0	0	0	0	0	0	0
GSM2533546	10045	A_51_P442227	Slc12a1	0		U61381	0.6771857449					0	1	0	0	0	0	0	0	0
GSM2533546	10087	A_52_P260659	Kcnj10	0		NM_001039484	2.009040608					1	1	0	0	0	0	0	0	0
GSM2533546	11353	A_51_P335801	Calb1	0		NM_009788	1.903343142					1	1	0	0	0	0	0	0	0
GSM2533546	11562	A_51_P300817	Atp1a1	0		NM_144900	1.538404506					1	1	0	0	0	0	0	0	0
GSM2533546	12114	A_51_P151484	Atp1b1	0		NM_009721	1.690375464					1	1	0	0	0	0	0	0	0
GSM2533546	12522	A_51_P335801	Calb1	0		NM_009788	1.861657427					1	1	0	0	0	0	0	0	0
GSM2533546	12999	A_52_P348986	Atp2b1	0		NM_026482	-0.3106003603					1	1	0	0	0	0	0	0	0
GSM2533546	13287	A_52_P26118	Slc12a1	0		NM_001079690	2.552215635					1	1	0	0	0	0	0	0	0
GSM2533546	15381	A_51_P352572	Clcnkb	0		AF124847	1.160947489					1	1	0	0	0	0	0	0	0
GSM2533546	15729	A_51_P335801	Calb1	0		NM_009788	1.901351034					1	1	0	0	0	0	0	0	0
GSM2533546	15983	A_52_P550331	Kcnj16	0		NM_010604	2.464824886					0	1	0	0	0	0	0	0	0
GSM2533546	16664	A_51_P277373	Slc8a1	0		NM_001286684	1.310886732					1	1	0	0	0	0	0	0	0
GSM2533546	18179	A_52_P313284	Slc8a1	0		NR_104580	0.6687630472					1	1	0	0	0	0	0	0	0
GSM2533546	18232	A_51_P171332	Cldn19	0		NM_153105	1.271098135					1	1	0	0	0	0	0	0	0
GSM2533546	18861	A_51_P239601	Trpv5	0		NM_001007572	1.35504249					0	1	0	0	0	0	0	0	0
GSM2533546	19028	A_52_P231461	Slc8a1	0		NM_011406	1.51490294					0	1	0	0	0	0	0	0	0
GSM2533546	20241	A_51_P335801	Calb1	0		NM_009788	1.885847122					1	1	0	0	0	0	0	0	0
GSM2533546	22525	A_52_P562704	Slc8a1	0		NM_011406	0.5873105504					1	1	0	0	0	0	0	0	0
GSM2533546	22740	A_52_P550325	Kcnj16	0		NM_010604	1.985926791					1	1	0	0	0	0	0	0	0
GSM2533546	23878	A_51_P335801	Calb1	0		NM_009788	1.89129997					1	1	0	0	0	0	0	0	0
GSM2533546	26196	A_51_P357773	Kcnj16	0		NM_010604	1.984264209					0	1	0	0	0	0	0	0	0
GSM2533546	26242	A_52_P499907	Kcnj1	0		NM_019659	2.334069401					1	1	0	0	0	0	0	0	0
GSM2533546	27676	A_52_P351913	Atp2b1	0		AK053569	0.09348230559					1	1	0	0	0	0	0	0	0
GSM2533546	29730	A_52_P611783	Fxyd2	0		NM_052823	1.66224685					1	1	0	0	0	0	0	0	0
GSM2533546	29964	A_51_P335801	Calb1	0		NM_009788	1.890921721					1	1	0	0	0	0	0	0	0
GSM2533546	30753	A_51_P335801	Calb1	0		NM_009788	1.893183607					1	1	0	0	0	0	0	0	0
GSM2533546	31276	A_52_P23661	Cldn19	0		NM_001038590	1.458371264					1	1	0	0	0	0	0	0	0
GSM2533546	33630	A_52_P244931	Slc8a1	0		AK048160	0.0					0	0	0	0	0	0	0	0	0
GSM2533546	37269	A_51_P445985	Slc12a3	0		NM_019415	1.68236088					1	1	0	0	0	0	0	0	0
GSM2533546	38687	A_52_P515497	Atp1a1	0		NM_144900	1.439403831					1	1	0	0	0	0	0	0	0
GSM2533546	40389	A_52_P184322	Trpm6	0		NM_153417	0.745875449					1	1	0	0	0	0	0	0	0
GSM2533546	40926	A_51_P197499	Bsnd	0		NM_080458	0.926587702					1	1	0	0	0	0	0	0	0
GSM2533546	44562	A_51_P335801	Calb1	0		NM_009788	1.897832924					1	1	0	0	0	0	0	0	0
GSM2533546	44811	A_51_P222543	Atp2b1	0		NM_026482	-0.1701199207					1	1	0	0	0	0	0	0	0
GSM2533546	45034	A_52_P152274	Clcnka	0		NM_024412	1.417524939					1	1	0	0	0	0	0	0	0
GSM2533547	2344	A_51_P335801	Calb1	0		NM_009788	1.838863456					1	1	0	0	0	0	0	0	0
GSM2533547	3560	A_51_P230799	Atp2b1	0		NM_026482	-0.1303453116					1	1	0	0	0	0	0	0	0
GSM2533547	5551	A_51_P243073	Trpm6	0		AK080899	0.0					0	0	0	0	0	0	0	0	0
GSM2533547	5837	A_51_P428512	Cldn16	0		NM_053241	1.367141452					1	1	0	0	0	0	0	0	0
GSM2533547	5868	A_51_P281586	Cnnm2	0		NM_033569	0.5260213353					1	1	0	0	0	0	0	0	0
GSM2533547	7768	A_51_P335801	Calb1	0		NM_009788	1.841894437					1	1	0	0	0	0	0	0	0
GSM2533547	10045	A_51_P442227	Slc12a1	0		U61381	0.4990183004					0	1	0	0	0	0	0	0	0
GSM2533547	10087	A_52_P260659	Kcnj10	0		NM_001039484	1.921089509					1	1	0	0	0	0	0	0	0
GSM2533547	11353	A_51_P335801	Calb1	0		NM_009788	1.847834936					1	1	0	0	0	0	0	0	0
GSM2533547	11562	A_51_P300817	Atp1a1	0		NM_144900	1.363991382					1	1	0	0	0	0	0	0	0
GSM2533547	12114	A_51_P151484	Atp1b1	0		NM_009721	1.719093381					1	1	0	0	0	0	0	0	0
GSM2533547	12522	A_51_P335801	Calb1	0		NM_009788	1.832761727					1	1	0	0	0	0	0	0	0
GSM2533547	12999	A_52_P348986	Atp2b1	0		NM_026482	-0.2832602919					1	1	0	0	0	0	0	0	0
GSM2533547	13287	A_52_P26118	Slc12a1	0		NM_001079690	2.494060748					1	1	0	0	0	0	0	0	0
GSM2533547	15381	A_51_P352572	Clcnkb	0		AF124847	1.124031495					1	1	0	0	0	0	0	0	0
GSM2533547	15729	A_51_P335801	Calb1	0		NM_009788	1.855113366					1	1	0	0	0	0	0	0	0
GSM2533547	15983	A_52_P550331	Kcnj16	0		NM_010604	2.286573041					0	1	0	0	0	0	0	0	0
GSM2533547	16664	A_51_P277373	Slc8a1	0		NM_001286684	1.333866047					1	1	0	0	0	0	0	0	0
GSM2533547	18179	A_52_P313284	Slc8a1	0		NR_104580	0.6567090885					1	1	0	0	0	0	0	0	0
GSM2533547	18232	A_51_P171332	Cldn19	0		NM_153105	1.033811855					1	1	0	0	0	0	0	0	0
GSM2533547	18861	A_51_P239601	Trpv5	0		NM_001007572	1.069623754					0	1	0	0	0	0	0	0	0
GSM2533547	19028	A_52_P231461	Slc8a1	0		NM_011406	1.693286822					0	1	0	0	0	0	0	0	0
GSM2533547	20241	A_51_P335801	Calb1	0		NM_009788	1.846555823					1	1	0	0	0	0	0	0	0
GSM2533547	22525	A_52_P562704	Slc8a1	0		NM_011406	0.6654040421					1	1	0	0	0	0	0	0	0
GSM2533547	22740	A_52_P550325	Kcnj16	0		NM_010604	1.969428332					1	1	0	0	0	0	0	0	0
GSM2533547	23878	A_51_P335801	Calb1	0		NM_009788	1.863260347					1	1	0	0	0	0	0	0	0
GSM2533547	26196	A_51_P357773	Kcnj16	0		NM_010604	1.759685451					1	1	0	0	0	0	0	0	0
GSM2533547	26242	A_52_P499907	Kcnj1	0		NM_019659	2.314543006					1	1	0	0	0	0	0	0	0
GSM2533547	27676	A_52_P351913	Atp2b1	0		AK053569	0.1443341711					1	1	0	0	0	0	0	0	0
GSM2533547	29730	A_52_P611783	Fxyd2	0		NM_052823	1.646646067					1	1	0	0	0	0	0	0	0
GSM2533547	29964	A_51_P335801	Calb1	0		NM_009788	1.85127156					1	1	0	0	0	0	0	0	0
GSM2533547	30753	A_51_P335801	Calb1	0		NM_009788	1.862626192					1	1	0	0	0	0	0	0	0
GSM2533547	31276	A_52_P23661	Cldn19	0		NM_001038590	1.464208629					1	1	0	0	0	0	0	0	0
GSM2533547	33630	A_52_P244931	Slc8a1	0		AK048160	-0.2748432257					0	0	0	0	0	0	0	0	0
GSM2533547	37269	A_51_P445985	Slc12a3	0		NM_019415	1.614488605					1	1	0	0	0	0	0	0	0
GSM2533547	38687	A_52_P515497	Atp1a1	0		NM_144900	1.383838602					1	1	0	0	0	0	0	0	0
GSM2533547	40389	A_52_P184322	Trpm6	0		NM_153417	0.6320740332					1	1	0	0	0	0	0	0	0
GSM2533547	40926	A_51_P197499	Bsnd	0		NM_080458	0.8418313969					1	1	0	0	0	0	0	0	0
GSM2533547	44562	A_51_P335801	Calb1	0		NM_009788	1.847648458					1	1	0	0	0	0	0	0	0
GSM2533547	44811	A_51_P222543	Atp2b1	0		NM_026482	-0.2064688846					1	1	0	0	0	0	0	0	0
GSM2533547	45034	A_52_P152274	Clcnka	0		NM_024412	1.338235694					1	1	0	0	0	0	0	0	0
GSM2533548	2344	A_51_P335801	Calb1	0		NM_009788	1.894305956					1	1	0	0	0	0	0	0	0
GSM2533548	3560	A_51_P230799	Atp2b1	0		NM_026482	-0.1233816458					1	1	0	0	0	0	0	0	0
GSM2533548	5551	A_51_P243073	Trpm6	0		AK080899	0.05380272077					0	0	0	0	0	0	0	0	0
GSM2533548	5837	A_51_P428512	Cldn16	0		NM_053241	1.513235775					0	1	0	0	0	0	0	0	0
GSM2533548	5868	A_51_P281586	Cnnm2	0		NM_033569	0.632875506					1	1	0	0	0	0	0	0	0
GSM2533548	7768	A_51_P335801	Calb1	0		NM_009788	1.90964304					1	1	0	0	0	0	0	0	0
GSM2533548	10045	A_51_P442227	Slc12a1	0		U61381	0.8241517572					0	1	0	0	0	0	0	0	0
GSM2533548	10087	A_52_P260659	Kcnj10	0		NM_001039484	2.083957917					1	1	0	0	0	0	0	0	0
GSM2533548	11353	A_51_P335801	Calb1	0		NM_009788	1.888320549					1	1	0	0	0	0	0	0	0
GSM2533548	11562	A_51_P300817	Atp1a1	0		NM_144900	1.498823758					1	1	0	0	0	0	0	0	0
GSM2533548	12114	A_51_P151484	Atp1b1	0		NM_009721	1.679172535					1	1	0	0	0	0	0	0	0
GSM2533548	12522	A_51_P335801	Calb1	0		NM_009788	1.882217571					1	1	0	0	0	0	0	0	0
GSM2533548	12999	A_52_P348986	Atp2b1	0		NM_026482	-0.327684686					1	1	0	0	0	0	0	0	0
GSM2533548	13287	A_52_P26118	Slc12a1	0		NM_001079690	2.577248498					1	1	0	0	0	0	0	0	0
GSM2533548	15381	A_51_P352572	Clcnkb	0		AF124847	0.8017629183					1	1	0	0	0	0	0	0	0
GSM2533548	15729	A_51_P335801	Calb1	0		NM_009788	1.92448173					1	1	0	0	0	0	0	0	0
GSM2533548	15983	A_52_P550331	Kcnj16	0		NM_010604	2.238444013					0	1	0	0	0	0	0	0	0
GSM2533548	16664	A_51_P277373	Slc8a1	0		NM_001286684	1.245077689					1	1	0	0	0	0	0	0	0
GSM2533548	18179	A_52_P313284	Slc8a1	0		NR_104580	0.711061865					1	1	0	0	0	0	0	0	0
GSM2533548	18232	A_51_P171332	Cldn19	0		NM_153105	1.329499811					1	1	0	0	0	0	0	0	0
GSM2533548	18861	A_51_P239601	Trpv5	0		NM_001007572	1.199412649					0	1	0	0	0	0	0	0	0
GSM2533548	19028	A_52_P231461	Slc8a1	0		NM_011406	1.404208818					0	1	0	0	0	0	0	0	0
GSM2533548	20241	A_51_P335801	Calb1	0		NM_009788	1.918626324					1	1	0	0	0	0	0	0	0
GSM2533548	22525	A_52_P562704	Slc8a1	0		NM_011406	0.7324825042					1	1	0	0	0	0	0	0	0
GSM2533548	22740	A_52_P550325	Kcnj16	0		NM_010604	1.940197458					1	1	0	0	0	0	0	0	0
GSM2533548	23878	A_51_P335801	Calb1	0		NM_009788	1.883345008					1	1	0	0	0	0	0	0	0
GSM2533548	26196	A_51_P357773	Kcnj16	0		NM_010604	1.934831708					0	1	0	0	0	0	0	0	0
GSM2533548	26242	A_52_P499907	Kcnj1	0		NM_019659	2.342937187					1	1	0	0	0	0	0	0	0
GSM2533548	27676	A_52_P351913	Atp2b1	0		AK053569	-0.04838250434					1	1	0	0	0	0	0	0	0
GSM2533548	29730	A_52_P611783	Fxyd2	0		NM_052823	1.68968467					1	1	0	0	0	0	0	0	0
GSM2533548	29964	A_51_P335801	Calb1	0		NM_009788	1.928507963					1	1	0	0	0	0	0	0	0
GSM2533548	30753	A_51_P335801	Calb1	0		NM_009788	1.875244061					1	1	0	0	0	0	0	0	0
GSM2533548	31276	A_52_P23661	Cldn19	0		NM_001038590	1.284341047					1	1	0	0	0	0	0	0	0
GSM2533548	33630	A_52_P244931	Slc8a1	0		AK048160	0.0					0	0	0	0	0	0	0	0	0
GSM2533548	37269	A_51_P445985	Slc12a3	0		NM_019415	1.628682093					1	1	0	0	0	0	0	0	0
GSM2533548	38687	A_52_P515497	Atp1a1	0		NM_144900	1.405347352					1	1	0	0	0	0	0	0	0
GSM2533548	40389	A_52_P184322	Trpm6	0		NM_153417	0.8180733822					1	1	0	0	0	0	0	0	0
GSM2533548	40926	A_51_P197499	Bsnd	0		NM_080458	0.8369027377					1	1	0	0	0	0	0	0	0
GSM2533548	44562	A_51_P335801	Calb1	0		NM_009788	1.858276333					1	1	0	0	0	0	0	0	0
GSM2533548	44811	A_51_P222543	Atp2b1	0		NM_026482	-0.2083563617					1	1	0	0	0	0	0	0	0
GSM2533548	45034	A_52_P152274	Clcnka	0		NM_024412	1.402473025					1	1	0	0	0	0	0	0	0
GSM2533549	2344	A_51_P335801	Calb1	0		NM_009788	1.917570697					1	1	0	0	0	0	0	0	0
GSM2533549	3560	A_51_P230799	Atp2b1	0		NM_026482	-0.1490295332					1	1	0	0	0	0	0	0	0
GSM2533549	5551	A_51_P243073	Trpm6	0		AK080899	0.005626521476					0	0	0	0	0	0	0	0	0
GSM2533549	5837	A_51_P428512	Cldn16	0		NM_053241	1.679805245					0	1	0	0	0	0	0	0	0
GSM2533549	5868	A_51_P281586	Cnnm2	0		NM_033569	0.6578389152					1	1	0	0	0	0	0	0	0
GSM2533549	7768	A_51_P335801	Calb1	0		NM_009788	1.904549421					1	1	0	0	0	0	0	0	0
GSM2533549	10045	A_51_P442227	Slc12a1	0		U61381	0.6760067845					0	1	0	0	0	0	0	0	0
GSM2533549	10087	A_52_P260659	Kcnj10	0		NM_001039484	2.011550477					1	1	0	0	0	0	0	0	0
GSM2533549	11353	A_51_P335801	Calb1	0		NM_009788	1.880508881					1	1	0	0	0	0	0	0	0
GSM2533549	11562	A_51_P300817	Atp1a1	0		NM_144900	1.508311297					1	1	0	0	0	0	0	0	0
GSM2533549	12114	A_51_P151484	Atp1b1	0		NM_009721	1.75447283					1	1	0	0	0	0	0	0	0
GSM2533549	12522	A_51_P335801	Calb1	0		NM_009788	1.886720101					1	1	0	0	0	0	0	0	0
GSM2533549	12999	A_52_P348986	Atp2b1	0		NM_026482	-0.221893609					1	1	0	0	0	0	0	0	0
GSM2533549	13287	A_52_P26118	Slc12a1	0		NM_001079690	2.57725392					1	1	0	0	0	0	0	0	0
GSM2533549	15381	A_51_P352572	Clcnkb	0		AF124847	0.8401293602					1	1	0	0	0	0	0	0	0
GSM2533549	15729	A_51_P335801	Calb1	0		NM_009788	1.906388971					1	1	0	0	0	0	0	0	0
GSM2533549	15983	A_52_P550331	Kcnj16	0		NM_010604	2.171674359					0	1	0	0	0	0	0	0	0
GSM2533549	16664	A_51_P277373	Slc8a1	0		NM_001286684	1.220791444					1	1	0	0	0	0	0	0	0
GSM2533549	18179	A_52_P313284	Slc8a1	0		NR_104580	0.7704325362					1	1	0	0	0	0	0	0	0
GSM2533549	18232	A_51_P171332	Cldn19	0		NM_153105	1.196361938					1	1	0	0	0	0	0	0	0
GSM2533549	18861	A_51_P239601	Trpv5	0		NM_001007572	1.110388503					0	1	0	0	0	0	0	0	0
GSM2533549	19028	A_52_P231461	Slc8a1	0		NM_011406	1.388226341					0	1	0	0	0	0	0	0	0
GSM2533549	20241	A_51_P335801	Calb1	0		NM_009788	1.896317802					1	1	0	0	0	0	0	0	0
GSM2533549	22525	A_52_P562704	Slc8a1	0		NM_011406	0.7082459008					1	1	0	0	0	0	0	0	0
GSM2533549	22740	A_52_P550325	Kcnj16	0		NM_010604	1.970159458					1	1	0	0	0	0	0	0	0
GSM2533549	23878	A_51_P335801	Calb1	0		NM_009788	1.871594831					1	1	0	0	0	0	0	0	0
GSM2533549	26196	A_51_P357773	Kcnj16	0		NM_010604	1.779356412					1	1	0	0	0	0	0	0	0
GSM2533549	26242	A_52_P499907	Kcnj1	0		NM_019659	2.368144293					1	1	0	0	0	0	0	0	0
GSM2533549	27676	A_52_P351913	Atp2b1	0		AK053569	0.08727127365					1	1	0	0	0	0	0	0	0
GSM2533549	29730	A_52_P611783	Fxyd2	0		NM_052823	1.684752087					1	1	0	0	0	0	0	0	0
GSM2533549	29964	A_51_P335801	Calb1	0		NM_009788	1.912927243					1	1	0	0	0	0	0	0	0
GSM2533549	30753	A_51_P335801	Calb1	0		NM_009788	1.879727642					1	1	0	0	0	0	0	0	0
GSM2533549	31276	A_52_P23661	Cldn19	0		NM_001038590	1.34191337					1	1	0	0	0	0	0	0	0
GSM2533549	33630	A_52_P244931	Slc8a1	0		AK048160	0.0					0	0	0	0	0	0	0	0	0
GSM2533549	37269	A_51_P445985	Slc12a3	0		NM_019415	1.646021929					1	1	0	0	0	0	0	0	0
GSM2533549	38687	A_52_P515497	Atp1a1	0		NM_144900	1.466978152					1	1	0	0	0	0	0	0	0
GSM2533549	40389	A_52_P184322	Trpm6	0		NM_153417	0.6257778513					1	1	0	0	0	0	0	0	0
GSM2533549	40926	A_51_P197499	Bsnd	0		NM_080458	0.8176771946					1	1	0	0	0	0	0	0	0
GSM2533549	44562	A_51_P335801	Calb1	0		NM_009788	1.896290731					1	1	0	0	0	0	0	1	0
GSM2533549	44811	A_51_P222543	Atp2b1	0		NM_026482	-0.1133840238					1	1	0	0	0	0	0	0	0
GSM2533549	45034	A_52_P152274	Clcnka	0		NM_024412	1.344016692					1	1	0	0	0	0	0	0	0
GSM2533550	2344	A_51_P335801	Calb1	0		NM_009788	1.954142711					1	1	0	0	0	0	0	1	0
GSM2533550	3560	A_51_P230799	Atp2b1	0		NM_026482	-0.2840859364					1	1	0	0	0	0	0	0	0
GSM2533550	5551	A_51_P243073	Trpm6	0		AK080899	0.0					0	0	0	0	0	0	0	0	0
GSM2533550	5837	A_51_P428512	Cldn16	0		NM_053241	1.639083804					0	1	0	0	0	0	0	0	0
GSM2533550	5868	A_51_P281586	Cnnm2	0		NM_033569	0.7356909895					1	1	0	0	0	0	0	0	0
GSM2533550	7768	A_51_P335801	Calb1	0		NM_009788	1.921379247					1	1	0	0	0	0	0	0	0
GSM2533550	10045	A_51_P442227	Slc12a1	0		U61381	0.4077539277					0	0	0	0	0	0	0	0	0
GSM2533550	10087	A_52_P260659	Kcnj10	0		NM_001039484	2.125498205					1	1	0	0	0	0	0	0	0
GSM2533550	11353	A_51_P335801	Calb1	0		NM_009788	1.920683586					1	1	0	0	0	0	0	0	0
GSM2533550	11562	A_51_P300817	Atp1a1	0		NM_144900	1.524375408					1	1	0	0	0	0	0	0	0
GSM2533550	12114	A_51_P151484	Atp1b1	0		NM_009721	1.738833864					1	1	0	0	0	0	0	0	0
GSM2533550	12522	A_51_P335801	Calb1	0		NM_009788	1.924375937					1	1	0	0	0	0	0	0	0
GSM2533550	12999	A_52_P348986	Atp2b1	0		NM_026482	-0.3512172809					1	1	0	0	0	0	0	0	0
GSM2533550	13287	A_52_P26118	Slc12a1	0		NM_001079690	2.49367581					1	1	0	0	0	0	0	0	0
GSM2533550	15381	A_51_P352572	Clcnkb	0		AF124847	0.8883049832					1	1	0	0	0	0	0	0	0
GSM2533550	15729	A_51_P335801	Calb1	0		NM_009788	1.965473756					1	1	0	0	0	0	0	0	0
GSM2533550	15983	A_52_P550331	Kcnj16	0		NM_010604	2.548434078					0	1	0	0	0	0	0	0	0
GSM2533550	16664	A_51_P277373	Slc8a1	0		NM_001286684	1.199562568					1	1	0	0	0	0	0	0	0
GSM2533550	18179	A_52_P313284	Slc8a1	0		NR_104580	0.8092331952					1	1	0	0	0	0	0	0	0
GSM2533550	18232	A_51_P171332	Cldn19	0		NM_153105	1.038406962					1	1	0	0	0	0	0	0	0
GSM2533550	18861	A_51_P239601	Trpv5	0		NM_001007572	1.132878525					0	1	0	0	0	0	0	0	0
GSM2533550	19028	A_52_P231461	Slc8a1	0		NM_011406	1.322971441					0	1	0	0	0	0	0	0	0
GSM2533550	20241	A_51_P335801	Calb1	0		NM_009788	1.95977757					1	1	0	0	0	0	0	0	0
GSM2533550	22525	A_52_P562704	Slc8a1	0		NM_011406	0.7577290505					1	1	0	0	0	0	0	0	0
GSM2533550	22740	A_52_P550325	Kcnj16	0		NM_010604	1.991206101					1	1	0	0	0	0	0	0	0
GSM2533550	23878	A_51_P335801	Calb1	0		NM_009788	1.92348208					1	1	0	0	0	0	0	0	0
GSM2533550	26196	A_51_P357773	Kcnj16	0		NM_010604	2.031072239					0	1	0	0	0	0	0	0	0
GSM2533550	26242	A_52_P499907	Kcnj1	0		NM_019659	2.386687388					1	1	0	0	0	0	0	0	0
GSM2533550	27676	A_52_P351913	Atp2b1	0		AK053569	0.09082153549					1	1	0	0	0	0	0	0	0
GSM2533550	29730	A_52_P611783	Fxyd2	0		NM_052823	1.738855381					1	1	0	0	0	0	0	0	0
GSM2533550	29964	A_51_P335801	Calb1	0		NM_009788	1.941564415					1	1	0	0	0	0	0	0	0
GSM2533550	30753	A_51_P335801	Calb1	0		NM_009788	1.930808013					1	1	0	0	0	0	0	0	0
GSM2533550	31276	A_52_P23661	Cldn19	0		NM_001038590	1.206314455					1	1	0	0	0	0	0	0	0
GSM2533550	33630	A_52_P244931	Slc8a1	0		AK048160	0.0					0	0	0	0	0	0	0	0	0
GSM2533550	37269	A_51_P445985	Slc12a3	0		NM_019415	1.701209951					1	1	0	0	0	0	0	0	0
GSM2533550	38687	A_52_P515497	Atp1a1	0		NM_144900	1.419443848					1	1	0	0	0	0	0	0	0
GSM2533550	40389	A_52_P184322	Trpm6	0		NM_153417	0.5928582051					1	1	0	0	0	0	0	0	0
GSM2533550	40926	A_51_P197499	Bsnd	0		NM_080458	0.8540610073					1	1	0	0	0	0	0	0	0
GSM2533550	44562	A_51_P335801	Calb1	0		NM_009788	1.925996562					1	1	0	0	0	0	0	1	0
GSM2533550	44811	A_51_P222543	Atp2b1	0		NM_026482	-0.2016441428					1	1	0	0	0	0	0	0	0
GSM2533550	45034	A_52_P152274	Clcnka	0		NM_024412	1.521641582					1	1	0	0	0	0	0	0	0
GSM2533551	2344	A_51_P335801	Calb1	0		NM_009788	1.996307122					1	1	0	0	0	0	0	0	0
GSM2533551	3560	A_51_P230799	Atp2b1	0		NM_026482	-0.2275382958					1	1	0	0	0	0	0	0	0
GSM2533551	5551	A_51_P243073	Trpm6	0		AK080899	0.0					0	0	0	0	0	0	0	0	0
GSM2533551	5837	A_51_P428512	Cldn16	0		NM_053241	1.366724054					0	1	0	0	0	0	0	0	0
GSM2533551	5868	A_51_P281586	Cnnm2	0		NM_033569	0.5980699475					1	1	0	0	0	0	0	0	0
GSM2533551	7768	A_51_P335801	Calb1	0		NM_009788	1.978769824					1	1	0	0	0	0	0	0	0
GSM2533551	10045	A_51_P442227	Slc12a1	0		U61381	0.214000171					0	0	0	0	0	0	0	0	0
GSM2533551	10087	A_52_P260659	Kcnj10	0		NM_001039484	2.155528214					1	1	0	0	0	0	0	0	0
GSM2533551	11353	A_51_P335801	Calb1	0		NM_009788	1.940735596					1	1	0	0	0	0	0	0	0
GSM2533551	11562	A_51_P300817	Atp1a1	0		NM_144900	1.479333342					1	1	0	0	0	0	0	0	0
GSM2533551	12114	A_51_P151484	Atp1b1	0		NM_009721	1.736945878					1	1	0	0	0	0	0	0	0
GSM2533551	12522	A_51_P335801	Calb1	0		NM_009788	1.935408407					1	1	0	0	0	0	0	0	0
GSM2533551	12999	A_52_P348986	Atp2b1	0		NM_026482	-0.2048249571					1	1	0	0	0	0	0	0	0
GSM2533551	13287	A_52_P26118	Slc12a1	0		NM_001079690	2.474496498					1	1	0	0	0	0	0	0	0
GSM2533551	15381	A_51_P352572	Clcnkb	0		AF124847	0.8480229838					1	1	0	0	0	0	0	0	0
GSM2533551	15729	A_51_P335801	Calb1	0		NM_009788	1.945989947					1	1	0	0	0	0	0	0	0
GSM2533551	15983	A_52_P550331	Kcnj16	0		NM_010604	2.187114041					0	1	0	0	0	0	0	0	0
GSM2533551	16664	A_51_P277373	Slc8a1	0		NM_001286684	1.009808655					1	1	0	0	0	0	0	0	0
GSM2533551	18179	A_52_P313284	Slc8a1	0		NR_104580	0.4614998954					1	1	0	0	0	0	0	0	0
GSM2533551	18232	A_51_P171332	Cldn19	0		NM_153105	1.05998358					1	1	0	0	0	0	0	0	0
GSM2533551	18861	A_51_P239601	Trpv5	0		NM_001007572	0.9157002433					0	1	0	0	0	0	0	0	0
GSM2533551	19028	A_52_P231461	Slc8a1	0		NM_011406	1.080934895					0	1	0	0	0	0	0	0	0
GSM2533551	20241	A_51_P335801	Calb1	0		NM_009788	1.964266097					1	1	0	0	0	0	0	0	0
GSM2533551	22525	A_52_P562704	Slc8a1	0		NM_011406	0.5551646124					1	1	0	0	0	0	0	0	0
GSM2533551	22740	A_52_P550325	Kcnj16	0		NM_010604	1.991537039					1	1	0	0	0	0	0	0	0
GSM2533551	23878	A_51_P335801	Calb1	0		NM_009788	1.948702772					1	1	0	0	0	0	0	0	0
GSM2533551	26196	A_51_P357773	Kcnj16	0		NM_010604	1.901113943					1	1	0	0	0	0	0	0	0
GSM2533551	26242	A_52_P499907	Kcnj1	0		NM_019659	2.375774621					1	1	0	0	0	0	0	0	0
GSM2533551	27676	A_52_P351913	Atp2b1	0		AK053569	-0.07110588225					1	1	0	0	0	0	0	0	0
GSM2533551	29730	A_52_P611783	Fxyd2	0		NM_052823	1.730514077					1	1	0	0	0	0	0	0	0
GSM2533551	29964	A_51_P335801	Calb1	0		NM_009788	1.955133164					1	1	0	0	0	0	0	0	0
GSM2533551	30753	A_51_P335801	Calb1	0		NM_009788	1.947285244					1	1	0	0	0	0	0	0	0
GSM2533551	31276	A_52_P23661	Cldn19	0		NM_001038590	1.309457462					1	1	0	0	0	0	0	0	0
GSM2533551	33630	A_52_P244931	Slc8a1	0		AK048160	0.0					0	0	0	0	0	0	0	0	0
GSM2533551	37269	A_51_P445985	Slc12a3	0		NM_019415	1.706963319					1	1	0	0	0	0	0	0	0
GSM2533551	38687	A_52_P515497	Atp1a1	0		NM_144900	1.407592388					1	1	0	0	0	0	0	0	0
GSM2533551	40389	A_52_P184322	Trpm6	0		NM_153417	0.5123858575					1	1	0	0	0	0	0	0	0
GSM2533551	40926	A_51_P197499	Bsnd	0		NM_080458	0.6836806862					1	1	0	0	0	0	0	0	0
GSM2533551	44562	A_51_P335801	Calb1	0		NM_009788	1.962527211					1	1	0	0	0	0	0	1	0
GSM2533551	44811	A_51_P222543	Atp2b1	0		NM_026482	-0.1291812716					1	1	0	0	0	0	0	0	0
GSM2533551	45034	A_52_P152274	Clcnka	0		NM_024412	1.357041767					1	1	0	0	0	0	0	0	0
GSM2533552	2344	A_51_P335801	Calb1	0		NM_009788	1.867798258					1	1	0	0	0	0	0	0	0
GSM2533552	3560	A_51_P230799	Atp2b1	0		NM_026482	-0.2508191723					1	1	0	0	0	0	0	0	0
GSM2533552	5551	A_51_P243073	Trpm6	0		AK080899	0.0					0	0	0	0	0	0	0	0	0
GSM2533552	5837	A_51_P428512	Cldn16	0		NM_053241	1.674735848					0	1	0	0	0	0	0	0	0
GSM2533552	5868	A_51_P281586	Cnnm2	0		NM_033569	0.7941933172					1	1	0	0	0	0	0	0	0
GSM2533552	7768	A_51_P335801	Calb1	0		NM_009788	1.856878229					1	1	0	0	0	0	0	0	0
GSM2533552	10045	A_51_P442227	Slc12a1	0		U61381	0.5083795107					0	1	0	0	0	0	0	0	0
GSM2533552	10087	A_52_P260659	Kcnj10	0		NM_001039484	1.972582235					1	1	0	0	0	0	0	0	0
GSM2533552	11353	A_51_P335801	Calb1	0		NM_009788	1.830860953					1	1	0	0	0	0	0	0	0
GSM2533552	11562	A_51_P300817	Atp1a1	0		NM_144900	1.368171219					1	1	0	0	0	0	0	0	0
GSM2533552	12114	A_51_P151484	Atp1b1	0		NM_009721	1.717959969					1	1	0	0	0	0	0	0	0
GSM2533552	12522	A_51_P335801	Calb1	0		NM_009788	1.832910723					1	1	0	0	0	0	0	0	0
GSM2533552	12999	A_52_P348986	Atp2b1	0		NM_026482	-0.3167319414					1	1	0	0	0	0	0	0	0
GSM2533552	13287	A_52_P26118	Slc12a1	0		NM_001079690	2.442764077					1	1	0	0	0	0	0	0	0
GSM2533552	15381	A_51_P352572	Clcnkb	0		AF124847	1.220419317					1	1	0	0	0	0	0	0	0
GSM2533552	15729	A_51_P335801	Calb1	0		NM_009788	1.847728608					1	1	0	0	0	0	0	0	0
GSM2533552	15983	A_52_P550331	Kcnj16	0		NM_010604	1.789370874					1	1	0	0	0	0	0	0	0
GSM2533552	16664	A_51_P277373	Slc8a1	0		NM_001286684	1.51527641					0	1	0	0	0	0	0	0	0
GSM2533552	18179	A_52_P313284	Slc8a1	0		NR_104580	0.5507814806					1	1	0	0	0	0	0	0	0
GSM2533552	18232	A_51_P171332	Cldn19	0		NM_153105	1.100322898					0	1	0	0	0	0	0	0	0
GSM2533552	18861	A_51_P239601	Trpv5	0		NM_001007572	1.204618435					0	1	0	0	0	0	0	0	0
GSM2533552	19028	A_52_P231461	Slc8a1	0		NM_011406	1.23748534					0	1	0	0	0	0	0	0	0
GSM2533552	20241	A_51_P335801	Calb1	0		NM_009788	1.818892378					1	1	0	0	0	0	0	0	0
GSM2533552	22525	A_52_P562704	Slc8a1	0		NM_011406	0.839357308					1	1	0	0	0	0	0	0	0
GSM2533552	22740	A_52_P550325	Kcnj16	0		NM_010604	1.876512115					1	1	0	0	0	0	0	0	0
GSM2533552	23878	A_51_P335801	Calb1	0		NM_009788	1.816148408					1	1	0	0	0	0	0	0	0
GSM2533552	26196	A_51_P357773	Kcnj16	0		NM_010604	1.891217004					1	1	0	0	0	0	0	0	0
GSM2533552	26242	A_52_P499907	Kcnj1	0		NM_019659	2.262160248					1	1	0	0	0	0	0	0	0
GSM2533552	27676	A_52_P351913	Atp2b1	0		AK053569	-0.1126239759					1	1	0	0	0	0	0	0	0
GSM2533552	29730	A_52_P611783	Fxyd2	0		NM_052823	1.640866762					1	1	0	0	0	0	0	0	0
GSM2533552	29964	A_51_P335801	Calb1	0		NM_009788	1.810543105					1	1	0	0	0	0	0	0	0
GSM2533552	30753	A_51_P335801	Calb1	0		NM_009788	1.81047325					1	1	0	0	0	0	0	0	0
GSM2533552	31276	A_52_P23661	Cldn19	0		NM_001038590	1.229439779					1	1	0	0	0	0	0	0	0
GSM2533552	33630	A_52_P244931	Slc8a1	0		AK048160	0.0					0	0	0	0	0	0	0	0	0
GSM2533552	37269	A_51_P445985	Slc12a3	0		NM_019415	1.604595588					1	1	0	0	0	0	0	0	0
GSM2533552	38687	A_52_P515497	Atp1a1	0		NM_144900	1.33513258					1	1	0	0	0	0	0	0	0
GSM2533552	40389	A_52_P184322	Trpm6	0		NM_153417	0.4640560392					1	1	0	0	0	0	0	0	0
GSM2533552	40926	A_51_P197499	Bsnd	0		NM_080458	0.6641937064					1	1	0	0	0	0	0	0	0
GSM2533552	44562	A_51_P335801	Calb1	0		NM_009788	1.810053038					1	1	0	0	0	0	0	1	0
GSM2533552	44811	A_51_P222543	Atp2b1	0		NM_026482	-0.2053341613					1	1	0	0	0	0	0	0	0
GSM2533552	45034	A_52_P152274	Clcnka	0		NM_024412	1.222816844					1	1	0	0	0	0	0	0	0
