sample	human_symbol	mouse_symbol	analysis	value	usable_probes	available_probes	clean_spots	above_background_spots
GSM2533478	ATP1A1	Atp1a1	detectable	16.15141797098385	2	2	2	2
GSM2533479	ATP1A1	Atp1a1	detectable	16.33644391288535	2	2	2	2
GSM2533480	ATP1A1	Atp1a1	detectable	16.32959875981145	2	2	2	2
GSM2533481	ATP1A1	Atp1a1	detectable	16.31162606165115	2	2	2	2
GSM2533482	ATP1A1	Atp1a1	detectable	15.850174698335849	2	2	2	2
GSM2533483	ATP1A1	Atp1a1	detectable	15.821870162826851	2	2	2	2
GSM2533484	ATP1A1	Atp1a1	detectable	15.7609273254747	2	2	2	2
GSM2533485	ATP1A1	Atp1a1	detectable	16.38768386794795	2	2	2	2
GSM2533486	ATP1A1	Atp1a1	detectable	16.22709222467705	2	2	2	2
GSM2533487	ATP1A1	Atp1a1	detectable	16.8518415281884	2	2	2	2
GSM2533488	ATP1A1	Atp1a1	detectable	16.7492917841263	2	2	2	2
GSM2533489	ATP1A1	Atp1a1	detectable	16.2865312007603	2	2	2	2
GSM2533490	ATP1A1	Atp1a1	detectable	15.997114080847	2	2	2	2
GSM2533491	ATP1A1	Atp1a1	detectable	16.83154640172305	2	2	2	2
GSM2533492	ATP1A1	Atp1a1	detectable	16.56423535542535	2	2	2	2
GSM2533493	ATP1A1	Atp1a1	detectable	16.749580859160403	2	2	2	2
GSM2533494	ATP1A1	Atp1a1	detectable	16.67906690489425	2	2	2	2
GSM2533495	ATP1A1	Atp1a1	detectable	16.05723061775815	2	2	2	2
GSM2533496	ATP1A1	Atp1a1	detectable	15.60333116645145	2	2	2	2
GSM2533497	ATP1A1	Atp1a1	detectable	15.87027196536135	2	2	2	2
GSM2533498	ATP1A1	Atp1a1	detectable	15.51897112728945	2	2	2	2
GSM2533499	ATP1A1	Atp1a1	detectable	15.995755040263349	2	2	2	2
GSM2533500	ATP1A1	Atp1a1	detectable	15.8258378935581	2	2	2	2
GSM2533501	ATP1A1	Atp1a1	detectable	15.6470537438728	2	2	2	2
GSM2533502	ATP1A1	Atp1a1	detectable	16.13445397372145	2	2	2	2
GSM2533503	ATP1A1	Atp1a1	detectable	16.39431411262305	2	2	2	2
GSM2533504	ATP1A1	Atp1a1	detectable	16.25547715844345	2	2	2	2
GSM2533505	ATP1A1	Atp1a1	detectable	16.98098752026645	2	2	2	2
GSM2533506	ATP1A1	Atp1a1	detectable	16.33283977813605	2	2	2	2
GSM2533507	ATP1A1	Atp1a1	detectable	16.111433748216	2	2	2	2
GSM2533508	ATP1A1	Atp1a1	detectable	15.88626836157255	2	2	2	2
GSM2533509	ATP1A1	Atp1a1	detectable	16.46855362404115	2	2	2	2
GSM2533510	ATP1A1	Atp1a1	detectable	16.30241651424215	2	2	2	2
GSM2533511	ATP1A1	Atp1a1	detectable	15.8046612874461	2	2	2	2
GSM2533512	ATP1A1	Atp1a1	detectable	16.7362935329163	2	2	2	2
GSM2533513	ATP1A1	Atp1a1	detectable	16.75445738010285	2	2	2	2
GSM2533518	ATP1A1	Atp1a1	detectable	16.5115676425943	2	2	2	2
GSM2533519	ATP1A1	Atp1a1	detectable	16.275363046838848	2	2	2	2
GSM2533520	ATP1A1	Atp1a1	detectable	16.45428104498285	2	2	2	2
GSM2533521	ATP1A1	Atp1a1	detectable	16.183326099531797	2	2	2	2
GSM2533522	ATP1A1	Atp1a1	detectable	16.218188916983102	2	2	2	2
GSM2533523	ATP1A1	Atp1a1	detectable	16.513439564249452	2	2	2	2
GSM2533524	ATP1A1	Atp1a1	detectable	16.38393117035805	2	2	2	2
GSM2533525	ATP1A1	Atp1a1	detectable	16.28933610734505	2	2	2	2
GSM2533526	ATP1A1	Atp1a1	detectable	16.4616610650059	2	2	2	2
GSM2533527	ATP1A1	Atp1a1	detectable	16.28386942184175	2	2	2	2
GSM2533528	ATP1A1	Atp1a1	detectable	16.56772715438355	2	2	2	2
GSM2533529	ATP1A1	Atp1a1	detectable	16.3479422504124	2	2	2	2
GSM2533530	ATP1A1	Atp1a1	detectable	16.4118433894023	2	2	2	2
GSM2533531	ATP1A1	Atp1a1	detectable	16.467213424900052	2	2	2	2
GSM2533532	ATP1A1	Atp1a1	detectable	16.7023550877371	2	2	2	2
GSM2533533	ATP1A1	Atp1a1	detectable	16.45996263126835	2	2	2	2
GSM2533534	ATP1A1	Atp1a1	detectable	16.20367248827605	2	2	2	2
GSM2533535	ATP1A1	Atp1a1	detectable	16.71465042378335	2	2	2	2
GSM2533536	ATP1A1	Atp1a1	detectable	16.0638369877941	2	2	2	2
GSM2533537	ATP1A1	Atp1a1	detectable	16.09334954877015	2	2	2	2
GSM2533538	ATP1A1	Atp1a1	detectable	16.512163424180002	2	2	2	2
GSM2533539	ATP1A1	Atp1a1	detectable	15.696653227424601	2	2	2	2
GSM2533540	ATP1A1	Atp1a1	detectable	16.011093981156	2	2	2	2
GSM2533541	ATP1A1	Atp1a1	detectable	16.58012361711235	2	2	2	2
GSM2533542	ATP1A1	Atp1a1	detectable	16.41377753162845	2	2	2	2
GSM2533543	ATP1A1	Atp1a1	detectable	16.386896136835603	2	2	2	2
GSM2533544	ATP1A1	Atp1a1	detectable	16.5611733999893	2	2	2	2
GSM2533545	ATP1A1	Atp1a1	detectable	16.4541316879043	2	2	2	2
GSM2533546	ATP1A1	Atp1a1	detectable	16.8597089417548	2	2	2	2
GSM2533547	ATP1A1	Atp1a1	detectable	16.60783042855565	2	2	2	2
GSM2533548	ATP1A1	Atp1a1	detectable	16.5919850902699	2	2	2	2
GSM2533549	ATP1A1	Atp1a1	detectable	16.6651804944903	2	2	2	2
GSM2533550	ATP1A1	Atp1a1	detectable	16.6548510513783	2	2	2	2
GSM2533551	ATP1A1	Atp1a1	detectable	16.637019639432452	2	2	2	2
GSM2533552	ATP1A1	Atp1a1	detectable	16.26463876782675	2	2	2	2
GSM2533478	ATP1B1	Atp1b1	detectable	14.3654709361805	1	1	1	1
GSM2533479	ATP1B1	Atp1b1	detectable	14.2378295104209	1	1	1	1
GSM2533480	ATP1B1	Atp1b1	detectable	14.697674220396	1	1	1	1
GSM2533481	ATP1B1	Atp1b1	detectable	14.3146485145198	1	1	1	1
GSM2533482	ATP1B1	Atp1b1	detectable	14.5213727352017	1	1	1	1
GSM2533483	ATP1B1	Atp1b1	detectable	14.5905215339812	1	1	1	1
GSM2533484	ATP1B1	Atp1b1	detectable	15.0501713709409	1	1	1	1
GSM2533485	ATP1B1	Atp1b1	detectable	14.8955785841445	1	1	1	1
GSM2533486	ATP1B1	Atp1b1	detectable	14.8241285022471	1	1	1	1
GSM2533487	ATP1B1	Atp1b1	detectable	15.4049253131385	1	1	1	1
GSM2533488	ATP1B1	Atp1b1	detectable	14.7240232314879	1	1	1	1
GSM2533489	ATP1B1	Atp1b1	detectable	14.9556805713125	1	1	1	1
GSM2533490	ATP1B1	Atp1b1	detectable	15.1847983963009	1	1	1	1
GSM2533491	ATP1B1	Atp1b1	detectable	14.874399632347	1	1	1	1
GSM2533492	ATP1B1	Atp1b1	detectable	14.7266588753975	1	1	1	1
GSM2533493	ATP1B1	Atp1b1	detectable	15.0302238827005	1	1	1	1
GSM2533494	ATP1B1	Atp1b1	detectable	15.0134909819224	1	1	1	1
GSM2533495	ATP1B1	Atp1b1	detectable	14.2286355403527	1	1	1	1
GSM2533496	ATP1B1	Atp1b1	detectable	14.2619624148536	1	1	1	1
GSM2533497	ATP1B1	Atp1b1	detectable	14.6503730669508	1	1	1	1
GSM2533498	ATP1B1	Atp1b1	detectable	14.0482835345488	1	1	1	1
GSM2533499	ATP1B1	Atp1b1	detectable	14.0404512666211	1	1	1	1
GSM2533500	ATP1B1	Atp1b1	detectable	14.3965053395464	1	1	1	1
GSM2533501	ATP1B1	Atp1b1	detectable	14.0565828041997	1	1	1	1
GSM2533502	ATP1B1	Atp1b1	detectable	14.5267888965541	1	1	1	1
GSM2533503	ATP1B1	Atp1b1	detectable	14.738324192453	1	1	1	1
GSM2533504	ATP1B1	Atp1b1	detectable	14.271967388915	1	1	1	1
GSM2533505	ATP1B1	Atp1b1	detectable	14.6076465139941	1	1	1	1
GSM2533506	ATP1B1	Atp1b1	detectable	14.3279187196846	1	1	1	1
GSM2533507	ATP1B1	Atp1b1	detectable	14.3279187196846	1	1	1	1
GSM2533508	ATP1B1	Atp1b1	detectable	14.0329041958457	1	1	1	1
GSM2533509	ATP1B1	Atp1b1	detectable	14.4021642965913	1	1	1	1
GSM2533510	ATP1B1	Atp1b1	detectable	14.7353004807607	1	1	1	1
GSM2533511	ATP1B1	Atp1b1	detectable	14.5213727352017	1	1	1	1
GSM2533512	ATP1B1	Atp1b1	detectable	14.798436826536	1	1	1	1
GSM2533513	ATP1B1	Atp1b1	detectable	14.5373982482462	1	1	1	1
GSM2533518	ATP1B1	Atp1b1	detectable	14.7713012510836	1	1	1	1
GSM2533519	ATP1B1	Atp1b1	detectable	14.8376438617566	1	1	1	1
GSM2533520	ATP1B1	Atp1b1	detectable	14.6889659010539	1	1	1	1
GSM2533521	ATP1B1	Atp1b1	detectable	14.6949329436828	1	1	1	1
GSM2533522	ATP1B1	Atp1b1	detectable	14.7183662639757	1	1	1	1
GSM2533523	ATP1B1	Atp1b1	detectable	14.7240232314879	1	1	1	1
GSM2533524	ATP1B1	Atp1b1	detectable	14.9381944114206	1	1	1	1
GSM2533525	ATP1B1	Atp1b1	detectable	15.2828426702148	1	1	1	1
GSM2533526	ATP1B1	Atp1b1	detectable	15.2296243473803	1	1	1	1
GSM2533527	ATP1B1	Atp1b1	detectable	15.2102227374917	1	1	1	1
GSM2533528	ATP1B1	Atp1b1	detectable	14.7302910679427	1	1	1	1
GSM2533529	ATP1B1	Atp1b1	detectable	14.7930522501881	1	1	1	1
GSM2533530	ATP1B1	Atp1b1	detectable	15.1025443638289	1	1	1	1
GSM2533531	ATP1B1	Atp1b1	detectable	14.7526217033878	1	1	1	1
GSM2533532	ATP1B1	Atp1b1	detectable	14.7906800819161	1	1	1	1
GSM2533533	ATP1B1	Atp1b1	detectable	14.7958609956757	1	1	1	1
GSM2533534	ATP1B1	Atp1b1	detectable	15.2952068079851	1	1	1	1
GSM2533535	ATP1B1	Atp1b1	detectable	14.8188254307126	1	1	1	1
GSM2533536	ATP1B1	Atp1b1	detectable	14.821706940123	1	1	1	1
GSM2533537	ATP1B1	Atp1b1	detectable	14.1690124152663	1	1	1	1
GSM2533538	ATP1B1	Atp1b1	detectable	14.634053619179	1	1	1	1
GSM2533539	ATP1B1	Atp1b1	detectable	14.4702578245383	1	1	1	1
GSM2533540	ATP1B1	Atp1b1	detectable	14.647395047092	1	1	1	1
GSM2533541	ATP1B1	Atp1b1	detectable	14.958102059871	1	1	1	1
GSM2533542	ATP1B1	Atp1b1	detectable	14.6889659010539	1	1	1	1
GSM2533543	ATP1B1	Atp1b1	detectable	14.8626226611625	1	1	1	1
GSM2533544	ATP1B1	Atp1b1	detectable	14.7266588753975	1	1	1	1
GSM2533545	ATP1B1	Atp1b1	detectable	14.7930522501881	1	1	1	1
GSM2533546	ATP1B1	Atp1b1	detectable	14.8241285022471	1	1	1	1
GSM2533547	ATP1B1	Atp1b1	detectable	14.8686126554242	1	1	1	1
GSM2533548	ATP1B1	Atp1b1	detectable	14.6252939931172	1	1	1	1
GSM2533549	ATP1B1	Atp1b1	detectable	14.865786323608	1	1	1	1
GSM2533550	ATP1B1	Atp1b1	detectable	14.7958609956757	1	1	1	1
GSM2533551	ATP1B1	Atp1b1	detectable	14.8352292576215	1	1	1	1
GSM2533552	ATP1B1	Atp1b1	detectable	14.8435157157153	1	1	1	1
GSM2533478	ATP2B1	Atp2b1	detectable	10.6145634779437	1	4	4	1
GSM2533479	ATP2B1	Atp2b1	detectable	9.9261953148222	1	4	4	1
GSM2533480	ATP2B1	Atp2b1	detectable	9.57627123348155	1	4	4	1
GSM2533481	ATP2B1	Atp2b1	detectable	9.97152182104862	1	4	4	1
GSM2533482	ATP2B1	Atp2b1	detectable	8.25509983187378	4	4	4	4
GSM2533483	ATP2B1	Atp2b1	detectable	8.847456417026859	4	4	4	4
GSM2533484	ATP2B1	Atp2b1	detectable	7.86986131903261	4	4	4	4
GSM2533485	ATP2B1	Atp2b1	detectable	8.101973784439405	4	4	4	4
GSM2533486	ATP2B1	Atp2b1	detectable	8.19274742178766	4	4	4	4
GSM2533487	ATP2B1	Atp2b1	detectable	7.901968675457571	4	4	4	4
GSM2533488	ATP2B1	Atp2b1	detectable	8.017230683801555	4	4	4	4
GSM2533489	ATP2B1	Atp2b1	detectable	8.03768343517004	4	4	4	4
GSM2533490	ATP2B1	Atp2b1	detectable	8.134646475623349	4	4	4	4
GSM2533491	ATP2B1	Atp2b1	detectable	8.026007761859194	4	4	4	4
GSM2533492	ATP2B1	Atp2b1	detectable	8.02305152579882	4	4	4	4
GSM2533493	ATP2B1	Atp2b1	detectable	7.955291620435554	4	4	4	4
GSM2533494	ATP2B1	Atp2b1	detectable	7.864999379065785	4	4	4	4
GSM2533495	ATP2B1	Atp2b1	detectable	8.447523750624786	4	4	4	4
GSM2533496	ATP2B1	Atp2b1	detectable	8.27608950515793	4	4	4	4
GSM2533497	ATP2B1	Atp2b1	detectable	8.543212629230336	4	4	4	4
GSM2533498	ATP2B1	Atp2b1	detectable	8.3107650494904	4	4	4	4
GSM2533499	ATP2B1	Atp2b1	detectable	8.09161081361726	4	4	4	4
GSM2533500	ATP2B1	Atp2b1	detectable	8.290747081692055	4	4	4	4
GSM2533501	ATP2B1	Atp2b1	detectable	8.183543908181646	4	4	4	4
GSM2533502	ATP2B1	Atp2b1	detectable	8.369511112123156	4	4	4	4
GSM2533503	ATP2B1	Atp2b1	detectable	8.05677536025846	4	4	4	4
GSM2533504	ATP2B1	Atp2b1	detectable	8.155284728834456	4	4	4	4
GSM2533505	ATP2B1	Atp2b1	detectable	8.162178498052194	4	4	4	4
GSM2533506	ATP2B1	Atp2b1	detectable	7.990159065994105	4	4	4	4
GSM2533507	ATP2B1	Atp2b1	detectable	8.024759831524685	4	4	4	4
GSM2533508	ATP2B1	Atp2b1	detectable	8.111859428130934	4	4	4	4
GSM2533509	ATP2B1	Atp2b1	detectable	8.02772849884204	4	4	4	4
GSM2533510	ATP2B1	Atp2b1	detectable	7.88045815275134	4	4	4	4
GSM2533511	ATP2B1	Atp2b1	detectable	8.373960558026335	4	4	4	4
GSM2533512	ATP2B1	Atp2b1	detectable	7.929557786528255	4	4	4	4
GSM2533513	ATP2B1	Atp2b1	detectable	7.9863602366259245	4	4	4	4
GSM2533518	ATP2B1	Atp2b1	detectable	9.4931042842466	2	4	4	2
GSM2533519	ATP2B1	Atp2b1	detectable	9.097614989063871	2	4	4	2
GSM2533520	ATP2B1	Atp2b1	detectable	8.13080172036717	4	4	4	4
GSM2533521	ATP2B1	Atp2b1	detectable	8.09133069513874	4	4	4	4
GSM2533522	ATP2B1	Atp2b1	detectable	8.358726057223286	4	4	4	4
GSM2533523	ATP2B1	Atp2b1	detectable	8.123421423914934	4	4	4	4
GSM2533524	ATP2B1	Atp2b1	detectable	8.09541944949235	4	4	4	4
GSM2533525	ATP2B1	Atp2b1	detectable	7.89028587639889	4	4	4	4
GSM2533526	ATP2B1	Atp2b1	detectable	7.584290612126695	4	4	4	4
GSM2533527	ATP2B1	Atp2b1	detectable	7.970388463755545	4	4	4	4
GSM2533528	ATP2B1	Atp2b1	detectable	8.01478600400769	4	4	4	4
GSM2533529	ATP2B1	Atp2b1	detectable	7.858645251229159	4	4	4	4
GSM2533530	ATP2B1	Atp2b1	detectable	7.84587034018955	4	4	4	4
GSM2533531	ATP2B1	Atp2b1	detectable	8.04133776354357	4	4	4	4
GSM2533532	ATP2B1	Atp2b1	detectable	7.9595205893230006	4	4	4	4
GSM2533533	ATP2B1	Atp2b1	detectable	7.97287089341104	4	4	4	4
GSM2533534	ATP2B1	Atp2b1	detectable	8.028703717039829	4	4	4	4
GSM2533535	ATP2B1	Atp2b1	detectable	8.14570166988038	4	4	4	4
GSM2533536	ATP2B1	Atp2b1	detectable	8.327877048461804	4	4	4	4
GSM2533537	ATP2B1	Atp2b1	detectable	8.18734554009235	4	4	4	4
GSM2533538	ATP2B1	Atp2b1	detectable	7.919937144230154	4	4	4	4
GSM2533539	ATP2B1	Atp2b1	detectable	8.140776715103456	4	4	4	4
GSM2533540	ATP2B1	Atp2b1	detectable	7.997035552005865	4	4	4	4
GSM2533541	ATP2B1	Atp2b1	detectable	8.32123469761587	4	4	4	4
GSM2533542	ATP2B1	Atp2b1	detectable	8.070752474684479	4	4	4	4
GSM2533543	ATP2B1	Atp2b1	detectable	7.913782178902846	4	4	4	4
GSM2533544	ATP2B1	Atp2b1	detectable	8.0602949216355	4	4	4	4
GSM2533545	ATP2B1	Atp2b1	detectable	7.952932912006325	4	4	4	4
GSM2533546	ATP2B1	Atp2b1	detectable	8.069635365950775	4	4	4	4
GSM2533547	ATP2B1	Atp2b1	detectable	8.04458073288899	4	4	4	4
GSM2533548	ATP2B1	Atp2b1	detectable	7.86915970305501	4	4	4	4
GSM2533549	ATP2B1	Atp2b1	detectable	8.050009183964695	4	4	4	4
GSM2533550	ATP2B1	Atp2b1	detectable	7.978974452480125	4	4	4	4
GSM2533551	ATP2B1	Atp2b1	detectable	7.978330155437365	4	4	4	4
GSM2533552	ATP2B1	Atp2b1	detectable	7.907472152019935	4	4	4	4
GSM2533478	BSND	Bsnd	detectable		0	1	1	0
GSM2533479	BSND	Bsnd	detectable		0	1	1	0
GSM2533480	BSND	Bsnd	detectable		0	1	1	0
GSM2533481	BSND	Bsnd	detectable		0	1	1	0
GSM2533482	BSND	Bsnd	detectable	7.66740627295556	1	1	1	1
GSM2533483	BSND	Bsnd	detectable	7.93814988363528	1	1	1	1
GSM2533484	BSND	Bsnd	detectable	8.46055824319598	1	1	1	1
GSM2533485	BSND	Bsnd	detectable	8.09129219208359	1	1	1	1
GSM2533486	BSND	Bsnd	detectable	7.95933920673068	1	1	1	1
GSM2533487	BSND	Bsnd	detectable	7.38213963299298	1	1	1	1
GSM2533488	BSND	Bsnd	detectable	8.18373440742808	1	1	1	1
GSM2533489	BSND	Bsnd	detectable	7.94764524059544	1	1	1	1
GSM2533490	BSND	Bsnd	detectable	7.89458090399548	1	1	1	1
GSM2533491	BSND	Bsnd	detectable	8.68807679994696	1	1	1	1
GSM2533492	BSND	Bsnd	detectable	8.70046847495367	1	1	1	1
GSM2533493	BSND	Bsnd	detectable	8.32807122307344	1	1	1	1
GSM2533494	BSND	Bsnd	detectable	8.42026198385446	1	1	1	1
GSM2533495	BSND	Bsnd	detectable	7.66608289878372	1	1	1	1
GSM2533496	BSND	Bsnd	detectable	7.62437660208495	1	1	1	1
GSM2533497	BSND	Bsnd	detectable	7.59683003516517	1	1	1	1
GSM2533498	BSND	Bsnd	detectable	7.84755722038253	1	1	1	1
GSM2533499	BSND	Bsnd	detectable	7.72445952357445	1	1	1	1
GSM2533500	BSND	Bsnd	detectable	7.61348487387804	1	1	1	1
GSM2533501	BSND	Bsnd	detectable	7.77103428929864	1	1	1	1
GSM2533502	BSND	Bsnd	detectable	7.9896265569193	1	1	1	1
GSM2533503	BSND	Bsnd	detectable	8.33451426959605	1	1	1	1
GSM2533504	BSND	Bsnd	detectable	7.91963264732697	1	1	1	1
GSM2533505	BSND	Bsnd	detectable	8.24748374498043	1	1	1	1
GSM2533506	BSND	Bsnd	detectable	8.0723940974801	1	1	1	1
GSM2533507	BSND	Bsnd	detectable	8.18213612093752	1	1	1	1
GSM2533508	BSND	Bsnd	detectable	8.0565979871247	1	1	1	1
GSM2533509	BSND	Bsnd	detectable	8.75400455906136	1	1	1	1
GSM2533510	BSND	Bsnd	detectable	8.74793067421583	1	1	1	1
GSM2533511	BSND	Bsnd	detectable	7.43894416016759	1	1	1	1
GSM2533512	BSND	Bsnd	detectable	8.17650849138356	1	1	1	1
GSM2533513	BSND	Bsnd	detectable	8.25525166868378	1	1	1	1
GSM2533518	BSND	Bsnd	detectable		0	1	1	0
GSM2533519	BSND	Bsnd	detectable	8.83225640900949	1	1	1	1
GSM2533520	BSND	Bsnd	detectable	8.80132564519484	1	1	1	1
GSM2533521	BSND	Bsnd	detectable	8.69913974750404	1	1	1	1
GSM2533522	BSND	Bsnd	detectable	8.38992624392608	1	1	1	1
GSM2533523	BSND	Bsnd	detectable	8.6617092349433	1	1	1	1
GSM2533524	BSND	Bsnd	detectable	8.26126167907727	1	1	1	1
GSM2533525	BSND	Bsnd	detectable	8.17810481711268	1	1	1	1
GSM2533526	BSND	Bsnd	detectable	7.73559601741985	1	1	1	1
GSM2533527	BSND	Bsnd	detectable	7.85120914349032	1	1	1	1
GSM2533528	BSND	Bsnd	detectable	8.56886147545636	1	1	1	1
GSM2533529	BSND	Bsnd	detectable	8.35921577296759	1	1	1	1
GSM2533530	BSND	Bsnd	detectable	7.64278201943542	1	1	1	1
GSM2533531	BSND	Bsnd	detectable	8.1784204785096	1	1	1	1
GSM2533532	BSND	Bsnd	detectable	8.08683385657855	1	1	1	1
GSM2533533	BSND	Bsnd	detectable	8.00276435243032	1	1	1	1
GSM2533534	BSND	Bsnd	detectable	7.87523005911137	1	1	1	1
GSM2533535	BSND	Bsnd	detectable	8.10079617954359	1	1	1	1
GSM2533536	BSND	Bsnd	detectable	7.74171831912298	1	1	1	1
GSM2533537	BSND	Bsnd	detectable	8.52234813001627	1	1	1	1
GSM2533538	BSND	Bsnd	detectable	8.1201459678941	1	1	1	1
GSM2533539	BSND	Bsnd	detectable	7.0768449136789	1	1	1	1
GSM2533540	BSND	Bsnd	detectable	8.06774448258538	1	1	1	1
GSM2533541	BSND	Bsnd	detectable	7.77103428929864	1	1	1	1
GSM2533542	BSND	Bsnd	detectable	8.13771499042644	1	1	1	1
GSM2533543	BSND	Bsnd	detectable	8.26135024464727	1	1	1	1
GSM2533544	BSND	Bsnd	detectable	7.98419548951835	1	1	1	1
GSM2533545	BSND	Bsnd	detectable	8.42514789611915	1	1	1	1
GSM2533546	BSND	Bsnd	detectable	8.57921386612387	1	1	1	1
GSM2533547	BSND	Bsnd	detectable	8.34322935354285	1	1	1	1
GSM2533548	BSND	Bsnd	detectable	8.5207399794153	1	1	1	1
GSM2533549	BSND	Bsnd	detectable	8.2984944758328	1	1	1	1
GSM2533550	BSND	Bsnd	detectable	8.023651587798	1	1	1	1
GSM2533551	BSND	Bsnd	detectable	8.0909578557661	1	1	1	1
GSM2533552	BSND	Bsnd	detectable	8.25215129402105	1	1	1	1
GSM2533478	CALB1	Calb1	detectable	10.83864256998785	1	1	10	10
GSM2533479	CALB1	Calb1	detectable	11.05760264633685	1	1	10	10
GSM2533480	CALB1	Calb1	detectable	10.8177802433565	1	1	10	10
GSM2533481	CALB1	Calb1	detectable	11.521963260056399	1	1	10	10
GSM2533482	CALB1	Calb1	detectable	10.825569593915649	1	1	10	10
GSM2533483	CALB1	Calb1	detectable	10.7711897433448	1	1	10	10
GSM2533484	CALB1	Calb1	detectable	14.443471624928751	1	1	10	10
GSM2533485	CALB1	Calb1	detectable	14.99584613153015	1	1	10	10
GSM2533486	CALB1	Calb1	detectable	14.74854030322615	1	1	10	10
GSM2533487	CALB1	Calb1	detectable	14.7225125696866	1	1	8	8
GSM2533488	CALB1	Calb1	detectable	14.3327658897369	1	1	9	9
GSM2533489	CALB1	Calb1	detectable	14.04245390777885	1	1	8	8
GSM2533490	CALB1	Calb1	detectable	13.37491676304065	1	1	10	10
GSM2533491	CALB1	Calb1	detectable	14.0742285828984	1	1	9	9
GSM2533492	CALB1	Calb1	detectable	13.9849961901983	1	1	8	8
GSM2533493	CALB1	Calb1	detectable	13.8284221014265	1	1	9	9
GSM2533494	CALB1	Calb1	detectable	14.23675858119595	1	1	10	10
GSM2533495	CALB1	Calb1	detectable	10.9378417992991	1	1	10	10
GSM2533496	CALB1	Calb1	detectable	10.8357710740562	1	1	10	10
GSM2533497	CALB1	Calb1	detectable	10.93729320228595	1	1	10	10
GSM2533498	CALB1	Calb1	detectable	10.56303766415	1	1	10	10
GSM2533499	CALB1	Calb1	detectable	11.12155766815955	1	1	10	10
GSM2533500	CALB1	Calb1	detectable	10.8305594719711	1	1	10	10
GSM2533501	CALB1	Calb1	detectable	12.050917598352001	1	1	10	10
GSM2533502	CALB1	Calb1	detectable	13.454914586372599	1	1	10	10
GSM2533503	CALB1	Calb1	detectable	13.92468933435755	1	1	10	10
GSM2533504	CALB1	Calb1	detectable	13.0607810810715	1	1	9	9
GSM2533505	CALB1	Calb1	detectable	14.3907996317073	1	1	10	10
GSM2533506	CALB1	Calb1	detectable	14.14242507740975	1	1	10	10
GSM2533507	CALB1	Calb1	detectable	13.18759658805875	1	1	10	10
GSM2533508	CALB1	Calb1	detectable	11.536268565342748	1	1	10	10
GSM2533509	CALB1	Calb1	detectable	13.792613898646351	1	1	10	10
GSM2533510	CALB1	Calb1	detectable	14.509358861508598	1	1	10	10
GSM2533511	CALB1	Calb1	detectable	12.8487513263197	1	1	9	9
GSM2533512	CALB1	Calb1	detectable	12.97035965205745	1	1	10	10
GSM2533513	CALB1	Calb1	detectable	13.70798538556145	1	1	10	10
GSM2533518	CALB1	Calb1	detectable	14.37326936080635	1	1	10	10
GSM2533519	CALB1	Calb1	detectable	14.49340299313915	1	1	10	10
GSM2533520	CALB1	Calb1	detectable	14.82388429543405	1	1	10	10
GSM2533521	CALB1	Calb1	detectable	14.700644483766851	1	1	10	10
GSM2533522	CALB1	Calb1	detectable	14.5950143401141	1	1	10	10
GSM2533523	CALB1	Calb1	detectable	14.479606352188299	1	1	10	10
GSM2533524	CALB1	Calb1	detectable	14.47986525198675	1	1	10	10
GSM2533525	CALB1	Calb1	detectable	14.77171570485565	1	1	10	10
GSM2533526	CALB1	Calb1	detectable	13.7839571368592	1	1	8	8
GSM2533527	CALB1	Calb1	detectable	14.6684983635869	1	1	9	9
GSM2533528	CALB1	Calb1	detectable	14.3642169918835	1	1	9	9
GSM2533529	CALB1	Calb1	detectable	13.704630451164	1	1	9	9
GSM2533530	CALB1	Calb1	detectable	14.1559884122231	1	1	9	9
GSM2533531	CALB1	Calb1	detectable	14.30633849640275	1	1	8	8
GSM2533532	CALB1	Calb1	detectable	14.38782389203155	1	1	10	10
GSM2533533	CALB1	Calb1	detectable	13.4239243600782	1	1	10	10
GSM2533534	CALB1	Calb1	detectable	13.6012482078165	1	1	8	8
GSM2533535	CALB1	Calb1	detectable	13.8284221014265	1	1	9	9
GSM2533536	CALB1	Calb1	detectable	13.86187025516025	1	1	10	10
GSM2533537	CALB1	Calb1	detectable	14.851258704930451	1	1	10	10
GSM2533538	CALB1	Calb1	detectable	14.22915900110565	1	1	10	10
GSM2533539	CALB1	Calb1	detectable	13.88659749789205	1	1	10	10
GSM2533540	CALB1	Calb1	detectable	14.4301237360049	1	1	10	10
GSM2533541	CALB1	Calb1	detectable	14.705911104701	1	1	10	10
GSM2533542	CALB1	Calb1	detectable	14.00987300990235	1	1	10	10
GSM2533543	CALB1	Calb1	detectable	13.7249299773069	1	1	10	10
GSM2533544	CALB1	Calb1	detectable	13.91477024869025	1	1	10	10
GSM2533545	CALB1	Calb1	detectable	13.737109546655699	1	1	10	10
GSM2533546	CALB1	Calb1	detectable	14.256713545918249	1	1	10	10
GSM2533547	CALB1	Calb1	detectable	14.40336730500635	1	1	10	10
GSM2533548	CALB1	Calb1	detectable	14.64616573495475	1	1	10	10
GSM2533549	CALB1	Calb1	detectable	14.3507645759739	1	1	9	9
GSM2533550	CALB1	Calb1	detectable	14.24552522652155	1	1	8	8
GSM2533551	CALB1	Calb1	detectable	13.2957518453307	1	1	9	9
GSM2533552	CALB1	Calb1	detectable	13.8485464275831	1	1	9	9
GSM2533478	CLDN16	Cldn16	detectable		0	1	1	0
GSM2533479	CLDN16	Cldn16	detectable		0	1	1	0
GSM2533480	CLDN16	Cldn16	detectable		0	1	1	0
GSM2533481	CLDN16	Cldn16	detectable		0	1	1	0
GSM2533482	CLDN16	Cldn16	detectable	8.17572254434343	1	1	1	1
GSM2533483	CLDN16	Cldn16	detectable	7.44557724804118	1	1	1	1
GSM2533484	CLDN16	Cldn16	detectable	8.52330194671619	1	1	1	1
GSM2533485	CLDN16	Cldn16	detectable	8.056720334817	1	1	1	1
GSM2533486	CLDN16	Cldn16	detectable	7.87563874145614	1	1	1	1
GSM2533487	CLDN16	Cldn16	detectable	7.69612095481202	1	1	1	1
GSM2533488	CLDN16	Cldn16	detectable	8.11467331197588	1	1	1	1
GSM2533489	CLDN16	Cldn16	detectable	7.89941786310162	1	1	1	1
GSM2533490	CLDN16	Cldn16	detectable	8.05295071424316	1	1	1	1
GSM2533491	CLDN16	Cldn16	detectable	8.15156369729536	1	1	1	1
GSM2533492	CLDN16	Cldn16	detectable	8.55092833667251	1	1	1	1
GSM2533493	CLDN16	Cldn16	detectable	8.29508829062914	1	1	1	1
GSM2533494	CLDN16	Cldn16	detectable	8.37642533631086	1	1	1	1
GSM2533495	CLDN16	Cldn16	detectable	8.08903414608019	1	1	1	1
GSM2533496	CLDN16	Cldn16	detectable	7.96753193383947	1	1	1	1
GSM2533497	CLDN16	Cldn16	detectable	7.62072855501636	1	1	1	1
GSM2533498	CLDN16	Cldn16	detectable	8.23302679255377	1	1	1	1
GSM2533499	CLDN16	Cldn16	detectable	8.15688872797997	1	1	1	1
GSM2533500	CLDN16	Cldn16	detectable	8.16789711781572	1	1	1	1
GSM2533501	CLDN16	Cldn16	detectable	8.26682202485163	1	1	1	1
GSM2533502	CLDN16	Cldn16	detectable	8.2554844085762	1	1	1	1
GSM2533503	CLDN16	Cldn16	detectable	8.23861314176785	1	1	1	1
GSM2533504	CLDN16	Cldn16	detectable	8.06975779435498	1	1	1	1
GSM2533505	CLDN16	Cldn16	detectable	8.12448788583519	1	1	1	1
GSM2533506	CLDN16	Cldn16	detectable	7.92931186192178	1	1	1	1
GSM2533507	CLDN16	Cldn16	detectable	8.01122276667494	1	1	1	1
GSM2533508	CLDN16	Cldn16	detectable	8.0282498695172	1	1	1	1
GSM2533509	CLDN16	Cldn16	detectable	8.35806304634655	1	1	1	1
GSM2533510	CLDN16	Cldn16	detectable	8.494574894153	1	1	1	1
GSM2533511	CLDN16	Cldn16	detectable	7.93577296228754	1	1	1	1
GSM2533512	CLDN16	Cldn16	detectable	8.42377367627448	1	1	1	1
GSM2533513	CLDN16	Cldn16	detectable	8.14960216609877	1	1	1	1
GSM2533518	CLDN16	Cldn16	detectable		0	1	1	0
GSM2533519	CLDN16	Cldn16	detectable	8.59973202443686	1	1	1	1
GSM2533520	CLDN16	Cldn16	detectable	8.17847308261687	1	1	1	1
GSM2533521	CLDN16	Cldn16	detectable	8.0618988336741	1	1	1	1
GSM2533522	CLDN16	Cldn16	detectable	7.68164953269251	1	1	1	1
GSM2533523	CLDN16	Cldn16	detectable	7.94801533911456	1	1	1	1
GSM2533524	CLDN16	Cldn16	detectable	8.30960965303095	1	1	1	1
GSM2533525	CLDN16	Cldn16	detectable	8.57411988880661	1	1	1	1
GSM2533526	CLDN16	Cldn16	detectable	8.05140627932972	1	1	1	1
GSM2533527	CLDN16	Cldn16	detectable	8.22371353050253	1	1	1	1
GSM2533528	CLDN16	Cldn16	detectable	8.38712294774089	1	1	1	1
GSM2533529	CLDN16	Cldn16	detectable	8.19265404553032	1	1	1	1
GSM2533530	CLDN16	Cldn16	detectable	7.96437488774122	1	1	1	1
GSM2533531	CLDN16	Cldn16	detectable	8.22931304081436	1	1	1	1
GSM2533532	CLDN16	Cldn16	detectable	8.2326890786003	1	1	1	1
GSM2533533	CLDN16	Cldn16	detectable	7.94927270515379	1	1	1	1
GSM2533534	CLDN16	Cldn16	detectable	7.98282928260092	1	1	1	1
GSM2533535	CLDN16	Cldn16	detectable	8.14805272166522	1	1	1	1
GSM2533536	CLDN16	Cldn16	detectable	7.83132754371905	1	1	1	1
GSM2533537	CLDN16	Cldn16	detectable	8.07998591648626	1	1	1	1
GSM2533538	CLDN16	Cldn16	detectable	8.02966297879344	1	1	1	1
GSM2533539	CLDN16	Cldn16	detectable	7.91163795137002	1	1	1	1
GSM2533540	CLDN16	Cldn16	detectable	7.74052879903587	1	1	1	1
GSM2533541	CLDN16	Cldn16	detectable	8.10133258296488	1	1	1	1
GSM2533542	CLDN16	Cldn16	detectable	8.5155095707085	1	1	1	1
GSM2533543	CLDN16	Cldn16	detectable	8.43325915654168	1	1	1	1
GSM2533544	CLDN16	Cldn16	detectable	8.04768633935861	1	1	1	1
GSM2533545	CLDN16	Cldn16	detectable	8.19293146315404	1	1	1	1
GSM2533546	CLDN16	Cldn16	detectable	8.41854837532401	1	1	1	1
GSM2533547	CLDN16	Cldn16	detectable	8.34555773936552	1	1	1	1
GSM2533548	CLDN16	Cldn16	detectable	8.19396361329937	1	1	1	1
GSM2533549	CLDN16	Cldn16	detectable	8.35230962499297	1	1	1	1
GSM2533550	CLDN16	Cldn16	detectable	8.05499256003898	1	1	1	1
GSM2533551	CLDN16	Cldn16	detectable	8.17112814038147	1	1	1	1
GSM2533552	CLDN16	Cldn16	detectable	8.22454296744986	1	1	1	1
GSM2533478	CLDN19	Cldn19	detectable		0	2	2	0
GSM2533479	CLDN19	Cldn19	detectable		0	2	2	0
GSM2533480	CLDN19	Cldn19	detectable	8.81577176594193	1	2	2	1
GSM2533481	CLDN19	Cldn19	detectable		0	2	2	0
GSM2533482	CLDN19	Cldn19	detectable	8.855848235831889	2	2	2	2
GSM2533483	CLDN19	Cldn19	detectable	8.61410011970633	2	2	2	2
GSM2533484	CLDN19	Cldn19	detectable	8.962602336408871	2	2	2	2
GSM2533485	CLDN19	Cldn19	detectable	8.68544013660709	2	2	2	2
GSM2533486	CLDN19	Cldn19	detectable	8.5719692677806	2	2	2	2
GSM2533487	CLDN19	Cldn19	detectable	8.15716110444205	2	2	2	2
GSM2533488	CLDN19	Cldn19	detectable	8.89362912362298	2	2	2	2
GSM2533489	CLDN19	Cldn19	detectable	8.378329027508125	2	2	2	2
GSM2533490	CLDN19	Cldn19	detectable	8.622729801277014	2	2	2	2
GSM2533491	CLDN19	Cldn19	detectable	9.121547775252044	2	2	2	2
GSM2533492	CLDN19	Cldn19	detectable	9.138713498084496	2	2	2	2
GSM2533493	CLDN19	Cldn19	detectable	8.903450539857484	2	2	2	2
GSM2533494	CLDN19	Cldn19	detectable	9.131646314728041	2	2	2	2
GSM2533495	CLDN19	Cldn19	detectable	8.694168185990101	2	2	2	2
GSM2533496	CLDN19	Cldn19	detectable	8.58974682712657	2	2	2	2
GSM2533497	CLDN19	Cldn19	detectable	8.321685585380015	2	2	2	2
GSM2533498	CLDN19	Cldn19	detectable	8.5146421719335	2	2	2	2
GSM2533499	CLDN19	Cldn19	detectable	8.394596258076689	2	2	2	2
GSM2533500	CLDN19	Cldn19	detectable	8.285975474232444	2	2	2	2
GSM2533501	CLDN19	Cldn19	detectable	8.35234955844869	2	2	2	2
GSM2533502	CLDN19	Cldn19	detectable	8.682517438366194	2	2	2	2
GSM2533503	CLDN19	Cldn19	detectable	9.008099920944371	2	2	2	2
GSM2533504	CLDN19	Cldn19	detectable	8.70121472199598	2	2	2	2
GSM2533505	CLDN19	Cldn19	detectable	8.96311304518509	2	2	2	2
GSM2533506	CLDN19	Cldn19	detectable	8.45645550504482	2	2	2	2
GSM2533507	CLDN19	Cldn19	detectable	8.596226973807354	2	2	2	2
GSM2533508	CLDN19	Cldn19	detectable	8.754346804153101	2	2	2	2
GSM2533509	CLDN19	Cldn19	detectable	9.394821599236138	2	2	2	2
GSM2533510	CLDN19	Cldn19	detectable	9.454527814437105	2	2	2	2
GSM2533511	CLDN19	Cldn19	detectable	8.543198887972174	2	2	2	2
GSM2533512	CLDN19	Cldn19	detectable	8.8962929721264	2	2	2	2
GSM2533513	CLDN19	Cldn19	detectable	8.64937198406794	2	2	2	2
GSM2533518	CLDN19	Cldn19	detectable	9.28066705200317	2	2	2	2
GSM2533519	CLDN19	Cldn19	detectable	8.769312620319665	2	2	2	2
GSM2533520	CLDN19	Cldn19	detectable	9.36092801194952	2	2	2	2
GSM2533521	CLDN19	Cldn19	detectable	9.352456264593474	2	2	2	2
GSM2533522	CLDN19	Cldn19	detectable	8.93953191822808	2	2	2	2
GSM2533523	CLDN19	Cldn19	detectable	9.148124532762335	2	2	2	2
GSM2533524	CLDN19	Cldn19	detectable	9.127199440641562	2	2	2	2
GSM2533525	CLDN19	Cldn19	detectable	8.954797742239446	2	2	2	2
GSM2533526	CLDN19	Cldn19	detectable	8.389610449816061	2	2	2	2
GSM2533527	CLDN19	Cldn19	detectable	8.72461146331724	2	2	2	2
GSM2533528	CLDN19	Cldn19	detectable	9.241663887768176	2	2	2	2
GSM2533529	CLDN19	Cldn19	detectable	8.925540211358179	2	2	2	2
GSM2533530	CLDN19	Cldn19	detectable	8.38686583007954	2	2	2	2
GSM2533531	CLDN19	Cldn19	detectable	9.16726860634979	2	2	2	2
GSM2533532	CLDN19	Cldn19	detectable	9.172947444930696	2	2	2	2
GSM2533533	CLDN19	Cldn19	detectable	8.712851964990065	2	2	2	2
GSM2533534	CLDN19	Cldn19	detectable	8.340657169402165	2	2	2	2
GSM2533535	CLDN19	Cldn19	detectable	8.81380437625957	2	2	2	2
GSM2533536	CLDN19	Cldn19	detectable	8.659380712745271	2	2	2	2
GSM2533537	CLDN19	Cldn19	detectable	8.430112756778431	2	2	2	2
GSM2533538	CLDN19	Cldn19	detectable	8.601281364393344	2	2	2	2
GSM2533539	CLDN19	Cldn19	detectable	8.929163514723829	2	2	2	2
GSM2533540	CLDN19	Cldn19	detectable	8.21774551231503	2	2	2	2
GSM2533541	CLDN19	Cldn19	detectable	8.71701058819016	2	2	2	2
GSM2533542	CLDN19	Cldn19	detectable	9.156767320299245	2	2	2	2
GSM2533543	CLDN19	Cldn19	detectable	8.74724187591099	2	2	2	2
GSM2533544	CLDN19	Cldn19	detectable	8.57393915860537	2	2	2	2
GSM2533545	CLDN19	Cldn19	detectable	8.71015640887478	2	2	2	2
GSM2533546	CLDN19	Cldn19	detectable	9.008037727978596	2	2	2	2
GSM2533547	CLDN19	Cldn19	detectable	8.664694252705853	2	2	2	2
GSM2533548	CLDN19	Cldn19	detectable	9.030753794091254	2	2	2	2
GSM2533549	CLDN19	Cldn19	detectable	8.844142094924596	2	2	2	2
GSM2533550	CLDN19	Cldn19	detectable	8.548888519630715	2	2	2	2
GSM2533551	CLDN19	Cldn19	detectable	8.526932781612171	2	2	2	2
GSM2533552	CLDN19	Cldn19	detectable	8.347366278488284	2	2	2	2
GSM2533478	CNNM2	Cnnm2	detectable		0	1	1	0
GSM2533479	CNNM2	Cnnm2	detectable		0	1	1	0
GSM2533480	CNNM2	Cnnm2	detectable		0	1	1	0
GSM2533481	CNNM2	Cnnm2	detectable		0	1	1	0
GSM2533482	CNNM2	Cnnm2	detectable	8.7125725902867	1	1	1	1
GSM2533483	CNNM2	Cnnm2	detectable	8.8269849946867	1	1	1	1
GSM2533484	CNNM2	Cnnm2	detectable	8.62948918511335	1	1	1	1
GSM2533485	CNNM2	Cnnm2	detectable	8.70921627441584	1	1	1	1
GSM2533486	CNNM2	Cnnm2	detectable	8.58663899149275	1	1	1	1
GSM2533487	CNNM2	Cnnm2	detectable	8.20751695347858	1	1	1	1
GSM2533488	CNNM2	Cnnm2	detectable	8.64170171997687	1	1	1	1
GSM2533489	CNNM2	Cnnm2	detectable	8.45674462196929	1	1	1	1
GSM2533490	CNNM2	Cnnm2	detectable	8.56450185879713	1	1	1	1
GSM2533491	CNNM2	Cnnm2	detectable	8.55748225921817	1	1	1	1
GSM2533492	CNNM2	Cnnm2	detectable	8.29263771615328	1	1	1	1
GSM2533493	CNNM2	Cnnm2	detectable	8.4519864415348	1	1	1	1
GSM2533494	CNNM2	Cnnm2	detectable	8.55491540900429	1	1	1	1
GSM2533495	CNNM2	Cnnm2	detectable	8.50546772396871	1	1	1	1
GSM2533496	CNNM2	Cnnm2	detectable	8.16583212006312	1	1	1	1
GSM2533497	CNNM2	Cnnm2	detectable	8.45038249835694	1	1	1	1
GSM2533498	CNNM2	Cnnm2	detectable	8.16206614754852	1	1	1	1
GSM2533499	CNNM2	Cnnm2	detectable	8.34954987788944	1	1	1	1
GSM2533500	CNNM2	Cnnm2	detectable	8.42855980704982	1	1	1	1
GSM2533501	CNNM2	Cnnm2	detectable	7.92256129317871	1	1	1	1
GSM2533502	CNNM2	Cnnm2	detectable	7.96775492114832	1	1	1	1
GSM2533503	CNNM2	Cnnm2	detectable	8.34946750563883	1	1	1	1
GSM2533504	CNNM2	Cnnm2	detectable	8.19396361329937	1	1	1	1
GSM2533505	CNNM2	Cnnm2	detectable	8.25503615574497	1	1	1	1
GSM2533506	CNNM2	Cnnm2	detectable	8.4216817797075	1	1	1	1
GSM2533507	CNNM2	Cnnm2	detectable	8.27061642000667	1	1	1	1
GSM2533508	CNNM2	Cnnm2	detectable	8.04900000334735	1	1	1	1
GSM2533509	CNNM2	Cnnm2	detectable	8.29766370387171	1	1	1	1
GSM2533510	CNNM2	Cnnm2	detectable	8.73764268006329	1	1	1	1
GSM2533511	CNNM2	Cnnm2	detectable	8.80827526590574	1	1	1	1
GSM2533512	CNNM2	Cnnm2	detectable	8.40337666001183	1	1	1	1
GSM2533513	CNNM2	Cnnm2	detectable	8.60578670325386	1	1	1	1
GSM2533518	CNNM2	Cnnm2	detectable	8.34850492411596	1	1	1	1
GSM2533519	CNNM2	Cnnm2	detectable	8.44150854756633	1	1	1	1
GSM2533520	CNNM2	Cnnm2	detectable	8.46129485382798	1	1	1	1
GSM2533521	CNNM2	Cnnm2	detectable	8.54433434227054	1	1	1	1
GSM2533522	CNNM2	Cnnm2	detectable	8.42057309327148	1	1	1	1
GSM2533523	CNNM2	Cnnm2	detectable	8.48025745148819	1	1	1	1
GSM2533524	CNNM2	Cnnm2	detectable	8.51817358348338	1	1	1	1
GSM2533525	CNNM2	Cnnm2	detectable	8.70826123796773	1	1	1	1
GSM2533526	CNNM2	Cnnm2	detectable	8.426708604736	1	1	1	1
GSM2533527	CNNM2	Cnnm2	detectable	8.95198701048867	1	1	1	1
GSM2533528	CNNM2	Cnnm2	detectable	8.73957300617965	1	1	1	1
GSM2533529	CNNM2	Cnnm2	detectable	8.71476644013842	1	1	1	1
GSM2533530	CNNM2	Cnnm2	detectable	8.84774169956755	1	1	1	1
GSM2533531	CNNM2	Cnnm2	detectable	8.54465341533778	1	1	1	1
GSM2533532	CNNM2	Cnnm2	detectable	8.51784117121444	1	1	1	1
GSM2533533	CNNM2	Cnnm2	detectable	8.62770881737526	1	1	1	1
GSM2533534	CNNM2	Cnnm2	detectable	8.72046272853588	1	1	1	1
GSM2533535	CNNM2	Cnnm2	detectable	8.50808040572919	1	1	1	1
GSM2533536	CNNM2	Cnnm2	detectable	8.41401367838635	1	1	1	1
GSM2533537	CNNM2	Cnnm2	detectable	8.49603995667086	1	1	1	1
GSM2533538	CNNM2	Cnnm2	detectable	8.60762467534585	1	1	1	1
GSM2533539	CNNM2	Cnnm2	detectable	8.39100701166523	1	1	1	1
GSM2533540	CNNM2	Cnnm2	detectable	8.686673289215	1	1	1	1
GSM2533541	CNNM2	Cnnm2	detectable	8.68746935397415	1	1	1	1
GSM2533542	CNNM2	Cnnm2	detectable	8.2240737041571	1	1	1	1
GSM2533543	CNNM2	Cnnm2	detectable	8.52201582388486	1	1	1	1
GSM2533544	CNNM2	Cnnm2	detectable	8.61919539966958	1	1	1	1
GSM2533545	CNNM2	Cnnm2	detectable	8.60313473712014	1	1	1	1
GSM2533546	CNNM2	Cnnm2	detectable	8.49415232074972	1	1	1	1
GSM2533547	CNNM2	Cnnm2	detectable	8.55748225921817	1	1	1	1
GSM2533548	CNNM2	Cnnm2	detectable	8.77234342701333	1	1	1	1
GSM2533549	CNNM2	Cnnm2	detectable	8.79067331264878	1	1	1	1
GSM2533550	CNNM2	Cnnm2	detectable	8.91403577780063	1	1	1	1
GSM2533551	CNNM2	Cnnm2	detectable	8.65479968609274	1	1	1	1
GSM2533552	CNNM2	Cnnm2	detectable	8.87442514553421	1	1	1	1
GSM2533478	FXYD2	Fxyd2	detectable	14.1916967272742	1	1	1	1
GSM2533479	FXYD2	Fxyd2	detectable	14.023293992413	1	1	1	1
GSM2533480	FXYD2	Fxyd2	detectable	14.5838007413078	1	1	1	1
GSM2533481	FXYD2	Fxyd2	detectable	14.6415858685784	1	1	1	1
GSM2533482	FXYD2	Fxyd2	detectable	14.6020473561952	1	1	1	1
GSM2533483	FXYD2	Fxyd2	detectable	13.6942735266162	1	1	1	1
GSM2533484	FXYD2	Fxyd2	detectable	15.4903702316747	1	1	1	1
GSM2533485	FXYD2	Fxyd2	detectable	15.5105334612001	1	1	1	1
GSM2533486	FXYD2	Fxyd2	detectable	15.308028489464	1	1	1	1
GSM2533487	FXYD2	Fxyd2	detectable	15.4859557043868	1	1	1	1
GSM2533488	FXYD2	Fxyd2	detectable	15.4859557043868	1	1	1	1
GSM2533489	FXYD2	Fxyd2	detectable	15.9040639305144	1	1	1	1
GSM2533490	FXYD2	Fxyd2	detectable	16.0189233010944	1	1	1	1
GSM2533491	FXYD2	Fxyd2	detectable	15.6209046574356	1	1	1	1
GSM2533492	FXYD2	Fxyd2	detectable	15.4312586946843	1	1	1	1
GSM2533493	FXYD2	Fxyd2	detectable	15.4227382215713	1	1	1	1
GSM2533494	FXYD2	Fxyd2	detectable	15.6033481851232	1	1	1	1
GSM2533495	FXYD2	Fxyd2	detectable	14.3695877016484	1	1	1	1
GSM2533496	FXYD2	Fxyd2	detectable	14.1621879104105	1	1	1	1
GSM2533497	FXYD2	Fxyd2	detectable	14.0241818281765	1	1	1	1
GSM2533498	FXYD2	Fxyd2	detectable	14.1023684587004	1	1	1	1
GSM2533499	FXYD2	Fxyd2	detectable	14.3189852478832	1	1	1	1
GSM2533500	FXYD2	Fxyd2	detectable	14.3454476627133	1	1	1	1
GSM2533501	FXYD2	Fxyd2	detectable	14.8986835130201	1	1	1	1
GSM2533502	FXYD2	Fxyd2	detectable	15.0812993778416	1	1	1	1
GSM2533503	FXYD2	Fxyd2	detectable	15.1961434398934	1	1	1	1
GSM2533504	FXYD2	Fxyd2	detectable	14.6744249901313	1	1	1	1
GSM2533505	FXYD2	Fxyd2	detectable	14.9785760621964	1	1	1	1
GSM2533506	FXYD2	Fxyd2	detectable	15.339738999368	1	1	1	1
GSM2533507	FXYD2	Fxyd2	detectable	14.9853596359283	1	1	1	1
GSM2533508	FXYD2	Fxyd2	detectable	14.8319145395815	1	1	1	1
GSM2533509	FXYD2	Fxyd2	detectable	15.4141089566927	1	1	1	1
GSM2533510	FXYD2	Fxyd2	detectable	15.7500148748586	1	1	1	1
GSM2533511	FXYD2	Fxyd2	detectable	14.8472262203517	1	1	1	1
GSM2533512	FXYD2	Fxyd2	detectable	15.2778884691646	1	1	1	1
GSM2533513	FXYD2	Fxyd2	detectable	15.3973069386297	1	1	1	1
GSM2533518	FXYD2	Fxyd2	detectable	15.098796041692	1	1	1	1
GSM2533519	FXYD2	Fxyd2	detectable	15.0466067371517	1	1	1	1
GSM2533520	FXYD2	Fxyd2	detectable	15.0887371895583	1	1	1	1
GSM2533521	FXYD2	Fxyd2	detectable	15.0538284810459	1	1	1	1
GSM2533522	FXYD2	Fxyd2	detectable	14.9853596359283	1	1	1	1
GSM2533523	FXYD2	Fxyd2	detectable	15.2140376524974	1	1	1	1
GSM2533524	FXYD2	Fxyd2	detectable	15.5155647027958	1	1	1	1
GSM2533525	FXYD2	Fxyd2	detectable	15.6502916969595	1	1	1	1
GSM2533526	FXYD2	Fxyd2	detectable	16.0761257496282	1	1	1	1
GSM2533527	FXYD2	Fxyd2	detectable	15.770819252492	1	1	1	1
GSM2533528	FXYD2	Fxyd2	detectable	15.6209046574356	1	1	1	1
GSM2533529	FXYD2	Fxyd2	detectable	15.5012892179068	1	1	1	1
GSM2533530	FXYD2	Fxyd2	detectable	15.9370791088001	1	1	1	1
GSM2533531	FXYD2	Fxyd2	detectable	15.5472445751052	1	1	1	1
GSM2533532	FXYD2	Fxyd2	detectable	15.6209046574356	1	1	1	1
GSM2533533	FXYD2	Fxyd2	detectable	15.6377200602739	1	1	1	1
GSM2533534	FXYD2	Fxyd2	detectable	16.05154822596	1	1	1	1
GSM2533535	FXYD2	Fxyd2	detectable	15.562833175961	1	1	1	1
GSM2533536	FXYD2	Fxyd2	detectable	15.1457908792018	1	1	1	1
GSM2533537	FXYD2	Fxyd2	detectable	15.1025443638289	1	1	1	1
GSM2533538	FXYD2	Fxyd2	detectable	15.0953679736316	1	1	1	1
GSM2533539	FXYD2	Fxyd2	detectable	14.8268875880309	1	1	1	1
GSM2533540	FXYD2	Fxyd2	detectable	15.0466067371517	1	1	1	1
GSM2533541	FXYD2	Fxyd2	detectable	15.6559327819849	1	1	1	1
GSM2533542	FXYD2	Fxyd2	detectable	15.8806536221317	1	1	1	1
GSM2533543	FXYD2	Fxyd2	detectable	15.6377200602739	1	1	1	1
GSM2533544	FXYD2	Fxyd2	detectable	15.5414930892329	1	1	1	1
GSM2533545	FXYD2	Fxyd2	detectable	15.5691519160101	1	1	1	1
GSM2533546	FXYD2	Fxyd2	detectable	15.6156715046535	1	1	1	1
GSM2533547	FXYD2	Fxyd2	detectable	15.5878115357986	1	1	1	1
GSM2533548	FXYD2	Fxyd2	detectable	15.5740125318824	1	1	1	1
GSM2533549	FXYD2	Fxyd2	detectable	15.6101617632191	1	1	1	1
GSM2533550	FXYD2	Fxyd2	detectable	15.5878115357986	1	1	1	1
GSM2533551	FXYD2	Fxyd2	detectable	15.4970169988863	1	1	1	1
GSM2533552	FXYD2	Fxyd2	detectable	15.6156715046535	1	1	1	1
GSM2533478	KCNJ1	Kcnj1	detectable	12.5483245425893	1	1	1	1
GSM2533479	KCNJ1	Kcnj1	detectable	13.0155985479735	1	1	1	1
GSM2533480	KCNJ1	Kcnj1	detectable	12.6225945049025	1	1	1	1
GSM2533481	KCNJ1	Kcnj1	detectable	12.1721183621015	1	1	1	1
GSM2533482	KCNJ1	Kcnj1	detectable	13.0551161349172	1	1	1	1
GSM2533483	KCNJ1	Kcnj1	detectable	13.1464978733604	1	1	1	1
GSM2533484	KCNJ1	Kcnj1	detectable	14.9498732284036	1	1	1	1
GSM2533485	KCNJ1	Kcnj1	detectable	14.7414554532462	1	1	1	1
GSM2533486	KCNJ1	Kcnj1	detectable	14.5880497666142	1	1	1	1
GSM2533487	KCNJ1	Kcnj1	detectable	14.6582778507305	1	1	1	1
GSM2533488	KCNJ1	Kcnj1	detectable	14.9918542430785	1	1	1	1
GSM2533489	KCNJ1	Kcnj1	detectable	14.0224056099382	1	1	1	1
GSM2533490	KCNJ1	Kcnj1	detectable	14.3986453384177	1	1	1	1
GSM2533491	KCNJ1	Kcnj1	detectable	14.958102059871	1	1	1	1
GSM2533492	KCNJ1	Kcnj1	detectable	14.7240232314879	1	1	1	1
GSM2533493	KCNJ1	Kcnj1	detectable	14.6047905272139	1	1	1	1
GSM2533494	KCNJ1	Kcnj1	detectable	15.1830919910345	1	1	1	1
GSM2533495	KCNJ1	Kcnj1	detectable	13.5164727950557	1	1	1	1
GSM2533496	KCNJ1	Kcnj1	detectable	13.4041805567089	1	1	1	1
GSM2533497	KCNJ1	Kcnj1	detectable	13.2414388151074	1	1	1	1
GSM2533498	KCNJ1	Kcnj1	detectable	13.4359461642906	1	1	1	1
GSM2533499	KCNJ1	Kcnj1	detectable	13.8009731565486	1	1	1	1
GSM2533500	KCNJ1	Kcnj1	detectable	13.5280380753254	1	1	1	1
GSM2533501	KCNJ1	Kcnj1	detectable	13.4744955033902	1	1	1	1
GSM2533502	KCNJ1	Kcnj1	detectable	14.3853487680116	1	1	1	1
GSM2533503	KCNJ1	Kcnj1	detectable	14.5905215339812	1	1	1	1
GSM2533504	KCNJ1	Kcnj1	detectable	14.3532492092192	1	1	1	1
GSM2533505	KCNJ1	Kcnj1	detectable	14.8955785841445	1	1	1	1
GSM2533506	KCNJ1	Kcnj1	detectable	14.3507645759739	1	1	1	1
GSM2533507	KCNJ1	Kcnj1	detectable	14.0672958196682	1	1	1	1
GSM2533508	KCNJ1	Kcnj1	detectable	13.430057681475	1	1	1	1
GSM2533509	KCNJ1	Kcnj1	detectable	14.881033795453	1	1	1	1
GSM2533510	KCNJ1	Kcnj1	detectable	15.0781211155173	1	1	1	1
GSM2533511	KCNJ1	Kcnj1	detectable	14.3189852478832	1	1	1	1
GSM2533512	KCNJ1	Kcnj1	detectable	14.1986838345583	1	1	1	1
GSM2533513	KCNJ1	Kcnj1	detectable	14.2263819300368	1	1	1	1
GSM2533518	KCNJ1	Kcnj1	detectable	15.032132574522	1	1	1	1
GSM2533519	KCNJ1	Kcnj1	detectable	14.4656647059662	1	1	1	1
GSM2533520	KCNJ1	Kcnj1	detectable	15.0340387444719	1	1	1	1
GSM2533521	KCNJ1	Kcnj1	detectable	14.9556805713125	1	1	1	1
GSM2533522	KCNJ1	Kcnj1	detectable	15.0720131238024	1	1	1	1
GSM2533523	KCNJ1	Kcnj1	detectable	14.881033795453	1	1	1	1
GSM2533524	KCNJ1	Kcnj1	detectable	14.7183662639757	1	1	1	1
GSM2533525	KCNJ1	Kcnj1	detectable	14.8843031905941	1	1	1	1
GSM2533526	KCNJ1	Kcnj1	detectable	14.2502660453414	1	1	1	1
GSM2533527	KCNJ1	Kcnj1	detectable	15.1576704836637	1	1	1	1
GSM2533528	KCNJ1	Kcnj1	detectable	15.125957089609	1	1	1	1
GSM2533529	KCNJ1	Kcnj1	detectable	14.2344115636056	1	1	1	1
GSM2533530	KCNJ1	Kcnj1	detectable	14.426207025604	1	1	1	1
GSM2533531	KCNJ1	Kcnj1	detectable	14.610590676193	1	1	1	1
GSM2533532	KCNJ1	Kcnj1	detectable	14.6369340669099	1	1	1	1
GSM2533533	KCNJ1	Kcnj1	detectable	14.0345071077732	1	1	1	1
GSM2533534	KCNJ1	Kcnj1	detectable	14.2866563393817	1	1	1	1
GSM2533535	KCNJ1	Kcnj1	detectable	14.7353004807607	1	1	1	1
GSM2533536	KCNJ1	Kcnj1	detectable	14.089024900221	1	1	1	1
GSM2533537	KCNJ1	Kcnj1	detectable	14.6415858685784	1	1	1	1
GSM2533538	KCNJ1	Kcnj1	detectable	14.2808927122049	1	1	1	1
GSM2533539	KCNJ1	Kcnj1	detectable	14.379814930077	1	1	1	1
GSM2533540	KCNJ1	Kcnj1	detectable	14.4163259261207	1	1	1	1
GSM2533541	KCNJ1	Kcnj1	detectable	14.9720351772955	1	1	1	1
GSM2533542	KCNJ1	Kcnj1	detectable	15.0302238827005	1	1	1	1
GSM2533543	KCNJ1	Kcnj1	detectable	14.1320074403321	1	1	1	1
GSM2533544	KCNJ1	Kcnj1	detectable	14.1876803706238	1	1	1	1
GSM2533545	KCNJ1	Kcnj1	detectable	14.4163259261207	1	1	1	1
GSM2533546	KCNJ1	Kcnj1	detectable	14.9348812242349	1	1	1	1
GSM2533547	KCNJ1	Kcnj1	detectable	14.8435157157153	1	1	1	1
GSM2533548	KCNJ1	Kcnj1	detectable	14.8100920978561	1	1	1	1
GSM2533549	KCNJ1	Kcnj1	detectable	14.9853596359283	1	1	1	1
GSM2533550	KCNJ1	Kcnj1	detectable	14.1559884122231	1	1	1	1
GSM2533551	KCNJ1	Kcnj1	detectable	14.0365696132334	1	1	1	1
GSM2533552	KCNJ1	Kcnj1	detectable	14.4032872399581	1	1	1	1
GSM2533478	KCNJ10	Kcnj10	detectable		0	1	1	0
GSM2533479	KCNJ10	Kcnj10	detectable		0	1	1	0
GSM2533480	KCNJ10	Kcnj10	detectable	9.4952191924001	1	1	1	1
GSM2533481	KCNJ10	Kcnj10	detectable		0	1	1	0
GSM2533482	KCNJ10	Kcnj10	detectable	9.3466786338746	1	1	1	1
GSM2533483	KCNJ10	Kcnj10	detectable	9.31660457821018	1	1	1	1
GSM2533484	KCNJ10	Kcnj10	detectable	11.6958247346843	1	1	1	1
GSM2533485	KCNJ10	Kcnj10	detectable	11.6866835456091	1	1	1	1
GSM2533486	KCNJ10	Kcnj10	detectable	11.4659036243619	1	1	1	1
GSM2533487	KCNJ10	Kcnj10	detectable	11.4559313747717	1	1	1	1
GSM2533488	KCNJ10	Kcnj10	detectable	11.6598087229279	1	1	1	1
GSM2533489	KCNJ10	Kcnj10	detectable	10.6685700538859	1	1	1	1
GSM2533490	KCNJ10	Kcnj10	detectable	10.7707367984862	1	1	1	1
GSM2533491	KCNJ10	Kcnj10	detectable	11.4397461204004	1	1	1	1
GSM2533492	KCNJ10	Kcnj10	detectable	11.230890508088	1	1	1	1
GSM2533493	KCNJ10	Kcnj10	detectable	11.3336289835669	1	1	1	1
GSM2533494	KCNJ10	Kcnj10	detectable	11.4227922733398	1	1	1	1
GSM2533495	KCNJ10	Kcnj10	detectable	9.94036712316077	1	1	1	1
GSM2533496	KCNJ10	Kcnj10	detectable	9.7382298766773	1	1	1	1
GSM2533497	KCNJ10	Kcnj10	detectable	9.79250356885205	1	1	1	1
GSM2533498	KCNJ10	Kcnj10	detectable	9.80500759425809	1	1	1	1
GSM2533499	KCNJ10	Kcnj10	detectable	9.92310110281839	1	1	1	1
GSM2533500	KCNJ10	Kcnj10	detectable	9.55332458973182	1	1	1	1
GSM2533501	KCNJ10	Kcnj10	detectable	9.81812899274131	1	1	1	1
GSM2533502	KCNJ10	Kcnj10	detectable	10.6606807331979	1	1	1	1
GSM2533503	KCNJ10	Kcnj10	detectable	11.1033803231653	1	1	1	1
GSM2533504	KCNJ10	Kcnj10	detectable	10.3986196933282	1	1	1	1
GSM2533505	KCNJ10	Kcnj10	detectable	11.3204043321218	1	1	1	1
GSM2533506	KCNJ10	Kcnj10	detectable	10.4502172026254	1	1	1	1
GSM2533507	KCNJ10	Kcnj10	detectable	10.2367362176809	1	1	1	1
GSM2533508	KCNJ10	Kcnj10	detectable	9.40985457066062	1	1	1	1
GSM2533509	KCNJ10	Kcnj10	detectable	10.894808002202	1	1	1	1
GSM2533510	KCNJ10	Kcnj10	detectable	11.5814755705554	1	1	1	1
GSM2533511	KCNJ10	Kcnj10	detectable	10.2379799454977	1	1	1	1
GSM2533512	KCNJ10	Kcnj10	detectable	10.4958614043279	1	1	1	1
GSM2533513	KCNJ10	Kcnj10	detectable	10.8498874993701	1	1	1	1
GSM2533518	KCNJ10	Kcnj10	detectable	11.0432300017949	1	1	1	1
GSM2533519	KCNJ10	Kcnj10	detectable	10.9279137780846	1	1	1	1
GSM2533520	KCNJ10	Kcnj10	detectable	11.4311137818806	1	1	1	1
GSM2533521	KCNJ10	Kcnj10	detectable	11.3672860517464	1	1	1	1
GSM2533522	KCNJ10	Kcnj10	detectable	11.4063230078836	1	1	1	1
GSM2533523	KCNJ10	Kcnj10	detectable	11.3681596244159	1	1	1	1
GSM2533524	KCNJ10	Kcnj10	detectable	11.5835389964635	1	1	1	1
GSM2533525	KCNJ10	Kcnj10	detectable	11.9437605107719	1	1	1	1
GSM2533526	KCNJ10	Kcnj10	detectable	10.9862125481694	1	1	1	1
GSM2533527	KCNJ10	Kcnj10	detectable	11.5409893868776	1	1	1	1
GSM2533528	KCNJ10	Kcnj10	detectable	11.7462731338728	1	1	1	1
GSM2533529	KCNJ10	Kcnj10	detectable	10.9455350780883	1	1	1	1
GSM2533530	KCNJ10	Kcnj10	detectable	11.0052106209374	1	1	1	1
GSM2533531	KCNJ10	Kcnj10	detectable	11.4359585157235	1	1	1	1
GSM2533532	KCNJ10	Kcnj10	detectable	11.3925781367551	1	1	1	1
GSM2533533	KCNJ10	Kcnj10	detectable	10.623181414122	1	1	1	1
GSM2533534	KCNJ10	Kcnj10	detectable	10.8710950895443	1	1	1	1
GSM2533535	KCNJ10	Kcnj10	detectable	11.165833170793	1	1	1	1
GSM2533536	KCNJ10	Kcnj10	detectable	10.9145858072316	1	1	1	1
GSM2533537	KCNJ10	Kcnj10	detectable	11.1847674295741	1	1	1	1
GSM2533538	KCNJ10	Kcnj10	detectable	10.9285103634229	1	1	1	1
GSM2533539	KCNJ10	Kcnj10	detectable	10.6660312559959	1	1	1	1
GSM2533540	KCNJ10	Kcnj10	detectable	10.8945545318408	1	1	1	1
GSM2533541	KCNJ10	Kcnj10	detectable	11.2321760409051	1	1	1	1
GSM2533542	KCNJ10	Kcnj10	detectable	11.3696539424021	1	1	1	1
GSM2533543	KCNJ10	Kcnj10	detectable	11.0036323228871	1	1	1	1
GSM2533544	KCNJ10	Kcnj10	detectable	11.0043691165626	1	1	1	1
GSM2533545	KCNJ10	Kcnj10	detectable	11.0413569215693	1	1	1	1
GSM2533546	KCNJ10	Kcnj10	detectable	11.4787081443849	1	1	1	1
GSM2533547	KCNJ10	Kcnj10	detectable	11.3638421199927	1	1	1	1
GSM2533548	KCNJ10	Kcnj10	detectable	11.3242333088849	1	1	1	1
GSM2533549	KCNJ10	Kcnj10	detectable	11.655246264577	1	1	1	1
GSM2533550	KCNJ10	Kcnj10	detectable	11.0296298353963	1	1	1	1
GSM2533551	KCNJ10	Kcnj10	detectable	11.3308367273924	1	1	1	1
GSM2533552	KCNJ10	Kcnj10	detectable	11.1361534551928	1	1	1	1
GSM2533478	KCNJ16	Kcnj16	detectable	12.103991764552285	2	3	3	2
GSM2533479	KCNJ16	Kcnj16	detectable	9.9261953148222	3	3	3	3
GSM2533480	KCNJ16	Kcnj16	detectable	10.3259841142466	3	3	3	3
GSM2533481	KCNJ16	Kcnj16	detectable	14.3146485145198	1	3	3	1
GSM2533482	KCNJ16	Kcnj16	detectable	9.7872918470463	3	3	3	3
GSM2533483	KCNJ16	Kcnj16	detectable	9.5920408379282	3	3	3	3
GSM2533484	KCNJ16	Kcnj16	detectable	9.72026552866949	3	3	3	3
GSM2533485	KCNJ16	Kcnj16	detectable	9.65889021581505	3	3	3	3
GSM2533486	KCNJ16	Kcnj16	detectable	9.40839817991529	3	3	3	3
GSM2533487	KCNJ16	Kcnj16	detectable	9.34377309541467	3	3	3	3
GSM2533488	KCNJ16	Kcnj16	detectable	9.60971525839265	3	3	3	3
GSM2533489	KCNJ16	Kcnj16	detectable	9.87595317041105	3	3	3	3
GSM2533490	KCNJ16	Kcnj16	detectable	9.48771883528307	3	3	3	3
GSM2533491	KCNJ16	Kcnj16	detectable	9.8025425370207	3	3	3	3
GSM2533492	KCNJ16	Kcnj16	detectable	9.64621571410455	3	3	3	3
GSM2533493	KCNJ16	Kcnj16	detectable	9.55827627172937	3	3	3	3
GSM2533494	KCNJ16	Kcnj16	detectable	9.7216974124737	3	3	3	3
GSM2533495	KCNJ16	Kcnj16	detectable	9.30646446084921	3	3	3	3
GSM2533496	KCNJ16	Kcnj16	detectable	9.32530575874903	3	3	3	3
GSM2533497	KCNJ16	Kcnj16	detectable	9.38535880472402	3	3	3	3
GSM2533498	KCNJ16	Kcnj16	detectable	9.18668363795586	3	3	3	3
GSM2533499	KCNJ16	Kcnj16	detectable	9.20246902352541	3	3	3	3
GSM2533500	KCNJ16	Kcnj16	detectable	9.06744133549826	3	3	3	3
GSM2533501	KCNJ16	Kcnj16	detectable	9.16927328365746	3	3	3	3
GSM2533502	KCNJ16	Kcnj16	detectable	8.75027384844664	3	3	3	3
GSM2533503	KCNJ16	Kcnj16	detectable	9.35520980466336	3	3	3	3
GSM2533504	KCNJ16	Kcnj16	detectable	8.9098337850541	3	3	3	3
GSM2533505	KCNJ16	Kcnj16	detectable	9.22314656589571	3	3	3	3
GSM2533506	KCNJ16	Kcnj16	detectable	9.479978262497	3	3	3	3
GSM2533507	KCNJ16	Kcnj16	detectable	9.49801290256283	3	3	3	3
GSM2533508	KCNJ16	Kcnj16	detectable	9.22285085426777	3	3	3	3
GSM2533509	KCNJ16	Kcnj16	detectable	9.67144831281217	3	3	3	3
GSM2533510	KCNJ16	Kcnj16	detectable	9.97782923774286	3	3	3	3
GSM2533511	KCNJ16	Kcnj16	detectable	9.20875524112789	3	3	3	3
GSM2533512	KCNJ16	Kcnj16	detectable	10.0951912996109	3	3	3	3
GSM2533513	KCNJ16	Kcnj16	detectable	9.84501890785436	3	3	3	3
GSM2533518	KCNJ16	Kcnj16	detectable	10.1178760303184	3	3	3	3
GSM2533519	KCNJ16	Kcnj16	detectable	9.81362971085872	3	3	3	3
GSM2533520	KCNJ16	Kcnj16	detectable	9.68982295013626	3	3	3	3
GSM2533521	KCNJ16	Kcnj16	detectable	9.66639252160423	3	3	3	3
GSM2533522	KCNJ16	Kcnj16	detectable	9.70148302333365	3	3	3	3
GSM2533523	KCNJ16	Kcnj16	detectable	9.81411930682655	3	3	3	3
GSM2533524	KCNJ16	Kcnj16	detectable	9.595354842819	3	3	3	3
GSM2533525	KCNJ16	Kcnj16	detectable	9.88709392004676	3	3	3	3
GSM2533526	KCNJ16	Kcnj16	detectable	10.0616023171904	3	3	3	3
GSM2533527	KCNJ16	Kcnj16	detectable	9.93876500309264	3	3	3	3
GSM2533528	KCNJ16	Kcnj16	detectable	9.8289559917844	3	3	3	3
GSM2533529	KCNJ16	Kcnj16	detectable	9.92977812286859	3	3	3	3
GSM2533530	KCNJ16	Kcnj16	detectable	9.94417923435453	3	3	3	3
GSM2533531	KCNJ16	Kcnj16	detectable	9.56327850711054	3	3	3	3
GSM2533532	KCNJ16	Kcnj16	detectable	9.62237715547797	3	3	3	3
GSM2533533	KCNJ16	Kcnj16	detectable	9.88551276279162	3	3	3	3
GSM2533534	KCNJ16	Kcnj16	detectable	10.1854746174988	3	3	3	3
GSM2533535	KCNJ16	Kcnj16	detectable	9.54572854994452	3	3	3	3
GSM2533536	KCNJ16	Kcnj16	detectable	9.86583876344089	3	3	3	3
GSM2533537	KCNJ16	Kcnj16	detectable	10.0328479060934	3	3	3	3
GSM2533538	KCNJ16	Kcnj16	detectable	10.0186683898261	3	3	3	3
GSM2533539	KCNJ16	Kcnj16	detectable	9.12459947657968	3	3	3	3
GSM2533540	KCNJ16	Kcnj16	detectable	9.77872412807161	3	3	3	3
GSM2533541	KCNJ16	Kcnj16	detectable	9.31198045149112	3	3	3	3
GSM2533542	KCNJ16	Kcnj16	detectable	9.4684551121148	3	3	3	3
GSM2533543	KCNJ16	Kcnj16	detectable	10.1087280807876	3	3	3	3
GSM2533544	KCNJ16	Kcnj16	detectable	9.86967237244758	3	3	3	3
GSM2533545	KCNJ16	Kcnj16	detectable	9.84779383575251	3	3	3	3
GSM2533546	KCNJ16	Kcnj16	detectable	9.70960635683724	3	3	3	3
GSM2533547	KCNJ16	Kcnj16	detectable	9.79594019940182	3	3	3	3
GSM2533548	KCNJ16	Kcnj16	detectable	9.74576226283035	3	3	3	3
GSM2533549	KCNJ16	Kcnj16	detectable	9.9725445628611	3	3	3	3
GSM2533550	KCNJ16	Kcnj16	detectable	10.1581425506028	3	3	3	3
GSM2533551	KCNJ16	Kcnj16	detectable	10.1945633197137	3	3	3	3
GSM2533552	KCNJ16	Kcnj16	detectable	10.2720656624802	3	3	3	3
GSM2533478	SLC12A1	Slc12a1	detectable	10.9597651166172	1	2	2	1
GSM2533479	SLC12A1	Slc12a1	detectable	11.2076200605891	1	2	2	1
GSM2533480	SLC12A1	Slc12a1	detectable	10.8354771249722	1	2	2	1
GSM2533481	SLC12A1	Slc12a1	detectable	9.77157803602722	1	2	2	1
GSM2533482	SLC12A1	Slc12a1	detectable	12.319620459054	1	2	2	1
GSM2533483	SLC12A1	Slc12a1	detectable	11.1766126456554	1	2	2	1
GSM2533484	SLC12A1	Slc12a1	detectable	10.92129972100372	2	2	2	2
GSM2533485	SLC12A1	Slc12a1	detectable	10.833238112233154	2	2	2	2
GSM2533486	SLC12A1	Slc12a1	detectable	10.653699352349586	2	2	2	2
GSM2533487	SLC12A1	Slc12a1	detectable	10.91380250304563	2	2	2	2
GSM2533488	SLC12A1	Slc12a1	detectable	10.99841337499473	2	2	2	2
GSM2533489	SLC12A1	Slc12a1	detectable	10.766376868447484	2	2	2	2
GSM2533490	SLC12A1	Slc12a1	detectable	10.88820237839036	2	2	2	2
GSM2533491	SLC12A1	Slc12a1	detectable	11.154183815172814	2	2	2	2
GSM2533492	SLC12A1	Slc12a1	detectable	10.91837332013829	2	2	2	2
GSM2533493	SLC12A1	Slc12a1	detectable	11.051794567685535	2	2	2	2
GSM2533494	SLC12A1	Slc12a1	detectable	11.008759173773	2	2	2	2
GSM2533495	SLC12A1	Slc12a1	detectable	12.2225991403189	1	2	2	1
GSM2533496	SLC12A1	Slc12a1	detectable	13.1626626022469	1	2	2	1
GSM2533497	SLC12A1	Slc12a1	detectable	12.9522855292083	1	2	2	1
GSM2533498	SLC12A1	Slc12a1	detectable	12.7120388536308	1	2	2	1
GSM2533499	SLC12A1	Slc12a1	detectable	13.042762424876	1	2	2	1
GSM2533500	SLC12A1	Slc12a1	detectable	12.7996763456181	1	2	2	1
GSM2533501	SLC12A1	Slc12a1	detectable	12.9794100764712	1	2	2	1
GSM2533502	SLC12A1	Slc12a1	detectable	13.8815871996559	1	2	2	1
GSM2533503	SLC12A1	Slc12a1	detectable	10.84703476809692	2	2	2	2
GSM2533504	SLC12A1	Slc12a1	detectable	10.55251421899883	2	2	2	2
GSM2533505	SLC12A1	Slc12a1	detectable	14.2447736172934	1	2	2	1
GSM2533506	SLC12A1	Slc12a1	detectable	13.8194179747227	1	2	2	1
GSM2533507	SLC12A1	Slc12a1	detectable	13.6258832457017	1	2	2	1
GSM2533508	SLC12A1	Slc12a1	detectable	13.4773570050123	1	2	2	1
GSM2533509	SLC12A1	Slc12a1	detectable	14.7444589030645	1	2	2	1
GSM2533510	SLC12A1	Slc12a1	detectable	14.8955785841445	1	2	2	1
GSM2533511	SLC12A1	Slc12a1	detectable	13.1626626022469	1	2	2	1
GSM2533512	SLC12A1	Slc12a1	detectable	10.924665678700794	2	2	2	2
GSM2533513	SLC12A1	Slc12a1	detectable	10.69610371710424	2	2	2	2
GSM2533518	SLC12A1	Slc12a1	detectable	14.1096929645489	1	2	2	1
GSM2533519	SLC12A1	Slc12a1	detectable	13.9250227830338	1	2	2	1
GSM2533520	SLC12A1	Slc12a1	detectable	11.08702325788019	2	2	2	2
GSM2533521	SLC12A1	Slc12a1	detectable	10.86923143825855	2	2	2	2
GSM2533522	SLC12A1	Slc12a1	detectable	14.5320042612206	1	2	2	1
GSM2533523	SLC12A1	Slc12a1	detectable	14.5880497666142	1	2	2	1
GSM2533524	SLC12A1	Slc12a1	detectable	10.956288876876584	2	2	2	2
GSM2533525	SLC12A1	Slc12a1	detectable	11.13158453563479	2	2	2	2
GSM2533526	SLC12A1	Slc12a1	detectable	10.943625980775554	2	2	2	2
GSM2533527	SLC12A1	Slc12a1	detectable	11.18289622465658	2	2	2	2
GSM2533528	SLC12A1	Slc12a1	detectable	11.08975557270076	2	2	2	2
GSM2533529	SLC12A1	Slc12a1	detectable	10.751460733617504	2	2	2	2
GSM2533530	SLC12A1	Slc12a1	detectable	10.911923868461045	2	2	2	2
GSM2533531	SLC12A1	Slc12a1	detectable	10.92110116874745	2	2	2	2
GSM2533532	SLC12A1	Slc12a1	detectable	11.098837263926974	2	2	2	2
GSM2533533	SLC12A1	Slc12a1	detectable	10.81484496107542	2	2	2	2
GSM2533534	SLC12A1	Slc12a1	detectable	10.787647439278265	2	2	2	2
GSM2533535	SLC12A1	Slc12a1	detectable	11.036169065227885	2	2	2	2
GSM2533536	SLC12A1	Slc12a1	detectable	14.4569806384314	1	2	2	1
GSM2533537	SLC12A1	Slc12a1	detectable	14.159726406286	1	2	2	1
GSM2533538	SLC12A1	Slc12a1	detectable	10.83044049346404	2	2	2	2
GSM2533539	SLC12A1	Slc12a1	detectable	14.1647459056466	1	2	2	1
GSM2533540	SLC12A1	Slc12a1	detectable	10.760580942505385	2	2	2	2
GSM2533541	SLC12A1	Slc12a1	detectable	11.208685155325636	2	2	2	2
GSM2533542	SLC12A1	Slc12a1	detectable	14.579549123834	1	2	2	1
GSM2533543	SLC12A1	Slc12a1	detectable	14.1729121458655	1	2	2	1
GSM2533544	SLC12A1	Slc12a1	detectable	13.890258861064	1	2	2	1
GSM2533545	SLC12A1	Slc12a1	detectable	10.668997714744295	2	2	2	2
GSM2533546	SLC12A1	Slc12a1	detectable	11.00447081209086	2	2	2	2
GSM2533547	SLC12A1	Slc12a1	detectable	10.87568231144019	2	2	2	2
GSM2533548	SLC12A1	Slc12a1	detectable	10.95980246522725	2	2	2	2
GSM2533549	SLC12A1	Slc12a1	detectable	11.011899758979549	2	2	2	2
GSM2533550	SLC12A1	Slc12a1	detectable	14.1536762954762	1	2	2	1
GSM2533551	SLC12A1	Slc12a1	detectable	14.1621879104105	1	2	2	1
GSM2533552	SLC12A1	Slc12a1	detectable	10.58955619178485	2	2	2	2
GSM2533478	SLC12A3	Slc12a3	detectable	10.0613516236092	1	1	1	1
GSM2533479	SLC12A3	Slc12a3	detectable	10.6146963146393	1	1	1	1
GSM2533480	SLC12A3	Slc12a3	detectable	10.9434391818092	1	1	1	1
GSM2533481	SLC12A3	Slc12a3	detectable	10.9385504181212	1	1	1	1
GSM2533482	SLC12A3	Slc12a3	detectable	9.93026973810651	1	1	1	1
GSM2533483	SLC12A3	Slc12a3	detectable	10.0472468576476	1	1	1	1
GSM2533484	SLC12A3	Slc12a3	detectable	11.695328820614	1	1	1	1
GSM2533485	SLC12A3	Slc12a3	detectable	11.8137789894838	1	1	1	1
GSM2533486	SLC12A3	Slc12a3	detectable	11.5922648605441	1	1	1	1
GSM2533487	SLC12A3	Slc12a3	detectable	10.6176976301474	1	1	1	1
GSM2533488	SLC12A3	Slc12a3	detectable	12.0277789267114	1	1	1	1
GSM2533489	SLC12A3	Slc12a3	detectable	11.5087677719343	1	1	1	1
GSM2533490	SLC12A3	Slc12a3	detectable	10.7297063043272	1	1	1	1
GSM2533491	SLC12A3	Slc12a3	detectable	12.4417488324069	1	1	1	1
GSM2533492	SLC12A3	Slc12a3	detectable	12.1039639493436	1	1	1	1
GSM2533493	SLC12A3	Slc12a3	detectable	12.1202079501757	1	1	1	1
GSM2533494	SLC12A3	Slc12a3	detectable	12.2367996982944	1	1	1	1
GSM2533495	SLC12A3	Slc12a3	detectable	10.2450353529353	1	1	1	1
GSM2533496	SLC12A3	Slc12a3	detectable	10.1404427287775	1	1	1	1
GSM2533497	SLC12A3	Slc12a3	detectable	10.064334016756	1	1	1	1
GSM2533498	SLC12A3	Slc12a3	detectable	10.2090740492882	1	1	1	1
GSM2533499	SLC12A3	Slc12a3	detectable	10.4431642213133	1	1	1	1
GSM2533500	SLC12A3	Slc12a3	detectable	9.87422100648088	1	1	1	1
GSM2533501	SLC12A3	Slc12a3	detectable	10.5553243817801	1	1	1	1
GSM2533502	SLC12A3	Slc12a3	detectable	10.8249721525219	1	1	1	1
GSM2533503	SLC12A3	Slc12a3	detectable	11.5633297850669	1	1	1	1
GSM2533504	SLC12A3	Slc12a3	detectable	10.5797709260875	1	1	1	1
GSM2533505	SLC12A3	Slc12a3	detectable	11.7251867820849	1	1	1	1
GSM2533506	SLC12A3	Slc12a3	detectable	11.8313233132413	1	1	1	1
GSM2533507	SLC12A3	Slc12a3	detectable	10.941305114446	1	1	1	1
GSM2533508	SLC12A3	Slc12a3	detectable	9.82452514150988	1	1	1	1
GSM2533509	SLC12A3	Slc12a3	detectable	11.9083913010465	1	1	1	1
GSM2533510	SLC12A3	Slc12a3	detectable	12.470559350684	1	1	1	1
GSM2533511	SLC12A3	Slc12a3	detectable	10.0666175942664	1	1	1	1
GSM2533512	SLC12A3	Slc12a3	detectable	11.060996846447	1	1	1	1
GSM2533513	SLC12A3	Slc12a3	detectable	12.310208108034	1	1	1	1
GSM2533518	SLC12A3	Slc12a3	detectable	11.5842828468511	1	1	1	1
GSM2533519	SLC12A3	Slc12a3	detectable	11.5160061654655	1	1	1	1
GSM2533520	SLC12A3	Slc12a3	detectable	11.2738372681872	1	1	1	1
GSM2533521	SLC12A3	Slc12a3	detectable	11.2321760409051	1	1	1	1
GSM2533522	SLC12A3	Slc12a3	detectable	11.238166414138	1	1	1	1
GSM2533523	SLC12A3	Slc12a3	detectable	11.7610552337807	1	1	1	1
GSM2533524	SLC12A3	Slc12a3	detectable	11.6685638865294	1	1	1	1
GSM2533525	SLC12A3	Slc12a3	detectable	12.2146129101119	1	1	1	1
GSM2533526	SLC12A3	Slc12a3	detectable	11.0589549364932	1	1	1	1
GSM2533527	SLC12A3	Slc12a3	detectable	11.0925360531386	1	1	1	1
GSM2533528	SLC12A3	Slc12a3	detectable	11.9885934712958	1	1	1	1
GSM2533529	SLC12A3	Slc12a3	detectable	11.3965682092539	1	1	1	1
GSM2533530	SLC12A3	Slc12a3	detectable	10.9304987819052	1	1	1	1
GSM2533531	SLC12A3	Slc12a3	detectable	11.6015887725656	1	1	1	1
GSM2533532	SLC12A3	Slc12a3	detectable	11.8243456199267	1	1	1	1
GSM2533533	SLC12A3	Slc12a3	detectable	10.750448026314	1	1	1	1
GSM2533534	SLC12A3	Slc12a3	detectable	10.9054465039652	1	1	1	1
GSM2533535	SLC12A3	Slc12a3	detectable	12.0326556094023	1	1	1	1
GSM2533536	SLC12A3	Slc12a3	detectable	11.1277868232773	1	1	1	1
GSM2533537	SLC12A3	Slc12a3	detectable	12.5055346335039	1	1	1	1
GSM2533538	SLC12A3	Slc12a3	detectable	12.0815954572144	1	1	1	1
GSM2533539	SLC12A3	Slc12a3	detectable	10.4289335453049	1	1	1	1
GSM2533540	SLC12A3	Slc12a3	detectable	11.7018906762835	1	1	1	1
GSM2533541	SLC12A3	Slc12a3	detectable	10.8059521250357	1	1	1	1
GSM2533542	SLC12A3	Slc12a3	detectable	12.0312539268299	1	1	1	1
GSM2533543	SLC12A3	Slc12a3	detectable	11.9293696028148	1	1	1	1
GSM2533544	SLC12A3	Slc12a3	detectable	12.0105726157378	1	1	1	1
GSM2533545	SLC12A3	Slc12a3	detectable	11.7485856040598	1	1	1	1
GSM2533546	SLC12A3	Slc12a3	detectable	12.2646017082269	1	1	1	1
GSM2533547	SLC12A3	Slc12a3	detectable	12.3187832689033	1	1	1	1
GSM2533548	SLC12A3	Slc12a3	detectable	12.4998753747197	1	1	1	1
GSM2533549	SLC12A3	Slc12a3	detectable	12.110572055889	1	1	1	1
GSM2533550	SLC12A3	Slc12a3	detectable	11.7654363108198	1	1	1	1
GSM2533551	SLC12A3	Slc12a3	detectable	11.5588799032335	1	1	1	1
GSM2533552	SLC12A3	Slc12a3	detectable	11.5505119672222	1	1	1	1
GSM2533478	SLC8A1	Slc8a1	detectable		0	5	5	0
GSM2533479	SLC8A1	Slc8a1	detectable		0	5	5	0
GSM2533480	SLC8A1	Slc8a1	detectable		0	5	5	0
GSM2533481	SLC8A1	Slc8a1	detectable		0	5	5	0
GSM2533482	SLC8A1	Slc8a1	detectable	7.51503346397941	3	5	5	3
GSM2533483	SLC8A1	Slc8a1	detectable	7.68799348968404	3	5	5	3
GSM2533484	SLC8A1	Slc8a1	detectable	8.183433929848185	4	5	5	4
GSM2533485	SLC8A1	Slc8a1	detectable	8.475283923196455	4	5	5	4
GSM2533486	SLC8A1	Slc8a1	detectable	8.383293568217134	4	5	5	4
GSM2533487	SLC8A1	Slc8a1	detectable	7.80105751169436	5	5	5	5
GSM2533488	SLC8A1	Slc8a1	detectable	8.153776918309731	4	5	5	4
GSM2533489	SLC8A1	Slc8a1	detectable	8.016017401958434	4	5	5	4
GSM2533490	SLC8A1	Slc8a1	detectable	8.00383790334951	4	5	5	4
GSM2533491	SLC8A1	Slc8a1	detectable	8.222974481273525	4	5	5	4
GSM2533492	SLC8A1	Slc8a1	detectable	8.045493103760904	4	5	5	4
GSM2533493	SLC8A1	Slc8a1	detectable	8.00934511535328	4	5	5	4
GSM2533494	SLC8A1	Slc8a1	detectable	8.19716644981222	4	5	5	4
GSM2533495	SLC8A1	Slc8a1	detectable	7.75613176275566	4	5	5	4
GSM2533496	SLC8A1	Slc8a1	detectable	7.663879485067691	4	5	5	4
GSM2533497	SLC8A1	Slc8a1	detectable	7.89630278576343	3	5	5	3
GSM2533498	SLC8A1	Slc8a1	detectable	7.687215850173585	4	5	5	4
GSM2533499	SLC8A1	Slc8a1	detectable	7.51591158489866	4	5	5	4
GSM2533500	SLC8A1	Slc8a1	detectable	7.593597891208075	4	5	5	4
GSM2533501	SLC8A1	Slc8a1	detectable	7.653910746443685	4	5	5	4
GSM2533502	SLC8A1	Slc8a1	detectable	7.906717137106285	4	5	5	4
GSM2533503	SLC8A1	Slc8a1	detectable	8.018887066773285	4	5	5	4
GSM2533504	SLC8A1	Slc8a1	detectable	7.717484506002785	4	5	5	4
GSM2533505	SLC8A1	Slc8a1	detectable	8.111805733122525	4	5	5	4
GSM2533506	SLC8A1	Slc8a1	detectable	8.06959309518145	4	5	5	4
GSM2533507	SLC8A1	Slc8a1	detectable	7.823830652996585	4	5	5	4
GSM2533508	SLC8A1	Slc8a1	detectable	7.63408010257149	4	5	5	4
GSM2533509	SLC8A1	Slc8a1	detectable	8.059188833775375	4	5	5	4
GSM2533510	SLC8A1	Slc8a1	detectable	8.401172382444665	4	5	5	4
GSM2533511	SLC8A1	Slc8a1	detectable	8.08022637512853	4	5	5	4
GSM2533512	SLC8A1	Slc8a1	detectable	7.89473743713869	4	5	5	4
GSM2533513	SLC8A1	Slc8a1	detectable	8.062573688123665	4	5	5	4
GSM2533518	SLC8A1	Slc8a1	detectable	8.7912793675235	1	5	5	1
GSM2533519	SLC8A1	Slc8a1	detectable	8.9105580873841	1	5	5	1
GSM2533520	SLC8A1	Slc8a1	detectable	8.149383136257685	4	5	5	4
GSM2533521	SLC8A1	Slc8a1	detectable	8.16202454642305	4	5	5	4
GSM2533522	SLC8A1	Slc8a1	detectable	8.22858047747335	4	5	5	4
GSM2533523	SLC8A1	Slc8a1	detectable	8.117418301629675	4	5	5	4
GSM2533524	SLC8A1	Slc8a1	detectable	8.20958556363385	4	5	5	4
GSM2533525	SLC8A1	Slc8a1	detectable	8.2981485773785	4	5	5	4
GSM2533526	SLC8A1	Slc8a1	detectable	7.70928707957446	5	5	5	5
GSM2533527	SLC8A1	Slc8a1	detectable	8.32123819465587	4	5	5	4
GSM2533528	SLC8A1	Slc8a1	detectable	8.07312936515602	4	5	5	4
GSM2533529	SLC8A1	Slc8a1	detectable	7.94747340260657	4	5	5	4
GSM2533530	SLC8A1	Slc8a1	detectable	8.17679147439857	4	5	5	4
GSM2533531	SLC8A1	Slc8a1	detectable	8.089461251195905	4	5	5	4
GSM2533532	SLC8A1	Slc8a1	detectable	8.163487553022	4	5	5	4
GSM2533533	SLC8A1	Slc8a1	detectable	7.949217157512175	4	5	5	4
GSM2533534	SLC8A1	Slc8a1	detectable	7.932026152969905	4	5	5	4
GSM2533535	SLC8A1	Slc8a1	detectable	7.970954084265185	4	5	5	4
GSM2533536	SLC8A1	Slc8a1	detectable	7.9759299771536	4	5	5	4
GSM2533537	SLC8A1	Slc8a1	detectable	8.29959351292397	4	5	5	4
GSM2533538	SLC8A1	Slc8a1	detectable	7.905969175753115	4	5	5	4
GSM2533539	SLC8A1	Slc8a1	detectable	7.875996052421145	4	5	5	4
GSM2533540	SLC8A1	Slc8a1	detectable	8.125993454374896	4	5	5	4
GSM2533541	SLC8A1	Slc8a1	detectable	8.175633458533241	4	5	5	4
GSM2533542	SLC8A1	Slc8a1	detectable	8.24502333924382	4	5	5	4
GSM2533543	SLC8A1	Slc8a1	detectable	8.04592088177279	4	5	5	4
GSM2533544	SLC8A1	Slc8a1	detectable	8.067196541973605	4	5	5	4
GSM2533545	SLC8A1	Slc8a1	detectable	7.950437194613626	4	5	5	4
GSM2533546	SLC8A1	Slc8a1	detectable	8.140426738288834	4	5	5	4
GSM2533547	SLC8A1	Slc8a1	detectable	7.975050088716395	4	5	5	4
GSM2533548	SLC8A1	Slc8a1	detectable	8.266390857077091	4	5	5	4
GSM2533549	SLC8A1	Slc8a1	detectable	8.259225395339975	4	5	5	4
GSM2533550	SLC8A1	Slc8a1	detectable	8.19839857058096	4	5	5	4
GSM2533551	SLC8A1	Slc8a1	detectable	7.83054460926831	4	5	5	4
GSM2533552	SLC8A1	Slc8a1	detectable	8.049125059979055	4	5	5	4
GSM2533478	TRPM6	Trpm6	detectable		0	2	2	0
GSM2533479	TRPM6	Trpm6	detectable		0	2	2	0
GSM2533480	TRPM6	Trpm6	detectable		0	2	2	0
GSM2533481	TRPM6	Trpm6	detectable		0	2	2	0
GSM2533482	TRPM6	Trpm6	detectable	7.41724906435254	1	2	2	1
GSM2533483	TRPM6	Trpm6	detectable	7.32427836697231	1	2	2	1
GSM2533484	TRPM6	Trpm6	detectable	7.65026896857203	1	2	2	1
GSM2533485	TRPM6	Trpm6	detectable	7.67191039610339	1	2	2	1
GSM2533486	TRPM6	Trpm6	detectable	7.60179781867956	1	2	2	1
GSM2533487	TRPM6	Trpm6	detectable	7.86082529876219	2	2	2	2
GSM2533488	TRPM6	Trpm6	detectable	7.66548562155958	1	2	2	1
GSM2533489	TRPM6	Trpm6	detectable	7.53225226403877	1	2	2	1
GSM2533490	TRPM6	Trpm6	detectable	7.35099247226575	1	2	2	1
GSM2533491	TRPM6	Trpm6	detectable	7.6930279608402	1	2	2	1
GSM2533492	TRPM6	Trpm6	detectable	7.635314508192	1	2	2	1
GSM2533493	TRPM6	Trpm6	detectable	7.63087206314903	1	2	2	1
GSM2533494	TRPM6	Trpm6	detectable	7.86820474696652	1	2	2	1
GSM2533495	TRPM6	Trpm6	detectable	7.35329392564885	1	2	2	1
GSM2533496	TRPM6	Trpm6	detectable	7.44118744274561	1	2	2	1
GSM2533497	TRPM6	Trpm6	detectable	7.32912756319717	1	2	2	1
GSM2533498	TRPM6	Trpm6	detectable	7.40721603551091	1	2	2	1
GSM2533499	TRPM6	Trpm6	detectable	7.48873171385265	1	2	2	1
GSM2533500	TRPM6	Trpm6	detectable	7.41809385320356	1	2	2	1
GSM2533501	TRPM6	Trpm6	detectable	7.59488882072209	1	2	2	1
GSM2533502	TRPM6	Trpm6	detectable	7.38233266182298	1	2	2	1
GSM2533503	TRPM6	Trpm6	detectable	7.70444012085202	1	2	2	1
GSM2533504	TRPM6	Trpm6	detectable	7.49350827500058	1	2	2	1
GSM2533505	TRPM6	Trpm6	detectable	7.5803575994677	1	2	2	1
GSM2533506	TRPM6	Trpm6	detectable	7.53381527083552	1	2	2	1
GSM2533507	TRPM6	Trpm6	detectable	7.67686003214101	1	2	2	1
GSM2533508	TRPM6	Trpm6	detectable	7.61404998730166	1	2	2	1
GSM2533509	TRPM6	Trpm6	detectable	7.67151177432214	1	2	2	1
GSM2533510	TRPM6	Trpm6	detectable	7.8041894780418	1	2	2	1
GSM2533511	TRPM6	Trpm6	detectable	7.48000490330798	1	2	2	1
GSM2533512	TRPM6	Trpm6	detectable	7.6212712223887	1	2	2	1
GSM2533513	TRPM6	Trpm6	detectable	7.73588680421245	1	2	2	1
GSM2533518	TRPM6	Trpm6	detectable		0	2	2	0
GSM2533519	TRPM6	Trpm6	detectable		0	2	2	0
GSM2533520	TRPM6	Trpm6	detectable	7.6429599378177	1	2	2	1
GSM2533521	TRPM6	Trpm6	detectable	7.73569135308591	1	2	2	1
GSM2533522	TRPM6	Trpm6	detectable	7.62288111109988	1	2	2	1
GSM2533523	TRPM6	Trpm6	detectable	7.74096622624019	1	2	2	1
GSM2533524	TRPM6	Trpm6	detectable	7.72751239302034	1	2	2	1
GSM2533525	TRPM6	Trpm6	detectable	7.88799221744472	1	2	2	1
GSM2533526	TRPM6	Trpm6	detectable	7.688663221026815	2	2	2	2
GSM2533527	TRPM6	Trpm6	detectable	7.77714074354679	1	2	2	1
GSM2533528	TRPM6	Trpm6	detectable	7.8049135817572	1	2	2	1
GSM2533529	TRPM6	Trpm6	detectable	7.60716472233602	1	2	2	1
GSM2533530	TRPM6	Trpm6	detectable	7.61474295579755	1	2	2	1
GSM2533531	TRPM6	Trpm6	detectable	7.46501039578899	1	2	2	1
GSM2533532	TRPM6	Trpm6	detectable	7.48314797870721	1	2	2	1
GSM2533533	TRPM6	Trpm6	detectable	7.3905592644759	1	2	2	1
GSM2533534	TRPM6	Trpm6	detectable	7.43793936918027	1	2	2	1
GSM2533535	TRPM6	Trpm6	detectable	7.4949563597827	1	2	2	1
GSM2533536	TRPM6	Trpm6	detectable	7.35962915105383	1	2	2	1
GSM2533537	TRPM6	Trpm6	detectable	7.79461877820092	1	2	2	1
GSM2533538	TRPM6	Trpm6	detectable	8.01947498067366	1	2	2	1
GSM2533539	TRPM6	Trpm6	detectable	7.44191796015687	1	2	2	1
GSM2533540	TRPM6	Trpm6	detectable	7.78058730627384	1	2	2	1
GSM2533541	TRPM6	Trpm6	detectable	7.44212245526702	1	2	2	1
GSM2533542	TRPM6	Trpm6	detectable	7.58865348741896	1	2	2	1
GSM2533543	TRPM6	Trpm6	detectable	7.63699318828461	1	2	2	1
GSM2533544	TRPM6	Trpm6	detectable	7.75543981446409	1	2	2	1
GSM2533545	TRPM6	Trpm6	detectable	7.55159677608837	1	2	2	1
GSM2533546	TRPM6	Trpm6	detectable	7.81225615181535	1	2	2	1
GSM2533547	TRPM6	Trpm6	detectable	7.83032607356368	1	2	2	1
GSM2533548	TRPM6	Trpm6	detectable	7.90796714391021	1	2	2	1
GSM2533549	TRPM6	Trpm6	detectable	7.75337128642786	1	2	2	1
GSM2533550	TRPM6	Trpm6	detectable	7.71950310869746	1	2	2	1
GSM2533551	TRPM6	Trpm6	detectable	7.5848104351863	1	2	2	1
GSM2533552	TRPM6	Trpm6	detectable	7.7599443010743	1	2	2	1
GSM2533478	TRPV5	Trpv5	detectable		0	1	1	0
GSM2533479	TRPV5	Trpv5	detectable		0	1	1	0
GSM2533480	TRPV5	Trpv5	detectable		0	1	1	0
GSM2533481	TRPV5	Trpv5	detectable		0	1	1	0
GSM2533482	TRPV5	Trpv5	detectable	7.8484391487743	1	1	1	1
GSM2533483	TRPV5	Trpv5	detectable	8.03011996636155	1	1	1	1
GSM2533484	TRPV5	Trpv5	detectable	7.63846541542686	1	1	1	1
GSM2533485	TRPV5	Trpv5	detectable	7.5403767785523	1	1	1	1
GSM2533486	TRPV5	Trpv5	detectable	7.53060113762673	1	1	1	1
GSM2533487	TRPV5	Trpv5	detectable	7.35200632249595	1	1	1	1
GSM2533488	TRPV5	Trpv5	detectable	7.55013070812514	1	1	1	1
GSM2533489	TRPV5	Trpv5	detectable	7.48488166175669	1	1	1	1
GSM2533490	TRPV5	Trpv5	detectable	7.44328727875259	1	1	1	1
GSM2533491	TRPV5	Trpv5	detectable	7.58687137551245	1	1	1	1
GSM2533492	TRPV5	Trpv5	detectable	7.48929023005098	1	1	1	1
GSM2533493	TRPV5	Trpv5	detectable	7.5248033753742	1	1	1	1
GSM2533494	TRPV5	Trpv5	detectable	7.57989284548959	1	1	1	1
GSM2533495	TRPV5	Trpv5	detectable	7.99262963931664	1	1	1	1
GSM2533496	TRPV5	Trpv5	detectable	7.8249678156643	1	1	1	1
GSM2533497	TRPV5	Trpv5	detectable	7.52744280978497	1	1	1	1
GSM2533498	TRPV5	Trpv5	detectable	7.88754402914524	1	1	1	1
GSM2533499	TRPV5	Trpv5	detectable	7.8032289540672	1	1	1	1
GSM2533500	TRPV5	Trpv5	detectable	7.83359491507403	1	1	1	1
GSM2533501	TRPV5	Trpv5	detectable	7.3715538704373	1	1	1	1
GSM2533502	TRPV5	Trpv5	detectable	7.50418050719473	1	1	1	1
GSM2533503	TRPV5	Trpv5	detectable	7.55047417470082	1	1	1	1
GSM2533504	TRPV5	Trpv5	detectable	7.47430630606997	1	1	1	1
GSM2533505	TRPV5	Trpv5	detectable	7.52878720344568	1	1	1	1
GSM2533506	TRPV5	Trpv5	detectable	7.40721603551091	1	1	1	1
GSM2533507	TRPV5	Trpv5	detectable	7.49540686693599	1	1	1	1
GSM2533508	TRPV5	Trpv5	detectable	7.31382151404992	1	1	1	1
GSM2533509	TRPV5	Trpv5	detectable	7.36799504337421	1	1	1	1
GSM2533510	TRPV5	Trpv5	detectable	7.48962401560569	1	1	1	1
GSM2533511	TRPV5	Trpv5	detectable	7.23263979168284	1	1	1	1
GSM2533512	TRPV5	Trpv5	detectable	7.45193894646685	1	1	1	1
GSM2533513	TRPV5	Trpv5	detectable	7.42554772559785	1	1	1	1
GSM2533518	TRPV5	Trpv5	detectable		0	1	1	0
GSM2533519	TRPV5	Trpv5	detectable		0	1	1	0
GSM2533520	TRPV5	Trpv5	detectable	7.61642497729157	1	1	1	1
GSM2533521	TRPV5	Trpv5	detectable	7.70241842830729	1	1	1	1
GSM2533522	TRPV5	Trpv5	detectable	7.69497909875925	1	1	1	1
GSM2533523	TRPV5	Trpv5	detectable	7.61873672452078	1	1	1	1
GSM2533524	TRPV5	Trpv5	detectable	7.44458048169556	1	1	1	1
GSM2533525	TRPV5	Trpv5	detectable	7.93443936768866	1	1	1	1
GSM2533526	TRPV5	Trpv5	detectable	7.34730527784926	1	1	1	1
GSM2533527	TRPV5	Trpv5	detectable	7.57857752664804	1	1	1	1
GSM2533528	TRPV5	Trpv5	detectable	7.61495027949295	1	1	1	1
GSM2533529	TRPV5	Trpv5	detectable	7.40022133044559	1	1	1	1
GSM2533530	TRPV5	Trpv5	detectable	7.42783154534005	1	1	1	1
GSM2533531	TRPV5	Trpv5	detectable	7.4514662568624	1	1	1	1
GSM2533532	TRPV5	Trpv5	detectable	7.41748199645676	1	1	1	1
GSM2533533	TRPV5	Trpv5	detectable	7.32157485536358	1	1	1	1
GSM2533534	TRPV5	Trpv5	detectable	7.55786955721204	1	1	1	1
GSM2533535	TRPV5	Trpv5	detectable	7.25277288611512	1	1	1	1
GSM2533536	TRPV5	Trpv5	detectable	7.3853942346179	1	1	1	1
GSM2533537	TRPV5	Trpv5	detectable	7.6968521074062	1	1	1	1
GSM2533538	TRPV5	Trpv5	detectable	7.53035385187124	1	1	1	1
GSM2533539	TRPV5	Trpv5	detectable	7.51168591412571	1	1	1	1
GSM2533540	TRPV5	Trpv5	detectable	7.55908881122448	1	1	1	1
GSM2533541	TRPV5	Trpv5	detectable	7.46575454306477	1	1	1	1
GSM2533542	TRPV5	Trpv5	detectable	7.63878128679342	1	1	1	1
GSM2533543	TRPV5	Trpv5	detectable	7.49750895908793	1	1	1	1
GSM2533544	TRPV5	Trpv5	detectable	7.41253636676418	1	1	1	1
GSM2533545	TRPV5	Trpv5	detectable	7.45404337384932	1	1	1	1
GSM2533546	TRPV5	Trpv5	detectable	7.5803575994677	1	1	1	1
GSM2533547	TRPV5	Trpv5	detectable	7.5153171231905	1	1	1	1
GSM2533548	TRPV5	Trpv5	detectable	7.60200701090193	1	1	1	1
GSM2533549	TRPV5	Trpv5	detectable	7.66917395880891	1	1	1	1
GSM2533550	TRPV5	Trpv5	detectable	7.48421320577351	1	1	1	1
GSM2533551	TRPV5	Trpv5	detectable	7.41762651363071	1	1	1	1
GSM2533552	TRPV5	Trpv5	detectable	7.47641895973974	1	1	1	1
GSM2533478	ATP1A1	Atp1a1	primary	16.15141797098385	2	2	2	2
GSM2533479	ATP1A1	Atp1a1	primary	16.33644391288535	2	2	2	2
GSM2533480	ATP1A1	Atp1a1	primary	16.32959875981145	2	2	2	2
GSM2533481	ATP1A1	Atp1a1	primary	16.31162606165115	2	2	2	2
GSM2533482	ATP1A1	Atp1a1	primary	15.850174698335849	2	2	2	2
GSM2533483	ATP1A1	Atp1a1	primary	15.821870162826851	2	2	2	2
GSM2533484	ATP1A1	Atp1a1	primary	15.7609273254747	2	2	2	2
GSM2533485	ATP1A1	Atp1a1	primary	16.38768386794795	2	2	2	2
GSM2533486	ATP1A1	Atp1a1	primary	16.22709222467705	2	2	2	2
GSM2533487	ATP1A1	Atp1a1	primary	16.8518415281884	2	2	2	2
GSM2533488	ATP1A1	Atp1a1	primary	16.7492917841263	2	2	2	2
GSM2533489	ATP1A1	Atp1a1	primary	16.2865312007603	2	2	2	2
GSM2533490	ATP1A1	Atp1a1	primary	15.997114080847	2	2	2	2
GSM2533491	ATP1A1	Atp1a1	primary	16.83154640172305	2	2	2	2
GSM2533492	ATP1A1	Atp1a1	primary	16.56423535542535	2	2	2	2
GSM2533493	ATP1A1	Atp1a1	primary	16.749580859160403	2	2	2	2
GSM2533494	ATP1A1	Atp1a1	primary	16.67906690489425	2	2	2	2
GSM2533495	ATP1A1	Atp1a1	primary	16.05723061775815	2	2	2	2
GSM2533496	ATP1A1	Atp1a1	primary	15.60333116645145	2	2	2	2
GSM2533497	ATP1A1	Atp1a1	primary	15.87027196536135	2	2	2	2
GSM2533498	ATP1A1	Atp1a1	primary	15.51897112728945	2	2	2	2
GSM2533499	ATP1A1	Atp1a1	primary	15.995755040263349	2	2	2	2
GSM2533500	ATP1A1	Atp1a1	primary	15.8258378935581	2	2	2	2
GSM2533501	ATP1A1	Atp1a1	primary	15.6470537438728	2	2	2	2
GSM2533502	ATP1A1	Atp1a1	primary	16.13445397372145	2	2	2	2
GSM2533503	ATP1A1	Atp1a1	primary	16.39431411262305	2	2	2	2
GSM2533504	ATP1A1	Atp1a1	primary	16.25547715844345	2	2	2	2
GSM2533505	ATP1A1	Atp1a1	primary	16.98098752026645	2	2	2	2
GSM2533506	ATP1A1	Atp1a1	primary	16.33283977813605	2	2	2	2
GSM2533507	ATP1A1	Atp1a1	primary	16.111433748216	2	2	2	2
GSM2533508	ATP1A1	Atp1a1	primary	15.88626836157255	2	2	2	2
GSM2533509	ATP1A1	Atp1a1	primary	16.46855362404115	2	2	2	2
GSM2533510	ATP1A1	Atp1a1	primary	16.30241651424215	2	2	2	2
GSM2533511	ATP1A1	Atp1a1	primary	15.8046612874461	2	2	2	2
GSM2533512	ATP1A1	Atp1a1	primary	16.7362935329163	2	2	2	2
GSM2533513	ATP1A1	Atp1a1	primary	16.75445738010285	2	2	2	2
GSM2533518	ATP1A1	Atp1a1	primary	16.5115676425943	2	2	2	2
GSM2533519	ATP1A1	Atp1a1	primary	16.275363046838848	2	2	2	2
GSM2533520	ATP1A1	Atp1a1	primary	16.45428104498285	2	2	2	2
GSM2533521	ATP1A1	Atp1a1	primary	16.183326099531797	2	2	2	2
GSM2533522	ATP1A1	Atp1a1	primary	16.218188916983102	2	2	2	2
GSM2533523	ATP1A1	Atp1a1	primary	16.513439564249452	2	2	2	2
GSM2533524	ATP1A1	Atp1a1	primary	16.38393117035805	2	2	2	2
GSM2533525	ATP1A1	Atp1a1	primary	16.28933610734505	2	2	2	2
GSM2533526	ATP1A1	Atp1a1	primary	16.4616610650059	2	2	2	2
GSM2533527	ATP1A1	Atp1a1	primary	16.28386942184175	2	2	2	2
GSM2533528	ATP1A1	Atp1a1	primary	16.56772715438355	2	2	2	2
GSM2533529	ATP1A1	Atp1a1	primary	16.3479422504124	2	2	2	2
GSM2533530	ATP1A1	Atp1a1	primary	16.4118433894023	2	2	2	2
GSM2533531	ATP1A1	Atp1a1	primary	16.467213424900052	2	2	2	2
GSM2533532	ATP1A1	Atp1a1	primary	16.7023550877371	2	2	2	2
GSM2533533	ATP1A1	Atp1a1	primary	16.45996263126835	2	2	2	2
GSM2533534	ATP1A1	Atp1a1	primary	16.20367248827605	2	2	2	2
GSM2533535	ATP1A1	Atp1a1	primary	16.71465042378335	2	2	2	2
GSM2533536	ATP1A1	Atp1a1	primary	16.0638369877941	2	2	2	2
GSM2533537	ATP1A1	Atp1a1	primary	16.09334954877015	2	2	2	2
GSM2533538	ATP1A1	Atp1a1	primary	16.512163424180002	2	2	2	2
GSM2533539	ATP1A1	Atp1a1	primary	15.696653227424601	2	2	2	2
GSM2533540	ATP1A1	Atp1a1	primary	16.011093981156	2	2	2	2
GSM2533541	ATP1A1	Atp1a1	primary	16.58012361711235	2	2	2	2
GSM2533542	ATP1A1	Atp1a1	primary	16.41377753162845	2	2	2	2
GSM2533543	ATP1A1	Atp1a1	primary	16.386896136835603	2	2	2	2
GSM2533544	ATP1A1	Atp1a1	primary	16.5611733999893	2	2	2	2
GSM2533545	ATP1A1	Atp1a1	primary	16.4541316879043	2	2	2	2
GSM2533546	ATP1A1	Atp1a1	primary	16.8597089417548	2	2	2	2
GSM2533547	ATP1A1	Atp1a1	primary	16.60783042855565	2	2	2	2
GSM2533548	ATP1A1	Atp1a1	primary	16.5919850902699	2	2	2	2
GSM2533549	ATP1A1	Atp1a1	primary	16.6651804944903	2	2	2	2
GSM2533550	ATP1A1	Atp1a1	primary	16.6548510513783	2	2	2	2
GSM2533551	ATP1A1	Atp1a1	primary	16.637019639432452	2	2	2	2
GSM2533552	ATP1A1	Atp1a1	primary	16.26463876782675	2	2	2	2
GSM2533478	ATP1B1	Atp1b1	primary	14.3654709361805	1	1	1	1
GSM2533479	ATP1B1	Atp1b1	primary	14.2378295104209	1	1	1	1
GSM2533480	ATP1B1	Atp1b1	primary	14.697674220396	1	1	1	1
GSM2533481	ATP1B1	Atp1b1	primary	14.3146485145198	1	1	1	1
GSM2533482	ATP1B1	Atp1b1	primary	14.5213727352017	1	1	1	1
GSM2533483	ATP1B1	Atp1b1	primary	14.5905215339812	1	1	1	1
GSM2533484	ATP1B1	Atp1b1	primary	15.0501713709409	1	1	1	1
GSM2533485	ATP1B1	Atp1b1	primary	14.8955785841445	1	1	1	1
GSM2533486	ATP1B1	Atp1b1	primary	14.8241285022471	1	1	1	1
GSM2533487	ATP1B1	Atp1b1	primary	15.4049253131385	1	1	1	1
GSM2533488	ATP1B1	Atp1b1	primary	14.7240232314879	1	1	1	1
GSM2533489	ATP1B1	Atp1b1	primary	14.9556805713125	1	1	1	1
GSM2533490	ATP1B1	Atp1b1	primary	15.1847983963009	1	1	1	1
GSM2533491	ATP1B1	Atp1b1	primary	14.874399632347	1	1	1	1
GSM2533492	ATP1B1	Atp1b1	primary	14.7266588753975	1	1	1	1
GSM2533493	ATP1B1	Atp1b1	primary	15.0302238827005	1	1	1	1
GSM2533494	ATP1B1	Atp1b1	primary	15.0134909819224	1	1	1	1
GSM2533495	ATP1B1	Atp1b1	primary	14.2286355403527	1	1	1	1
GSM2533496	ATP1B1	Atp1b1	primary	14.2619624148536	1	1	1	1
GSM2533497	ATP1B1	Atp1b1	primary	14.6503730669508	1	1	1	1
GSM2533498	ATP1B1	Atp1b1	primary	14.0482835345488	1	1	1	1
GSM2533499	ATP1B1	Atp1b1	primary	14.0404512666211	1	1	1	1
GSM2533500	ATP1B1	Atp1b1	primary	14.3965053395464	1	1	1	1
GSM2533501	ATP1B1	Atp1b1	primary	14.0565828041997	1	1	1	1
GSM2533502	ATP1B1	Atp1b1	primary	14.5267888965541	1	1	1	1
GSM2533503	ATP1B1	Atp1b1	primary	14.738324192453	1	1	1	1
GSM2533504	ATP1B1	Atp1b1	primary	14.271967388915	1	1	1	1
GSM2533505	ATP1B1	Atp1b1	primary	14.6076465139941	1	1	1	1
GSM2533506	ATP1B1	Atp1b1	primary	14.3279187196846	1	1	1	1
GSM2533507	ATP1B1	Atp1b1	primary	14.3279187196846	1	1	1	1
GSM2533508	ATP1B1	Atp1b1	primary	14.0329041958457	1	1	1	1
GSM2533509	ATP1B1	Atp1b1	primary	14.4021642965913	1	1	1	1
GSM2533510	ATP1B1	Atp1b1	primary	14.7353004807607	1	1	1	1
GSM2533511	ATP1B1	Atp1b1	primary	14.5213727352017	1	1	1	1
GSM2533512	ATP1B1	Atp1b1	primary	14.798436826536	1	1	1	1
GSM2533513	ATP1B1	Atp1b1	primary	14.5373982482462	1	1	1	1
GSM2533518	ATP1B1	Atp1b1	primary	14.7713012510836	1	1	1	1
GSM2533519	ATP1B1	Atp1b1	primary	14.8376438617566	1	1	1	1
GSM2533520	ATP1B1	Atp1b1	primary	14.6889659010539	1	1	1	1
GSM2533521	ATP1B1	Atp1b1	primary	14.6949329436828	1	1	1	1
GSM2533522	ATP1B1	Atp1b1	primary	14.7183662639757	1	1	1	1
GSM2533523	ATP1B1	Atp1b1	primary	14.7240232314879	1	1	1	1
GSM2533524	ATP1B1	Atp1b1	primary	14.9381944114206	1	1	1	1
GSM2533525	ATP1B1	Atp1b1	primary	15.2828426702148	1	1	1	1
GSM2533526	ATP1B1	Atp1b1	primary	15.2296243473803	1	1	1	1
GSM2533527	ATP1B1	Atp1b1	primary	15.2102227374917	1	1	1	1
GSM2533528	ATP1B1	Atp1b1	primary	14.7302910679427	1	1	1	1
GSM2533529	ATP1B1	Atp1b1	primary	14.7930522501881	1	1	1	1
GSM2533530	ATP1B1	Atp1b1	primary	15.1025443638289	1	1	1	1
GSM2533531	ATP1B1	Atp1b1	primary	14.7526217033878	1	1	1	1
GSM2533532	ATP1B1	Atp1b1	primary	14.7906800819161	1	1	1	1
GSM2533533	ATP1B1	Atp1b1	primary	14.7958609956757	1	1	1	1
GSM2533534	ATP1B1	Atp1b1	primary	15.2952068079851	1	1	1	1
GSM2533535	ATP1B1	Atp1b1	primary	14.8188254307126	1	1	1	1
GSM2533536	ATP1B1	Atp1b1	primary	14.821706940123	1	1	1	1
GSM2533537	ATP1B1	Atp1b1	primary	14.1690124152663	1	1	1	1
GSM2533538	ATP1B1	Atp1b1	primary	14.634053619179	1	1	1	1
GSM2533539	ATP1B1	Atp1b1	primary	14.4702578245383	1	1	1	1
GSM2533540	ATP1B1	Atp1b1	primary	14.647395047092	1	1	1	1
GSM2533541	ATP1B1	Atp1b1	primary	14.958102059871	1	1	1	1
GSM2533542	ATP1B1	Atp1b1	primary	14.6889659010539	1	1	1	1
GSM2533543	ATP1B1	Atp1b1	primary	14.8626226611625	1	1	1	1
GSM2533544	ATP1B1	Atp1b1	primary	14.7266588753975	1	1	1	1
GSM2533545	ATP1B1	Atp1b1	primary	14.7930522501881	1	1	1	1
GSM2533546	ATP1B1	Atp1b1	primary	14.8241285022471	1	1	1	1
GSM2533547	ATP1B1	Atp1b1	primary	14.8686126554242	1	1	1	1
GSM2533548	ATP1B1	Atp1b1	primary	14.6252939931172	1	1	1	1
GSM2533549	ATP1B1	Atp1b1	primary	14.865786323608	1	1	1	1
GSM2533550	ATP1B1	Atp1b1	primary	14.7958609956757	1	1	1	1
GSM2533551	ATP1B1	Atp1b1	primary	14.8352292576215	1	1	1	1
GSM2533552	ATP1B1	Atp1b1	primary	14.8435157157153	1	1	1	1
GSM2533478	ATP2B1	Atp2b1	primary	7.364967131996934	4	4	4	1
GSM2533479	ATP2B1	Atp2b1	primary	7.4731922834180295	4	4	4	1
GSM2533480	ATP2B1	Atp2b1	primary	8.28309863108513	4	4	4	1
GSM2533481	ATP2B1	Atp2b1	primary	8.076708493831886	4	4	4	1
GSM2533482	ATP2B1	Atp2b1	primary	8.25509983187378	4	4	4	4
GSM2533483	ATP2B1	Atp2b1	primary	8.847456417026859	4	4	4	4
GSM2533484	ATP2B1	Atp2b1	primary	7.86986131903261	4	4	4	4
GSM2533485	ATP2B1	Atp2b1	primary	8.101973784439405	4	4	4	4
GSM2533486	ATP2B1	Atp2b1	primary	8.19274742178766	4	4	4	4
GSM2533487	ATP2B1	Atp2b1	primary	7.901968675457571	4	4	4	4
GSM2533488	ATP2B1	Atp2b1	primary	8.017230683801555	4	4	4	4
GSM2533489	ATP2B1	Atp2b1	primary	8.03768343517004	4	4	4	4
GSM2533490	ATP2B1	Atp2b1	primary	8.134646475623349	4	4	4	4
GSM2533491	ATP2B1	Atp2b1	primary	8.026007761859194	4	4	4	4
GSM2533492	ATP2B1	Atp2b1	primary	8.02305152579882	4	4	4	4
GSM2533493	ATP2B1	Atp2b1	primary	7.955291620435554	4	4	4	4
GSM2533494	ATP2B1	Atp2b1	primary	7.864999379065785	4	4	4	4
GSM2533495	ATP2B1	Atp2b1	primary	8.447523750624786	4	4	4	4
GSM2533496	ATP2B1	Atp2b1	primary	8.27608950515793	4	4	4	4
GSM2533497	ATP2B1	Atp2b1	primary	8.543212629230336	4	4	4	4
GSM2533498	ATP2B1	Atp2b1	primary	8.3107650494904	4	4	4	4
GSM2533499	ATP2B1	Atp2b1	primary	8.09161081361726	4	4	4	4
GSM2533500	ATP2B1	Atp2b1	primary	8.290747081692055	4	4	4	4
GSM2533501	ATP2B1	Atp2b1	primary	8.183543908181646	4	4	4	4
GSM2533502	ATP2B1	Atp2b1	primary	8.369511112123156	4	4	4	4
GSM2533503	ATP2B1	Atp2b1	primary	8.05677536025846	4	4	4	4
GSM2533504	ATP2B1	Atp2b1	primary	8.155284728834456	4	4	4	4
GSM2533505	ATP2B1	Atp2b1	primary	8.162178498052194	4	4	4	4
GSM2533506	ATP2B1	Atp2b1	primary	7.990159065994105	4	4	4	4
GSM2533507	ATP2B1	Atp2b1	primary	8.024759831524685	4	4	4	4
GSM2533508	ATP2B1	Atp2b1	primary	8.111859428130934	4	4	4	4
GSM2533509	ATP2B1	Atp2b1	primary	8.02772849884204	4	4	4	4
GSM2533510	ATP2B1	Atp2b1	primary	7.88045815275134	4	4	4	4
GSM2533511	ATP2B1	Atp2b1	primary	8.373960558026335	4	4	4	4
GSM2533512	ATP2B1	Atp2b1	primary	7.929557786528255	4	4	4	4
GSM2533513	ATP2B1	Atp2b1	primary	7.9863602366259245	4	4	4	4
GSM2533518	ATP2B1	Atp2b1	primary	8.254728545231055	4	4	4	2
GSM2533519	ATP2B1	Atp2b1	primary	8.021577880254549	4	4	4	2
GSM2533520	ATP2B1	Atp2b1	primary	8.13080172036717	4	4	4	4
GSM2533521	ATP2B1	Atp2b1	primary	8.09133069513874	4	4	4	4
GSM2533522	ATP2B1	Atp2b1	primary	8.358726057223286	4	4	4	4
GSM2533523	ATP2B1	Atp2b1	primary	8.123421423914934	4	4	4	4
GSM2533524	ATP2B1	Atp2b1	primary	8.09541944949235	4	4	4	4
GSM2533525	ATP2B1	Atp2b1	primary	7.89028587639889	4	4	4	4
GSM2533526	ATP2B1	Atp2b1	primary	7.584290612126695	4	4	4	4
GSM2533527	ATP2B1	Atp2b1	primary	7.970388463755545	4	4	4	4
GSM2533528	ATP2B1	Atp2b1	primary	8.01478600400769	4	4	4	4
GSM2533529	ATP2B1	Atp2b1	primary	7.858645251229159	4	4	4	4
GSM2533530	ATP2B1	Atp2b1	primary	7.84587034018955	4	4	4	4
GSM2533531	ATP2B1	Atp2b1	primary	8.04133776354357	4	4	4	4
GSM2533532	ATP2B1	Atp2b1	primary	7.9595205893230006	4	4	4	4
GSM2533533	ATP2B1	Atp2b1	primary	7.97287089341104	4	4	4	4
GSM2533534	ATP2B1	Atp2b1	primary	8.028703717039829	4	4	4	4
GSM2533535	ATP2B1	Atp2b1	primary	8.14570166988038	4	4	4	4
GSM2533536	ATP2B1	Atp2b1	primary	8.327877048461804	4	4	4	4
GSM2533537	ATP2B1	Atp2b1	primary	8.18734554009235	4	4	4	4
GSM2533538	ATP2B1	Atp2b1	primary	7.919937144230154	4	4	4	4
GSM2533539	ATP2B1	Atp2b1	primary	8.140776715103456	4	4	4	4
GSM2533540	ATP2B1	Atp2b1	primary	7.997035552005865	4	4	4	4
GSM2533541	ATP2B1	Atp2b1	primary	8.32123469761587	4	4	4	4
GSM2533542	ATP2B1	Atp2b1	primary	8.070752474684479	4	4	4	4
GSM2533543	ATP2B1	Atp2b1	primary	7.913782178902846	4	4	4	4
GSM2533544	ATP2B1	Atp2b1	primary	8.0602949216355	4	4	4	4
GSM2533545	ATP2B1	Atp2b1	primary	7.952932912006325	4	4	4	4
GSM2533546	ATP2B1	Atp2b1	primary	8.069635365950775	4	4	4	4
GSM2533547	ATP2B1	Atp2b1	primary	8.04458073288899	4	4	4	4
GSM2533548	ATP2B1	Atp2b1	primary	7.86915970305501	4	4	4	4
GSM2533549	ATP2B1	Atp2b1	primary	8.050009183964695	4	4	4	4
GSM2533550	ATP2B1	Atp2b1	primary	7.978974452480125	4	4	4	4
GSM2533551	ATP2B1	Atp2b1	primary	7.978330155437365	4	4	4	4
GSM2533552	ATP2B1	Atp2b1	primary	7.907472152019935	4	4	4	4
GSM2533478	BSND	Bsnd	primary	7.43638332437403	1	1	1	0
GSM2533479	BSND	Bsnd	primary	7.25627987741775	1	1	1	0
GSM2533480	BSND	Bsnd	primary	7.55948557607952	1	1	1	0
GSM2533481	BSND	Bsnd	primary	7.72724871401671	1	1	1	0
GSM2533482	BSND	Bsnd	primary	7.66740627295556	1	1	1	1
GSM2533483	BSND	Bsnd	primary	7.93814988363528	1	1	1	1
GSM2533484	BSND	Bsnd	primary	8.46055824319598	1	1	1	1
GSM2533485	BSND	Bsnd	primary	8.09129219208359	1	1	1	1
GSM2533486	BSND	Bsnd	primary	7.95933920673068	1	1	1	1
GSM2533487	BSND	Bsnd	primary	7.38213963299298	1	1	1	1
GSM2533488	BSND	Bsnd	primary	8.18373440742808	1	1	1	1
GSM2533489	BSND	Bsnd	primary	7.94764524059544	1	1	1	1
GSM2533490	BSND	Bsnd	primary	7.89458090399548	1	1	1	1
GSM2533491	BSND	Bsnd	primary	8.68807679994696	1	1	1	1
GSM2533492	BSND	Bsnd	primary	8.70046847495367	1	1	1	1
GSM2533493	BSND	Bsnd	primary	8.32807122307344	1	1	1	1
GSM2533494	BSND	Bsnd	primary	8.42026198385446	1	1	1	1
GSM2533495	BSND	Bsnd	primary	7.66608289878372	1	1	1	1
GSM2533496	BSND	Bsnd	primary	7.62437660208495	1	1	1	1
GSM2533497	BSND	Bsnd	primary	7.59683003516517	1	1	1	1
GSM2533498	BSND	Bsnd	primary	7.84755722038253	1	1	1	1
GSM2533499	BSND	Bsnd	primary	7.72445952357445	1	1	1	1
GSM2533500	BSND	Bsnd	primary	7.61348487387804	1	1	1	1
GSM2533501	BSND	Bsnd	primary	7.77103428929864	1	1	1	1
GSM2533502	BSND	Bsnd	primary	7.9896265569193	1	1	1	1
GSM2533503	BSND	Bsnd	primary	8.33451426959605	1	1	1	1
GSM2533504	BSND	Bsnd	primary	7.91963264732697	1	1	1	1
GSM2533505	BSND	Bsnd	primary	8.24748374498043	1	1	1	1
GSM2533506	BSND	Bsnd	primary	8.0723940974801	1	1	1	1
GSM2533507	BSND	Bsnd	primary	8.18213612093752	1	1	1	1
GSM2533508	BSND	Bsnd	primary	8.0565979871247	1	1	1	1
GSM2533509	BSND	Bsnd	primary	8.75400455906136	1	1	1	1
GSM2533510	BSND	Bsnd	primary	8.74793067421583	1	1	1	1
GSM2533511	BSND	Bsnd	primary	7.43894416016759	1	1	1	1
GSM2533512	BSND	Bsnd	primary	8.17650849138356	1	1	1	1
GSM2533513	BSND	Bsnd	primary	8.25525166868378	1	1	1	1
GSM2533518	BSND	Bsnd	primary	8.12274332619966	1	1	1	0
GSM2533519	BSND	Bsnd	primary	8.83225640900949	1	1	1	1
GSM2533520	BSND	Bsnd	primary	8.80132564519484	1	1	1	1
GSM2533521	BSND	Bsnd	primary	8.69913974750404	1	1	1	1
GSM2533522	BSND	Bsnd	primary	8.38992624392608	1	1	1	1
GSM2533523	BSND	Bsnd	primary	8.6617092349433	1	1	1	1
GSM2533524	BSND	Bsnd	primary	8.26126167907727	1	1	1	1
GSM2533525	BSND	Bsnd	primary	8.17810481711268	1	1	1	1
GSM2533526	BSND	Bsnd	primary	7.73559601741985	1	1	1	1
GSM2533527	BSND	Bsnd	primary	7.85120914349032	1	1	1	1
GSM2533528	BSND	Bsnd	primary	8.56886147545636	1	1	1	1
GSM2533529	BSND	Bsnd	primary	8.35921577296759	1	1	1	1
GSM2533530	BSND	Bsnd	primary	7.64278201943542	1	1	1	1
GSM2533531	BSND	Bsnd	primary	8.1784204785096	1	1	1	1
GSM2533532	BSND	Bsnd	primary	8.08683385657855	1	1	1	1
GSM2533533	BSND	Bsnd	primary	8.00276435243032	1	1	1	1
GSM2533534	BSND	Bsnd	primary	7.87523005911137	1	1	1	1
GSM2533535	BSND	Bsnd	primary	8.10079617954359	1	1	1	1
GSM2533536	BSND	Bsnd	primary	7.74171831912298	1	1	1	1
GSM2533537	BSND	Bsnd	primary	8.52234813001627	1	1	1	1
GSM2533538	BSND	Bsnd	primary	8.1201459678941	1	1	1	1
GSM2533539	BSND	Bsnd	primary	7.0768449136789	1	1	1	1
GSM2533540	BSND	Bsnd	primary	8.06774448258538	1	1	1	1
GSM2533541	BSND	Bsnd	primary	7.77103428929864	1	1	1	1
GSM2533542	BSND	Bsnd	primary	8.13771499042644	1	1	1	1
GSM2533543	BSND	Bsnd	primary	8.26135024464727	1	1	1	1
GSM2533544	BSND	Bsnd	primary	7.98419548951835	1	1	1	1
GSM2533545	BSND	Bsnd	primary	8.42514789611915	1	1	1	1
GSM2533546	BSND	Bsnd	primary	8.57921386612387	1	1	1	1
GSM2533547	BSND	Bsnd	primary	8.34322935354285	1	1	1	1
GSM2533548	BSND	Bsnd	primary	8.5207399794153	1	1	1	1
GSM2533549	BSND	Bsnd	primary	8.2984944758328	1	1	1	1
GSM2533550	BSND	Bsnd	primary	8.023651587798	1	1	1	1
GSM2533551	BSND	Bsnd	primary	8.0909578557661	1	1	1	1
GSM2533552	BSND	Bsnd	primary	8.25215129402105	1	1	1	1
GSM2533478	CALB1	Calb1	primary	10.83864256998785	1	1	10	10
GSM2533479	CALB1	Calb1	primary	11.05760264633685	1	1	10	10
GSM2533480	CALB1	Calb1	primary	10.8177802433565	1	1	10	10
GSM2533481	CALB1	Calb1	primary	11.521963260056399	1	1	10	10
GSM2533482	CALB1	Calb1	primary	10.825569593915649	1	1	10	10
GSM2533483	CALB1	Calb1	primary	10.7711897433448	1	1	10	10
GSM2533484	CALB1	Calb1	primary	14.443471624928751	1	1	10	10
GSM2533485	CALB1	Calb1	primary	14.99584613153015	1	1	10	10
GSM2533486	CALB1	Calb1	primary	14.74854030322615	1	1	10	10
GSM2533487	CALB1	Calb1	primary	14.7225125696866	1	1	8	8
GSM2533488	CALB1	Calb1	primary	14.3327658897369	1	1	9	9
GSM2533489	CALB1	Calb1	primary	14.04245390777885	1	1	8	8
GSM2533490	CALB1	Calb1	primary	13.37491676304065	1	1	10	10
GSM2533491	CALB1	Calb1	primary	14.0742285828984	1	1	9	9
GSM2533492	CALB1	Calb1	primary	13.9849961901983	1	1	8	8
GSM2533493	CALB1	Calb1	primary	13.8284221014265	1	1	9	9
GSM2533494	CALB1	Calb1	primary	14.23675858119595	1	1	10	10
GSM2533495	CALB1	Calb1	primary	10.9378417992991	1	1	10	10
GSM2533496	CALB1	Calb1	primary	10.8357710740562	1	1	10	10
GSM2533497	CALB1	Calb1	primary	10.93729320228595	1	1	10	10
GSM2533498	CALB1	Calb1	primary	10.56303766415	1	1	10	10
GSM2533499	CALB1	Calb1	primary	11.12155766815955	1	1	10	10
GSM2533500	CALB1	Calb1	primary	10.8305594719711	1	1	10	10
GSM2533501	CALB1	Calb1	primary	12.050917598352001	1	1	10	10
GSM2533502	CALB1	Calb1	primary	13.454914586372599	1	1	10	10
GSM2533503	CALB1	Calb1	primary	13.92468933435755	1	1	10	10
GSM2533504	CALB1	Calb1	primary	13.0607810810715	1	1	9	9
GSM2533505	CALB1	Calb1	primary	14.3907996317073	1	1	10	10
GSM2533506	CALB1	Calb1	primary	14.14242507740975	1	1	10	10
GSM2533507	CALB1	Calb1	primary	13.18759658805875	1	1	10	10
GSM2533508	CALB1	Calb1	primary	11.536268565342748	1	1	10	10
GSM2533509	CALB1	Calb1	primary	13.792613898646351	1	1	10	10
GSM2533510	CALB1	Calb1	primary	14.509358861508598	1	1	10	10
GSM2533511	CALB1	Calb1	primary	12.8487513263197	1	1	9	9
GSM2533512	CALB1	Calb1	primary	12.97035965205745	1	1	10	10
GSM2533513	CALB1	Calb1	primary	13.70798538556145	1	1	10	10
GSM2533518	CALB1	Calb1	primary	14.37326936080635	1	1	10	10
GSM2533519	CALB1	Calb1	primary	14.49340299313915	1	1	10	10
GSM2533520	CALB1	Calb1	primary	14.82388429543405	1	1	10	10
GSM2533521	CALB1	Calb1	primary	14.700644483766851	1	1	10	10
GSM2533522	CALB1	Calb1	primary	14.5950143401141	1	1	10	10
GSM2533523	CALB1	Calb1	primary	14.479606352188299	1	1	10	10
GSM2533524	CALB1	Calb1	primary	14.47986525198675	1	1	10	10
GSM2533525	CALB1	Calb1	primary	14.77171570485565	1	1	10	10
GSM2533526	CALB1	Calb1	primary	13.7839571368592	1	1	8	8
GSM2533527	CALB1	Calb1	primary	14.6684983635869	1	1	9	9
GSM2533528	CALB1	Calb1	primary	14.3642169918835	1	1	9	9
GSM2533529	CALB1	Calb1	primary	13.704630451164	1	1	9	9
GSM2533530	CALB1	Calb1	primary	14.1559884122231	1	1	9	9
GSM2533531	CALB1	Calb1	primary	14.30633849640275	1	1	8	8
GSM2533532	CALB1	Calb1	primary	14.38782389203155	1	1	10	10
GSM2533533	CALB1	Calb1	primary	13.4239243600782	1	1	10	10
GSM2533534	CALB1	Calb1	primary	13.6012482078165	1	1	8	8
GSM2533535	CALB1	Calb1	primary	13.8284221014265	1	1	9	9
GSM2533536	CALB1	Calb1	primary	13.86187025516025	1	1	10	10
GSM2533537	CALB1	Calb1	primary	14.851258704930451	1	1	10	10
GSM2533538	CALB1	Calb1	primary	14.22915900110565	1	1	10	10
GSM2533539	CALB1	Calb1	primary	13.88659749789205	1	1	10	10
GSM2533540	CALB1	Calb1	primary	14.4301237360049	1	1	10	10
GSM2533541	CALB1	Calb1	primary	14.705911104701	1	1	10	10
GSM2533542	CALB1	Calb1	primary	14.00987300990235	1	1	10	10
GSM2533543	CALB1	Calb1	primary	13.7249299773069	1	1	10	10
GSM2533544	CALB1	Calb1	primary	13.91477024869025	1	1	10	10
GSM2533545	CALB1	Calb1	primary	13.737109546655699	1	1	10	10
GSM2533546	CALB1	Calb1	primary	14.256713545918249	1	1	10	10
GSM2533547	CALB1	Calb1	primary	14.40336730500635	1	1	10	10
GSM2533548	CALB1	Calb1	primary	14.64616573495475	1	1	10	10
GSM2533549	CALB1	Calb1	primary	14.3507645759739	1	1	9	9
GSM2533550	CALB1	Calb1	primary	14.24552522652155	1	1	8	8
GSM2533551	CALB1	Calb1	primary	13.2957518453307	1	1	9	9
GSM2533552	CALB1	Calb1	primary	13.8485464275831	1	1	9	9
GSM2533478	CLDN16	Cldn16	primary	8.07868604778325	1	1	1	0
GSM2533479	CLDN16	Cldn16	primary	7.2087499729971	1	1	1	0
GSM2533480	CLDN16	Cldn16	primary	7.72635709165971	1	1	1	0
GSM2533481	CLDN16	Cldn16	primary	7.02248449338477	1	1	1	0
GSM2533482	CLDN16	Cldn16	primary	8.17572254434343	1	1	1	1
GSM2533483	CLDN16	Cldn16	primary	7.44557724804118	1	1	1	1
GSM2533484	CLDN16	Cldn16	primary	8.52330194671619	1	1	1	1
GSM2533485	CLDN16	Cldn16	primary	8.056720334817	1	1	1	1
GSM2533486	CLDN16	Cldn16	primary	7.87563874145614	1	1	1	1
GSM2533487	CLDN16	Cldn16	primary	7.69612095481202	1	1	1	1
GSM2533488	CLDN16	Cldn16	primary	8.11467331197588	1	1	1	1
GSM2533489	CLDN16	Cldn16	primary	7.89941786310162	1	1	1	1
GSM2533490	CLDN16	Cldn16	primary	8.05295071424316	1	1	1	1
GSM2533491	CLDN16	Cldn16	primary	8.15156369729536	1	1	1	1
GSM2533492	CLDN16	Cldn16	primary	8.55092833667251	1	1	1	1
GSM2533493	CLDN16	Cldn16	primary	8.29508829062914	1	1	1	1
GSM2533494	CLDN16	Cldn16	primary	8.37642533631086	1	1	1	1
GSM2533495	CLDN16	Cldn16	primary	8.08903414608019	1	1	1	1
GSM2533496	CLDN16	Cldn16	primary	7.96753193383947	1	1	1	1
GSM2533497	CLDN16	Cldn16	primary	7.62072855501636	1	1	1	1
GSM2533498	CLDN16	Cldn16	primary	8.23302679255377	1	1	1	1
GSM2533499	CLDN16	Cldn16	primary	8.15688872797997	1	1	1	1
GSM2533500	CLDN16	Cldn16	primary	8.16789711781572	1	1	1	1
GSM2533501	CLDN16	Cldn16	primary	8.26682202485163	1	1	1	1
GSM2533502	CLDN16	Cldn16	primary	8.2554844085762	1	1	1	1
GSM2533503	CLDN16	Cldn16	primary	8.23861314176785	1	1	1	1
GSM2533504	CLDN16	Cldn16	primary	8.06975779435498	1	1	1	1
GSM2533505	CLDN16	Cldn16	primary	8.12448788583519	1	1	1	1
GSM2533506	CLDN16	Cldn16	primary	7.92931186192178	1	1	1	1
GSM2533507	CLDN16	Cldn16	primary	8.01122276667494	1	1	1	1
GSM2533508	CLDN16	Cldn16	primary	8.0282498695172	1	1	1	1
GSM2533509	CLDN16	Cldn16	primary	8.35806304634655	1	1	1	1
GSM2533510	CLDN16	Cldn16	primary	8.494574894153	1	1	1	1
GSM2533511	CLDN16	Cldn16	primary	7.93577296228754	1	1	1	1
GSM2533512	CLDN16	Cldn16	primary	8.42377367627448	1	1	1	1
GSM2533513	CLDN16	Cldn16	primary	8.14960216609877	1	1	1	1
GSM2533518	CLDN16	Cldn16	primary	7.9896265569193	1	1	1	0
GSM2533519	CLDN16	Cldn16	primary	8.59973202443686	1	1	1	1
GSM2533520	CLDN16	Cldn16	primary	8.17847308261687	1	1	1	1
GSM2533521	CLDN16	Cldn16	primary	8.0618988336741	1	1	1	1
GSM2533522	CLDN16	Cldn16	primary	7.68164953269251	1	1	1	1
GSM2533523	CLDN16	Cldn16	primary	7.94801533911456	1	1	1	1
GSM2533524	CLDN16	Cldn16	primary	8.30960965303095	1	1	1	1
GSM2533525	CLDN16	Cldn16	primary	8.57411988880661	1	1	1	1
GSM2533526	CLDN16	Cldn16	primary	8.05140627932972	1	1	1	1
GSM2533527	CLDN16	Cldn16	primary	8.22371353050253	1	1	1	1
GSM2533528	CLDN16	Cldn16	primary	8.38712294774089	1	1	1	1
GSM2533529	CLDN16	Cldn16	primary	8.19265404553032	1	1	1	1
GSM2533530	CLDN16	Cldn16	primary	7.96437488774122	1	1	1	1
GSM2533531	CLDN16	Cldn16	primary	8.22931304081436	1	1	1	1
GSM2533532	CLDN16	Cldn16	primary	8.2326890786003	1	1	1	1
GSM2533533	CLDN16	Cldn16	primary	7.94927270515379	1	1	1	1
GSM2533534	CLDN16	Cldn16	primary	7.98282928260092	1	1	1	1
GSM2533535	CLDN16	Cldn16	primary	8.14805272166522	1	1	1	1
GSM2533536	CLDN16	Cldn16	primary	7.83132754371905	1	1	1	1
GSM2533537	CLDN16	Cldn16	primary	8.07998591648626	1	1	1	1
GSM2533538	CLDN16	Cldn16	primary	8.02966297879344	1	1	1	1
GSM2533539	CLDN16	Cldn16	primary	7.91163795137002	1	1	1	1
GSM2533540	CLDN16	Cldn16	primary	7.74052879903587	1	1	1	1
GSM2533541	CLDN16	Cldn16	primary	8.10133258296488	1	1	1	1
GSM2533542	CLDN16	Cldn16	primary	8.5155095707085	1	1	1	1
GSM2533543	CLDN16	Cldn16	primary	8.43325915654168	1	1	1	1
GSM2533544	CLDN16	Cldn16	primary	8.04768633935861	1	1	1	1
GSM2533545	CLDN16	Cldn16	primary	8.19293146315404	1	1	1	1
GSM2533546	CLDN16	Cldn16	primary	8.41854837532401	1	1	1	1
GSM2533547	CLDN16	Cldn16	primary	8.34555773936552	1	1	1	1
GSM2533548	CLDN16	Cldn16	primary	8.19396361329937	1	1	1	1
GSM2533549	CLDN16	Cldn16	primary	8.35230962499297	1	1	1	1
GSM2533550	CLDN16	Cldn16	primary	8.05499256003898	1	1	1	1
GSM2533551	CLDN16	Cldn16	primary	8.17112814038147	1	1	1	1
GSM2533552	CLDN16	Cldn16	primary	8.22454296744986	1	1	1	1
GSM2533478	CLDN19	Cldn19	primary	7.33836444498832	2	2	2	0
GSM2533479	CLDN19	Cldn19	primary	7.92404057878745	2	2	2	0
GSM2533480	CLDN19	Cldn19	primary	8.358171513495364	2	2	2	1
GSM2533481	CLDN19	Cldn19	primary	7.26635665173863	2	2	2	0
GSM2533482	CLDN19	Cldn19	primary	8.855848235831889	2	2	2	2
GSM2533483	CLDN19	Cldn19	primary	8.61410011970633	2	2	2	2
GSM2533484	CLDN19	Cldn19	primary	8.962602336408871	2	2	2	2
GSM2533485	CLDN19	Cldn19	primary	8.68544013660709	2	2	2	2
GSM2533486	CLDN19	Cldn19	primary	8.5719692677806	2	2	2	2
GSM2533487	CLDN19	Cldn19	primary	8.15716110444205	2	2	2	2
GSM2533488	CLDN19	Cldn19	primary	8.89362912362298	2	2	2	2
GSM2533489	CLDN19	Cldn19	primary	8.378329027508125	2	2	2	2
GSM2533490	CLDN19	Cldn19	primary	8.622729801277014	2	2	2	2
GSM2533491	CLDN19	Cldn19	primary	9.121547775252044	2	2	2	2
GSM2533492	CLDN19	Cldn19	primary	9.138713498084496	2	2	2	2
GSM2533493	CLDN19	Cldn19	primary	8.903450539857484	2	2	2	2
GSM2533494	CLDN19	Cldn19	primary	9.131646314728041	2	2	2	2
GSM2533495	CLDN19	Cldn19	primary	8.694168185990101	2	2	2	2
GSM2533496	CLDN19	Cldn19	primary	8.58974682712657	2	2	2	2
GSM2533497	CLDN19	Cldn19	primary	8.321685585380015	2	2	2	2
GSM2533498	CLDN19	Cldn19	primary	8.5146421719335	2	2	2	2
GSM2533499	CLDN19	Cldn19	primary	8.394596258076689	2	2	2	2
GSM2533500	CLDN19	Cldn19	primary	8.285975474232444	2	2	2	2
GSM2533501	CLDN19	Cldn19	primary	8.35234955844869	2	2	2	2
GSM2533502	CLDN19	Cldn19	primary	8.682517438366194	2	2	2	2
GSM2533503	CLDN19	Cldn19	primary	9.008099920944371	2	2	2	2
GSM2533504	CLDN19	Cldn19	primary	8.70121472199598	2	2	2	2
GSM2533505	CLDN19	Cldn19	primary	8.96311304518509	2	2	2	2
GSM2533506	CLDN19	Cldn19	primary	8.45645550504482	2	2	2	2
GSM2533507	CLDN19	Cldn19	primary	8.596226973807354	2	2	2	2
GSM2533508	CLDN19	Cldn19	primary	8.754346804153101	2	2	2	2
GSM2533509	CLDN19	Cldn19	primary	9.394821599236138	2	2	2	2
GSM2533510	CLDN19	Cldn19	primary	9.454527814437105	2	2	2	2
GSM2533511	CLDN19	Cldn19	primary	8.543198887972174	2	2	2	2
GSM2533512	CLDN19	Cldn19	primary	8.8962929721264	2	2	2	2
GSM2533513	CLDN19	Cldn19	primary	8.64937198406794	2	2	2	2
GSM2533518	CLDN19	Cldn19	primary	9.28066705200317	2	2	2	2
GSM2533519	CLDN19	Cldn19	primary	8.769312620319665	2	2	2	2
GSM2533520	CLDN19	Cldn19	primary	9.36092801194952	2	2	2	2
GSM2533521	CLDN19	Cldn19	primary	9.352456264593474	2	2	2	2
GSM2533522	CLDN19	Cldn19	primary	8.93953191822808	2	2	2	2
GSM2533523	CLDN19	Cldn19	primary	9.148124532762335	2	2	2	2
GSM2533524	CLDN19	Cldn19	primary	9.127199440641562	2	2	2	2
GSM2533525	CLDN19	Cldn19	primary	8.954797742239446	2	2	2	2
GSM2533526	CLDN19	Cldn19	primary	8.389610449816061	2	2	2	2
GSM2533527	CLDN19	Cldn19	primary	8.72461146331724	2	2	2	2
GSM2533528	CLDN19	Cldn19	primary	9.241663887768176	2	2	2	2
GSM2533529	CLDN19	Cldn19	primary	8.925540211358179	2	2	2	2
GSM2533530	CLDN19	Cldn19	primary	8.38686583007954	2	2	2	2
GSM2533531	CLDN19	Cldn19	primary	9.16726860634979	2	2	2	2
GSM2533532	CLDN19	Cldn19	primary	9.172947444930696	2	2	2	2
GSM2533533	CLDN19	Cldn19	primary	8.712851964990065	2	2	2	2
GSM2533534	CLDN19	Cldn19	primary	8.340657169402165	2	2	2	2
GSM2533535	CLDN19	Cldn19	primary	8.81380437625957	2	2	2	2
GSM2533536	CLDN19	Cldn19	primary	8.659380712745271	2	2	2	2
GSM2533537	CLDN19	Cldn19	primary	8.430112756778431	2	2	2	2
GSM2533538	CLDN19	Cldn19	primary	8.601281364393344	2	2	2	2
GSM2533539	CLDN19	Cldn19	primary	8.929163514723829	2	2	2	2
GSM2533540	CLDN19	Cldn19	primary	8.21774551231503	2	2	2	2
GSM2533541	CLDN19	Cldn19	primary	8.71701058819016	2	2	2	2
GSM2533542	CLDN19	Cldn19	primary	9.156767320299245	2	2	2	2
GSM2533543	CLDN19	Cldn19	primary	8.74724187591099	2	2	2	2
GSM2533544	CLDN19	Cldn19	primary	8.57393915860537	2	2	2	2
GSM2533545	CLDN19	Cldn19	primary	8.71015640887478	2	2	2	2
GSM2533546	CLDN19	Cldn19	primary	9.008037727978596	2	2	2	2
GSM2533547	CLDN19	Cldn19	primary	8.664694252705853	2	2	2	2
GSM2533548	CLDN19	Cldn19	primary	9.030753794091254	2	2	2	2
GSM2533549	CLDN19	Cldn19	primary	8.844142094924596	2	2	2	2
GSM2533550	CLDN19	Cldn19	primary	8.548888519630715	2	2	2	2
GSM2533551	CLDN19	Cldn19	primary	8.526932781612171	2	2	2	2
GSM2533552	CLDN19	Cldn19	primary	8.347366278488284	2	2	2	2
GSM2533478	CNNM2	Cnnm2	primary	8.23403941835452	1	1	1	0
GSM2533479	CNNM2	Cnnm2	primary	7.07076624999841	1	1	1	0
GSM2533480	CNNM2	Cnnm2	primary	8.3413287123199	1	1	1	0
GSM2533481	CNNM2	Cnnm2	primary	7.19307290569508	1	1	1	0
GSM2533482	CNNM2	Cnnm2	primary	8.7125725902867	1	1	1	1
GSM2533483	CNNM2	Cnnm2	primary	8.8269849946867	1	1	1	1
GSM2533484	CNNM2	Cnnm2	primary	8.62948918511335	1	1	1	1
GSM2533485	CNNM2	Cnnm2	primary	8.70921627441584	1	1	1	1
GSM2533486	CNNM2	Cnnm2	primary	8.58663899149275	1	1	1	1
GSM2533487	CNNM2	Cnnm2	primary	8.20751695347858	1	1	1	1
GSM2533488	CNNM2	Cnnm2	primary	8.64170171997687	1	1	1	1
GSM2533489	CNNM2	Cnnm2	primary	8.45674462196929	1	1	1	1
GSM2533490	CNNM2	Cnnm2	primary	8.56450185879713	1	1	1	1
GSM2533491	CNNM2	Cnnm2	primary	8.55748225921817	1	1	1	1
GSM2533492	CNNM2	Cnnm2	primary	8.29263771615328	1	1	1	1
GSM2533493	CNNM2	Cnnm2	primary	8.4519864415348	1	1	1	1
GSM2533494	CNNM2	Cnnm2	primary	8.55491540900429	1	1	1	1
GSM2533495	CNNM2	Cnnm2	primary	8.50546772396871	1	1	1	1
GSM2533496	CNNM2	Cnnm2	primary	8.16583212006312	1	1	1	1
GSM2533497	CNNM2	Cnnm2	primary	8.45038249835694	1	1	1	1
GSM2533498	CNNM2	Cnnm2	primary	8.16206614754852	1	1	1	1
GSM2533499	CNNM2	Cnnm2	primary	8.34954987788944	1	1	1	1
GSM2533500	CNNM2	Cnnm2	primary	8.42855980704982	1	1	1	1
GSM2533501	CNNM2	Cnnm2	primary	7.92256129317871	1	1	1	1
GSM2533502	CNNM2	Cnnm2	primary	7.96775492114832	1	1	1	1
GSM2533503	CNNM2	Cnnm2	primary	8.34946750563883	1	1	1	1
GSM2533504	CNNM2	Cnnm2	primary	8.19396361329937	1	1	1	1
GSM2533505	CNNM2	Cnnm2	primary	8.25503615574497	1	1	1	1
GSM2533506	CNNM2	Cnnm2	primary	8.4216817797075	1	1	1	1
GSM2533507	CNNM2	Cnnm2	primary	8.27061642000667	1	1	1	1
GSM2533508	CNNM2	Cnnm2	primary	8.04900000334735	1	1	1	1
GSM2533509	CNNM2	Cnnm2	primary	8.29766370387171	1	1	1	1
GSM2533510	CNNM2	Cnnm2	primary	8.73764268006329	1	1	1	1
GSM2533511	CNNM2	Cnnm2	primary	8.80827526590574	1	1	1	1
GSM2533512	CNNM2	Cnnm2	primary	8.40337666001183	1	1	1	1
GSM2533513	CNNM2	Cnnm2	primary	8.60578670325386	1	1	1	1
GSM2533518	CNNM2	Cnnm2	primary	8.34850492411596	1	1	1	1
GSM2533519	CNNM2	Cnnm2	primary	8.44150854756633	1	1	1	1
GSM2533520	CNNM2	Cnnm2	primary	8.46129485382798	1	1	1	1
GSM2533521	CNNM2	Cnnm2	primary	8.54433434227054	1	1	1	1
GSM2533522	CNNM2	Cnnm2	primary	8.42057309327148	1	1	1	1
GSM2533523	CNNM2	Cnnm2	primary	8.48025745148819	1	1	1	1
GSM2533524	CNNM2	Cnnm2	primary	8.51817358348338	1	1	1	1
GSM2533525	CNNM2	Cnnm2	primary	8.70826123796773	1	1	1	1
GSM2533526	CNNM2	Cnnm2	primary	8.426708604736	1	1	1	1
GSM2533527	CNNM2	Cnnm2	primary	8.95198701048867	1	1	1	1
GSM2533528	CNNM2	Cnnm2	primary	8.73957300617965	1	1	1	1
GSM2533529	CNNM2	Cnnm2	primary	8.71476644013842	1	1	1	1
GSM2533530	CNNM2	Cnnm2	primary	8.84774169956755	1	1	1	1
GSM2533531	CNNM2	Cnnm2	primary	8.54465341533778	1	1	1	1
GSM2533532	CNNM2	Cnnm2	primary	8.51784117121444	1	1	1	1
GSM2533533	CNNM2	Cnnm2	primary	8.62770881737526	1	1	1	1
GSM2533534	CNNM2	Cnnm2	primary	8.72046272853588	1	1	1	1
GSM2533535	CNNM2	Cnnm2	primary	8.50808040572919	1	1	1	1
GSM2533536	CNNM2	Cnnm2	primary	8.41401367838635	1	1	1	1
GSM2533537	CNNM2	Cnnm2	primary	8.49603995667086	1	1	1	1
GSM2533538	CNNM2	Cnnm2	primary	8.60762467534585	1	1	1	1
GSM2533539	CNNM2	Cnnm2	primary	8.39100701166523	1	1	1	1
GSM2533540	CNNM2	Cnnm2	primary	8.686673289215	1	1	1	1
GSM2533541	CNNM2	Cnnm2	primary	8.68746935397415	1	1	1	1
GSM2533542	CNNM2	Cnnm2	primary	8.2240737041571	1	1	1	1
GSM2533543	CNNM2	Cnnm2	primary	8.52201582388486	1	1	1	1
GSM2533544	CNNM2	Cnnm2	primary	8.61919539966958	1	1	1	1
GSM2533545	CNNM2	Cnnm2	primary	8.60313473712014	1	1	1	1
GSM2533546	CNNM2	Cnnm2	primary	8.49415232074972	1	1	1	1
GSM2533547	CNNM2	Cnnm2	primary	8.55748225921817	1	1	1	1
GSM2533548	CNNM2	Cnnm2	primary	8.77234342701333	1	1	1	1
GSM2533549	CNNM2	Cnnm2	primary	8.79067331264878	1	1	1	1
GSM2533550	CNNM2	Cnnm2	primary	8.91403577780063	1	1	1	1
GSM2533551	CNNM2	Cnnm2	primary	8.65479968609274	1	1	1	1
GSM2533552	CNNM2	Cnnm2	primary	8.87442514553421	1	1	1	1
GSM2533478	FXYD2	Fxyd2	primary	14.1916967272742	1	1	1	1
GSM2533479	FXYD2	Fxyd2	primary	14.023293992413	1	1	1	1
GSM2533480	FXYD2	Fxyd2	primary	14.5838007413078	1	1	1	1
GSM2533481	FXYD2	Fxyd2	primary	14.6415858685784	1	1	1	1
GSM2533482	FXYD2	Fxyd2	primary	14.6020473561952	1	1	1	1
GSM2533483	FXYD2	Fxyd2	primary	13.6942735266162	1	1	1	1
GSM2533484	FXYD2	Fxyd2	primary	15.4903702316747	1	1	1	1
GSM2533485	FXYD2	Fxyd2	primary	15.5105334612001	1	1	1	1
GSM2533486	FXYD2	Fxyd2	primary	15.308028489464	1	1	1	1
GSM2533487	FXYD2	Fxyd2	primary	15.4859557043868	1	1	1	1
GSM2533488	FXYD2	Fxyd2	primary	15.4859557043868	1	1	1	1
GSM2533489	FXYD2	Fxyd2	primary	15.9040639305144	1	1	1	1
GSM2533490	FXYD2	Fxyd2	primary	16.0189233010944	1	1	1	1
GSM2533491	FXYD2	Fxyd2	primary	15.6209046574356	1	1	1	1
GSM2533492	FXYD2	Fxyd2	primary	15.4312586946843	1	1	1	1
GSM2533493	FXYD2	Fxyd2	primary	15.4227382215713	1	1	1	1
GSM2533494	FXYD2	Fxyd2	primary	15.6033481851232	1	1	1	1
GSM2533495	FXYD2	Fxyd2	primary	14.3695877016484	1	1	1	1
GSM2533496	FXYD2	Fxyd2	primary	14.1621879104105	1	1	1	1
GSM2533497	FXYD2	Fxyd2	primary	14.0241818281765	1	1	1	1
GSM2533498	FXYD2	Fxyd2	primary	14.1023684587004	1	1	1	1
GSM2533499	FXYD2	Fxyd2	primary	14.3189852478832	1	1	1	1
GSM2533500	FXYD2	Fxyd2	primary	14.3454476627133	1	1	1	1
GSM2533501	FXYD2	Fxyd2	primary	14.8986835130201	1	1	1	1
GSM2533502	FXYD2	Fxyd2	primary	15.0812993778416	1	1	1	1
GSM2533503	FXYD2	Fxyd2	primary	15.1961434398934	1	1	1	1
GSM2533504	FXYD2	Fxyd2	primary	14.6744249901313	1	1	1	1
GSM2533505	FXYD2	Fxyd2	primary	14.9785760621964	1	1	1	1
GSM2533506	FXYD2	Fxyd2	primary	15.339738999368	1	1	1	1
GSM2533507	FXYD2	Fxyd2	primary	14.9853596359283	1	1	1	1
GSM2533508	FXYD2	Fxyd2	primary	14.8319145395815	1	1	1	1
GSM2533509	FXYD2	Fxyd2	primary	15.4141089566927	1	1	1	1
GSM2533510	FXYD2	Fxyd2	primary	15.7500148748586	1	1	1	1
GSM2533511	FXYD2	Fxyd2	primary	14.8472262203517	1	1	1	1
GSM2533512	FXYD2	Fxyd2	primary	15.2778884691646	1	1	1	1
GSM2533513	FXYD2	Fxyd2	primary	15.3973069386297	1	1	1	1
GSM2533518	FXYD2	Fxyd2	primary	15.098796041692	1	1	1	1
GSM2533519	FXYD2	Fxyd2	primary	15.0466067371517	1	1	1	1
GSM2533520	FXYD2	Fxyd2	primary	15.0887371895583	1	1	1	1
GSM2533521	FXYD2	Fxyd2	primary	15.0538284810459	1	1	1	1
GSM2533522	FXYD2	Fxyd2	primary	14.9853596359283	1	1	1	1
GSM2533523	FXYD2	Fxyd2	primary	15.2140376524974	1	1	1	1
GSM2533524	FXYD2	Fxyd2	primary	15.5155647027958	1	1	1	1
GSM2533525	FXYD2	Fxyd2	primary	15.6502916969595	1	1	1	1
GSM2533526	FXYD2	Fxyd2	primary	16.0761257496282	1	1	1	1
GSM2533527	FXYD2	Fxyd2	primary	15.770819252492	1	1	1	1
GSM2533528	FXYD2	Fxyd2	primary	15.6209046574356	1	1	1	1
GSM2533529	FXYD2	Fxyd2	primary	15.5012892179068	1	1	1	1
GSM2533530	FXYD2	Fxyd2	primary	15.9370791088001	1	1	1	1
GSM2533531	FXYD2	Fxyd2	primary	15.5472445751052	1	1	1	1
GSM2533532	FXYD2	Fxyd2	primary	15.6209046574356	1	1	1	1
GSM2533533	FXYD2	Fxyd2	primary	15.6377200602739	1	1	1	1
GSM2533534	FXYD2	Fxyd2	primary	16.05154822596	1	1	1	1
GSM2533535	FXYD2	Fxyd2	primary	15.562833175961	1	1	1	1
GSM2533536	FXYD2	Fxyd2	primary	15.1457908792018	1	1	1	1
GSM2533537	FXYD2	Fxyd2	primary	15.1025443638289	1	1	1	1
GSM2533538	FXYD2	Fxyd2	primary	15.0953679736316	1	1	1	1
GSM2533539	FXYD2	Fxyd2	primary	14.8268875880309	1	1	1	1
GSM2533540	FXYD2	Fxyd2	primary	15.0466067371517	1	1	1	1
GSM2533541	FXYD2	Fxyd2	primary	15.6559327819849	1	1	1	1
GSM2533542	FXYD2	Fxyd2	primary	15.8806536221317	1	1	1	1
GSM2533543	FXYD2	Fxyd2	primary	15.6377200602739	1	1	1	1
GSM2533544	FXYD2	Fxyd2	primary	15.5414930892329	1	1	1	1
GSM2533545	FXYD2	Fxyd2	primary	15.5691519160101	1	1	1	1
GSM2533546	FXYD2	Fxyd2	primary	15.6156715046535	1	1	1	1
GSM2533547	FXYD2	Fxyd2	primary	15.5878115357986	1	1	1	1
GSM2533548	FXYD2	Fxyd2	primary	15.5740125318824	1	1	1	1
GSM2533549	FXYD2	Fxyd2	primary	15.6101617632191	1	1	1	1
GSM2533550	FXYD2	Fxyd2	primary	15.5878115357986	1	1	1	1
GSM2533551	FXYD2	Fxyd2	primary	15.4970169988863	1	1	1	1
GSM2533552	FXYD2	Fxyd2	primary	15.6156715046535	1	1	1	1
GSM2533478	KCNJ1	Kcnj1	primary	12.5483245425893	1	1	1	1
GSM2533479	KCNJ1	Kcnj1	primary	13.0155985479735	1	1	1	1
GSM2533480	KCNJ1	Kcnj1	primary	12.6225945049025	1	1	1	1
GSM2533481	KCNJ1	Kcnj1	primary	12.1721183621015	1	1	1	1
GSM2533482	KCNJ1	Kcnj1	primary	13.0551161349172	1	1	1	1
GSM2533483	KCNJ1	Kcnj1	primary	13.1464978733604	1	1	1	1
GSM2533484	KCNJ1	Kcnj1	primary	14.9498732284036	1	1	1	1
GSM2533485	KCNJ1	Kcnj1	primary	14.7414554532462	1	1	1	1
GSM2533486	KCNJ1	Kcnj1	primary	14.5880497666142	1	1	1	1
GSM2533487	KCNJ1	Kcnj1	primary	14.6582778507305	1	1	1	1
GSM2533488	KCNJ1	Kcnj1	primary	14.9918542430785	1	1	1	1
GSM2533489	KCNJ1	Kcnj1	primary	14.0224056099382	1	1	1	1
GSM2533490	KCNJ1	Kcnj1	primary	14.3986453384177	1	1	1	1
GSM2533491	KCNJ1	Kcnj1	primary	14.958102059871	1	1	1	1
GSM2533492	KCNJ1	Kcnj1	primary	14.7240232314879	1	1	1	1
GSM2533493	KCNJ1	Kcnj1	primary	14.6047905272139	1	1	1	1
GSM2533494	KCNJ1	Kcnj1	primary	15.1830919910345	1	1	1	1
GSM2533495	KCNJ1	Kcnj1	primary	13.5164727950557	1	1	1	1
GSM2533496	KCNJ1	Kcnj1	primary	13.4041805567089	1	1	1	1
GSM2533497	KCNJ1	Kcnj1	primary	13.2414388151074	1	1	1	1
GSM2533498	KCNJ1	Kcnj1	primary	13.4359461642906	1	1	1	1
GSM2533499	KCNJ1	Kcnj1	primary	13.8009731565486	1	1	1	1
GSM2533500	KCNJ1	Kcnj1	primary	13.5280380753254	1	1	1	1
GSM2533501	KCNJ1	Kcnj1	primary	13.4744955033902	1	1	1	1
GSM2533502	KCNJ1	Kcnj1	primary	14.3853487680116	1	1	1	1
GSM2533503	KCNJ1	Kcnj1	primary	14.5905215339812	1	1	1	1
GSM2533504	KCNJ1	Kcnj1	primary	14.3532492092192	1	1	1	1
GSM2533505	KCNJ1	Kcnj1	primary	14.8955785841445	1	1	1	1
GSM2533506	KCNJ1	Kcnj1	primary	14.3507645759739	1	1	1	1
GSM2533507	KCNJ1	Kcnj1	primary	14.0672958196682	1	1	1	1
GSM2533508	KCNJ1	Kcnj1	primary	13.430057681475	1	1	1	1
GSM2533509	KCNJ1	Kcnj1	primary	14.881033795453	1	1	1	1
GSM2533510	KCNJ1	Kcnj1	primary	15.0781211155173	1	1	1	1
GSM2533511	KCNJ1	Kcnj1	primary	14.3189852478832	1	1	1	1
GSM2533512	KCNJ1	Kcnj1	primary	14.1986838345583	1	1	1	1
GSM2533513	KCNJ1	Kcnj1	primary	14.2263819300368	1	1	1	1
GSM2533518	KCNJ1	Kcnj1	primary	15.032132574522	1	1	1	1
GSM2533519	KCNJ1	Kcnj1	primary	14.4656647059662	1	1	1	1
GSM2533520	KCNJ1	Kcnj1	primary	15.0340387444719	1	1	1	1
GSM2533521	KCNJ1	Kcnj1	primary	14.9556805713125	1	1	1	1
GSM2533522	KCNJ1	Kcnj1	primary	15.0720131238024	1	1	1	1
GSM2533523	KCNJ1	Kcnj1	primary	14.881033795453	1	1	1	1
GSM2533524	KCNJ1	Kcnj1	primary	14.7183662639757	1	1	1	1
GSM2533525	KCNJ1	Kcnj1	primary	14.8843031905941	1	1	1	1
GSM2533526	KCNJ1	Kcnj1	primary	14.2502660453414	1	1	1	1
GSM2533527	KCNJ1	Kcnj1	primary	15.1576704836637	1	1	1	1
GSM2533528	KCNJ1	Kcnj1	primary	15.125957089609	1	1	1	1
GSM2533529	KCNJ1	Kcnj1	primary	14.2344115636056	1	1	1	1
GSM2533530	KCNJ1	Kcnj1	primary	14.426207025604	1	1	1	1
GSM2533531	KCNJ1	Kcnj1	primary	14.610590676193	1	1	1	1
GSM2533532	KCNJ1	Kcnj1	primary	14.6369340669099	1	1	1	1
GSM2533533	KCNJ1	Kcnj1	primary	14.0345071077732	1	1	1	1
GSM2533534	KCNJ1	Kcnj1	primary	14.2866563393817	1	1	1	1
GSM2533535	KCNJ1	Kcnj1	primary	14.7353004807607	1	1	1	1
GSM2533536	KCNJ1	Kcnj1	primary	14.089024900221	1	1	1	1
GSM2533537	KCNJ1	Kcnj1	primary	14.6415858685784	1	1	1	1
GSM2533538	KCNJ1	Kcnj1	primary	14.2808927122049	1	1	1	1
GSM2533539	KCNJ1	Kcnj1	primary	14.379814930077	1	1	1	1
GSM2533540	KCNJ1	Kcnj1	primary	14.4163259261207	1	1	1	1
GSM2533541	KCNJ1	Kcnj1	primary	14.9720351772955	1	1	1	1
GSM2533542	KCNJ1	Kcnj1	primary	15.0302238827005	1	1	1	1
GSM2533543	KCNJ1	Kcnj1	primary	14.1320074403321	1	1	1	1
GSM2533544	KCNJ1	Kcnj1	primary	14.1876803706238	1	1	1	1
GSM2533545	KCNJ1	Kcnj1	primary	14.4163259261207	1	1	1	1
GSM2533546	KCNJ1	Kcnj1	primary	14.9348812242349	1	1	1	1
GSM2533547	KCNJ1	Kcnj1	primary	14.8435157157153	1	1	1	1
GSM2533548	KCNJ1	Kcnj1	primary	14.8100920978561	1	1	1	1
GSM2533549	KCNJ1	Kcnj1	primary	14.9853596359283	1	1	1	1
GSM2533550	KCNJ1	Kcnj1	primary	14.1559884122231	1	1	1	1
GSM2533551	KCNJ1	Kcnj1	primary	14.0365696132334	1	1	1	1
GSM2533552	KCNJ1	Kcnj1	primary	14.4032872399581	1	1	1	1
GSM2533478	KCNJ10	Kcnj10	primary	9.05560300139043	1	1	1	0
GSM2533479	KCNJ10	Kcnj10	primary	9.71672503079822	1	1	1	0
GSM2533480	KCNJ10	Kcnj10	primary	9.4952191924001	1	1	1	1
GSM2533481	KCNJ10	Kcnj10	primary	8.85023075740635	1	1	1	0
GSM2533482	KCNJ10	Kcnj10	primary	9.3466786338746	1	1	1	1
GSM2533483	KCNJ10	Kcnj10	primary	9.31660457821018	1	1	1	1
GSM2533484	KCNJ10	Kcnj10	primary	11.6958247346843	1	1	1	1
GSM2533485	KCNJ10	Kcnj10	primary	11.6866835456091	1	1	1	1
GSM2533486	KCNJ10	Kcnj10	primary	11.4659036243619	1	1	1	1
GSM2533487	KCNJ10	Kcnj10	primary	11.4559313747717	1	1	1	1
GSM2533488	KCNJ10	Kcnj10	primary	11.6598087229279	1	1	1	1
GSM2533489	KCNJ10	Kcnj10	primary	10.6685700538859	1	1	1	1
GSM2533490	KCNJ10	Kcnj10	primary	10.7707367984862	1	1	1	1
GSM2533491	KCNJ10	Kcnj10	primary	11.4397461204004	1	1	1	1
GSM2533492	KCNJ10	Kcnj10	primary	11.230890508088	1	1	1	1
GSM2533493	KCNJ10	Kcnj10	primary	11.3336289835669	1	1	1	1
GSM2533494	KCNJ10	Kcnj10	primary	11.4227922733398	1	1	1	1
GSM2533495	KCNJ10	Kcnj10	primary	9.94036712316077	1	1	1	1
GSM2533496	KCNJ10	Kcnj10	primary	9.7382298766773	1	1	1	1
GSM2533497	KCNJ10	Kcnj10	primary	9.79250356885205	1	1	1	1
GSM2533498	KCNJ10	Kcnj10	primary	9.80500759425809	1	1	1	1
GSM2533499	KCNJ10	Kcnj10	primary	9.92310110281839	1	1	1	1
GSM2533500	KCNJ10	Kcnj10	primary	9.55332458973182	1	1	1	1
GSM2533501	KCNJ10	Kcnj10	primary	9.81812899274131	1	1	1	1
GSM2533502	KCNJ10	Kcnj10	primary	10.6606807331979	1	1	1	1
GSM2533503	KCNJ10	Kcnj10	primary	11.1033803231653	1	1	1	1
GSM2533504	KCNJ10	Kcnj10	primary	10.3986196933282	1	1	1	1
GSM2533505	KCNJ10	Kcnj10	primary	11.3204043321218	1	1	1	1
GSM2533506	KCNJ10	Kcnj10	primary	10.4502172026254	1	1	1	1
GSM2533507	KCNJ10	Kcnj10	primary	10.2367362176809	1	1	1	1
GSM2533508	KCNJ10	Kcnj10	primary	9.40985457066062	1	1	1	1
GSM2533509	KCNJ10	Kcnj10	primary	10.894808002202	1	1	1	1
GSM2533510	KCNJ10	Kcnj10	primary	11.5814755705554	1	1	1	1
GSM2533511	KCNJ10	Kcnj10	primary	10.2379799454977	1	1	1	1
GSM2533512	KCNJ10	Kcnj10	primary	10.4958614043279	1	1	1	1
GSM2533513	KCNJ10	Kcnj10	primary	10.8498874993701	1	1	1	1
GSM2533518	KCNJ10	Kcnj10	primary	11.0432300017949	1	1	1	1
GSM2533519	KCNJ10	Kcnj10	primary	10.9279137780846	1	1	1	1
GSM2533520	KCNJ10	Kcnj10	primary	11.4311137818806	1	1	1	1
GSM2533521	KCNJ10	Kcnj10	primary	11.3672860517464	1	1	1	1
GSM2533522	KCNJ10	Kcnj10	primary	11.4063230078836	1	1	1	1
GSM2533523	KCNJ10	Kcnj10	primary	11.3681596244159	1	1	1	1
GSM2533524	KCNJ10	Kcnj10	primary	11.5835389964635	1	1	1	1
GSM2533525	KCNJ10	Kcnj10	primary	11.9437605107719	1	1	1	1
GSM2533526	KCNJ10	Kcnj10	primary	10.9862125481694	1	1	1	1
GSM2533527	KCNJ10	Kcnj10	primary	11.5409893868776	1	1	1	1
GSM2533528	KCNJ10	Kcnj10	primary	11.7462731338728	1	1	1	1
GSM2533529	KCNJ10	Kcnj10	primary	10.9455350780883	1	1	1	1
GSM2533530	KCNJ10	Kcnj10	primary	11.0052106209374	1	1	1	1
GSM2533531	KCNJ10	Kcnj10	primary	11.4359585157235	1	1	1	1
GSM2533532	KCNJ10	Kcnj10	primary	11.3925781367551	1	1	1	1
GSM2533533	KCNJ10	Kcnj10	primary	10.623181414122	1	1	1	1
GSM2533534	KCNJ10	Kcnj10	primary	10.8710950895443	1	1	1	1
GSM2533535	KCNJ10	Kcnj10	primary	11.165833170793	1	1	1	1
GSM2533536	KCNJ10	Kcnj10	primary	10.9145858072316	1	1	1	1
GSM2533537	KCNJ10	Kcnj10	primary	11.1847674295741	1	1	1	1
GSM2533538	KCNJ10	Kcnj10	primary	10.9285103634229	1	1	1	1
GSM2533539	KCNJ10	Kcnj10	primary	10.6660312559959	1	1	1	1
GSM2533540	KCNJ10	Kcnj10	primary	10.8945545318408	1	1	1	1
GSM2533541	KCNJ10	Kcnj10	primary	11.2321760409051	1	1	1	1
GSM2533542	KCNJ10	Kcnj10	primary	11.3696539424021	1	1	1	1
GSM2533543	KCNJ10	Kcnj10	primary	11.0036323228871	1	1	1	1
GSM2533544	KCNJ10	Kcnj10	primary	11.0043691165626	1	1	1	1
GSM2533545	KCNJ10	Kcnj10	primary	11.0413569215693	1	1	1	1
GSM2533546	KCNJ10	Kcnj10	primary	11.4787081443849	1	1	1	1
GSM2533547	KCNJ10	Kcnj10	primary	11.3638421199927	1	1	1	1
GSM2533548	KCNJ10	Kcnj10	primary	11.3242333088849	1	1	1	1
GSM2533549	KCNJ10	Kcnj10	primary	11.655246264577	1	1	1	1
GSM2533550	KCNJ10	Kcnj10	primary	11.0296298353963	1	1	1	1
GSM2533551	KCNJ10	Kcnj10	primary	11.3308367273924	1	1	1	1
GSM2533552	KCNJ10	Kcnj10	primary	11.1361534551928	1	1	1	1
GSM2533478	KCNJ16	Kcnj16	primary	9.79449391445247	3	3	3	2
GSM2533479	KCNJ16	Kcnj16	primary	9.9261953148222	3	3	3	3
GSM2533480	KCNJ16	Kcnj16	primary	10.3259841142466	3	3	3	3
GSM2533481	KCNJ16	Kcnj16	primary	9.97152182104862	3	3	3	1
GSM2533482	KCNJ16	Kcnj16	primary	9.7872918470463	3	3	3	3
GSM2533483	KCNJ16	Kcnj16	primary	9.5920408379282	3	3	3	3
GSM2533484	KCNJ16	Kcnj16	primary	9.72026552866949	3	3	3	3
GSM2533485	KCNJ16	Kcnj16	primary	9.65889021581505	3	3	3	3
GSM2533486	KCNJ16	Kcnj16	primary	9.40839817991529	3	3	3	3
GSM2533487	KCNJ16	Kcnj16	primary	9.34377309541467	3	3	3	3
GSM2533488	KCNJ16	Kcnj16	primary	9.60971525839265	3	3	3	3
GSM2533489	KCNJ16	Kcnj16	primary	9.87595317041105	3	3	3	3
GSM2533490	KCNJ16	Kcnj16	primary	9.48771883528307	3	3	3	3
GSM2533491	KCNJ16	Kcnj16	primary	9.8025425370207	3	3	3	3
GSM2533492	KCNJ16	Kcnj16	primary	9.64621571410455	3	3	3	3
GSM2533493	KCNJ16	Kcnj16	primary	9.55827627172937	3	3	3	3
GSM2533494	KCNJ16	Kcnj16	primary	9.7216974124737	3	3	3	3
GSM2533495	KCNJ16	Kcnj16	primary	9.30646446084921	3	3	3	3
GSM2533496	KCNJ16	Kcnj16	primary	9.32530575874903	3	3	3	3
GSM2533497	KCNJ16	Kcnj16	primary	9.38535880472402	3	3	3	3
GSM2533498	KCNJ16	Kcnj16	primary	9.18668363795586	3	3	3	3
GSM2533499	KCNJ16	Kcnj16	primary	9.20246902352541	3	3	3	3
GSM2533500	KCNJ16	Kcnj16	primary	9.06744133549826	3	3	3	3
GSM2533501	KCNJ16	Kcnj16	primary	9.16927328365746	3	3	3	3
GSM2533502	KCNJ16	Kcnj16	primary	8.75027384844664	3	3	3	3
GSM2533503	KCNJ16	Kcnj16	primary	9.35520980466336	3	3	3	3
GSM2533504	KCNJ16	Kcnj16	primary	8.9098337850541	3	3	3	3
GSM2533505	KCNJ16	Kcnj16	primary	9.22314656589571	3	3	3	3
GSM2533506	KCNJ16	Kcnj16	primary	9.479978262497	3	3	3	3
GSM2533507	KCNJ16	Kcnj16	primary	9.49801290256283	3	3	3	3
GSM2533508	KCNJ16	Kcnj16	primary	9.22285085426777	3	3	3	3
GSM2533509	KCNJ16	Kcnj16	primary	9.67144831281217	3	3	3	3
GSM2533510	KCNJ16	Kcnj16	primary	9.97782923774286	3	3	3	3
GSM2533511	KCNJ16	Kcnj16	primary	9.20875524112789	3	3	3	3
GSM2533512	KCNJ16	Kcnj16	primary	10.0951912996109	3	3	3	3
GSM2533513	KCNJ16	Kcnj16	primary	9.84501890785436	3	3	3	3
GSM2533518	KCNJ16	Kcnj16	primary	10.1178760303184	3	3	3	3
GSM2533519	KCNJ16	Kcnj16	primary	9.81362971085872	3	3	3	3
GSM2533520	KCNJ16	Kcnj16	primary	9.68982295013626	3	3	3	3
GSM2533521	KCNJ16	Kcnj16	primary	9.66639252160423	3	3	3	3
GSM2533522	KCNJ16	Kcnj16	primary	9.70148302333365	3	3	3	3
GSM2533523	KCNJ16	Kcnj16	primary	9.81411930682655	3	3	3	3
GSM2533524	KCNJ16	Kcnj16	primary	9.595354842819	3	3	3	3
GSM2533525	KCNJ16	Kcnj16	primary	9.88709392004676	3	3	3	3
GSM2533526	KCNJ16	Kcnj16	primary	10.0616023171904	3	3	3	3
GSM2533527	KCNJ16	Kcnj16	primary	9.93876500309264	3	3	3	3
GSM2533528	KCNJ16	Kcnj16	primary	9.8289559917844	3	3	3	3
GSM2533529	KCNJ16	Kcnj16	primary	9.92977812286859	3	3	3	3
GSM2533530	KCNJ16	Kcnj16	primary	9.94417923435453	3	3	3	3
GSM2533531	KCNJ16	Kcnj16	primary	9.56327850711054	3	3	3	3
GSM2533532	KCNJ16	Kcnj16	primary	9.62237715547797	3	3	3	3
GSM2533533	KCNJ16	Kcnj16	primary	9.88551276279162	3	3	3	3
GSM2533534	KCNJ16	Kcnj16	primary	10.1854746174988	3	3	3	3
GSM2533535	KCNJ16	Kcnj16	primary	9.54572854994452	3	3	3	3
GSM2533536	KCNJ16	Kcnj16	primary	9.86583876344089	3	3	3	3
GSM2533537	KCNJ16	Kcnj16	primary	10.0328479060934	3	3	3	3
GSM2533538	KCNJ16	Kcnj16	primary	10.0186683898261	3	3	3	3
GSM2533539	KCNJ16	Kcnj16	primary	9.12459947657968	3	3	3	3
GSM2533540	KCNJ16	Kcnj16	primary	9.77872412807161	3	3	3	3
GSM2533541	KCNJ16	Kcnj16	primary	9.31198045149112	3	3	3	3
GSM2533542	KCNJ16	Kcnj16	primary	9.4684551121148	3	3	3	3
GSM2533543	KCNJ16	Kcnj16	primary	10.1087280807876	3	3	3	3
GSM2533544	KCNJ16	Kcnj16	primary	9.86967237244758	3	3	3	3
GSM2533545	KCNJ16	Kcnj16	primary	9.84779383575251	3	3	3	3
GSM2533546	KCNJ16	Kcnj16	primary	9.70960635683724	3	3	3	3
GSM2533547	KCNJ16	Kcnj16	primary	9.79594019940182	3	3	3	3
GSM2533548	KCNJ16	Kcnj16	primary	9.74576226283035	3	3	3	3
GSM2533549	KCNJ16	Kcnj16	primary	9.9725445628611	3	3	3	3
GSM2533550	KCNJ16	Kcnj16	primary	10.1581425506028	3	3	3	3
GSM2533551	KCNJ16	Kcnj16	primary	10.1945633197137	3	3	3	3
GSM2533552	KCNJ16	Kcnj16	primary	10.2720656624802	3	3	3	3
GSM2533478	SLC12A1	Slc12a1	primary	9.0380630159023	2	2	2	1
GSM2533479	SLC12A1	Slc12a1	primary	9.16350882239154	2	2	2	1
GSM2533480	SLC12A1	Slc12a1	primary	9.005353389628665	2	2	2	1
GSM2533481	SLC12A1	Slc12a1	primary	8.418038172754219	2	2	2	1
GSM2533482	SLC12A1	Slc12a1	primary	9.663710959141241	2	2	2	1
GSM2533483	SLC12A1	Slc12a1	primary	9.106246591940824	2	2	2	1
GSM2533484	SLC12A1	Slc12a1	primary	10.92129972100372	2	2	2	2
GSM2533485	SLC12A1	Slc12a1	primary	10.833238112233154	2	2	2	2
GSM2533486	SLC12A1	Slc12a1	primary	10.653699352349586	2	2	2	2
GSM2533487	SLC12A1	Slc12a1	primary	10.91380250304563	2	2	2	2
GSM2533488	SLC12A1	Slc12a1	primary	10.99841337499473	2	2	2	2
GSM2533489	SLC12A1	Slc12a1	primary	10.766376868447484	2	2	2	2
GSM2533490	SLC12A1	Slc12a1	primary	10.88820237839036	2	2	2	2
GSM2533491	SLC12A1	Slc12a1	primary	11.154183815172814	2	2	2	2
GSM2533492	SLC12A1	Slc12a1	primary	10.91837332013829	2	2	2	2
GSM2533493	SLC12A1	Slc12a1	primary	11.051794567685535	2	2	2	2
GSM2533494	SLC12A1	Slc12a1	primary	11.008759173773	2	2	2	2
GSM2533495	SLC12A1	Slc12a1	primary	9.642146506589466	2	2	2	1
GSM2533496	SLC12A1	Slc12a1	primary	10.140331071146871	2	2	2	1
GSM2533497	SLC12A1	Slc12a1	primary	9.977939855590336	2	2	2	1
GSM2533498	SLC12A1	Slc12a1	primary	9.902667930268255	2	2	2	1
GSM2533499	SLC12A1	Slc12a1	primary	10.063262854382986	2	2	2	1
GSM2533500	SLC12A1	Slc12a1	primary	9.945021199683016	2	2	2	1
GSM2533501	SLC12A1	Slc12a1	primary	10.057560205435465	2	2	2	1
GSM2533502	SLC12A1	Slc12a1	primary	10.51324869265057	2	2	2	1
GSM2533503	SLC12A1	Slc12a1	primary	10.84703476809692	2	2	2	2
GSM2533504	SLC12A1	Slc12a1	primary	10.55251421899883	2	2	2	2
GSM2533505	SLC12A1	Slc12a1	primary	10.73874048019961	2	2	2	1
GSM2533506	SLC12A1	Slc12a1	primary	10.49422892148273	2	2	2	1
GSM2533507	SLC12A1	Slc12a1	primary	10.412865325092731	2	2	2	1
GSM2533508	SLC12A1	Slc12a1	primary	10.323992773210744	2	2	2	1
GSM2533509	SLC12A1	Slc12a1	primary	10.9667864459686	2	2	2	1
GSM2533510	SLC12A1	Slc12a1	primary	11.0476807677588	2	2	2	1
GSM2533511	SLC12A1	Slc12a1	primary	10.12534384375152	2	2	2	1
GSM2533512	SLC12A1	Slc12a1	primary	10.924665678700794	2	2	2	2
GSM2533513	SLC12A1	Slc12a1	primary	10.69610371710424	2	2	2	2
GSM2533518	SLC12A1	Slc12a1	primary	10.932252843027104	2	2	2	1
GSM2533519	SLC12A1	Slc12a1	primary	10.644589431469385	2	2	2	1
GSM2533520	SLC12A1	Slc12a1	primary	11.08702325788019	2	2	2	2
GSM2533521	SLC12A1	Slc12a1	primary	10.86923143825855	2	2	2	2
GSM2533522	SLC12A1	Slc12a1	primary	10.877103484521854	2	2	2	1
GSM2533523	SLC12A1	Slc12a1	primary	10.901617966361684	2	2	2	1
GSM2533524	SLC12A1	Slc12a1	primary	10.956288876876584	2	2	2	2
GSM2533525	SLC12A1	Slc12a1	primary	11.13158453563479	2	2	2	2
GSM2533526	SLC12A1	Slc12a1	primary	10.943625980775554	2	2	2	2
GSM2533527	SLC12A1	Slc12a1	primary	11.18289622465658	2	2	2	2
GSM2533528	SLC12A1	Slc12a1	primary	11.08975557270076	2	2	2	2
GSM2533529	SLC12A1	Slc12a1	primary	10.751460733617504	2	2	2	2
GSM2533530	SLC12A1	Slc12a1	primary	10.911923868461045	2	2	2	2
GSM2533531	SLC12A1	Slc12a1	primary	10.92110116874745	2	2	2	2
GSM2533532	SLC12A1	Slc12a1	primary	11.098837263926974	2	2	2	2
GSM2533533	SLC12A1	Slc12a1	primary	10.81484496107542	2	2	2	2
GSM2533534	SLC12A1	Slc12a1	primary	10.787647439278265	2	2	2	2
GSM2533535	SLC12A1	Slc12a1	primary	11.036169065227885	2	2	2	2
GSM2533536	SLC12A1	Slc12a1	primary	10.840690692216576	2	2	2	1
GSM2533537	SLC12A1	Slc12a1	primary	10.668083266871035	2	2	2	1
GSM2533538	SLC12A1	Slc12a1	primary	10.83044049346404	2	2	2	2
GSM2533539	SLC12A1	Slc12a1	primary	10.721777126149235	2	2	2	1
GSM2533540	SLC12A1	Slc12a1	primary	10.760580942505385	2	2	2	2
GSM2533541	SLC12A1	Slc12a1	primary	11.208685155325636	2	2	2	2
GSM2533542	SLC12A1	Slc12a1	primary	10.92183350078783	2	2	2	1
GSM2533543	SLC12A1	Slc12a1	primary	10.70083840958907	2	2	2	1
GSM2533544	SLC12A1	Slc12a1	primary	10.514987919018594	2	2	2	1
GSM2533545	SLC12A1	Slc12a1	primary	10.668997714744295	2	2	2	2
GSM2533546	SLC12A1	Slc12a1	primary	11.00447081209086	2	2	2	2
GSM2533547	SLC12A1	Slc12a1	primary	10.87568231144019	2	2	2	2
GSM2533548	SLC12A1	Slc12a1	primary	10.95980246522725	2	2	2	2
GSM2533549	SLC12A1	Slc12a1	primary	11.011899758979549	2	2	2	2
GSM2533550	SLC12A1	Slc12a1	primary	10.675069466296186	2	2	2	1
GSM2533551	SLC12A1	Slc12a1	primary	10.72244920641753	2	2	2	1
GSM2533552	SLC12A1	Slc12a1	primary	10.58955619178485	2	2	2	2
GSM2533478	SLC12A3	Slc12a3	primary	10.0613516236092	1	1	1	1
GSM2533479	SLC12A3	Slc12a3	primary	10.6146963146393	1	1	1	1
GSM2533480	SLC12A3	Slc12a3	primary	10.9434391818092	1	1	1	1
GSM2533481	SLC12A3	Slc12a3	primary	10.9385504181212	1	1	1	1
GSM2533482	SLC12A3	Slc12a3	primary	9.93026973810651	1	1	1	1
GSM2533483	SLC12A3	Slc12a3	primary	10.0472468576476	1	1	1	1
GSM2533484	SLC12A3	Slc12a3	primary	11.695328820614	1	1	1	1
GSM2533485	SLC12A3	Slc12a3	primary	11.8137789894838	1	1	1	1
GSM2533486	SLC12A3	Slc12a3	primary	11.5922648605441	1	1	1	1
GSM2533487	SLC12A3	Slc12a3	primary	10.6176976301474	1	1	1	1
GSM2533488	SLC12A3	Slc12a3	primary	12.0277789267114	1	1	1	1
GSM2533489	SLC12A3	Slc12a3	primary	11.5087677719343	1	1	1	1
GSM2533490	SLC12A3	Slc12a3	primary	10.7297063043272	1	1	1	1
GSM2533491	SLC12A3	Slc12a3	primary	12.4417488324069	1	1	1	1
GSM2533492	SLC12A3	Slc12a3	primary	12.1039639493436	1	1	1	1
GSM2533493	SLC12A3	Slc12a3	primary	12.1202079501757	1	1	1	1
GSM2533494	SLC12A3	Slc12a3	primary	12.2367996982944	1	1	1	1
GSM2533495	SLC12A3	Slc12a3	primary	10.2450353529353	1	1	1	1
GSM2533496	SLC12A3	Slc12a3	primary	10.1404427287775	1	1	1	1
GSM2533497	SLC12A3	Slc12a3	primary	10.064334016756	1	1	1	1
GSM2533498	SLC12A3	Slc12a3	primary	10.2090740492882	1	1	1	1
GSM2533499	SLC12A3	Slc12a3	primary	10.4431642213133	1	1	1	1
GSM2533500	SLC12A3	Slc12a3	primary	9.87422100648088	1	1	1	1
GSM2533501	SLC12A3	Slc12a3	primary	10.5553243817801	1	1	1	1
GSM2533502	SLC12A3	Slc12a3	primary	10.8249721525219	1	1	1	1
GSM2533503	SLC12A3	Slc12a3	primary	11.5633297850669	1	1	1	1
GSM2533504	SLC12A3	Slc12a3	primary	10.5797709260875	1	1	1	1
GSM2533505	SLC12A3	Slc12a3	primary	11.7251867820849	1	1	1	1
GSM2533506	SLC12A3	Slc12a3	primary	11.8313233132413	1	1	1	1
GSM2533507	SLC12A3	Slc12a3	primary	10.941305114446	1	1	1	1
GSM2533508	SLC12A3	Slc12a3	primary	9.82452514150988	1	1	1	1
GSM2533509	SLC12A3	Slc12a3	primary	11.9083913010465	1	1	1	1
GSM2533510	SLC12A3	Slc12a3	primary	12.470559350684	1	1	1	1
GSM2533511	SLC12A3	Slc12a3	primary	10.0666175942664	1	1	1	1
GSM2533512	SLC12A3	Slc12a3	primary	11.060996846447	1	1	1	1
GSM2533513	SLC12A3	Slc12a3	primary	12.310208108034	1	1	1	1
GSM2533518	SLC12A3	Slc12a3	primary	11.5842828468511	1	1	1	1
GSM2533519	SLC12A3	Slc12a3	primary	11.5160061654655	1	1	1	1
GSM2533520	SLC12A3	Slc12a3	primary	11.2738372681872	1	1	1	1
GSM2533521	SLC12A3	Slc12a3	primary	11.2321760409051	1	1	1	1
GSM2533522	SLC12A3	Slc12a3	primary	11.238166414138	1	1	1	1
GSM2533523	SLC12A3	Slc12a3	primary	11.7610552337807	1	1	1	1
GSM2533524	SLC12A3	Slc12a3	primary	11.6685638865294	1	1	1	1
GSM2533525	SLC12A3	Slc12a3	primary	12.2146129101119	1	1	1	1
GSM2533526	SLC12A3	Slc12a3	primary	11.0589549364932	1	1	1	1
GSM2533527	SLC12A3	Slc12a3	primary	11.0925360531386	1	1	1	1
GSM2533528	SLC12A3	Slc12a3	primary	11.9885934712958	1	1	1	1
GSM2533529	SLC12A3	Slc12a3	primary	11.3965682092539	1	1	1	1
GSM2533530	SLC12A3	Slc12a3	primary	10.9304987819052	1	1	1	1
GSM2533531	SLC12A3	Slc12a3	primary	11.6015887725656	1	1	1	1
GSM2533532	SLC12A3	Slc12a3	primary	11.8243456199267	1	1	1	1
GSM2533533	SLC12A3	Slc12a3	primary	10.750448026314	1	1	1	1
GSM2533534	SLC12A3	Slc12a3	primary	10.9054465039652	1	1	1	1
GSM2533535	SLC12A3	Slc12a3	primary	12.0326556094023	1	1	1	1
GSM2533536	SLC12A3	Slc12a3	primary	11.1277868232773	1	1	1	1
GSM2533537	SLC12A3	Slc12a3	primary	12.5055346335039	1	1	1	1
GSM2533538	SLC12A3	Slc12a3	primary	12.0815954572144	1	1	1	1
GSM2533539	SLC12A3	Slc12a3	primary	10.4289335453049	1	1	1	1
GSM2533540	SLC12A3	Slc12a3	primary	11.7018906762835	1	1	1	1
GSM2533541	SLC12A3	Slc12a3	primary	10.8059521250357	1	1	1	1
GSM2533542	SLC12A3	Slc12a3	primary	12.0312539268299	1	1	1	1
GSM2533543	SLC12A3	Slc12a3	primary	11.9293696028148	1	1	1	1
GSM2533544	SLC12A3	Slc12a3	primary	12.0105726157378	1	1	1	1
GSM2533545	SLC12A3	Slc12a3	primary	11.7485856040598	1	1	1	1
GSM2533546	SLC12A3	Slc12a3	primary	12.2646017082269	1	1	1	1
GSM2533547	SLC12A3	Slc12a3	primary	12.3187832689033	1	1	1	1
GSM2533548	SLC12A3	Slc12a3	primary	12.4998753747197	1	1	1	1
GSM2533549	SLC12A3	Slc12a3	primary	12.110572055889	1	1	1	1
GSM2533550	SLC12A3	Slc12a3	primary	11.7654363108198	1	1	1	1
GSM2533551	SLC12A3	Slc12a3	primary	11.5588799032335	1	1	1	1
GSM2533552	SLC12A3	Slc12a3	primary	11.5505119672222	1	1	1	1
GSM2533478	SLC8A1	Slc8a1	primary	7.24034556560261	5	5	5	0
GSM2533479	SLC8A1	Slc8a1	primary	7.25627987741775	5	5	5	0
GSM2533480	SLC8A1	Slc8a1	primary	8.20898135112318	5	5	5	0
GSM2533481	SLC8A1	Slc8a1	primary	7.37117697953214	5	5	5	0
GSM2533482	SLC8A1	Slc8a1	primary	7.49114695155924	5	5	5	3
GSM2533483	SLC8A1	Slc8a1	primary	7.30457027648924	5	5	5	3
GSM2533484	SLC8A1	Slc8a1	primary	7.95898829697785	5	5	5	4
GSM2533485	SLC8A1	Slc8a1	primary	8.28760865848117	5	5	5	4
GSM2533486	SLC8A1	Slc8a1	primary	8.22762115756016	5	5	5	4
GSM2533487	SLC8A1	Slc8a1	primary	7.80105751169436	5	5	5	5
GSM2533488	SLC8A1	Slc8a1	primary	7.9781706391407	5	5	5	4
GSM2533489	SLC8A1	Slc8a1	primary	7.84491035933327	5	5	5	4
GSM2533490	SLC8A1	Slc8a1	primary	7.84325801892102	5	5	5	4
GSM2533491	SLC8A1	Slc8a1	primary	8.06430585717211	5	5	5	4
GSM2533492	SLC8A1	Slc8a1	primary	7.89294893866718	5	5	5	4
GSM2533493	SLC8A1	Slc8a1	primary	7.9156579881161	5	5	5	4
GSM2533494	SLC8A1	Slc8a1	primary	8.05401274692741	5	5	5	4
GSM2533495	SLC8A1	Slc8a1	primary	7.60027930077062	5	5	5	4
GSM2533496	SLC8A1	Slc8a1	primary	7.41543731762934	5	5	5	4
GSM2533497	SLC8A1	Slc8a1	primary	7.50275735422477	5	5	5	3
GSM2533498	SLC8A1	Slc8a1	primary	7.53986671705995	5	5	5	4
GSM2533499	SLC8A1	Slc8a1	primary	7.45694749029366	5	5	5	4
GSM2533500	SLC8A1	Slc8a1	primary	7.55829133691791	5	5	5	4
GSM2533501	SLC8A1	Slc8a1	primary	7.56874152971667	5	5	5	4
GSM2533502	SLC8A1	Slc8a1	primary	7.84567935306425	5	5	5	4
GSM2533503	SLC8A1	Slc8a1	primary	7.85851262027764	5	5	5	4
GSM2533504	SLC8A1	Slc8a1	primary	7.64864764115643	5	5	5	4
GSM2533505	SLC8A1	Slc8a1	primary	8.06838626019317	5	5	5	4
GSM2533506	SLC8A1	Slc8a1	primary	7.89988192805248	5	5	5	4
GSM2533507	SLC8A1	Slc8a1	primary	7.64906686032141	5	5	5	4
GSM2533508	SLC8A1	Slc8a1	primary	7.57471580959791	5	5	5	4
GSM2533509	SLC8A1	Slc8a1	primary	7.78205038469057	5	5	5	4
GSM2533510	SLC8A1	Slc8a1	primary	8.05681572361105	5	5	5	4
GSM2533511	SLC8A1	Slc8a1	primary	7.8310695527783	5	5	5	4
GSM2533512	SLC8A1	Slc8a1	primary	7.67460221517457	5	5	5	4
GSM2533513	SLC8A1	Slc8a1	primary	7.89096492900635	5	5	5	4
GSM2533518	SLC8A1	Slc8a1	primary	7.52279405907022	5	5	5	1
GSM2533519	SLC8A1	Slc8a1	primary	7.86136774503646	5	5	5	1
GSM2533520	SLC8A1	Slc8a1	primary	7.87160031678085	5	5	5	4
GSM2533521	SLC8A1	Slc8a1	primary	7.90027541657162	5	5	5	4
GSM2533522	SLC8A1	Slc8a1	primary	8.2047692562262	5	5	5	4
GSM2533523	SLC8A1	Slc8a1	primary	7.84491035933327	5	5	5	4
GSM2533524	SLC8A1	Slc8a1	primary	8.04274579095684	5	5	5	4
GSM2533525	SLC8A1	Slc8a1	primary	8.0889417880348	5	5	5	4
GSM2533526	SLC8A1	Slc8a1	primary	7.70928707957446	5	5	5	5
GSM2533527	SLC8A1	Slc8a1	primary	8.22108037547041	5	5	5	4
GSM2533528	SLC8A1	Slc8a1	primary	7.90553546827471	5	5	5	4
GSM2533529	SLC8A1	Slc8a1	primary	7.78816732028246	5	5	5	4
GSM2533530	SLC8A1	Slc8a1	primary	8.13958346584025	5	5	5	4
GSM2533531	SLC8A1	Slc8a1	primary	7.94960946157745	5	5	5	4
GSM2533532	SLC8A1	Slc8a1	primary	7.97857922811769	5	5	5	4
GSM2533533	SLC8A1	Slc8a1	primary	7.78496000385012	5	5	5	4
GSM2533534	SLC8A1	Slc8a1	primary	7.74207184522928	5	5	5	4
GSM2533535	SLC8A1	Slc8a1	primary	7.90114133191109	5	5	5	4
GSM2533536	SLC8A1	Slc8a1	primary	7.7479206883002	5	5	5	4
GSM2533537	SLC8A1	Slc8a1	primary	8.06295806452874	5	5	5	4
GSM2533538	SLC8A1	Slc8a1	primary	7.7345673445448	5	5	5	4
GSM2533539	SLC8A1	Slc8a1	primary	7.87001280881446	5	5	5	4
GSM2533540	SLC8A1	Slc8a1	primary	8.03557296921528	5	5	5	4
GSM2533541	SLC8A1	Slc8a1	primary	8.14245725096958	5	5	5	4
GSM2533542	SLC8A1	Slc8a1	primary	8.11447169868544	5	5	5	4
GSM2533543	SLC8A1	Slc8a1	primary	7.86055427032289	5	5	5	4
GSM2533544	SLC8A1	Slc8a1	primary	7.88265838472315	5	5	5	4
GSM2533545	SLC8A1	Slc8a1	primary	7.70510864464491	5	5	5	4
GSM2533546	SLC8A1	Slc8a1	primary	7.93605374493002	5	5	5	4
GSM2533547	SLC8A1	Slc8a1	primary	7.77434249782835	5	5	5	4
GSM2533548	SLC8A1	Slc8a1	primary	8.03871391156626	5	5	5	4
GSM2533549	SLC8A1	Slc8a1	primary	8.14541554864464	5	5	5	4
GSM2533550	SLC8A1	Slc8a1	primary	8.03791519824952	5	5	5	4
GSM2533551	SLC8A1	Slc8a1	primary	7.66512816525604	5	5	5	4
GSM2533552	SLC8A1	Slc8a1	primary	7.90040299239285	5	5	5	4
GSM2533478	TRPM6	Trpm6	primary	7.67520016677096	2	2	2	0
GSM2533479	TRPM6	Trpm6	primary	7.81571418789897	2	2	2	0
GSM2533480	TRPM6	Trpm6	primary	7.214077283470164	2	2	2	0
GSM2533481	TRPM6	Trpm6	primary	7.658249285566335	2	2	2	0
GSM2533482	TRPM6	Trpm6	primary	7.22446293927535	2	2	2	1
GSM2533483	TRPM6	Trpm6	primary	7.169053203287195	2	2	2	1
GSM2533484	TRPM6	Trpm6	primary	7.381152181211595	2	2	2	1
GSM2533485	TRPM6	Trpm6	primary	7.384170363403975	2	2	2	1
GSM2533486	TRPM6	Trpm6	primary	7.328477631462025	2	2	2	1
GSM2533487	TRPM6	Trpm6	primary	7.86082529876219	2	2	2	2
GSM2533488	TRPM6	Trpm6	primary	7.41831645215509	2	2	2	1
GSM2533489	TRPM6	Trpm6	primary	7.2971496543139605	2	2	2	1
GSM2533490	TRPM6	Trpm6	primary	7.201838042076179	2	2	2	1
GSM2533491	TRPM6	Trpm6	primary	7.412849745552645	2	2	2	1
GSM2533492	TRPM6	Trpm6	primary	7.3533466545845	2	2	2	1
GSM2533493	TRPM6	Trpm6	primary	7.35664214904757	2	2	2	1
GSM2533494	TRPM6	Trpm6	primary	7.508049927277225	2	2	2	1
GSM2533495	TRPM6	Trpm6	primary	7.216170753238555	2	2	2	1
GSM2533496	TRPM6	Trpm6	primary	7.2578859802780205	2	2	2	1
GSM2533497	TRPM6	Trpm6	primary	7.1950662783842105	2	2	2	1
GSM2533498	TRPM6	Trpm6	primary	7.218829240281685	2	2	2	1
GSM2533499	TRPM6	Trpm6	primary	7.292109876637795	2	2	2	1
GSM2533500	TRPM6	Trpm6	primary	7.276010790716705	2	2	2	1
GSM2533501	TRPM6	Trpm6	primary	7.340129134485375	2	2	2	1
GSM2533502	TRPM6	Trpm6	primary	7.20890045443223	2	2	2	1
GSM2533503	TRPM6	Trpm6	primary	7.384561019790705	2	2	2	1
GSM2533504	TRPM6	Trpm6	primary	7.287702002187006	2	2	2	1
GSM2533505	TRPM6	Trpm6	primary	7.33118081847922	2	2	2	1
GSM2533506	TRPM6	Trpm6	primary	7.297931157712335	2	2	2	1
GSM2533507	TRPM6	Trpm6	primary	7.386359737348165	2	2	2	1
GSM2533508	TRPM6	Trpm6	primary	7.341034639637799	2	2	2	1
GSM2533509	TRPM6	Trpm6	primary	7.3509771096873	2	2	2	1
GSM2533510	TRPM6	Trpm6	primary	7.4575232760661	2	2	2	1
GSM2533511	TRPM6	Trpm6	primary	7.317569923870115	2	2	2	1
GSM2533512	TRPM6	Trpm6	primary	7.35383974401199	2	2	2	1
GSM2533513	TRPM6	Trpm6	primary	7.386231136381035	2	2	2	1
GSM2533518	TRPM6	Trpm6	primary	7.153679479361875	2	2	2	0
GSM2533519	TRPM6	Trpm6	primary	7.47495773199464	2	2	2	0
GSM2533520	TRPM6	Trpm6	primary	7.332908374072845	2	2	2	1
GSM2533521	TRPM6	Trpm6	primary	7.3930858081427555	2	2	2	1
GSM2533522	TRPM6	Trpm6	primary	7.3342742766318345	2	2	2	1
GSM2533523	TRPM6	Trpm6	primary	7.4181002939665746	2	2	2	1
GSM2533524	TRPM6	Trpm6	primary	7.39739865140662	2	2	2	1
GSM2533525	TRPM6	Trpm6	primary	7.50516682905563	2	2	2	1
GSM2533526	TRPM6	Trpm6	primary	7.688663221026815	2	2	2	2
GSM2533527	TRPM6	Trpm6	primary	7.441016998574694	2	2	2	1
GSM2533528	TRPM6	Trpm6	primary	7.426746203573745	2	2	2	1
GSM2533529	TRPM6	Trpm6	primary	7.3551066613795	2	2	2	1
GSM2533530	TRPM6	Trpm6	primary	7.3587394200829	2	2	2	1
GSM2533531	TRPM6	Trpm6	primary	7.269910509586985	2	2	2	1
GSM2533532	TRPM6	Trpm6	primary	7.289631180661646	2	2	2	1
GSM2533533	TRPM6	Trpm6	primary	7.23472827712191	2	2	2	1
GSM2533534	TRPM6	Trpm6	primary	7.252612139486585	2	2	2	1
GSM2533535	TRPM6	Trpm6	primary	7.343339404452885	2	2	2	1
GSM2533536	TRPM6	Trpm6	primary	7.191648977703615	2	2	2	1
GSM2533537	TRPM6	Trpm6	primary	7.392868338429225	2	2	2	1
GSM2533538	TRPM6	Trpm6	primary	7.554073026204505	2	2	2	1
GSM2533539	TRPM6	Trpm6	primary	7.278928469167445	2	2	2	1
GSM2533540	TRPM6	Trpm6	primary	7.4532846946887705	2	2	2	1
GSM2533541	TRPM6	Trpm6	primary	7.27516711238078	2	2	2	1
GSM2533542	TRPM6	Trpm6	primary	7.31974045869294	2	2	2	1
GSM2533543	TRPM6	Trpm6	primary	7.329122044535019	2	2	2	1
GSM2533544	TRPM6	Trpm6	primary	7.4321264721728	2	2	2	1
GSM2533545	TRPM6	Trpm6	primary	7.32229807029864	2	2	2	1
GSM2533546	TRPM6	Trpm6	primary	7.47886978588304	2	2	2	1
GSM2533547	TRPM6	Trpm6	primary	7.444854675075545	2	2	2	1
GSM2533548	TRPM6	Trpm6	primary	7.49856329179114	2	2	2	1
GSM2533549	TRPM6	Trpm6	primary	7.428903694435415	2	2	2	1
GSM2533550	TRPM6	Trpm6	primary	7.3905984907787445	2	2	2	1
GSM2533551	TRPM6	Trpm6	primary	7.3703208448654	2	2	2	1
GSM2533552	TRPM6	Trpm6	primary	7.4091328399627905	2	2	2	1
GSM2533478	TRPV5	Trpv5	primary	7.29270351813494	1	1	1	0
GSM2533479	TRPV5	Trpv5	primary	7.01182618075721	1	1	1	0
GSM2533480	TRPV5	Trpv5	primary	8.45406008883006	1	1	1	0
GSM2533481	TRPV5	Trpv5	primary	7.37117697953214	1	1	1	0
GSM2533482	TRPV5	Trpv5	primary	7.8484391487743	1	1	1	1
GSM2533483	TRPV5	Trpv5	primary	8.03011996636155	1	1	1	1
GSM2533484	TRPV5	Trpv5	primary	7.63846541542686	1	1	1	1
GSM2533485	TRPV5	Trpv5	primary	7.5403767785523	1	1	1	1
GSM2533486	TRPV5	Trpv5	primary	7.53060113762673	1	1	1	1
GSM2533487	TRPV5	Trpv5	primary	7.35200632249595	1	1	1	1
GSM2533488	TRPV5	Trpv5	primary	7.55013070812514	1	1	1	1
GSM2533489	TRPV5	Trpv5	primary	7.48488166175669	1	1	1	1
GSM2533490	TRPV5	Trpv5	primary	7.44328727875259	1	1	1	1
GSM2533491	TRPV5	Trpv5	primary	7.58687137551245	1	1	1	1
GSM2533492	TRPV5	Trpv5	primary	7.48929023005098	1	1	1	1
GSM2533493	TRPV5	Trpv5	primary	7.5248033753742	1	1	1	1
GSM2533494	TRPV5	Trpv5	primary	7.57989284548959	1	1	1	1
GSM2533495	TRPV5	Trpv5	primary	7.99262963931664	1	1	1	1
GSM2533496	TRPV5	Trpv5	primary	7.8249678156643	1	1	1	1
GSM2533497	TRPV5	Trpv5	primary	7.52744280978497	1	1	1	1
GSM2533498	TRPV5	Trpv5	primary	7.88754402914524	1	1	1	1
GSM2533499	TRPV5	Trpv5	primary	7.8032289540672	1	1	1	1
GSM2533500	TRPV5	Trpv5	primary	7.83359491507403	1	1	1	1
GSM2533501	TRPV5	Trpv5	primary	7.3715538704373	1	1	1	1
GSM2533502	TRPV5	Trpv5	primary	7.50418050719473	1	1	1	1
GSM2533503	TRPV5	Trpv5	primary	7.55047417470082	1	1	1	1
GSM2533504	TRPV5	Trpv5	primary	7.47430630606997	1	1	1	1
GSM2533505	TRPV5	Trpv5	primary	7.52878720344568	1	1	1	1
GSM2533506	TRPV5	Trpv5	primary	7.40721603551091	1	1	1	1
GSM2533507	TRPV5	Trpv5	primary	7.49540686693599	1	1	1	1
GSM2533508	TRPV5	Trpv5	primary	7.31382151404992	1	1	1	1
GSM2533509	TRPV5	Trpv5	primary	7.36799504337421	1	1	1	1
GSM2533510	TRPV5	Trpv5	primary	7.48962401560569	1	1	1	1
GSM2533511	TRPV5	Trpv5	primary	7.23263979168284	1	1	1	1
GSM2533512	TRPV5	Trpv5	primary	7.45193894646685	1	1	1	1
GSM2533513	TRPV5	Trpv5	primary	7.42554772559785	1	1	1	1
GSM2533518	TRPV5	Trpv5	primary	8.05902284176321	1	1	1	0
GSM2533519	TRPV5	Trpv5	primary	7.54324358725711	1	1	1	0
GSM2533520	TRPV5	Trpv5	primary	7.61642497729157	1	1	1	1
GSM2533521	TRPV5	Trpv5	primary	7.70241842830729	1	1	1	1
GSM2533522	TRPV5	Trpv5	primary	7.69497909875925	1	1	1	1
GSM2533523	TRPV5	Trpv5	primary	7.61873672452078	1	1	1	1
GSM2533524	TRPV5	Trpv5	primary	7.44458048169556	1	1	1	1
GSM2533525	TRPV5	Trpv5	primary	7.93443936768866	1	1	1	1
GSM2533526	TRPV5	Trpv5	primary	7.34730527784926	1	1	1	1
GSM2533527	TRPV5	Trpv5	primary	7.57857752664804	1	1	1	1
GSM2533528	TRPV5	Trpv5	primary	7.61495027949295	1	1	1	1
GSM2533529	TRPV5	Trpv5	primary	7.40022133044559	1	1	1	1
GSM2533530	TRPV5	Trpv5	primary	7.42783154534005	1	1	1	1
GSM2533531	TRPV5	Trpv5	primary	7.4514662568624	1	1	1	1
GSM2533532	TRPV5	Trpv5	primary	7.41748199645676	1	1	1	1
GSM2533533	TRPV5	Trpv5	primary	7.32157485536358	1	1	1	1
GSM2533534	TRPV5	Trpv5	primary	7.55786955721204	1	1	1	1
GSM2533535	TRPV5	Trpv5	primary	7.25277288611512	1	1	1	1
GSM2533536	TRPV5	Trpv5	primary	7.3853942346179	1	1	1	1
GSM2533537	TRPV5	Trpv5	primary	7.6968521074062	1	1	1	1
GSM2533538	TRPV5	Trpv5	primary	7.53035385187124	1	1	1	1
GSM2533539	TRPV5	Trpv5	primary	7.51168591412571	1	1	1	1
GSM2533540	TRPV5	Trpv5	primary	7.55908881122448	1	1	1	1
GSM2533541	TRPV5	Trpv5	primary	7.46575454306477	1	1	1	1
GSM2533542	TRPV5	Trpv5	primary	7.63878128679342	1	1	1	1
GSM2533543	TRPV5	Trpv5	primary	7.49750895908793	1	1	1	1
GSM2533544	TRPV5	Trpv5	primary	7.41253636676418	1	1	1	1
GSM2533545	TRPV5	Trpv5	primary	7.45404337384932	1	1	1	1
GSM2533546	TRPV5	Trpv5	primary	7.5803575994677	1	1	1	1
GSM2533547	TRPV5	Trpv5	primary	7.5153171231905	1	1	1	1
GSM2533548	TRPV5	Trpv5	primary	7.60200701090193	1	1	1	1
GSM2533549	TRPV5	Trpv5	primary	7.66917395880891	1	1	1	1
GSM2533550	TRPV5	Trpv5	primary	7.48421320577351	1	1	1	1
GSM2533551	TRPV5	Trpv5	primary	7.41762651363071	1	1	1	1
GSM2533552	TRPV5	Trpv5	primary	7.47641895973974	1	1	1	1
