sample	FeatureNum	ProbeName	mouse_symbol	ControlType	GeneName	SystematicName	LogRatio	gSurrogateUsed	rSurrogateUsed	gIsFound	rIsFound	gIsWellAboveBG	rIsWellAboveBG	gIsSaturated	rIsSaturated	gIsFeatNonUnifOL	rIsFeatNonUnifOL	gIsFeatPopnOL	rIsFeatPopnOL	IsManualFlag	feature_key	log2_signal	clean	detectable
GSM2533478	2344	A_51_P335801	Calb1	0	Calb1	NM_009788	2.020803387	0.0	0.0	1.0	1.0	0	1	0	0	0	0	0	0	0	2344|A_51_P335801	10.1786122408168	True	True
GSM2533478	3560	A_51_P230799	Atp2b1	0	Atp2b1	NM_026482	-0.1978255086	0.0	2.45424	1.0	1.0	1	0	0	0	0	0	0	0	0	3560|A_51_P230799	7.03781232093549	True	False
GSM2533478	5551	A_51_P243073	Trpm6	0	Trpm6	AK080899	0.0	4.71422	2.15144	0.0	0.0	0	0	0	0	0	0	0	0	0	5551|A_51_P243073	7.1163609151874	True	False
GSM2533478	5837	A_51_P428512	Cldn16	0	Cldn16	NM_053241	0.0	4.88452	2.20239	0.0	0.0	0	0	0	0	0	0	0	0	0	5837|A_51_P428512	8.07868604778325	True	False
GSM2533478	5868	A_51_P281586	Cnnm2	0	Cnnm2	NM_033569	0.4690830422	0.0	0.0	1.0	1.0	1	0	0	0	0	0	0	0	0	5868|A_51_P281586	8.23403941835452	True	False
GSM2533478	7768	A_51_P335801	Calb1	0	Calb1	NM_009788	1.903555655	4.51796	0.0	1.0	1.0	0	1	0	0	0	0	0	0	0	7768|A_51_P335801	10.8019171137727	True	True
GSM2533478	10045	A_51_P442227	Slc12a1	0	Slc12a1	U61381	0.0	4.49226	1.94914	0.0	0.0	0	0	0	0	0	0	0	0	0	10045|A_51_P442227	7.1163609151874	True	False
GSM2533478	10087	A_52_P260659	Kcnj10	0	Kcnj10	NM_001039484	0.6740408274	4.45338	0.0	1.0	1.0	0	0	0	0	0	0	0	0	0	10087|A_52_P260659	9.05560300139043	True	False
GSM2533478	11353	A_51_P335801	Calb1	0	Calb1	NM_009788	1.986521868	0.0	0.0	1.0	1.0	0	1	0	0	0	0	0	0	0	11353|A_51_P335801	10.5265572447688	True	True
GSM2533478	11562	A_51_P300817	Atp1a1	0	Atp1a1	NM_144900	1.336346403	0.0	0.0	1.0	1.0	1	1	0	0	0	0	0	0	0	11562|A_51_P300817	16.4359755626939	True	True
GSM2533478	12114	A_51_P151484	Atp1b1	0	Atp1b1	NM_009721	1.546713229	0.0	0.0	1.0	1.0	1	1	0	0	0	0	0	0	0	12114|A_51_P151484	14.3654709361805	True	True
GSM2533478	12522	A_51_P335801	Calb1	0	Calb1	NM_009788	2.056895506	0.0	0.0	1.0	1.0	0	1	0	0	0	0	0	0	0	12522|A_51_P335801	11.2829903731602	True	True
GSM2533478	12999	A_52_P348986	Atp2b1	0	Atp2b1	NM_026482	-0.09581375645	0.0	0.0	1.0	1.0	1	1	0	0	0	0	0	0	0	12999|A_52_P348986	10.6145634779437	True	True
GSM2533478	13287	A_52_P26118	Slc12a1	0	Slc12a1	NM_001079690	1.443211206	0.0	0.0	1.0	1.0	1	1	0	0	0	0	0	0	0	13287|A_52_P26118	10.9597651166172	True	True
GSM2533478	15381	A_51_P352572	Clcnkb	0	Clcnkb	NM_019701	0.6862094139	0.0	0.0	1.0	1.0	1	1	0	0	0	0	0	0	0	15381|A_51_P352572	9.64358838838895	True	True
GSM2533478	15729	A_51_P335801	Calb1	0	Calb1	NM_009788	2.151725123	4.50087	0.0	1.0	1.0	0	1	0	0	0	0	0	0	0	15729|A_51_P335801	10.7203115439466	True	True
GSM2533478	15983	A_52_P550331	Kcnj16	0	Kcnj16	NM_010604	1.260195443	4.53652	0.0	1.0	1.0	0	0	0	0	0	0	0	0	0	15983|A_52_P550331	7.53186366282623	True	False
GSM2533478	16664	A_51_P277373	Slc8a1	0	Slc8a1	AF004666	-0.009188310717	0.0	1.83209	0.0	0.0	0	0	0	0	0	0	0	0	0	16664|A_51_P277373	6.98599088547925	True	False
GSM2533478	18179	A_52_P313284	Slc8a1	0	Slc8a1	AF108396	-0.3000502157	0.0	1.68321	1.0	1.0	1	0	0	0	0	0	0	0	0	18179|A_52_P313284	7.43638332437403	True	False
GSM2533478	18232	A_51_P171332	Cldn19	0	Cldn19	NM_153105	-0.2766117489	0.0	1.614	1.0	1.0	1	0	0	0	0	0	0	0	0	18232|A_51_P171332	7.24034556560261	True	False
GSM2533478	18861	A_51_P239601	Trpv5	0	Trpv5	NM_001007572	0.2971695763	4.21539	0.0	0.0	0.0	0	0	0	0	0	0	0	0	0	18861|A_51_P239601	7.29270351813494	True	False
GSM2533478	19028	A_52_P231461	Slc8a1	0	Slc8a1	NM_011406	0.1190223435	4.16013	0.0	1.0	1.0	0	0	0	0	0	0	0	0	0	19028|A_52_P231461	7.08333987940459	True	False
GSM2533478	20241	A_51_P335801	Calb1	0	Calb1	NM_009788	2.098564317	0.0	0.0	1.0	1.0	0	1	0	0	0	0	0	0	0	20241|A_51_P335801	10.875368026203	True	True
GSM2533478	22525	A_52_P562704	Slc8a1	0	Slc8a1	NM_011406	-0.3882339348	0.0	1.67462	1.0	1.0	1	0	0	0	0	0	0	0	0	22525|A_52_P562704	7.29270351813494	True	False
GSM2533478	22740	A_52_P550325	Kcnj16	0	Kcnj16	NM_010604	3.113914001	0.0	0.0	1.0	1.0	1	1	0	0	0	0	0	0	0	22740|A_52_P550325	14.4134896146521	True	True
GSM2533478	23878	A_51_P335801	Calb1	0	Calb1	NM_009788	2.03376552	4.16656	0.0	1.0	1.0	0	1	0	0	0	0	0	0	0	23878|A_51_P335801	10.8950160942453	True	True
GSM2533478	26196	A_51_P357773	Kcnj16	0	Kcnj16	NM_010604	1.288346071	4.37137	0.0	1.0	1.0	0	1	0	0	0	0	0	0	0	26196|A_51_P357773	9.79449391445247	True	True
GSM2533478	26242	A_52_P499907	Kcnj1	0	Kcnj1	NM_019659	2.58264487	0.0	0.0	1.0	1.0	0	1	0	0	0	0	0	0	0	26242|A_52_P499907	12.5483245425893	True	True
GSM2533478	27676	A_52_P351913	Atp2b1	0	Atp2b1	AK053569	-0.4887174723	0.0	1.54091	1.0	1.0	1	0	0	0	0	0	0	0	0	27676|A_52_P351913	7.53186366282623	True	False
GSM2533478	29730	A_52_P611783	Fxyd2	0	Fxyd2	NM_052824	2.483443228	0.0	0.0	1.0	1.0	1	1	0	0	0	0	0	0	0	29730|A_52_P611783	14.1916967272742	True	True
GSM2533478	29964	A_51_P335801	Calb1	0	Calb1	NM_009788	2.081704699	0.0	0.0	1.0	1.0	0	1	0	0	0	0	0	0	0	29964|A_51_P335801	11.1345247084622	True	True
GSM2533478	30753	A_51_P335801	Calb1	0	Calb1	NM_009788	1.932824302	0.0	0.0	1.0	1.0	0	1	0	0	0	0	0	0	0	30753|A_51_P335801	10.9823174158944	True	True
GSM2533478	31276	A_52_P23661	Cldn19	0	Cldn19	NM_001038590	0.4430617527	0.0	0.0	1.0	1.0	1	0	0	0	0	0	0	0	0	31276|A_52_P23661	7.43638332437403	True	False
GSM2533478	33630	A_52_P244931	Slc8a1	0	Slc8a1	AK048160	0.0	4.36394	1.63777	1.0	1.0	0	0	0	0	0	0	0	0	0	33630|A_52_P244931	7.24034556560261	True	False
GSM2533478	37269	A_51_P445985	Slc12a3	0	Slc12a3	NM_019415	1.788205335	0.0	0.0	1.0	1.0	0	1	0	0	0	0	0	0	0	37269|A_51_P445985	10.0613516236092	True	True
GSM2533478	38687	A_52_P515497	Atp1a1	0	Atp1a1	NM_144900	1.215257105	0.0	0.0	1.0	1.0	1	1	0	0	0	0	0	0	0	38687|A_52_P515497	15.8668603792738	True	True
GSM2533478	40389	A_52_P184322	Trpm6	0	Trpm6	NM_153417	0.4424560395	0.0	0.0	1.0	1.0	0	0	0	0	0	0	0	0	0	40389|A_52_P184322	8.23403941835452	True	False
GSM2533478	40926	A_51_P197499	Bsnd	0	Bsnd	NM_080458	-0.139868511	0.0	0.0	0.0	0.0	1	0	0	0	0	0	0	0	0	40926|A_51_P197499	7.43638332437403	True	False
GSM2533478	44562	A_51_P335801	Calb1	0	Calb1	NM_009788	1.793345194	6.67473	0.0	1.0	1.0	0	1	0	0	0	0	1	0	0	44562|A_51_P335801	10.2578911980746	True	True
GSM2533478	44811	A_51_P222543	Atp2b1	0	Atp2b1	BI080417	-0.2467257365	0.0	0.0	1.0	1.0	1	0	0	0	0	0	0	0	0	44811|A_51_P222543	7.19807060116764	True	False
GSM2533478	45034	A_52_P152274	Clcnka	0	Clcnka	NM_024412	-0.2173443982	0.0	1.7771	1.0	1.0	1	0	0	0	0	0	0	0	0	45034|A_52_P152274	7.53186366282623	True	False
GSM2533479	2344	A_51_P335801	Calb1	0	Calb1	NM_009788	2.121557104	5.79916	0.0	1.0	1.0	0	1	0	0	0	0	0	0	0	2344|A_51_P335801	10.7120574280988	True	True
GSM2533479	3560	A_51_P230799	Atp2b1	0	Atp2b1	NM_026482	-0.138602127	0.0	2.87461	1.0	1.0	1	0	0	0	0	0	0	0	0	3560|A_51_P230799	7.2087499729971	True	False
GSM2533479	5551	A_51_P243073	Trpm6	0	Trpm6	AK080899	0.4747728113	5.25182	0.0	0.0	0.0	0	0	0	0	0	0	0	0	0	5551|A_51_P243073	7.95194869304747	True	False
GSM2533479	5837	A_51_P428512	Cldn16	0	Cldn16	NM_053241	0.0	5.48259	2.58875	1.0	1.0	0	0	0	0	0	0	0	0	0	5837|A_51_P428512	7.2087499729971	True	False
GSM2533479	5868	A_51_P281586	Cnnm2	0	Cnnm2	NM_033569	0.05200169953	0.0	0.0	1.0	1.0	1	0	0	0	0	0	0	0	0	5868|A_51_P281586	7.07076624999841	True	False
GSM2533479	7768	A_51_P335801	Calb1	0	Calb1	NM_009788	2.057937176	5.047	0.0	1.0	1.0	0	1	0	0	0	0	0	0	0	7768|A_51_P335801	10.4686327598329	True	True
GSM2533479	10045	A_51_P442227	Slc12a1	0	Slc12a1	U61381	0.0	5.01873	2.25488	0.0	0.0	0	0	0	0	0	0	0	0	0	10045|A_51_P442227	7.11939758419398	True	False
GSM2533479	10087	A_52_P260659	Kcnj10	0	Kcnj10	NM_001039484	1.360547825	5.03375	0.0	1.0	1.0	0	0	0	0	0	0	0	0	0	10087|A_52_P260659	9.71672503079822	True	False
GSM2533479	11353	A_51_P335801	Calb1	0	Calb1	NM_009788	2.29877042	4.82625	0.0	1.0	1.0	0	1	0	0	0	0	0	0	0	11353|A_51_P335801	10.9628785257624	True	True
GSM2533479	11562	A_51_P300817	Atp1a1	0	Atp1a1	NM_144900	1.321199821	0.0	0.0	1.0	1.0	1	1	0	0	0	0	0	0	0	11562|A_51_P300817	16.314658895669	True	True
GSM2533479	12114	A_51_P151484	Atp1b1	0	Atp1b1	NM_009721	1.524811004	0.0	0.0	1.0	1.0	1	1	0	0	0	0	0	0	0	12114|A_51_P151484	14.2378295104209	True	True
GSM2533479	12522	A_51_P335801	Calb1	0	Calb1	NM_009788	2.111297258	0.0	0.0	1.0	1.0	0	1	0	0	0	0	0	0	0	12522|A_51_P335801	10.8107366021942	True	True
GSM2533479	12999	A_52_P348986	Atp2b1	0	Atp2b1	NM_026482	-0.1895301687	0.0	0.0	1.0	1.0	1	1	0	0	0	0	0	0	0	12999|A_52_P348986	9.9261953148222	True	True
GSM2533479	13287	A_52_P26118	Slc12a1	0	Slc12a1	NM_001079690	1.6791708	0.0	0.0	1.0	1.0	1	1	0	0	0	0	0	0	0	13287|A_52_P26118	11.2076200605891	True	True
GSM2533479	15381	A_51_P352572	Clcnkb	0	Clcnkb	NM_019701	0.9207187144	0.0	0.0	1.0	1.0	0	0	0	0	0	0	0	0	0	15381|A_51_P352572	9.71672503079822	True	False
GSM2533479	15729	A_51_P335801	Calb1	0	Calb1	NM_009788	2.294520924	4.97887	0.0	1.0	1.0	0	1	0	0	0	0	0	0	0	15729|A_51_P335801	11.1502645915762	True	True
GSM2533479	15983	A_52_P550331	Kcnj16	0	Kcnj16	NM_010604	1.56355354	5.00297	0.0	1.0	1.0	0	1	0	0	0	0	0	0	0	15983|A_52_P550331	9.80284617560751	True	True
GSM2533479	16664	A_51_P277373	Slc8a1	0	Slc8a1	AF004666	0.0	4.9737	2.10026	1.0	1.0	0	0	0	0	0	0	0	0	0	16664|A_51_P277373	7.95194869304747	True	False
GSM2533479	18179	A_52_P313284	Slc8a1	0	Slc8a1	AF108396	-0.2765552072	0.0	2.12069	1.0	1.0	1	0	0	0	0	0	0	0	0	18179|A_52_P313284	7.1711472827506	True	False
GSM2533479	18232	A_51_P171332	Cldn19	0	Cldn19	NM_153105	-0.1598399185	0.0	0.0	1.0	1.0	1	0	0	0	0	0	0	0	0	18232|A_51_P171332	7.31251897640333	True	False
GSM2533479	18861	A_51_P239601	Trpv5	0	Trpv5	NM_001007572	-0.09695716744	0.0	2.10939	1.0	1.0	0	0	0	0	0	0	0	0	0	18861|A_51_P239601	7.01182618075721	True	False
GSM2533479	19028	A_52_P231461	Slc8a1	0	Slc8a1	NM_011406	0.0	4.79016	2.0821	0.0	0.0	0	0	0	0	0	0	0	0	0	19028|A_52_P231461	7.25627987741775	True	False
GSM2533479	20241	A_51_P335801	Calb1	0	Calb1	NM_009788	2.074596963	0.0	0.0	1.0	1.0	0	1	0	0	0	0	1	0	0	20241|A_51_P335801	11.3270928845724	True	True
GSM2533479	22525	A_52_P562704	Slc8a1	0	Slc8a1	NM_011406	-0.2539782128	0.0	2.04801	1.0	1.0	1	0	0	0	0	0	0	0	0	22525|A_52_P562704	7.25627987741775	True	False
GSM2533479	22740	A_52_P550325	Kcnj16	0	Kcnj16	NM_010604	3.073705633	0.0	0.0	1.0	1.0	1	1	0	0	0	0	0	0	0	22740|A_52_P550325	14.5446279452066	True	True
GSM2533479	23878	A_51_P335801	Calb1	0	Calb1	NM_009788	2.185983357	0.0	0.0	1.0	1.0	0	1	0	0	0	0	0	0	0	23878|A_51_P335801	11.1692083423851	True	True
GSM2533479	26196	A_51_P357773	Kcnj16	0	Kcnj16	NM_010604	1.390434593	4.84115	0.0	1.0	1.0	0	1	0	0	0	0	0	0	0	26196|A_51_P357773	9.9261953148222	True	True
GSM2533479	26242	A_52_P499907	Kcnj1	0	Kcnj1	NM_019659	3.055601192	0.0	0.0	1.0	1.0	0	1	0	0	0	0	0	0	0	26242|A_52_P499907	13.0155985479735	True	True
GSM2533479	27676	A_52_P351913	Atp2b1	0	Atp2b1	AK053569	-0.4280899417	0.0	1.78861	1.0	1.0	1	0	0	0	0	0	0	0	0	27676|A_52_P351913	7.56371702061954	True	False
GSM2533479	29730	A_52_P611783	Fxyd2	0	Fxyd2	NM_052824	2.47040808	0.0	0.0	1.0	1.0	1	1	0	0	0	0	0	0	0	29730|A_52_P611783	14.023293992413	True	True
GSM2533479	29964	A_51_P335801	Calb1	0	Calb1	NM_009788	2.185758878	0.0	0.0	1.0	1.0	0	1	0	0	0	0	0	0	0	29964|A_51_P335801	11.3944619328245	True	True
GSM2533479	30753	A_51_P335801	Calb1	0	Calb1	NM_009788	2.120113858	0.0	0.0	1.0	1.0	0	1	0	0	0	0	0	0	0	30753|A_51_P335801	11.040337549056	True	True
GSM2533479	31276	A_52_P23661	Cldn19	0	Cldn19	NM_001038590	0.0195948783	0.0	0.0	1.0	1.0	1	0	0	0	0	0	0	0	0	31276|A_52_P23661	8.53556218117157	True	False
GSM2533479	33630	A_52_P244931	Slc8a1	0	Slc8a1	AK048160	-0.0641475378	0.0	1.78433	1.0	1.0	0	0	0	0	0	0	0	0	0	33630|A_52_P244931	8.10652179776173	True	False
GSM2533479	37269	A_51_P445985	Slc12a3	0	Slc12a3	NM_019415	1.88719896	0.0	0.0	1.0	1.0	0	1	0	0	0	0	0	0	0	37269|A_51_P445985	10.6146963146393	True	True
GSM2533479	38687	A_52_P515497	Atp1a1	0	Atp1a1	NM_144900	1.322760824	0.0	0.0	1.0	1.0	1	1	0	0	0	0	0	0	0	38687|A_52_P515497	16.3582289301017	True	True
GSM2533479	40389	A_52_P184322	Trpm6	0	Trpm6	NM_153417	-0.01101597981	0.0	2.22099	1.0	1.0	0	0	0	0	0	0	0	0	0	40389|A_52_P184322	7.67947968275047	True	False
GSM2533479	40926	A_51_P197499	Bsnd	0	Bsnd	NM_080458	-0.2304360326	0.0	1.95712	1.0	1.0	1	0	0	0	0	0	0	0	0	40926|A_51_P197499	7.25627987741775	True	False
GSM2533479	44562	A_51_P335801	Calb1	0	Calb1	NM_009788	2.28213784	6.8535	0.0	1.0	1.0	0	1	0	0	0	0	1	0	0	44562|A_51_P335801	11.0748677436177	True	True
GSM2533479	44811	A_51_P222543	Atp2b1	0	Atp2b1	BI080417	-0.08925865805	0.0	0.0	1.0	1.0	1	0	0	0	0	0	0	0	0	44811|A_51_P222543	7.38266754621652	True	False
GSM2533479	45034	A_52_P152274	Clcnka	0	Clcnka	NM_024412	0.1289586607	0.0	0.0	1.0	1.0	1	0	0	0	0	0	0	0	0	45034|A_52_P152274	7.56371702061954	True	False
GSM2533480	2344	A_51_P335801	Calb1	0	Calb1	NM_009788	2.581586256	5.67343	0.0	1.0	1.0	0	1	0	0	0	0	0	0	0	2344|A_51_P335801	10.4366126167243	True	True
GSM2533480	3560	A_51_P230799	Atp2b1	0	Atp2b1	NM_026482	-0.3187408561	0.0	2.67019	1.0	1.0	1	0	0	0	0	0	0	0	0	3560|A_51_P230799	7.07709986355765	True	False
GSM2533480	5551	A_51_P243073	Trpm6	0	Trpm6	AK080899	0.0	5.12702	2.21058	0.0	0.0	0	0	0	0	0	0	0	0	0	5551|A_51_P243073	7.07709986355765	True	False
GSM2533480	5837	A_51_P428512	Cldn16	0	Cldn16	NM_053241	0.6855244381	5.43188	0.0	1.0	1.0	0	0	0	0	0	0	0	0	0	5837|A_51_P428512	7.72635709165971	True	False
GSM2533480	5868	A_51_P281586	Cnnm2	0	Cnnm2	NM_033569	0.2631654773	0.0	0.0	1.0	1.0	1	0	0	0	0	0	0	0	0	5868|A_51_P281586	8.3413287123199	True	False
GSM2533480	7768	A_51_P335801	Calb1	0	Calb1	NM_009788	2.532067742	0.0	0.0	1.0	1.0	0	1	0	0	0	0	0	0	0	7768|A_51_P335801	10.6036754223422	True	True
GSM2533480	10045	A_51_P442227	Slc12a1	0	Slc12a1	U61381	0.0	4.90061	2.00486	1.0	1.0	0	0	0	0	0	0	0	0	0	10045|A_51_P442227	7.17522965428513	True	False
GSM2533480	10087	A_52_P260659	Kcnj10	0	Kcnj10	NM_001039484	1.908550022	4.99576	0.0	1.0	1.0	0	1	0	0	0	0	0	0	0	10087|A_52_P260659	9.4952191924001	True	True
GSM2533480	11353	A_51_P335801	Calb1	0	Calb1	NM_009788	2.401280984	0.0	0.0	1.0	1.0	0	1	0	0	0	0	0	0	0	11353|A_51_P335801	10.8086022443003	True	True
GSM2533480	11562	A_51_P300817	Atp1a1	0	Atp1a1	NM_144900	1.317811736	0.0	0.0	1.0	1.0	1	1	0	0	0	0	0	0	0	11562|A_51_P300817	16.4214276585807	True	True
GSM2533480	12114	A_51_P151484	Atp1b1	0	Atp1b1	NM_009721	1.671821001	0.0	0.0	1.0	1.0	1	1	0	0	0	0	0	0	0	12114|A_51_P151484	14.697674220396	True	True
GSM2533480	12522	A_51_P335801	Calb1	0	Calb1	NM_009788	2.241490282	0.0	0.0	1.0	1.0	0	1	0	0	0	0	0	0	0	12522|A_51_P335801	10.8269582424127	True	True
GSM2533480	12999	A_52_P348986	Atp2b1	0	Atp2b1	NM_026482	-0.2775925074	0.0	0.0	1.0	1.0	1	1	0	0	0	0	0	0	0	12999|A_52_P348986	9.57627123348155	True	True
GSM2533480	13287	A_52_P26118	Slc12a1	0	Slc12a1	NM_001079690	1.622502929	0.0	0.0	1.0	1.0	1	1	0	0	0	0	0	0	0	13287|A_52_P26118	10.8354771249722	True	True
GSM2533480	15381	A_51_P352572	Clcnkb	0	Clcnkb	NM_019701	1.073987241	0.0	0.0	1.0	1.0	1	1	0	0	0	0	0	0	0	15381|A_51_P352572	8.78049662561175	True	True
GSM2533480	15729	A_51_P335801	Calb1	0	Calb1	NM_009788	2.627172489	4.80289	0.0	1.0	1.0	0	1	0	0	0	0	0	0	0	15729|A_51_P335801	10.7173655551727	True	True
GSM2533480	15983	A_52_P550331	Kcnj16	0	Kcnj16	NM_010604	2.351614435	4.81396	0.0	1.0	1.0	0	1	0	0	0	0	0	0	0	15983|A_52_P550331	10.3011970460242	True	True
GSM2533480	16664	A_51_P277373	Slc8a1	0	Slc8a1	AF004666	0.3762131889	4.78826	0.0	1.0	1.0	0	0	0	0	0	0	0	0	0	16664|A_51_P277373	8.20898135112318	True	False
GSM2533480	18179	A_52_P313284	Slc8a1	0	Slc8a1	AF108396	-0.04624035022	0.0	0.0	1.0	1.0	1	0	0	0	0	0	0	0	0	18179|A_52_P313284	8.55294126774477	True	False
GSM2533480	18232	A_51_P171332	Cldn19	0	Cldn19	NM_153105	-0.2543518162	0.0	1.75043	0.0	0.0	1	0	0	0	0	0	0	0	0	18232|A_51_P171332	7.9005712610488	True	False
GSM2533480	18861	A_51_P239601	Trpv5	0	Trpv5	NM_001007572	0.9852050231	0.0	0.0	1.0	1.0	0	0	0	0	0	0	0	0	0	18861|A_51_P239601	8.45406008883006	True	False
GSM2533480	19028	A_52_P231461	Slc8a1	0	Slc8a1	NM_011406	0.0	4.6956	1.86556	1.0	1.0	0	0	0	0	0	0	0	0	0	19028|A_52_P231461	7.05349845357932	True	False
GSM2533480	20241	A_51_P335801	Calb1	0	Calb1	NM_009788	2.364282181	0.0	0.0	1.0	1.0	0	1	0	0	0	0	0	0	0	20241|A_51_P335801	10.9535279565484	True	True
GSM2533480	22525	A_52_P562704	Slc8a1	0	Slc8a1	NM_011406	-0.2240888903	0.0	0.0	1.0	1.0	1	0	0	0	0	0	0	0	0	22525|A_52_P562704	8.3413287123199	True	False
GSM2533480	22740	A_52_P550325	Kcnj16	0	Kcnj16	NM_010604	3.128747799	0.0	0.0	1.0	1.0	1	1	0	0	0	0	0	0	0	22740|A_52_P550325	14.4411884109186	True	True
GSM2533480	23878	A_51_P335801	Calb1	0	Calb1	NM_009788	2.410556313	0.0	0.0	1.0	1.0	0	1	0	0	0	0	0	0	0	23878|A_51_P335801	11.0854955221937	True	True
GSM2533480	26196	A_51_P357773	Kcnj16	0	Kcnj16	NM_010604	2.35314612	4.72073	0.0	1.0	1.0	0	1	0	0	0	0	0	0	0	26196|A_51_P357773	10.3259841142466	True	True
GSM2533480	26242	A_52_P499907	Kcnj1	0	Kcnj1	NM_019659	3.13771309	0.0	0.0	1.0	1.0	0	1	0	0	0	0	0	0	0	26242|A_52_P499907	12.6225945049025	True	True
GSM2533480	27676	A_52_P351913	Atp2b1	0	Atp2b1	AK053569	0.01200372077	0.0	0.0	1.0	1.0	1	0	0	0	0	0	0	0	0	27676|A_52_P351913	8.0610650554266	True	False
GSM2533480	29730	A_52_P611783	Fxyd2	0	Fxyd2	NM_052824	2.532205398	0.0	0.0	1.0	1.0	1	1	0	0	0	0	0	0	0	29730|A_52_P611783	14.5838007413078	True	True
GSM2533480	29964	A_51_P335801	Calb1	0	Calb1	NM_009788	2.413646393	0.0	0.0	1.0	1.0	0	1	0	0	0	0	0	0	0	29964|A_51_P335801	11.0066629221166	True	True
GSM2533480	30753	A_51_P335801	Calb1	0	Calb1	NM_009788	2.060979936	0.0	0.0	1.0	1.0	1	1	0	0	0	0	0	0	0	30753|A_51_P335801	11.0929533891147	True	True
GSM2533480	31276	A_52_P23661	Cldn19	0	Cldn19	NM_001038590	0.9917293333	0.0	0.0	1.0	1.0	1	1	0	0	0	0	0	0	0	31276|A_52_P23661	8.81577176594193	True	True
GSM2533480	33630	A_52_P244931	Slc8a1	0	Slc8a1	AK048160	-0.1905942514	0.0	1.67409	1.0	1.0	0	0	0	0	0	0	0	0	0	33630|A_52_P244931	7.0162586979763	True	False
GSM2533480	37269	A_51_P445985	Slc12a3	0	Slc12a3	NM_019415	2.37065285	0.0	0.0	1.0	1.0	0	1	0	0	0	0	0	0	0	37269|A_51_P445985	10.9434391818092	True	True
GSM2533480	38687	A_52_P515497	Atp1a1	0	Atp1a1	NM_144900	1.244733397	0.0	0.0	1.0	1.0	1	1	0	0	0	0	0	0	0	38687|A_52_P515497	16.2377698610422	True	True
GSM2533480	40389	A_52_P184322	Trpm6	0	Trpm6	NM_153417	-0.05657495645	0.0	2.05893	1.0	1.0	0	0	0	0	0	0	0	0	0	40389|A_52_P184322	7.35105470338268	True	False
GSM2533480	40926	A_51_P197499	Bsnd	0	Bsnd	NM_080458	0.1110846422	0.0	0.0	0.0	0.0	1	0	0	0	0	0	0	0	0	40926|A_51_P197499	7.55948557607952	True	False
GSM2533480	44562	A_51_P335801	Calb1	0	Calb1	NM_009788	2.567810806	6.78052	0.0	1.0	1.0	0	1	0	0	0	0	0	0	0	44562|A_51_P335801	10.7902270157349	True	True
GSM2533480	44811	A_51_P222543	Atp2b1	0	Atp2b1	BI080417	-0.2075150428	0.0	0.0	1.0	1.0	1	0	0	0	0	0	0	0	0	44811|A_51_P222543	8.50513220674366	True	False
GSM2533480	45034	A_52_P152274	Clcnka	0	Clcnka	NM_024412	0.1316083224	0.0	0.0	1.0	1.0	0	0	0	0	0	0	0	0	0	45034|A_52_P152274	8.0610650554266	True	False
GSM2533481	2344	A_51_P335801	Calb1	0	Calb1	NM_009788	2.18053773	6.8065	0.0	1.0	1.0	0	1	0	0	0	0	0	0	0	2344|A_51_P335801	10.7185273260073	True	True
GSM2533481	3560	A_51_P230799	Atp2b1	0	Atp2b1	NM_026482	-0.09935886853	0.0	2.68216	1.0	1.0	1	0	0	0	0	0	0	0	0	3560|A_51_P230799	7.06449830948122	True	False
GSM2533481	5551	A_51_P243073	Trpm6	0	Trpm6	AK080899	0.0	6.19099	2.28668	0.0	0.0	0	0	0	0	0	0	0	0	0	5551|A_51_P243073	7.23743718366401	True	False
GSM2533481	5837	A_51_P428512	Cldn16	0	Cldn16	NM_053241	0.0	6.55432	2.47711	1.0	1.0	0	0	0	0	0	0	0	0	0	5837|A_51_P428512	7.02248449338477	True	False
GSM2533481	5868	A_51_P281586	Cnnm2	0	Cnnm2	NM_033569	0.1913665513	0.0	0.0	1.0	1.0	1	0	0	0	0	0	0	0	0	5868|A_51_P281586	7.19307290569508	True	False
GSM2533481	7768	A_51_P335801	Calb1	0	Calb1	NM_009788	2.432859177	5.97418	0.0	1.0	1.0	0	1	0	0	0	0	0	0	0	7768|A_51_P335801	11.7789593689608	True	True
GSM2533481	10045	A_51_P442227	Slc12a1	0	Slc12a1	U61381	0.0	5.90274	2.08409	1.0	1.0	0	0	0	0	0	0	0	0	0	10045|A_51_P442227	7.06449830948122	True	False
GSM2533481	10087	A_52_P260659	Kcnj10	0	Kcnj10	NM_001039484	1.057345826	6.02966	0.0	1.0	1.0	0	0	0	0	0	0	0	0	0	10087|A_52_P260659	8.85023075740635	True	False
GSM2533481	11353	A_51_P335801	Calb1	0	Calb1	NM_009788	2.283615009	5.73516	0.0	1.0	1.0	0	1	0	0	0	0	0	0	0	11353|A_51_P335801	11.5014048736567	True	True
GSM2533481	11562	A_51_P300817	Atp1a1	0	Atp1a1	NM_144900	1.301497945	0.0	0.0	1.0	1.0	1	1	0	0	0	0	0	0	0	11562|A_51_P300817	16.2966514236446	True	True
GSM2533481	12114	A_51_P151484	Atp1b1	0	Atp1b1	NM_009721	1.566791114	0.0	0.0	1.0	1.0	1	1	0	0	0	0	0	0	0	12114|A_51_P151484	14.3146485145198	True	True
GSM2533481	12522	A_51_P335801	Calb1	0	Calb1	NM_009788	2.29219788	5.57384	0.0	1.0	1.0	0	1	0	0	0	0	0	0	0	12522|A_51_P335801	11.4801861022193	True	True
GSM2533481	12999	A_52_P348986	Atp2b1	0	Atp2b1	NM_026482	-0.1178739319	0.0	0.0	1.0	1.0	1	1	0	0	0	0	0	0	0	12999|A_52_P348986	9.97152182104862	True	True
GSM2533481	13287	A_52_P26118	Slc12a1	0	Slc12a1	NM_001079690	0.9834048454	0.0	0.0	1.0	1.0	1	1	0	0	0	0	0	0	0	13287|A_52_P26118	9.77157803602722	True	True
GSM2533481	15381	A_51_P352572	Clcnkb	0	Clcnkb	NM_019701	0.8739128156	0.0	0.0	1.0	1.0	0	0	0	0	0	0	0	0	0	15381|A_51_P352572	9.51621124548152	True	False
GSM2533481	15729	A_51_P335801	Calb1	0	Calb1	NM_009788	2.345720652	0.0	0.0	1.0	1.0	0	1	0	0	0	0	0	0	0	15729|A_51_P335801	11.675635327713	True	True
GSM2533481	15983	A_52_P550331	Kcnj16	0	Kcnj16	NM_010604	0.8660783945	5.70484	0.0	1.0	1.0	0	0	0	0	0	0	0	0	0	15983|A_52_P550331	9.41208309515073	True	False
GSM2533481	16664	A_51_P277373	Slc8a1	0	Slc8a1	AF004666	0.03956480969	0.0	0.0	1.0	1.0	0	0	0	0	0	0	0	0	0	16664|A_51_P277373	7.37117697953214	True	False
GSM2533481	18179	A_52_P313284	Slc8a1	0	Slc8a1	AF108396	-0.1110123199	0.0	2.1292	1.0	1.0	1	0	0	0	0	0	0	0	0	18179|A_52_P313284	7.09267112009652	True	False
GSM2533481	18232	A_51_P171332	Cldn19	0	Cldn19	NM_153105	-0.2282739272	0.0	1.75945	1.0	1.0	1	0	0	0	0	0	0	0	0	18232|A_51_P171332	7.23743718366401	True	False
GSM2533481	18861	A_51_P239601	Trpv5	0	Trpv5	NM_001007572	0.0	5.70849	2.13995	1.0	1.0	0	0	0	0	0	0	0	0	0	18861|A_51_P239601	7.37117697953214	True	False
GSM2533481	19028	A_52_P231461	Slc8a1	0	Slc8a1	NM_011406	0.0	5.64812	2.08957	1.0	1.0	0	0	0	0	0	0	0	0	0	19028|A_52_P231461	7.46418340684736	True	False
GSM2533481	20241	A_51_P335801	Calb1	0	Calb1	NM_009788	2.470299395	0.0	0.0	1.0	1.0	0	1	0	0	0	0	0	0	0	20241|A_51_P335801	12.0893356054714	True	True
GSM2533481	22525	A_52_P562704	Slc8a1	0	Slc8a1	NM_011406	-0.1255601105	0.0	2.19316	1.0	1.0	1	0	0	0	0	0	0	0	0	22525|A_52_P562704	7.37117697953214	True	False
GSM2533481	22740	A_52_P550325	Kcnj16	0	Kcnj16	NM_010604	3.259990649	0.0	0.0	1.0	1.0	0	1	0	0	0	0	0	0	0	22740|A_52_P550325	14.3146485145198	True	True
GSM2533481	23878	A_51_P335801	Calb1	0	Calb1	NM_009788	2.324860708	5.59723	0.0	1.0	1.0	0	1	0	0	0	0	0	0	0	23878|A_51_P335801	11.3411198731845	True	True
GSM2533481	26196	A_51_P357773	Kcnj16	0	Kcnj16	NM_010604	0.8606363142	5.48272	0.0	1.0	1.0	0	0	0	0	0	0	0	0	0	26196|A_51_P357773	9.97152182104862	True	False
GSM2533481	26242	A_52_P499907	Kcnj1	0	Kcnj1	NM_019659	2.601141098	5.30598	0.0	1.0	1.0	0	1	0	0	0	0	0	0	0	26242|A_52_P499907	12.1721183621015	True	True
GSM2533481	27676	A_52_P351913	Atp2b1	0	Atp2b1	AK053569	-0.4284422857	0.0	1.67332	1.0	1.0	1	0	0	0	0	0	0	0	0	27676|A_52_P351913	7.13213089501977	True	False
GSM2533481	29730	A_52_P611783	Fxyd2	0	Fxyd2	NM_052824	2.750224266	0.0	0.0	1.0	1.0	1	1	0	0	0	0	0	0	0	29730|A_52_P611783	14.6415858685784	True	True
GSM2533481	29964	A_51_P335801	Calb1	0	Calb1	NM_009788	2.292722055	5.28396	0.0	1.0	1.0	0	1	0	0	0	0	0	0	0	29964|A_51_P335801	11.8772784049384	True	True
GSM2533481	30753	A_51_P335801	Calb1	0	Calb1	NM_009788	2.220707099	5.58492	0.0	1.0	1.0	0	1	0	0	0	0	0	0	0	30753|A_51_P335801	11.5425216464561	True	True
GSM2533481	31276	A_52_P23661	Cldn19	0	Cldn19	NM_001038590	0.172444686	0.0	0.0	1.0	1.0	1	0	0	0	0	0	0	0	0	31276|A_52_P23661	7.29527611981325	True	False
GSM2533481	33630	A_52_P244931	Slc8a1	0	Slc8a1	AK048160	0.0	5.59127	1.75027	1.0	1.0	0	0	0	0	0	0	0	0	0	33630|A_52_P244931	8.28195528283863	True	False
GSM2533481	37269	A_51_P445985	Slc12a3	0	Slc12a3	NM_019415	1.830347573	6.01584	0.0	1.0	1.0	0	1	0	0	0	0	0	0	0	37269|A_51_P445985	10.9385504181212	True	True
GSM2533481	38687	A_52_P515497	Atp1a1	0	Atp1a1	NM_144900	1.328058724	0.0	0.0	1.0	1.0	1	1	0	0	0	0	0	0	0	38687|A_52_P515497	16.3266006996577	True	True
GSM2533481	40389	A_52_P184322	Trpm6	0	Trpm6	NM_153417	-0.06187149888	0.0	2.0946	1.0	1.0	0	0	0	0	0	0	0	0	0	40389|A_52_P184322	8.07906138746866	True	False
GSM2533481	40926	A_51_P197499	Bsnd	0	Bsnd	NM_080458	-0.1296443612	0.0	1.90529	1.0	1.0	0	0	0	0	0	0	0	0	0	40926|A_51_P197499	7.72724871401671	True	False
GSM2533481	44562	A_51_P335801	Calb1	0	Calb1	NM_009788	2.273296969	7.67358	0.0	1.0	1.0	0	1	0	0	0	0	0	0	0	44562|A_51_P335801	11.5014048736567	True	True
GSM2533481	44811	A_51_P222543	Atp2b1	0	Atp2b1	BI080417	-0.4995562463	0.0	2.2878	1.0	1.0	1	0	0	0	0	0	0	0	0	44811|A_51_P222543	9.021286092644	True	False
GSM2533481	45034	A_52_P152274	Clcnka	0	Clcnka	NM_024412	-0.05920886524	0.0	2.10444	1.0	1.0	0	0	0	0	0	0	0	0	0	45034|A_52_P152274	7.19307290569508	True	False
GSM2533482	2344	A_51_P335801	Calb1	0	Calb1	NM_009788	2.082825814	0.0	0.0	1.0	1.0	1	1	0	0	0	0	0	0	0	2344|A_51_P335801	10.526049301986	True	True
GSM2533482	3560	A_51_P230799	Atp2b1	0	Atp2b1	NM_026482	-0.2005627346	0.0	0.0	1.0	1.0	1	1	0	0	0	0	0	0	0	3560|A_51_P230799	7.59863937003022	True	True
GSM2533482	5551	A_51_P243073	Trpm6	0	Trpm6	AK080899	0.0	3.33797	3.29498	0.0	0.0	0	0	0	0	0	0	0	0	0	5551|A_51_P243073	7.03167681419816	True	False
GSM2533482	5837	A_51_P428512	Cldn16	0	Cldn16	NM_053241	1.704147484	0.0	0.0	1.0	1.0	0	1	0	0	0	0	0	0	0	5837|A_51_P428512	8.17572254434343	True	True
GSM2533482	5868	A_51_P281586	Cnnm2	0	Cnnm2	NM_033569	0.7747684432	0.0	0.0	1.0	1.0	1	1	0	0	0	0	0	0	0	5868|A_51_P281586	8.7125725902867	True	True
GSM2533482	7768	A_51_P335801	Calb1	0	Calb1	NM_009788	1.855125504	0.0	0.0	1.0	1.0	1	1	0	0	0	0	1	0	0	7768|A_51_P335801	10.7258182151817	True	True
GSM2533482	10045	A_51_P442227	Slc12a1	0	Slc12a1	U61381	0.0	3.1348	3.12952	1.0	1.0	0	0	0	0	0	0	0	0	0	10045|A_51_P442227	7.00780145922848	True	False
GSM2533482	10087	A_52_P260659	Kcnj10	0	Kcnj10	NM_001039484	2.072689817	0.0	0.0	1.0	1.0	0	1	0	0	0	0	0	0	0	10087|A_52_P260659	9.3466786338746	True	True
GSM2533482	11353	A_51_P335801	Calb1	0	Calb1	NM_009788	2.11135618	0.0	0.0	1.0	1.0	1	1	0	0	0	0	0	0	0	11353|A_51_P335801	10.9035746272613	True	True
GSM2533482	11562	A_51_P300817	Atp1a1	0	Atp1a1	NM_144900	1.099836254	0.0	0.0	1.0	1.0	1	1	0	0	0	0	0	0	0	11562|A_51_P300817	15.81969577454	True	True
GSM2533482	12114	A_51_P151484	Atp1b1	0	Atp1b1	NM_009721	1.61446762	0.0	0.0	1.0	1.0	1	1	0	0	0	0	0	0	0	12114|A_51_P151484	14.5213727352017	True	True
GSM2533482	12522	A_51_P335801	Calb1	0	Calb1	NM_009788	2.063963688	0.0	0.0	1.0	1.0	1	1	0	0	0	0	0	0	0	12522|A_51_P335801	10.8998321974298	True	True
GSM2533482	12999	A_52_P348986	Atp2b1	0	Atp2b1	NM_026482	-0.1519523031	0.0	0.0	1.0	1.0	1	1	0	0	0	0	0	0	0	12999|A_52_P348986	10.2417249361933	True	True
GSM2533482	13287	A_52_P26118	Slc12a1	0	Slc12a1	NM_001079690	2.097398332	0.0	0.0	1.0	1.0	1	1	0	0	0	0	0	0	0	13287|A_52_P26118	12.319620459054	True	True
GSM2533482	15381	A_51_P352572	Clcnkb	0	Clcnkb	NM_019701	1.128138105	0.0	0.0	1.0	1.0	1	1	0	0	0	0	0	0	0	15381|A_51_P352572	8.20724226848314	True	True
GSM2533482	15729	A_51_P335801	Calb1	0	Calb1	NM_009788	2.101216609	0.0	0.0	1.0	1.0	1	1	0	0	0	0	0	0	0	15729|A_51_P335801	10.7056007461813	True	True
GSM2533482	15983	A_52_P550331	Kcnj16	0	Kcnj16	NM_010604	2.629816835	2.90858	0.0	1.0	1.0	0	1	0	0	0	0	0	0	0	15983|A_52_P550331	9.64399446256392	True	True
GSM2533482	16664	A_51_P277373	Slc8a1	0	Slc8a1	AF004666	1.319338667	2.88095	0.0	1.0	1.0	0	1	0	0	0	0	0	0	0	16664|A_51_P277373	7.51503346397941	True	True
GSM2533482	18179	A_52_P313284	Slc8a1	0	Slc8a1	AF108396	0.1544332037	0.0	0.0	1.0	1.0	1	1	0	0	0	0	0	0	0	18179|A_52_P313284	7.49114695155924	True	True
GSM2533482	18232	A_51_P171332	Cldn19	0	Cldn19	NM_153105	1.390735438	0.0	0.0	1.0	1.0	1	1	0	0	0	0	0	0	0	18232|A_51_P171332	8.53462700145266	True	True
GSM2533482	18861	A_51_P239601	Trpv5	0	Trpv5	NM_001007572	1.638065319	2.75151	0.0	1.0	1.0	0	1	0	0	0	0	0	0	0	18861|A_51_P239601	7.8484391487743	True	True
GSM2533482	19028	A_52_P231461	Slc8a1	0	Slc8a1	NM_011406	0.3945238697	2.73568	0.0	1.0	1.0	0	0	0	0	0	0	0	0	0	19028|A_52_P231461	7.17365914352772	True	False
GSM2533482	20241	A_51_P335801	Calb1	0	Calb1	NM_009788	1.971503915	0.0	0.0	1.0	1.0	1	1	0	0	0	0	1	0	0	20241|A_51_P335801	10.8695051014278	True	True
GSM2533482	22525	A_52_P562704	Slc8a1	0	Slc8a1	NM_011406	0.3006142411	0.0	0.0	1.0	1.0	1	1	0	0	0	0	0	0	0	22525|A_52_P562704	7.58043722465254	True	True
GSM2533482	22740	A_52_P550325	Kcnj16	0	Kcnj16	NM_010604	2.143282432	0.0	0.0	1.0	1.0	1	1	0	0	0	0	0	0	0	22740|A_52_P550325	14.5488362806192	True	True
GSM2533482	23878	A_51_P335801	Calb1	0	Calb1	NM_009788	2.060404816	0.0	0.0	1.0	1.0	1	1	0	0	0	0	0	0	0	23878|A_51_P335801	10.8720067443997	True	True
GSM2533482	26196	A_51_P357773	Kcnj16	0	Kcnj16	NM_010604	2.228908899	0.0	0.0	1.0	1.0	0	1	0	0	0	0	0	0	0	26196|A_51_P357773	9.7872918470463	True	True
GSM2533482	26242	A_52_P499907	Kcnj1	0	Kcnj1	NM_019659	2.475036829	0.0	0.0	1.0	1.0	1	1	0	0	0	0	0	0	0	26242|A_52_P499907	13.0551161349172	True	True
GSM2533482	27676	A_52_P351913	Atp2b1	0	Atp2b1	AK053569	0.1216189267	0.0	0.0	1.0	1.0	1	1	0	0	0	0	0	0	0	27676|A_52_P351913	7.85702249027799	True	True
GSM2533482	29730	A_52_P611783	Fxyd2	0	Fxyd2	NM_052824	1.767548322	0.0	0.0	1.0	1.0	1	1	0	0	0	0	0	0	0	29730|A_52_P611783	14.6020473561952	True	True
GSM2533482	29964	A_51_P335801	Calb1	0	Calb1	NM_009788	2.160476005	0.0	0.0	1.0	1.0	1	1	0	0	0	0	0	0	0	29964|A_51_P335801	10.9560076396969	True	True
GSM2533482	30753	A_51_P335801	Calb1	0	Calb1	NM_009788	2.042927961	0.0	0.0	1.0	1.0	1	1	0	0	0	0	0	0	0	30753|A_51_P335801	10.7816340864035	True	True
GSM2533482	31276	A_52_P23661	Cldn19	0	Cldn19	NM_001038590	1.352430082	0.0	0.0	1.0	1.0	1	1	0	0	0	0	0	0	0	31276|A_52_P23661	9.17706947021112	True	True
GSM2533482	33630	A_52_P244931	Slc8a1	0	Slc8a1	AK048160	0.0	2.88938	2.77857	1.0	1.0	0	0	0	0	0	0	0	0	0	33630|A_52_P244931	7.00206354940198	True	False
GSM2533482	37269	A_51_P445985	Slc12a3	0	Slc12a3	NM_019415	1.78887146	0.0	0.0	1.0	1.0	1	1	0	0	0	0	0	0	0	37269|A_51_P445985	9.93026973810651	True	True
GSM2533482	38687	A_52_P515497	Atp1a1	0	Atp1a1	NM_144900	1.16697689	0.0	0.0	1.0	1.0	1	1	0	0	0	0	0	0	0	38687|A_52_P515497	15.8806536221317	True	True
GSM2533482	40389	A_52_P184322	Trpm6	0	Trpm6	NM_153417	0.349002459	0.0	0.0	1.0	1.0	1	1	0	0	0	0	0	0	0	40389|A_52_P184322	7.41724906435254	True	True
GSM2533482	40926	A_51_P197499	Bsnd	0	Bsnd	NM_080458	0.3128770579	0.0	0.0	1.0	1.0	1	1	0	0	0	0	0	0	0	40926|A_51_P197499	7.66740627295556	True	True
GSM2533482	44562	A_51_P335801	Calb1	0	Calb1	NM_009788	2.046012092	0.0	0.0	1.0	1.0	1	1	0	0	0	0	0	0	0	44562|A_51_P335801	10.6443643884928	True	True
GSM2533482	44811	A_51_P222543	Atp2b1	0	Atp2b1	BI080417	-0.0344875765	0.0	0.0	1.0	1.0	1	1	0	0	0	0	0	0	0	44811|A_51_P222543	8.65317717346957	True	True
GSM2533482	45034	A_52_P152274	Clcnka	0	Clcnka	NM_024412	0.6935630998	0.0	0.0	1.0	1.0	1	1	0	0	0	0	0	0	0	45034|A_52_P152274	7.87422061145778	True	True
GSM2533483	2344	A_51_P335801	Calb1	0	Calb1	NM_009788	2.145344027	0.0	0.0	1.0	1.0	0	1	0	0	0	0	0	0	0	2344|A_51_P335801	10.6058347499623	True	True
GSM2533483	3560	A_51_P230799	Atp2b1	0	Atp2b1	NM_026482	-0.004785387626	0.0	0.0	1.0	1.0	1	1	0	0	0	0	0	0	0	3560|A_51_P230799	7.65162502150511	True	True
GSM2533483	5551	A_51_P243073	Trpm6	0	Trpm6	AK080899	0.0	7.72915	3.57997	1.0	1.0	0	0	0	0	0	0	0	0	0	5551|A_51_P243073	7.01382803960208	True	False
GSM2533483	5837	A_51_P428512	Cldn16	0	Cldn16	NM_053241	1.043924479	7.40916	0.0	1.0	1.0	0	1	0	0	0	0	0	0	0	5837|A_51_P428512	7.44557724804118	True	True
GSM2533483	5868	A_51_P281586	Cnnm2	0	Cnnm2	NM_033569	0.6669535796	0.0	0.0	1.0	1.0	1	1	0	0	0	0	0	0	0	5868|A_51_P281586	8.8269849946867	True	True
GSM2533483	7768	A_51_P335801	Calb1	0	Calb1	NM_009788	2.192318132	0.0	0.0	1.0	1.0	0	1	0	0	0	0	0	0	0	7768|A_51_P335801	10.4808896307996	True	True
GSM2533483	10045	A_51_P442227	Slc12a1	0	Slc12a1	U61381	0.0	7.3211	3.35307	1.0	1.0	0	0	0	0	0	0	0	0	0	10045|A_51_P442227	7.03588053822625	True	False
GSM2533483	10087	A_52_P260659	Kcnj10	0	Kcnj10	NM_001039484	1.939550355	0.0	0.0	1.0	1.0	0	1	0	0	0	0	0	0	0	10087|A_52_P260659	9.31660457821018	True	True
GSM2533483	11353	A_51_P335801	Calb1	0	Calb1	NM_009788	2.138347193	0.0	0.0	1.0	1.0	0	1	0	0	0	0	0	0	0	11353|A_51_P335801	10.8661483983757	True	True
GSM2533483	11562	A_51_P300817	Atp1a1	0	Atp1a1	NM_144900	0.9676866396	0.0	0.0	1.0	1.0	1	1	0	0	0	0	0	0	0	11562|A_51_P300817	15.5982073278766	True	True
GSM2533483	12114	A_51_P151484	Atp1b1	0	Atp1b1	NM_009721	1.617275076	0.0	0.0	1.0	1.0	1	1	0	0	0	0	0	0	0	12114|A_51_P151484	14.5905215339812	True	True
GSM2533483	12522	A_51_P335801	Calb1	0	Calb1	NM_009788	2.10340763	0.0	0.0	1.0	1.0	0	1	0	0	0	0	0	0	0	12522|A_51_P335801	10.7998272961993	True	True
GSM2533483	12999	A_52_P348986	Atp2b1	0	Atp2b1	NM_026482	0.009189585374	0.0	0.0	1.0	1.0	1	1	0	0	0	0	0	0	0	12999|A_52_P348986	10.708932915226	True	True
GSM2533483	13287	A_52_P26118	Slc12a1	0	Slc12a1	NM_001079690	1.67958873	0.0	0.0	1.0	1.0	1	1	0	0	0	0	0	0	0	13287|A_52_P26118	11.1766126456554	True	True
GSM2533483	15381	A_51_P352572	Clcnkb	0	Clcnkb	NM_019701	1.47658841	0.0	0.0	1.0	1.0	0	1	0	0	0	0	0	0	0	15381|A_51_P352572	9.02912592797395	True	True
GSM2533483	15729	A_51_P335801	Calb1	0	Calb1	NM_009788	2.119917434	0.0	0.0	1.0	1.0	0	1	0	0	0	0	0	0	0	15729|A_51_P335801	10.7425521904903	True	True
GSM2533483	15983	A_52_P550331	Kcnj16	0	Kcnj16	NM_010604	2.01401495	6.71863	0.0	1.0	1.0	0	1	0	0	0	0	0	0	0	15983|A_52_P550331	9.08058762227999	True	True
GSM2533483	16664	A_51_P277373	Slc8a1	0	Slc8a1	AF004666	1.256198992	6.66278	0.0	1.0	1.0	0	1	0	0	0	0	0	0	0	16664|A_51_P277373	7.68799348968404	True	True
GSM2533483	18179	A_52_P313284	Slc8a1	0	Slc8a1	AF108396	0.08647347076	0.0	0.0	1.0	1.0	1	1	0	0	0	0	0	0	0	18179|A_52_P313284	7.30457027648924	True	True
GSM2533483	18232	A_51_P171332	Cldn19	0	Cldn19	NM_153105	1.064868851	0.0	0.0	1.0	1.0	0	1	0	0	0	0	0	0	0	18232|A_51_P171332	8.40549261072393	True	True
GSM2533483	18861	A_51_P239601	Trpv5	0	Trpv5	NM_001007572	1.520486964	6.58441	0.0	1.0	1.0	0	1	0	0	0	0	0	0	0	18861|A_51_P239601	8.03011996636155	True	True
GSM2533483	19028	A_52_P231461	Slc8a1	0	Slc8a1	NM_011406	0.0	6.5398	2.90291	1.0	1.0	0	0	0	0	0	0	0	0	0	19028|A_52_P231461	7.02443136105748	True	False
GSM2533483	20241	A_51_P335801	Calb1	0	Calb1	NM_009788	1.86568022	0.0	0.0	1.0	1.0	1	1	0	0	0	0	1	0	0	20241|A_51_P335801	10.854839808286	True	True
GSM2533483	22525	A_52_P562704	Slc8a1	0	Slc8a1	NM_011406	0.210991881	0.0	0.0	1.0	1.0	1	1	0	0	0	0	0	0	0	22525|A_52_P562704	7.77619606316438	True	True
GSM2533483	22740	A_52_P550325	Kcnj16	0	Kcnj16	NM_010604	2.304311718	0.0	0.0	1.0	1.0	1	1	0	0	0	0	0	0	0	22740|A_52_P550325	14.1126361882338	True	True
GSM2533483	23878	A_51_P335801	Calb1	0	Calb1	NM_009788	2.079338001	0.0	0.0	1.0	1.0	0	1	0	0	0	0	0	0	0	23878|A_51_P335801	10.8403944039856	True	True
GSM2533483	26196	A_51_P357773	Kcnj16	0	Kcnj16	NM_010604	2.071866246	0.0	0.0	1.0	1.0	0	1	0	0	0	0	0	0	0	26196|A_51_P357773	9.5920408379282	True	True
GSM2533483	26242	A_52_P499907	Kcnj1	0	Kcnj1	NM_019659	2.395825915	0.0	0.0	1.0	1.0	1	1	0	0	0	0	0	0	0	26242|A_52_P499907	13.1464978733604	True	True
GSM2533483	27676	A_52_P351913	Atp2b1	0	Atp2b1	AK053569	0.5308952764	0.0	0.0	1.0	1.0	1	1	0	0	0	0	0	0	0	27676|A_52_P351913	8.53502418361029	True	True
GSM2533483	29730	A_52_P611783	Fxyd2	0	Fxyd2	NM_052824	1.811428615	0.0	0.0	1.0	1.0	1	1	0	0	0	0	0	0	0	29730|A_52_P611783	13.6942735266162	True	True
GSM2533483	29964	A_51_P335801	Calb1	0	Calb1	NM_009788	2.110669606	0.0	0.0	1.0	1.0	0	1	0	0	0	0	0	0	0	29964|A_51_P335801	10.9304987819052	True	True
GSM2533483	30753	A_51_P335801	Calb1	0	Calb1	NM_009788	2.081967425	0.0	0.0	1.0	1.0	0	1	0	0	0	0	0	0	0	30753|A_51_P335801	10.6195344150865	True	True
GSM2533483	31276	A_52_P23661	Cldn19	0	Cldn19	NM_001038590	1.200757224	0.0	0.0	1.0	1.0	1	1	0	0	0	0	0	0	0	31276|A_52_P23661	8.82270762868873	True	True
GSM2533483	33630	A_52_P244931	Slc8a1	0	Slc8a1	AK048160	0.0	6.84387	3.09829	1.0	1.0	0	0	0	0	0	0	0	0	0	33630|A_52_P244931	7.06455742043969	True	False
GSM2533483	37269	A_51_P445985	Slc12a3	0	Slc12a3	NM_019415	1.793348502	0.0	0.0	1.0	1.0	0	1	0	0	0	0	0	0	0	37269|A_51_P445985	10.0472468576476	True	True
GSM2533483	38687	A_52_P515497	Atp1a1	0	Atp1a1	NM_144900	1.232215246	0.0	0.0	1.0	1.0	1	1	0	0	0	0	0	0	0	38687|A_52_P515497	16.0455329977771	True	True
GSM2533483	40389	A_52_P184322	Trpm6	0	Trpm6	NM_153417	0.2978857723	0.0	0.0	1.0	1.0	0	1	0	0	0	0	0	0	0	40389|A_52_P184322	7.32427836697231	True	True
GSM2533483	40926	A_51_P197499	Bsnd	0	Bsnd	NM_080458	0.3274868621	0.0	0.0	1.0	1.0	1	1	0	0	0	0	0	0	0	40926|A_51_P197499	7.93814988363528	True	True
GSM2533483	44562	A_51_P335801	Calb1	0	Calb1	NM_009788	2.07682787	0.0	0.0	1.0	1.0	0	1	0	0	0	0	0	0	0	44562|A_51_P335801	10.6767271013919	True	True
GSM2533483	44811	A_51_P222543	Atp2b1	0	Atp2b1	BI080417	0.1448595844	0.0	0.0	1.0	1.0	1	1	0	0	0	0	0	0	0	44811|A_51_P222543	9.15988865044343	True	True
GSM2533483	45034	A_52_P152274	Clcnka	0	Clcnka	NM_024412	0.4061289374	0.0	0.0	1.0	1.0	1	1	0	0	0	0	0	0	0	45034|A_52_P152274	7.57785382247206	True	True
GSM2533484	2344	A_51_P335801	Calb1	0		NM_009788	1.861745215					1	1	0	0	0	0	0	0	0	2344|A_51_P335801	14.2171998335078	True	True
GSM2533484	3560	A_51_P230799	Atp2b1	0		NM_026482	-0.200017123					1	1	0	0	0	0	0	0	0	3560|A_51_P230799	7.67661175975107	True	True
GSM2533484	5551	A_51_P243073	Trpm6	0		AK080899	0.0					0	0	0	0	0	0	0	0	0	5551|A_51_P243073	7.11203539385116	True	False
GSM2533484	5837	A_51_P428512	Cldn16	0		NM_053241	1.496259714					0	1	0	0	0	0	0	0	0	5837|A_51_P428512	8.52330194671619	True	True
GSM2533484	5868	A_51_P281586	Cnnm2	0		NM_033569	0.7082345925					1	1	0	0	0	0	0	0	0	5868|A_51_P281586	8.62948918511335	True	True
GSM2533484	7768	A_51_P335801	Calb1	0		NM_009788	1.877051439					1	1	0	0	0	0	0	0	0	7768|A_51_P335801	14.2619624148536	True	True
GSM2533484	10045	A_51_P442227	Slc12a1	0		U61381	0.8598392751					0	1	0	0	0	0	0	0	0	10045|A_51_P442227	7.22326705639274	True	True
GSM2533484	10087	A_52_P260659	Kcnj10	0		NM_001039484	2.013381471					1	1	0	0	0	0	0	0	0	10087|A_52_P260659	11.6958247346843	True	True
GSM2533484	11353	A_51_P335801	Calb1	0		NM_009788	1.874814508					1	1	0	0	0	0	0	0	0	11353|A_51_P335801	14.682922703558	True	True
GSM2533484	11562	A_51_P300817	Atp1a1	0		NM_144900	1.405819971					1	1	0	0	0	0	0	0	0	11562|A_51_P300817	16.6977261487023	True	True
GSM2533484	12114	A_51_P151484	Atp1b1	0		NM_009721	1.779882162					1	1	0	0	0	0	0	0	0	12114|A_51_P151484	15.0501713709409	True	True
GSM2533484	12522	A_51_P335801	Calb1	0		NM_009788	1.860462038					1	1	0	0	0	0	0	0	0	12522|A_51_P335801	14.4859027713737	True	True
GSM2533484	12999	A_52_P348986	Atp2b1	0		NM_026482	-0.2402453328					1	1	0	0	0	0	0	0	0	12999|A_52_P348986	9.92245421240193	True	True
GSM2533484	13287	A_52_P26118	Slc12a1	0		NM_001079690	2.581184114					1	1	0	0	0	0	0	0	0	13287|A_52_P26118	14.6193323856147	True	True
GSM2533484	15381	A_51_P352572	Clcnkb	0		AF124847	0.5937019776					1	1	0	0	0	0	0	0	0	15381|A_51_P352572	7.82182283096732	True	True
GSM2533484	15729	A_51_P335801	Calb1	0		NM_009788	1.86499247					1	1	0	0	0	0	0	0	0	15729|A_51_P335801	14.4010404784838	True	True
GSM2533484	15983	A_52_P550331	Kcnj16	0		NM_010604	2.21904922					0	1	0	0	0	0	0	0	0	15983|A_52_P550331	9.38743054810232	True	True
GSM2533484	16664	A_51_P277373	Slc8a1	0		NM_001286684	1.362795759					1	1	0	0	0	0	0	0	0	16664|A_51_P277373	8.55926098642978	True	True
GSM2533484	18179	A_52_P313284	Slc8a1	0		NR_104580	0.7078326679					1	1	0	0	0	0	0	0	0	18179|A_52_P313284	7.95898829697785	True	True
GSM2533484	18232	A_51_P171332	Cldn19	0		NM_153105	1.378874132					1	1	0	0	0	0	0	0	0	18232|A_51_P171332	8.783111551227	True	True
GSM2533484	18861	A_51_P239601	Trpv5	0		NM_001007572	1.444202503					0	1	0	0	0	0	0	0	0	18861|A_51_P239601	7.63846541542686	True	True
GSM2533484	19028	A_52_P231461	Slc8a1	0		NM_011406	1.591366241					0	1	0	0	0	0	0	0	0	19028|A_52_P231461	7.67661175975107	True	True
GSM2533484	20241	A_51_P335801	Calb1	0		NM_009788	1.889298405					1	1	0	0	0	0	0	0	0	20241|A_51_P335801	14.5053450216242	True	True
GSM2533484	22525	A_52_P562704	Slc8a1	0		NM_011406	0.5507177164					1	1	0	0	0	0	0	0	0	22525|A_52_P562704	8.40787956271852	True	True
GSM2533484	22740	A_52_P550325	Kcnj16	0		NM_010604	1.968764453					1	1	0	0	0	0	0	0	0	22740|A_52_P550325	14.2502660453414	True	True
GSM2533484	23878	A_51_P335801	Calb1	0		NM_009788	1.87319109					1	1	0	0	0	0	0	0	0	23878|A_51_P335801	14.5267888965541	True	True
GSM2533484	26196	A_51_P357773	Kcnj16	0		NM_010604	1.930848649					1	1	0	0	0	0	0	0	0	26196|A_51_P357773	9.72026552866949	True	True
GSM2533484	26242	A_52_P499907	Kcnj1	0		NM_019659	2.320830295					1	1	0	0	0	0	0	0	0	26242|A_52_P499907	14.9498732284036	True	True
GSM2533484	27676	A_52_P351913	Atp2b1	0		AK053569	-0.04439064893					1	1	0	0	0	0	0	0	0	27676|A_52_P351913	7.69099314077838	True	True
GSM2533484	29730	A_52_P611783	Fxyd2	0		NM_052823	1.688328757					1	1	0	0	0	0	0	0	0	29730|A_52_P611783	15.4903702316747	True	True
GSM2533484	29964	A_51_P335801	Calb1	0		NM_009788	1.8824246					1	1	0	0	0	0	0	0	0	29964|A_51_P335801	14.6252939931172	True	True
GSM2533484	30753	A_51_P335801	Calb1	0		NM_009788	1.844625008					1	1	0	0	0	0	0	0	0	30753|A_51_P335801	14.3623383709753	True	True
GSM2533484	31276	A_52_P23661	Cldn19	0		NM_001038590	1.147558449					1	1	0	0	0	0	0	0	0	31276|A_52_P23661	9.14209312159074	True	True
GSM2533484	33630	A_52_P244931	Slc8a1	0		AK048160	0.0					0	0	0	0	0	0	0	0	0	33630|A_52_P244931	7.06801929197394	True	False
GSM2533484	37269	A_51_P445985	Slc12a3	0		NM_019415	1.606021079					1	1	0	0	0	0	0	0	0	37269|A_51_P445985	11.695328820614	True	True
GSM2533484	38687	A_52_P515497	Atp1a1	0		NM_144900	1.259800431					1	1	0	0	0	0	0	0	0	38687|A_52_P515497	14.8241285022471	True	True
GSM2533484	40389	A_52_P184322	Trpm6	0		NM_153417	0.8838245661					1	1	0	0	0	0	0	0	0	40389|A_52_P184322	7.65026896857203	True	True
GSM2533484	40926	A_51_P197499	Bsnd	0		NM_080458	0.6195018478					1	1	0	0	0	0	0	0	0	40926|A_51_P197499	8.46055824319598	True	True
GSM2533484	44562	A_51_P335801	Calb1	0		NM_009788	1.830335979					1	1	0	0	0	0	0	0	0	44562|A_51_P335801	14.03833935816	True	True
GSM2533484	44811	A_51_P222543	Atp2b1	0		NM_026482	-0.2174393516					1	1	0	0	0	0	0	0	0	44811|A_51_P222543	8.04872949728684	True	True
GSM2533484	45034	A_52_P152274	Clcnka	0		NM_024412	1.231516198					1	1	0	0	0	0	0	0	0	45034|A_52_P152274	9.0736183051129	True	True
GSM2533485	2344	A_51_P335801	Calb1	0		NM_009788	2.021560141					1	1	0	0	0	0	0	0	0	2344|A_51_P335801	14.6860789012561	True	True
GSM2533485	3560	A_51_P230799	Atp2b1	0		NM_026482	-0.1610264564					1	1	0	0	0	0	0	0	0	3560|A_51_P230799	7.56533233525704	True	True
GSM2533485	5551	A_51_P243073	Trpm6	0		AK080899	0.0					0	0	0	0	0	0	0	0	0	5551|A_51_P243073	7.09643033070456	True	False
GSM2533485	5837	A_51_P428512	Cldn16	0		NM_053241	1.47810134					0	1	0	0	0	0	0	0	0	5837|A_51_P428512	8.056720334817	True	True
GSM2533485	5868	A_51_P281586	Cnnm2	0		NM_033569	0.7319243626					1	1	0	0	0	0	0	0	0	5868|A_51_P281586	8.70921627441584	True	True
GSM2533485	7768	A_51_P335801	Calb1	0		NM_009788	2.042910759					1	1	0	0	0	0	0	0	0	7768|A_51_P335801	14.7302910679427	True	True
GSM2533485	10045	A_51_P442227	Slc12a1	0		U61381	0.5753532185					0	1	0	0	0	0	0	0	0	10045|A_51_P442227	7.31571164849241	True	True
GSM2533485	10087	A_52_P260659	Kcnj10	0		NM_001039484	2.112684855					1	1	0	0	0	0	0	0	0	10087|A_52_P260659	11.6866835456091	True	True
GSM2533485	11353	A_51_P335801	Calb1	0		NM_009788	2.047188364					1	1	0	0	0	0	0	0	0	11353|A_51_P335801	15.2539379474068	True	True
GSM2533485	11562	A_51_P300817	Atp1a1	0		NM_144900	1.476212043					1	1	0	0	0	0	0	0	0	11562|A_51_P300817	16.9556719613559	True	True
GSM2533485	12114	A_51_P151484	Atp1b1	0		NM_009721	1.800925244					1	1	0	0	0	0	0	0	0	12114|A_51_P151484	14.8955785841445	True	True
GSM2533485	12522	A_51_P335801	Calb1	0		NM_009788	2.034668496					1	1	0	0	0	0	0	0	0	12522|A_51_P335801	15.0272282437438	True	True
GSM2533485	12999	A_52_P348986	Atp2b1	0		NM_026482	-0.1918815162					1	1	0	0	0	0	0	0	0	12999|A_52_P348986	9.9133159167866	True	True
GSM2533485	13287	A_52_P26118	Slc12a1	0		NM_001079690	2.664016068					1	1	0	0	0	0	0	0	0	13287|A_52_P26118	14.3507645759739	True	True
GSM2533485	15381	A_51_P352572	Clcnkb	0		AF124847	0.7901195895					1	1	0	0	0	0	0	0	0	15381|A_51_P352572	8.02789402639968	True	True
GSM2533485	15729	A_51_P335801	Calb1	0		NM_009788	2.02150927					1	1	0	0	0	0	0	0	0	15729|A_51_P335801	14.881033795453	True	True
GSM2533485	15983	A_52_P550331	Kcnj16	0		NM_010604	1.810811485					1	1	0	0	0	0	0	0	0	15983|A_52_P550331	9.47290215801697	True	True
GSM2533485	16664	A_51_P277373	Slc8a1	0		NM_001286684	1.574775351					1	1	0	0	0	0	0	0	0	16664|A_51_P277373	9.10223130854703	True	True
GSM2533485	18179	A_52_P313284	Slc8a1	0		NR_104580	0.8335172577					1	1	0	0	0	0	0	0	0	18179|A_52_P313284	8.28760865848117	True	True
GSM2533485	18232	A_51_P171332	Cldn19	0		NM_153105	1.187530397					1	1	0	0	0	0	0	0	0	18232|A_51_P171332	8.22033139179457	True	True
GSM2533485	18861	A_51_P239601	Trpv5	0		NM_001007572	1.153089893					0	1	0	0	0	0	0	0	0	18861|A_51_P239601	7.5403767785523	True	True
GSM2533485	19028	A_52_P231461	Slc8a1	0		NM_011406	1.515169838					0	1	0	0	0	0	0	0	0	19028|A_52_P231461	7.724694326293	True	True
GSM2533485	20241	A_51_P335801	Calb1	0		NM_009788	2.005850493					1	1	0	0	0	0	0	0	0	20241|A_51_P335801	15.0066964377861	True	True
GSM2533485	22525	A_52_P562704	Slc8a1	0		NM_011406	0.5681371294					1	1	0	0	0	0	0	0	0	22525|A_52_P562704	8.66295918791174	True	True
GSM2533485	22740	A_52_P550325	Kcnj16	0		NM_010604	2.134407084					1	1	0	0	0	0	0	0	0	22740|A_52_P550325	14.2307577573797	True	True
GSM2533485	23878	A_51_P335801	Calb1	0		NM_009788	2.026888696					1	1	0	0	0	0	0	0	0	23878|A_51_P335801	15.003418594761	True	True
GSM2533485	26196	A_51_P357773	Kcnj16	0		NM_010604	1.981315186					0	1	0	0	0	0	0	0	0	26196|A_51_P357773	9.65889021581505	True	True
GSM2533485	26242	A_52_P499907	Kcnj1	0		NM_019659	2.439614333					1	1	0	0	0	0	0	0	0	26242|A_52_P499907	14.7414554532462	True	True
GSM2533485	27676	A_52_P351913	Atp2b1	0		AK053569	0.08268416385					1	1	0	0	0	0	0	0	0	27676|A_52_P351913	7.84060900363951	True	True
GSM2533485	29730	A_52_P611783	Fxyd2	0		NM_052823	1.776673885					1	1	0	0	0	0	0	0	0	29730|A_52_P611783	15.5105334612001	True	True
GSM2533485	29964	A_51_P335801	Calb1	0		NM_009788	2.01058752					1	1	0	0	0	0	0	0	0	29964|A_51_P335801	15.2140376524974	True	True
GSM2533485	30753	A_51_P335801	Calb1	0		NM_009788	2.013191266					1	1	0	0	0	0	0	0	0	30753|A_51_P335801	14.9882736682993	True	True
GSM2533485	31276	A_52_P23661	Cldn19	0		NM_001038590	1.189849835					1	1	0	0	0	0	0	0	0	31276|A_52_P23661	9.15054888141961	True	True
GSM2533485	33630	A_52_P244931	Slc8a1	0		AK048160	0.0					0	0	0	0	0	0	0	0	0	33630|A_52_P244931	7.06242715607592	True	False
GSM2533485	37269	A_51_P445985	Slc12a3	0		NM_019415	1.751733695					1	1	0	0	0	0	0	0	0	37269|A_51_P445985	11.8137789894838	True	True
GSM2533485	38687	A_52_P515497	Atp1a1	0		NM_144900	1.440548519					1	1	0	0	0	0	0	0	0	38687|A_52_P515497	15.81969577454	True	True
GSM2533485	40389	A_52_P184322	Trpm6	0		NM_153417	0.615362238					1	1	0	0	0	0	0	0	0	40389|A_52_P184322	7.67191039610339	True	True
GSM2533485	40926	A_51_P197499	Bsnd	0		NM_080458	0.4658162191					1	1	0	0	0	0	0	0	0	40926|A_51_P197499	8.09129219208359	True	True
GSM2533485	44562	A_51_P335801	Calb1	0		NM_009788	2.054069701					1	1	0	0	0	0	0	0	0	44562|A_51_P335801	14.5993141039472	True	True
GSM2533485	44811	A_51_P222543	Atp2b1	0		NM_026482	-0.09360571249					1	1	0	0	0	0	0	0	0	44811|A_51_P222543	8.3633385652393	True	True
GSM2533485	45034	A_52_P152274	Clcnka	0		NM_024412	1.077052613					1	1	0	0	0	0	0	0	0	45034|A_52_P152274	8.69310525631388	True	True
GSM2533486	2344	A_51_P335801	Calb1	0		NM_009788	2.059128266					1	1	0	0	0	0	0	0	0	2344|A_51_P335801	14.4108590237859	True	True
GSM2533486	3560	A_51_P230799	Atp2b1	0		NM_026482	-0.110043156					1	1	0	0	0	0	0	0	0	3560|A_51_P230799	7.5862537234232	True	True
GSM2533486	5551	A_51_P243073	Trpm6	0		AK080899	0.0					0	0	0	0	0	0	0	0	0	5551|A_51_P243073	7.05515744424449	True	False
GSM2533486	5837	A_51_P428512	Cldn16	0		NM_053241	1.378225821					0	1	0	0	0	0	0	0	0	5837|A_51_P428512	7.87563874145614	True	True
GSM2533486	5868	A_51_P281586	Cnnm2	0		NM_033569	0.6963613611					1	1	0	0	0	0	0	0	0	5868|A_51_P281586	8.58663899149275	True	True
GSM2533486	7768	A_51_P335801	Calb1	0		NM_009788	2.023822603					1	1	0	0	0	0	0	0	0	7768|A_51_P335801	14.5549556570586	True	True
GSM2533486	10045	A_51_P442227	Slc12a1	0		U61381	0.7796298184					0	1	0	0	0	0	0	0	0	10045|A_51_P442227	7.18978823589907	True	True
GSM2533486	10087	A_52_P260659	Kcnj10	0		NM_001039484	2.201419783					1	1	0	0	0	0	0	0	0	10087|A_52_P260659	11.4659036243619	True	True
GSM2533486	11353	A_51_P335801	Calb1	0		NM_009788	2.048021716					1	1	0	0	0	0	0	0	0	11353|A_51_P335801	14.9603375272742	True	True
GSM2533486	11562	A_51_P300817	Atp1a1	0		NM_144900	1.381831424					1	1	0	0	0	0	0	0	0	11562|A_51_P300817	16.6977261487023	True	True
GSM2533486	12114	A_51_P151484	Atp1b1	0		NM_009721	1.761766235					1	1	0	0	0	0	0	0	0	12114|A_51_P151484	14.8241285022471	True	True
GSM2533486	12522	A_51_P335801	Calb1	0		NM_009788	2.034932943					1	1	0	0	0	0	0	0	0	12522|A_51_P335801	14.7526217033878	True	True
GSM2533486	12999	A_52_P348986	Atp2b1	0		NM_026482	-0.2098544768					1	1	0	0	0	0	0	0	0	12999|A_52_P348986	9.85710424092361	True	True
GSM2533486	13287	A_52_P26118	Slc12a1	0		NM_001079690	2.569106182					1	1	0	0	0	0	0	0	0	13287|A_52_P26118	14.1176104688001	True	True
GSM2533486	15381	A_51_P352572	Clcnkb	0		AF124847	0.6818445189					1	1	0	0	0	0	0	0	0	15381|A_51_P352572	7.9330151599357	True	True
GSM2533486	15729	A_51_P335801	Calb1	0		NM_009788	2.031007568					1	1	0	0	0	0	0	0	0	15729|A_51_P335801	14.677503273834	True	True
GSM2533486	15983	A_52_P550331	Kcnj16	0		NM_010604	2.359348437					0	1	0	0	0	0	0	0	0	15983|A_52_P550331	9.20828101421592	True	True
GSM2533486	16664	A_51_P277373	Slc8a1	0		NM_001286684	1.60097765					0	1	0	0	0	0	0	0	0	16664|A_51_P277373	8.90871715195126	True	True
GSM2533486	18179	A_52_P313284	Slc8a1	0		NR_104580	0.8968219388					1	1	0	0	0	0	0	0	0	18179|A_52_P313284	8.22762115756016	True	True
GSM2533486	18232	A_51_P171332	Cldn19	0		NM_153105	0.9177840742					1	1	0	0	0	0	0	0	0	18232|A_51_P171332	8.21920798725454	True	True
GSM2533486	18861	A_51_P239601	Trpv5	0		NM_001007572	1.386895715					0	1	0	0	0	0	0	0	0	18861|A_51_P239601	7.53060113762673	True	True
GSM2533486	19028	A_52_P231461	Slc8a1	0		NM_011406	1.524255619					0	1	0	0	0	0	0	0	0	19028|A_52_P231461	7.64538337630327	True	True
GSM2533486	20241	A_51_P335801	Calb1	0		NM_009788	2.02824711					1	1	0	0	0	0	0	0	0	20241|A_51_P335801	14.7444589030645	True	True
GSM2533486	22525	A_52_P562704	Slc8a1	0		NM_011406	0.5668224515					1	1	0	0	0	0	0	0	0	22525|A_52_P562704	8.53896597887411	True	True
GSM2533486	22740	A_52_P550325	Kcnj16	0		NM_010604	2.131261177					1	1	0	0	0	0	0	0	0	22740|A_52_P550325	14.106323269334	True	True
GSM2533486	23878	A_51_P335801	Calb1	0		NM_009788	2.021139459					1	1	0	0	0	0	0	0	0	23878|A_51_P335801	14.8268875880309	True	True
GSM2533486	26196	A_51_P357773	Kcnj16	0		NM_010604	2.022796592					0	1	0	0	0	0	0	0	0	26196|A_51_P357773	9.40839817991529	True	True
GSM2533486	26242	A_52_P499907	Kcnj1	0		NM_019659	2.445021922					1	1	0	0	0	0	0	0	0	26242|A_52_P499907	14.5880497666142	True	True
GSM2533486	27676	A_52_P351913	Atp2b1	0		AK053569	0.1812988972					1	1	0	0	0	0	0	0	0	27676|A_52_P351913	7.96829053450225	True	True
GSM2533486	29730	A_52_P611783	Fxyd2	0		NM_052823	1.785851173					1	1	0	0	0	0	0	0	0	29730|A_52_P611783	15.308028489464	True	True
GSM2533486	29964	A_51_P335801	Calb1	0		NM_009788	2.026887215					1	1	0	0	0	0	0	0	0	29964|A_51_P335801	14.9632446044688	True	True
GSM2533486	30753	A_51_P335801	Calb1	0		NM_009788	2.030126956					1	1	0	0	0	0	0	0	0	30753|A_51_P335801	14.7757540446265	True	True
GSM2533486	31276	A_52_P23661	Cldn19	0		NM_001038590	1.175305829					1	1	0	0	0	0	0	0	0	31276|A_52_P23661	8.92473054830666	True	True
GSM2533486	33630	A_52_P244931	Slc8a1	0		AK048160	0.0					0	0	0	0	0	0	0	0	0	33630|A_52_P244931	7.01110547225778	True	False
GSM2533486	37269	A_51_P445985	Slc12a3	0		NM_019415	1.747762216					1	1	0	0	0	0	0	0	0	37269|A_51_P445985	11.5922648605441	True	True
GSM2533486	38687	A_52_P515497	Atp1a1	0		NM_144900	1.388290344					1	1	0	0	0	0	0	0	0	38687|A_52_P515497	15.7564583006518	True	True
GSM2533486	40389	A_52_P184322	Trpm6	0		NM_153417	0.6056921376					1	1	0	0	0	0	0	0	0	40389|A_52_P184322	7.60179781867956	True	True
GSM2533486	40926	A_51_P197499	Bsnd	0		NM_080458	0.3546999301					1	1	0	0	0	0	0	0	0	40926|A_51_P197499	7.95933920673068	True	True
GSM2533486	44562	A_51_P335801	Calb1	0		NM_009788	2.011403039					1	1	0	0	0	0	0	0	0	44562|A_51_P335801	14.340410852496	True	True
GSM2533486	44811	A_51_P222543	Atp2b1	0		NM_026482	-0.07918886926					1	1	0	0	0	0	0	0	0	44811|A_51_P222543	8.41720430907307	True	True
GSM2533486	45034	A_52_P152274	Clcnka	0		NM_024412	0.9150074381					1	1	0	0	0	0	0	0	0	45034|A_52_P152274	8.29684714312227	True	True
GSM2533487	2344	A_51_P335801	Calb1	0		NM_009788	1.841330726					1	1	0	0	0	0	0	1	0	2344|A_51_P335801	14.3005730551077	False	False
GSM2533487	3560	A_51_P230799	Atp2b1	0		NM_026482	-0.2370223151					1	1	0	0	0	0	0	0	0	3560|A_51_P230799	7.29878062241126	True	True
GSM2533487	5551	A_51_P243073	Trpm6	0		AK080899	0.4278160119					0	1	0	0	0	0	0	0	0	5551|A_51_P243073	7.13661388202259	True	True
GSM2533487	5837	A_51_P428512	Cldn16	0		NM_053241	0.5949574435					1	1	0	0	0	0	0	0	0	5837|A_51_P428512	7.69612095481202	True	True
GSM2533487	5868	A_51_P281586	Cnnm2	0		NM_033569	0.2788814049					1	1	0	0	0	0	0	0	0	5868|A_51_P281586	8.20751695347858	True	True
GSM2533487	7768	A_51_P335801	Calb1	0		NM_009788	1.912163272					1	1	0	0	0	0	0	0	0	7768|A_51_P335801	14.6226568280353	True	True
GSM2533487	10045	A_51_P442227	Slc12a1	0		U61381	0.3406374076					1	1	0	0	0	0	0	0	0	10045|A_51_P442227	7.26108405619586	True	True
GSM2533487	10087	A_52_P260659	Kcnj10	0		NM_001039484	1.871219423					1	1	0	0	0	0	0	0	0	10087|A_52_P260659	11.4559313747717	True	True
GSM2533487	11353	A_51_P335801	Calb1	0		NM_009788	1.927392437					1	1	0	0	0	0	0	0	0	11353|A_51_P335801	14.8319145395815	True	True
GSM2533487	11562	A_51_P300817	Atp1a1	0		NM_144900	1.62683487					1	1	0	0	0	0	0	0	0	11562|A_51_P300817	17.094818502742	True	True
GSM2533487	12114	A_51_P151484	Atp1b1	0		NM_009721	1.922805508					1	1	0	0	0	0	0	0	0	12114|A_51_P151484	15.4049253131385	True	True
GSM2533487	12522	A_51_P335801	Calb1	0		NM_009788	1.937534071					1	1	0	0	0	0	0	0	0	12522|A_51_P335801	14.8069388257164	True	True
GSM2533487	12999	A_52_P348986	Atp2b1	0		NM_026482	-0.2457194265					1	1	0	0	0	0	0	0	0	12999|A_52_P348986	9.76761751136009	True	True
GSM2533487	13287	A_52_P26118	Slc12a1	0		NM_001079690	2.41652892					1	1	0	0	0	0	0	0	0	13287|A_52_P26118	14.5665209498954	True	True
GSM2533487	15381	A_51_P352572	Clcnkb	0		AF124847	0.8178261705					1	1	0	0	0	0	0	0	0	15381|A_51_P352572	9.25681253183061	True	True
GSM2533487	15729	A_51_P335801	Calb1	0		NM_009788	1.897674822					1	1	0	0	0	0	0	0	0	15729|A_51_P335801	14.7183662639757	True	True
GSM2533487	15983	A_52_P550331	Kcnj16	0		NM_010604	1.046566619					1	1	0	0	0	0	0	0	0	15983|A_52_P550331	9.34377309541467	True	True
GSM2533487	16664	A_51_P277373	Slc8a1	0		NM_001286684	0.8914914605					1	1	0	0	0	0	0	0	0	16664|A_51_P277373	9.15903024586097	True	True
GSM2533487	18179	A_52_P313284	Slc8a1	0		NR_104580	0.5735634608					1	1	0	0	0	0	0	0	0	18179|A_52_P313284	8.15611442110362	True	True
GSM2533487	18232	A_51_P171332	Cldn19	0		NM_153105	0.5962940521					1	1	0	0	0	0	0	0	0	18232|A_51_P171332	7.82186773404855	True	True
GSM2533487	18861	A_51_P239601	Trpv5	0		NM_001007572	0.5475277242					1	1	0	0	0	0	0	0	0	18861|A_51_P239601	7.35200632249595	True	True
GSM2533487	19028	A_52_P231461	Slc8a1	0		NM_011406	1.090090563					0	1	0	0	0	0	0	0	0	19028|A_52_P231461	7.52006056419767	True	True
GSM2533487	20241	A_51_P335801	Calb1	0		NM_009788	1.906178437					1	1	0	0	0	0	0	0	0	20241|A_51_P335801	14.6442418565332	True	True
GSM2533487	22525	A_52_P562704	Slc8a1	0		NM_011406	0.3721978256					1	1	0	0	0	0	0	0	0	22525|A_52_P562704	7.80105751169436	True	True
GSM2533487	22740	A_52_P550325	Kcnj16	0		NM_010604	2.0502217					1	1	0	0	0	0	0	0	0	22740|A_52_P550325	13.9171664686746	True	True
GSM2533487	23878	A_51_P335801	Calb1	0		NM_009788	1.899043201					1	1	0	0	0	0	0	0	0	23878|A_51_P335801	14.7015363765822	True	True
GSM2533487	26196	A_51_P357773	Kcnj16	0		NM_010604	1.045439728					1	1	0	0	0	0	0	0	0	26196|A_51_P357773	9.0209732142882	True	True
GSM2533487	26242	A_52_P499907	Kcnj1	0		NM_019659	2.327549993					1	1	0	0	0	0	0	0	0	26242|A_52_P499907	14.6582778507305	True	True
GSM2533487	27676	A_52_P351913	Atp2b1	0		AK053569	0.009575381613					1	1	0	0	0	0	0	0	0	27676|A_52_P351913	7.6060210230639	True	True
GSM2533487	29730	A_52_P611783	Fxyd2	0		NM_052823	1.741169355					1	1	0	0	0	0	0	0	0	29730|A_52_P611783	15.4859557043868	True	True
GSM2533487	29964	A_51_P335801	Calb1	0		NM_009788	1.921163559					1	1	0	0	0	0	0	0	0	29964|A_51_P335801	14.8017869408375	True	True
GSM2533487	30753	A_51_P335801	Calb1	0		NM_009788	1.929919907					1	1	0	0	0	0	0	0	0	30753|A_51_P335801	14.7266588753975	True	True
GSM2533487	31276	A_52_P23661	Cldn19	0		NM_001038590	0.9719647597					1	1	0	0	0	0	0	0	0	31276|A_52_P23661	8.49245447483555	True	True
GSM2533487	33630	A_52_P244931	Slc8a1	0		AK048160	0.3156549449					0	1	0	0	0	0	0	0	0	33630|A_52_P244931	7.13198603362531	True	True
GSM2533487	37269	A_51_P445985	Slc12a3	0		NM_019415	1.227413056					1	1	0	0	0	0	0	0	0	37269|A_51_P445985	10.6176976301474	True	True
GSM2533487	38687	A_52_P515497	Atp1a1	0		NM_144900	1.61245482					1	1	0	0	0	0	0	0	0	38687|A_52_P515497	16.6088645536348	True	True
GSM2533487	40389	A_52_P184322	Trpm6	0		NM_153417	0.4791455156					1	1	0	0	0	0	0	0	0	40389|A_52_P184322	8.58503671550179	True	True
GSM2533487	40926	A_51_P197499	Bsnd	0		NM_080458	0.1017526151					1	1	0	0	0	0	0	0	0	40926|A_51_P197499	7.38213963299298	True	True
GSM2533487	44562	A_51_P335801	Calb1	0		NM_009788	1.917352258					1	1	0	0	0	0	1	1	0	44562|A_51_P335801	14.1153166899111	False	False
GSM2533487	44811	A_51_P222543	Atp2b1	0		NM_026482	-0.1080423322					1	1	0	0	0	0	0	0	0	44811|A_51_P222543	8.19791632785124	True	True
GSM2533487	45034	A_52_P152274	Clcnka	0		NM_024412	0.7145565426					1	1	0	0	0	0	0	0	0	45034|A_52_P152274	8.34078053474905	True	True
GSM2533488	2344	A_51_P335801	Calb1	0		NM_009788	1.849355011					1	1	0	0	0	0	0	0	0	2344|A_51_P335801	13.9683726565229	True	True
GSM2533488	3560	A_51_P230799	Atp2b1	0		NM_026482	-0.1956845055					1	1	0	0	0	0	0	0	0	3560|A_51_P230799	7.5001133432245	True	True
GSM2533488	5551	A_51_P243073	Trpm6	0		AK080899	0.0					0	0	0	0	0	0	0	0	0	5551|A_51_P243073	7.1711472827506	True	False
GSM2533488	5837	A_51_P428512	Cldn16	0		NM_053241	1.319410645					0	1	0	0	0	0	0	0	0	5837|A_51_P428512	8.11467331197588	True	True
GSM2533488	5868	A_51_P281586	Cnnm2	0		NM_033569	0.6273960493					1	1	0	0	0	0	0	0	0	5868|A_51_P281586	8.64170171997687	True	True
GSM2533488	7768	A_51_P335801	Calb1	0		NM_009788	1.847903114					1	1	0	0	0	0	0	0	0	7768|A_51_P335801	14.4010404784838	True	True
GSM2533488	10045	A_51_P442227	Slc12a1	0		U61381	0.6347194901					0	1	0	0	0	0	0	0	0	10045|A_51_P442227	7.28079910839476	True	True
GSM2533488	10087	A_52_P260659	Kcnj10	0		NM_001039484	1.989152747					1	1	0	0	0	0	0	0	0	10087|A_52_P260659	11.6598087229279	True	True
GSM2533488	11353	A_51_P335801	Calb1	0		NM_009788	1.847935681					1	1	0	0	0	0	0	0	0	11353|A_51_P335801	14.5520495777464	True	True
GSM2533488	11562	A_51_P300817	Atp1a1	0		NM_144900	1.485705773					1	1	0	0	0	0	0	0	0	11562|A_51_P300817	17.2224910529049	True	True
GSM2533488	12114	A_51_P151484	Atp1b1	0		NM_009721	1.681604544					1	1	0	0	0	0	0	0	0	12114|A_51_P151484	14.7240232314879	True	True
GSM2533488	12522	A_51_P335801	Calb1	0		NM_009788	1.858111311					1	1	0	0	0	0	0	0	0	12522|A_51_P335801	14.5081731004726	True	True
GSM2533488	12999	A_52_P348986	Atp2b1	0		NM_026482	-0.2240342684					1	1	0	0	0	0	0	0	0	12999|A_52_P348986	9.88421500774998	True	True
GSM2533488	13287	A_52_P26118	Slc12a1	0		NM_001079690	2.604472988					1	1	0	0	0	0	0	0	0	13287|A_52_P26118	14.7160276415947	True	True
GSM2533488	15381	A_51_P352572	Clcnkb	0		AF124847	1.28130402					1	1	0	0	0	0	0	0	0	15381|A_51_P352572	8.72820763846931	True	True
GSM2533488	15729	A_51_P335801	Calb1	0		NM_009788	1.878130992					1	1	0	0	0	0	0	0	0	15729|A_51_P335801	14.2640728681727	True	True
GSM2533488	15983	A_52_P550331	Kcnj16	0		NM_010604	2.40140571					0	1	0	0	0	0	0	0	0	15983|A_52_P550331	9.60971525839265	True	True
GSM2533488	16664	A_51_P277373	Slc8a1	0		NM_001286684	1.533661241					1	1	0	0	0	0	0	0	0	16664|A_51_P277373	8.99409200280752	True	True
GSM2533488	18179	A_52_P313284	Slc8a1	0		NR_104580	0.8015523126					1	1	0	0	0	0	0	0	0	18179|A_52_P313284	7.9781706391407	True	True
GSM2533488	18232	A_51_P171332	Cldn19	0		NM_153105	1.259032896					1	1	0	0	0	0	0	0	0	18232|A_51_P171332	8.55030514510038	True	True
GSM2533488	18861	A_51_P239601	Trpv5	0		NM_001007572	1.132908998					0	1	0	0	0	0	0	0	0	18861|A_51_P239601	7.55013070812514	True	True
GSM2533488	19028	A_52_P231461	Slc8a1	0		NM_011406	1.592881781					0	1	0	0	0	0	0	0	0	19028|A_52_P231461	7.73399217104669	True	True
GSM2533488	20241	A_51_P335801	Calb1	0		NM_009788	1.890452259					1	1	0	0	0	0	0	0	0	20241|A_51_P335801	14.3327658897369	True	True
GSM2533488	22525	A_52_P562704	Slc8a1	0		NM_011406	0.8052667558					1	1	0	0	0	0	0	0	0	22525|A_52_P562704	8.32938319747876	True	True
GSM2533488	22740	A_52_P550325	Kcnj16	0		NM_010604	1.92360116					1	1	0	0	0	0	0	0	0	22740|A_52_P550325	14.285807377292	True	True
GSM2533488	23878	A_51_P335801	Calb1	0		NM_009788	1.869837263					1	1	0	0	0	0	0	0	0	23878|A_51_P335801	14.3299038459339	True	True
GSM2533488	26196	A_51_P357773	Kcnj16	0		NM_010604	1.896682893					1	1	0	0	0	0	0	0	0	26196|A_51_P357773	9.59131803412535	True	True
GSM2533488	26242	A_52_P499907	Kcnj1	0		NM_019659	2.274159365					1	1	0	0	0	0	0	0	0	26242|A_52_P499907	14.9918542430785	True	True
GSM2533488	27676	A_52_P351913	Atp2b1	0		AK053569	0.06106279209					1	1	0	0	0	0	0	0	0	27676|A_52_P351913	7.80682326304071	True	True
GSM2533488	29730	A_52_P611783	Fxyd2	0		NM_052823	1.626555816					1	1	0	0	0	0	0	0	0	29730|A_52_P611783	15.4859557043868	True	True
GSM2533488	29964	A_51_P335801	Calb1	0		NM_009788	1.847118808					1	1	0	0	0	0	0	0	0	29964|A_51_P335801	14.5165180244357	True	True
GSM2533488	30753	A_51_P335801	Calb1	0		NM_009788	1.829842521					1	1	0	0	0	0	0	0	0	30753|A_51_P335801	14.232731740332	True	True
GSM2533488	31276	A_52_P23661	Cldn19	0		NM_001038590	1.291460651					1	1	0	0	0	0	0	0	0	31276|A_52_P23661	9.23695310214558	True	True
GSM2533488	33630	A_52_P244931	Slc8a1	0		AK048160	0.0					0	0	0	0	0	0	0	0	0	33630|A_52_P244931	7.02772541516162	True	False
GSM2533488	37269	A_51_P445985	Slc12a3	0		NM_019415	1.612780484					1	1	0	0	0	0	0	0	0	37269|A_51_P445985	12.0277789267114	True	True
GSM2533488	38687	A_52_P515497	Atp1a1	0		NM_144900	1.495521813					1	1	0	0	0	0	0	0	0	38687|A_52_P515497	16.2760925153477	True	True
GSM2533488	40389	A_52_P184322	Trpm6	0		NM_153417	0.6890953167					1	1	0	0	0	0	0	0	0	40389|A_52_P184322	7.66548562155958	True	True
GSM2533488	40926	A_51_P197499	Bsnd	0		NM_080458	0.6248220716					1	1	0	0	0	0	0	0	0	40926|A_51_P197499	8.18373440742808	True	True
GSM2533488	44562	A_51_P335801	Calb1	0		NM_009788	1.851169555					1	1	0	0	0	0	1	1	0	44562|A_51_P335801	13.7179139009135	False	False
GSM2533488	44811	A_51_P222543	Atp2b1	0		NM_026482	-0.1687622133					1	1	0	0	0	0	0	0	0	44811|A_51_P222543	8.2276381045624	True	True
GSM2533488	45034	A_52_P152274	Clcnka	0		NM_024412	1.309979409					1	1	0	0	0	0	0	0	0	45034|A_52_P152274	9.27446672812201	True	True
GSM2533489	2344	A_51_P335801	Calb1	0		NM_009788	1.980884111					1	1	0	0	0	0	1	1	0	2344|A_51_P335801	13.5721957175632	False	False
GSM2533489	3560	A_51_P230799	Atp2b1	0		NM_026482	-0.1437478222					1	1	0	0	0	0	0	0	0	3560|A_51_P230799	7.52940573761794	True	True
GSM2533489	5551	A_51_P243073	Trpm6	0		AK080899	0.0					0	0	0	0	0	0	0	0	0	5551|A_51_P243073	7.06204704458915	True	False
GSM2533489	5837	A_51_P428512	Cldn16	0		NM_053241	1.592915359					0	1	0	0	0	0	0	0	0	5837|A_51_P428512	7.89941786310162	True	True
GSM2533489	5868	A_51_P281586	Cnnm2	0		NM_033569	0.6123632048					1	1	0	0	0	0	0	0	0	5868|A_51_P281586	8.45674462196929	True	True
GSM2533489	7768	A_51_P335801	Calb1	0		NM_009788	1.98180944					1	1	0	0	0	0	0	0	0	7768|A_51_P335801	13.8670468251449	True	True
GSM2533489	10045	A_51_P442227	Slc12a1	0		U61381	0.4055838152					0	1	0	0	0	0	0	0	0	10045|A_51_P442227	7.26564978533237	True	True
GSM2533489	10087	A_52_P260659	Kcnj10	0		NM_001039484	2.171116379					1	1	0	0	0	0	0	0	0	10087|A_52_P260659	10.6685700538859	True	True
GSM2533489	11353	A_51_P335801	Calb1	0		NM_009788	1.984659657					1	1	0	0	0	0	0	0	0	11353|A_51_P335801	14.0345071077732	True	True
GSM2533489	11562	A_51_P300817	Atp1a1	0		NM_144900	1.329200151					1	1	0	0	0	0	0	0	0	11562|A_51_P300817	16.5758186300808	True	True
GSM2533489	12114	A_51_P151484	Atp1b1	0		NM_009721	1.784915706					1	1	0	0	0	0	0	0	0	12114|A_51_P151484	14.9556805713125	True	True
GSM2533489	12522	A_51_P335801	Calb1	0		NM_009788	1.969439049					1	1	0	0	0	0	0	0	0	12522|A_51_P335801	14.0974310968244	True	True
GSM2533489	12999	A_52_P348986	Atp2b1	0		NM_026482	-0.3134624407					1	1	0	0	0	0	0	0	0	12999|A_52_P348986	9.52808375242992	True	True
GSM2533489	13287	A_52_P26118	Slc12a1	0		NM_001079690	2.529983059					1	1	0	0	0	0	0	0	0	13287|A_52_P26118	14.2671039515626	True	True
GSM2533489	15381	A_51_P352572	Clcnkb	0		AF124847	1.136644073					1	1	0	0	0	0	0	0	0	15381|A_51_P352572	8.4727119841461	True	True
GSM2533489	15729	A_51_P335801	Calb1	0		NM_009788	1.973155376					1	1	0	0	0	0	0	0	0	15729|A_51_P335801	14.0504007077845	True	True
GSM2533489	15983	A_52_P550331	Kcnj16	0		NM_010604	2.399532005					0	1	0	0	0	0	0	0	0	15983|A_52_P550331	9.87595317041105	True	True
GSM2533489	16664	A_51_P277373	Slc8a1	0		NM_001286684	1.207891191					1	1	0	0	0	0	0	0	0	16664|A_51_P277373	8.6106194034658	True	True
GSM2533489	18179	A_52_P313284	Slc8a1	0		NR_104580	0.6479618903					1	1	0	0	0	0	0	0	0	18179|A_52_P313284	7.84491035933327	True	True
GSM2533489	18232	A_51_P171332	Cldn19	0		NM_153105	0.9612982628					1	1	0	0	0	0	0	0	0	18232|A_51_P171332	8.06688276520176	True	True
GSM2533489	18861	A_51_P239601	Trpv5	0		NM_001007572	0.7717592723					0	1	0	0	0	0	0	0	0	18861|A_51_P239601	7.48488166175669	True	True
GSM2533489	19028	A_52_P231461	Slc8a1	0		NM_011406	1.296127519					0	1	0	0	0	0	0	0	0	19028|A_52_P231461	7.54317032795638	True	True
GSM2533489	20241	A_51_P335801	Calb1	0		NM_009788	1.981014689					1	1	0	0	0	0	0	0	0	20241|A_51_P335801	14.0526289806466	True	True
GSM2533489	22525	A_52_P562704	Slc8a1	0		NM_011406	0.6400594434					1	1	0	0	0	0	0	0	0	22525|A_52_P562704	8.1871244445836	True	True
GSM2533489	22740	A_52_P550325	Kcnj16	0		NM_010604	2.138705188					1	1	0	0	0	0	0	0	0	22740|A_52_P550325	14.5373982482462	True	True
GSM2533489	23878	A_51_P335801	Calb1	0		NM_009788	1.967678312					1	1	0	0	0	0	0	0	0	23878|A_51_P335801	13.9722617889998	True	True
GSM2533489	26196	A_51_P357773	Kcnj16	0		NM_010604	2.040213743					0	1	0	0	0	0	0	0	0	26196|A_51_P357773	9.68103544097786	True	True
GSM2533489	26242	A_52_P499907	Kcnj1	0		NM_019659	2.428494068					1	1	0	0	0	0	0	0	0	26242|A_52_P499907	14.0224056099382	True	True
GSM2533489	27676	A_52_P351913	Atp2b1	0		AK053569	0.1093483699					1	1	0	0	0	0	0	0	0	27676|A_52_P351913	7.77981009457266	True	True
GSM2533489	29730	A_52_P611783	Fxyd2	0		NM_052823	1.825734136					1	1	0	0	0	0	0	0	0	29730|A_52_P611783	15.9040639305144	True	True
GSM2533489	29964	A_51_P335801	Calb1	0		NM_009788	2.002052235					1	1	0	0	0	0	0	0	0	29964|A_51_P335801	14.1389274339505	True	True
GSM2533489	30753	A_51_P335801	Calb1	0		NM_009788	1.958633562					1	1	0	0	0	0	0	0	0	30753|A_51_P335801	13.9387266452305	True	True
GSM2533489	31276	A_52_P23661	Cldn19	0		NM_001038590	1.262155612					1	1	0	0	0	0	0	0	0	31276|A_52_P23661	8.68977528981449	True	True
GSM2533489	33630	A_52_P244931	Slc8a1	0		AK048160	0.0					0	0	0	0	0	0	0	0	0	33630|A_52_P244931	7.05349845357932	True	False
GSM2533489	37269	A_51_P445985	Slc12a3	0		NM_019415	1.82614918					1	1	0	0	0	0	0	0	0	37269|A_51_P445985	11.5087677719343	True	True
GSM2533489	38687	A_52_P515497	Atp1a1	0		NM_144900	1.368924846					1	1	0	0	0	0	0	0	0	38687|A_52_P515497	15.9972437714398	True	True
GSM2533489	40389	A_52_P184322	Trpm6	0		NM_153417	0.4216789053					1	1	0	0	0	0	0	0	0	40389|A_52_P184322	7.53225226403877	True	True
GSM2533489	40926	A_51_P197499	Bsnd	0		NM_080458	0.569581582					1	1	0	0	0	0	0	0	0	40926|A_51_P197499	7.94764524059544	True	True
GSM2533489	44562	A_51_P335801	Calb1	0		NM_009788	2.006123591					1	1	0	0	0	0	1	1	0	44562|A_51_P335801	13.5028654034592	False	False
GSM2533489	44811	A_51_P222543	Atp2b1	0		NM_026482	-0.1481502653					1	1	0	0	0	0	0	0	0	44811|A_51_P222543	8.29555677576742	True	True
GSM2533489	45034	A_52_P152274	Clcnka	0		NM_024412	1.350666979					1	1	0	0	0	0	0	0	0	45034|A_52_P152274	8.74519002474336	True	True
GSM2533490	2344	A_51_P335801	Calb1	0		NM_009788	1.947637629					1	1	0	0	0	0	0	0	0	2344|A_51_P335801	12.9825497398121	True	True
GSM2533490	3560	A_51_P230799	Atp2b1	0		NM_026482	-0.163579459					1	1	0	0	0	0	0	0	0	3560|A_51_P230799	7.49448871457333	True	True
GSM2533490	5551	A_51_P243073	Trpm6	0		AK080899	0.0					0	0	0	0	0	0	0	0	0	5551|A_51_P243073	7.05268361188661	True	False
GSM2533490	5837	A_51_P428512	Cldn16	0		NM_053241	1.528508908					0	1	0	0	0	0	0	0	0	5837|A_51_P428512	8.05295071424316	True	True
GSM2533490	5868	A_51_P281586	Cnnm2	0		NM_033569	0.5492072264					1	1	0	0	0	0	0	0	0	5868|A_51_P281586	8.56450185879713	True	True
GSM2533490	7768	A_51_P335801	Calb1	0		NM_009788	1.990759712					1	1	0	0	0	0	0	0	0	7768|A_51_P335801	13.30962065246	True	True
GSM2533490	10045	A_51_P442227	Slc12a1	0		U61381	0.9979582704					0	1	0	0	0	0	0	0	0	10045|A_51_P442227	7.29907095989482	True	True
GSM2533490	10087	A_52_P260659	Kcnj10	0		NM_001039484	2.043802318					1	1	0	0	0	0	0	0	0	10087|A_52_P260659	10.7707367984862	True	True
GSM2533490	11353	A_51_P335801	Calb1	0		NM_009788	1.957174339					1	1	0	0	0	0	0	0	0	11353|A_51_P335801	13.5955735383277	True	True
GSM2533490	11562	A_51_P300817	Atp1a1	0		NM_144900	1.264940103					1	1	0	0	0	0	0	0	0	11562|A_51_P300817	16.2377698610422	True	True
GSM2533490	12114	A_51_P151484	Atp1b1	0		NM_009721	1.857036629					1	1	0	0	0	0	0	0	0	12114|A_51_P151484	15.1847983963009	True	True
GSM2533490	12522	A_51_P335801	Calb1	0		NM_009788	1.980333131					1	1	0	0	0	0	0	0	0	12522|A_51_P335801	13.4402128736213	True	True
GSM2533490	12999	A_52_P348986	Atp2b1	0		NM_026482	-0.2806445271					1	1	0	0	0	0	0	0	0	12999|A_52_P348986	9.76717492431463	True	True
GSM2533490	13287	A_52_P26118	Slc12a1	0		NM_001079690	2.541329129					1	1	0	0	0	0	0	0	0	13287|A_52_P26118	14.4773337968859	True	True
GSM2533490	15381	A_51_P352572	Clcnkb	0		AF124847	1.286618103					1	1	0	0	0	0	0	0	0	15381|A_51_P352572	8.98988497196358	True	True
GSM2533490	15729	A_51_P335801	Calb1	0		NM_009788	1.947638574					1	1	0	0	0	0	0	0	0	15729|A_51_P335801	13.0160462528404	True	True
GSM2533490	15983	A_52_P550331	Kcnj16	0		NM_010604	2.515939665					0	1	0	0	0	0	0	0	0	15983|A_52_P550331	9.48771883528307	True	True
GSM2533490	16664	A_51_P277373	Slc8a1	0		NM_001286684	1.452204545					0	1	0	0	0	0	0	0	0	16664|A_51_P277373	8.2327566277156	True	True
GSM2533490	18179	A_52_P313284	Slc8a1	0		NR_104580	0.603080453					1	1	0	0	0	0	0	0	0	18179|A_52_P313284	7.84325801892102	True	True
GSM2533490	18232	A_51_P171332	Cldn19	0		NM_153105	0.8916332584					1	1	0	0	0	0	0	0	0	18232|A_51_P171332	8.25060356073998	True	True
GSM2533490	18861	A_51_P239601	Trpv5	0		NM_001007572	1.063798376					0	1	0	0	0	0	0	0	0	18861|A_51_P239601	7.44328727875259	True	True
GSM2533490	19028	A_52_P231461	Slc8a1	0		NM_011406	0.3945242787					1	1	0	0	0	0	0	0	0	19028|A_52_P231461	7.6340205245887	True	True
GSM2533490	20241	A_51_P335801	Calb1	0		NM_009788	1.901359236					1	1	0	0	0	0	0	0	0	20241|A_51_P335801	12.9712862792713	True	True
GSM2533490	22525	A_52_P562704	Slc8a1	0		NM_011406	0.4485892789					1	1	0	0	0	0	0	0	0	22525|A_52_P562704	8.164417787778	True	True
GSM2533490	22740	A_52_P550325	Kcnj16	0		NM_010604	2.081981489					1	1	0	0	0	0	0	0	0	22740|A_52_P550325	14.4291653911847	True	True
GSM2533490	23878	A_51_P335801	Calb1	0		NM_009788	1.956754512					1	1	0	0	0	0	0	0	0	23878|A_51_P335801	13.462640570663	True	True
GSM2533490	26196	A_51_P357773	Kcnj16	0		NM_010604	2.015075234					0	1	0	0	0	0	0	0	0	26196|A_51_P357773	9.30714178239814	True	True
GSM2533490	26242	A_52_P499907	Kcnj1	0		NM_019659	2.351745643					1	1	0	0	0	0	0	0	0	26242|A_52_P499907	14.3986453384177	True	True
GSM2533490	27676	A_52_P351913	Atp2b1	0		AK053569	0.2354625325					1	1	0	0	0	0	0	0	0	27676|A_52_P351913	8.00337673607392	True	True
GSM2533490	29730	A_52_P611783	Fxyd2	0		NM_052823	1.827032388					1	1	0	0	0	0	0	0	0	29730|A_52_P611783	16.0189233010944	True	True
GSM2533490	29964	A_51_P335801	Calb1	0		NM_009788	1.943476333					1	1	0	0	0	0	0	0	0	29964|A_51_P335801	13.5369065779211	True	True
GSM2533490	30753	A_51_P335801	Calb1	0		NM_009788	1.947856761					1	1	0	0	0	0	0	0	0	30753|A_51_P335801	13.4700909653331	True	True
GSM2533490	31276	A_52_P23661	Cldn19	0		NM_001038590	1.330109553					1	1	0	0	0	0	0	0	0	31276|A_52_P23661	8.99485604181405	True	True
GSM2533490	33630	A_52_P244931	Slc8a1	0		AK048160	0.0					0	0	0	0	0	0	0	0	0	33630|A_52_P244931	7.08634551587872	True	False
GSM2533490	37269	A_51_P445985	Slc12a3	0		NM_019415	1.685701199					1	1	0	0	0	0	0	0	0	37269|A_51_P445985	10.7297063043272	True	True
GSM2533490	38687	A_52_P515497	Atp1a1	0		NM_144900	1.347662346					1	1	0	0	0	0	0	0	0	38687|A_52_P515497	15.7564583006518	True	True
GSM2533490	40389	A_52_P184322	Trpm6	0		NM_153417	0.2188262088					1	1	0	0	0	0	0	0	0	40389|A_52_P184322	7.35099247226575	True	True
GSM2533490	40926	A_51_P197499	Bsnd	0		NM_080458	0.3867424481					1	1	0	0	0	0	0	0	0	40926|A_51_P197499	7.89458090399548	True	True
GSM2533490	44562	A_51_P335801	Calb1	0		NM_009788	1.973435483					1	1	0	0	0	0	0	0	0	44562|A_51_P335801	12.7061952303338	True	True
GSM2533490	44811	A_51_P222543	Atp2b1	0		NM_026482	-0.1008376223					1	1	0	0	0	0	0	0	0	44811|A_51_P222543	8.26591621517278	True	True
GSM2533490	45034	A_52_P152274	Clcnka	0		NM_024412	1.256073199					1	1	0	0	0	0	0	0	0	45034|A_52_P152274	8.70162990966196	True	True
GSM2533491	2344	A_51_P335801	Calb1	0		NM_009788	1.889278357					1	1	0	0	0	0	0	0	0	2344|A_51_P335801	13.8334816492565	True	True
GSM2533491	3560	A_51_P230799	Atp2b1	0		NM_026482	-0.2042791402					1	1	0	0	0	0	0	0	0	3560|A_51_P230799	7.58072741281636	True	True
GSM2533491	5551	A_51_P243073	Trpm6	0		AK080899	0.0					0	0	0	0	0	0	0	0	0	5551|A_51_P243073	7.13267153026509	True	False
GSM2533491	5837	A_51_P428512	Cldn16	0		NM_053241	1.618881223					0	1	0	0	0	0	0	0	0	5837|A_51_P428512	8.15156369729536	True	True
GSM2533491	5868	A_51_P281586	Cnnm2	0		NM_033569	0.6591551293					1	1	0	0	0	0	0	0	0	5868|A_51_P281586	8.55748225921817	True	True
GSM2533491	7768	A_51_P335801	Calb1	0		NM_009788	1.89930889					1	1	0	0	0	0	0	0	0	7768|A_51_P335801	13.9683726565229	True	True
GSM2533491	10045	A_51_P442227	Slc12a1	0		U61381	0.8664242298					0	1	0	0	0	0	0	0	0	10045|A_51_P442227	7.34803010307143	True	True
GSM2533491	10087	A_52_P260659	Kcnj10	0		NM_001039484	2.011655123					1	1	0	0	0	0	0	0	0	10087|A_52_P260659	11.4397461204004	True	True
GSM2533491	11353	A_51_P335801	Calb1	0		NM_009788	1.876662559					1	1	0	0	0	0	0	0	0	11353|A_51_P335801	14.0742285828984	True	True
GSM2533491	11562	A_51_P300817	Atp1a1	0		NM_144900	1.496467345					1	1	0	0	0	0	0	0	0	11562|A_51_P300817	17.4404760664515	True	True
GSM2533491	12114	A_51_P151484	Atp1b1	0		NM_009721	1.740741623					1	1	0	0	0	0	0	0	0	12114|A_51_P151484	14.874399632347	True	True
GSM2533491	12522	A_51_P335801	Calb1	0		NM_009788	1.879210048					1	1	0	0	0	0	0	0	0	12522|A_51_P335801	14.1370288418189	True	True
GSM2533491	12999	A_52_P348986	Atp2b1	0		NM_026482	-0.3147036871					1	1	0	0	0	0	0	0	0	12999|A_52_P348986	9.48471225626738	True	True
GSM2533491	13287	A_52_P26118	Slc12a1	0		NM_001079690	2.710141118					1	1	0	0	0	0	0	0	0	13287|A_52_P26118	14.9603375272742	True	True
GSM2533491	15381	A_51_P352572	Clcnkb	0		AF124847	0.9493941894					1	1	0	0	0	0	0	0	0	15381|A_51_P352572	8.21739468193437	True	True
GSM2533491	15729	A_51_P335801	Calb1	0		NM_009788	1.886379537					1	1	0	0	0	0	0	0	0	15729|A_51_P335801	14.0718369960697	True	True
GSM2533491	15983	A_52_P550331	Kcnj16	0		NM_010604	2.300953188					0	1	0	0	0	0	0	0	0	15983|A_52_P550331	9.56251407578448	True	True
GSM2533491	16664	A_51_P277373	Slc8a1	0		NM_001286684	1.199492775					1	1	0	0	0	0	0	0	0	16664|A_51_P277373	8.39664967560781	True	True
GSM2533491	18179	A_52_P313284	Slc8a1	0		NR_104580	0.7024931188					1	1	0	0	0	0	0	0	0	18179|A_52_P313284	8.06430585717211	True	True
GSM2533491	18232	A_51_P171332	Cldn19	0		NM_153105	1.234728267					1	1	0	0	0	0	0	0	0	18232|A_51_P171332	8.77433999827839	True	True
GSM2533491	18861	A_51_P239601	Trpv5	0		NM_001007572	1.255585619					0	1	0	0	0	0	0	0	0	18861|A_51_P239601	7.58687137551245	True	True
GSM2533491	19028	A_52_P231461	Slc8a1	0		NM_011406	1.470295702					0	1	0	0	0	0	0	0	0	19028|A_52_P231461	7.75590904507753	True	True
GSM2533491	20241	A_51_P335801	Calb1	0		NM_009788	1.879770397					1	1	0	0	0	0	0	0	0	20241|A_51_P335801	14.0765232993295	True	True
GSM2533491	22525	A_52_P562704	Slc8a1	0		NM_011406	0.6588402432					1	1	0	0	0	0	0	0	0	22525|A_52_P562704	8.38164310537494	True	True
GSM2533491	22740	A_52_P550325	Kcnj16	0		NM_010604	1.932322921					1	1	0	0	0	0	0	0	0	22740|A_52_P550325	14.4366917984592	True	True
GSM2533491	23878	A_51_P335801	Calb1	0		NM_009788	1.857247383					1	1	0	0	0	0	0	0	0	23878|A_51_P335801	14.1876803706238	True	True
GSM2533491	26196	A_51_P357773	Kcnj16	0		NM_010604	1.843164111					1	1	0	0	0	0	0	0	0	26196|A_51_P357773	9.8025425370207	True	True
GSM2533491	26242	A_52_P499907	Kcnj1	0		NM_019659	2.314304819					1	1	0	0	0	0	0	0	0	26242|A_52_P499907	14.958102059871	True	True
GSM2533491	27676	A_52_P351913	Atp2b1	0		AK053569	0.09507655252					1	1	0	0	0	0	0	0	0	27676|A_52_P351913	7.82719109239461	True	True
GSM2533491	29730	A_52_P611783	Fxyd2	0		NM_052823	1.646460742					1	1	0	0	0	0	0	0	0	29730|A_52_P611783	15.6209046574356	True	True
GSM2533491	29964	A_51_P335801	Calb1	0		NM_009788	1.876384076					1	1	0	0	0	0	0	0	0	29964|A_51_P335801	14.3229198773505	True	True
GSM2533491	30753	A_51_P335801	Calb1	0		NM_009788	1.850033116					1	1	0	0	0	0	0	0	0	30753|A_51_P335801	14.0453919008926	True	True
GSM2533491	31276	A_52_P23661	Cldn19	0		NM_001038590	1.341134082					1	1	0	0	0	0	0	0	0	31276|A_52_P23661	9.4687555522257	True	True
GSM2533491	33630	A_52_P244931	Slc8a1	0		AK048160	0.0					0	0	0	0	0	0	0	0	0	33630|A_52_P244931	7.06383617052467	True	False
GSM2533491	37269	A_51_P445985	Slc12a3	0		NM_019415	1.604442993					1	1	0	0	0	0	0	0	0	37269|A_51_P445985	12.4417488324069	True	True
GSM2533491	38687	A_52_P515497	Atp1a1	0		NM_144900	1.45354664					1	1	0	0	0	0	0	0	0	38687|A_52_P515497	16.2226167369946	True	True
GSM2533491	40389	A_52_P184322	Trpm6	0		NM_153417	0.550513283					1	1	0	0	0	0	0	0	0	40389|A_52_P184322	7.6930279608402	True	True
GSM2533491	40926	A_51_P197499	Bsnd	0		NM_080458	0.7803462412					1	1	0	0	0	0	0	0	0	40926|A_51_P197499	8.68807679994696	True	True
GSM2533491	44562	A_51_P335801	Calb1	0		NM_009788	1.90168599					1	1	0	0	0	0	0	1	0	44562|A_51_P335801	13.6842215042547	False	False
GSM2533491	44811	A_51_P222543	Atp2b1	0		NM_026482	-0.1927925352					1	1	0	0	0	0	0	0	0	44811|A_51_P222543	8.22482443132378	True	True
GSM2533491	45034	A_52_P152274	Clcnka	0		NM_024412	1.404546407					1	1	0	0	0	0	0	0	0	45034|A_52_P152274	10.0397217445225	True	True
GSM2533492	2344	A_51_P335801	Calb1	0		NM_009788	1.868608283					1	1	0	0	0	0	0	1	0	2344|A_51_P335801	13.7213676969566	False	False
GSM2533492	3560	A_51_P230799	Atp2b1	0		NM_026482	-0.2218545059					1	1	0	0	0	0	0	0	0	3560|A_51_P230799	7.49394512526105	True	True
GSM2533492	5551	A_51_P243073	Trpm6	0		AK080899	0.0					0	0	0	0	0	0	0	0	0	5551|A_51_P243073	7.071378800977	True	False
GSM2533492	5837	A_51_P428512	Cldn16	0		NM_053241	1.35109349					1	1	0	0	0	0	0	0	0	5837|A_51_P428512	8.55092833667251	True	True
GSM2533492	5868	A_51_P281586	Cnnm2	0		NM_033569	0.522242906					1	1	0	0	0	0	0	0	0	5868|A_51_P281586	8.29263771615328	True	True
GSM2533492	7768	A_51_P335801	Calb1	0		NM_009788	1.858617297					1	1	0	0	0	0	0	0	0	7768|A_51_P335801	13.9271388583258	True	True
GSM2533492	10045	A_51_P442227	Slc12a1	0		U61381	0.52444718					0	1	0	0	0	0	0	0	0	10045|A_51_P442227	7.26541130353208	True	True
GSM2533492	10087	A_52_P260659	Kcnj10	0		NM_001039484	1.948497638					1	1	0	0	0	0	0	0	0	10087|A_52_P260659	11.230890508088	True	True
GSM2533492	11353	A_51_P335801	Calb1	0		NM_009788	1.83695464					1	1	0	0	0	0	0	0	0	11353|A_51_P335801	14.0830765683861	True	True
GSM2533492	11562	A_51_P300817	Atp1a1	0		NM_144900	1.377955269					1	1	0	0	0	0	0	0	0	11562|A_51_P300817	17.1913916020506	True	True
GSM2533492	12114	A_51_P151484	Atp1b1	0		NM_009721	1.64675958					1	1	0	0	0	0	0	0	0	12114|A_51_P151484	14.7266588753975	True	True
GSM2533492	12522	A_51_P335801	Calb1	0		NM_009788	1.837833607					1	1	0	0	0	0	0	0	0	12522|A_51_P335801	14.0672958196682	True	True
GSM2533492	12999	A_52_P348986	Atp2b1	0		NM_026482	-0.2936644956					1	1	0	0	0	0	0	0	0	12999|A_52_P348986	9.49756320858263	True	True
GSM2533492	13287	A_52_P26118	Slc12a1	0		NM_001079690	2.491159766					1	1	0	0	0	0	0	0	0	13287|A_52_P26118	14.5713353367445	True	True
GSM2533492	15381	A_51_P352572	Clcnkb	0		AF124847	0.7997353127					1	1	0	0	0	0	0	0	0	15381|A_51_P352572	7.9201345137708	True	True
GSM2533492	15729	A_51_P335801	Calb1	0		NM_009788	1.840788684					1	1	0	0	0	0	0	0	0	15729|A_51_P335801	13.9631879597224	True	True
GSM2533492	15983	A_52_P550331	Kcnj16	0		NM_010604	1.983211296					0	1	0	0	0	0	0	0	0	15983|A_52_P550331	9.26510146982685	True	True
GSM2533492	16664	A_51_P277373	Slc8a1	0		NM_001286684	1.121966533					1	1	0	0	0	0	0	0	0	16664|A_51_P277373	8.25993742353534	True	True
GSM2533492	18179	A_52_P313284	Slc8a1	0		NR_104580	0.6385526748					1	1	0	0	0	0	0	0	0	18179|A_52_P313284	7.89294893866718	True	True
GSM2533492	18232	A_51_P171332	Cldn19	0		NM_153105	1.233440657					1	1	0	0	0	0	0	0	0	18232|A_51_P171332	8.9667868799856	True	True
GSM2533492	18861	A_51_P239601	Trpv5	0		NM_001007572	0.9914872458					0	1	0	0	0	0	0	0	0	18861|A_51_P239601	7.48929023005098	True	True
GSM2533492	19028	A_52_P231461	Slc8a1	0		NM_011406	1.429457986					0	1	0	0	0	0	0	0	0	19028|A_52_P231461	7.6095091614247	True	True
GSM2533492	20241	A_51_P335801	Calb1	0		NM_009788	1.867016794					1	1	0	0	0	0	0	0	0	20241|A_51_P335801	14.0068044206742	True	True
GSM2533492	22525	A_52_P562704	Slc8a1	0		NM_011406	0.6155899026					1	1	0	0	0	0	0	0	0	22525|A_52_P562704	8.19803726885463	True	True
GSM2533492	22740	A_52_P550325	Kcnj16	0		NM_010604	1.895350382					1	1	0	0	0	0	0	0	0	22740|A_52_P550325	14.2130421132095	True	True
GSM2533492	23878	A_51_P335801	Calb1	0		NM_009788	1.840710929					1	1	0	0	0	0	0	0	0	23878|A_51_P335801	13.9438086863428	True	True
GSM2533492	26196	A_51_P357773	Kcnj16	0		NM_010604	1.682702319					1	1	0	0	0	0	0	0	0	26196|A_51_P357773	9.64621571410455	True	True
GSM2533492	26242	A_52_P499907	Kcnj1	0		NM_019659	2.281714445					1	1	0	0	0	0	0	0	0	26242|A_52_P499907	14.7240232314879	True	True
GSM2533492	27676	A_52_P351913	Atp2b1	0		AK053569	0.1903941415					1	1	0	0	0	0	0	0	0	27676|A_52_P351913	7.90075926793572	True	True
GSM2533492	29730	A_52_P611783	Fxyd2	0		NM_052823	1.621296483					1	1	0	0	0	0	0	0	0	29730|A_52_P611783	15.4312586946843	True	True
GSM2533492	29964	A_51_P335801	Calb1	0		NM_009788	1.855401623					1	1	0	0	0	0	0	0	0	29964|A_51_P335801	14.1729121458655	True	True
GSM2533492	30753	A_51_P335801	Calb1	0		NM_009788	1.841532817					1	1	0	0	0	0	0	0	0	30753|A_51_P335801	13.9608297976425	True	True
GSM2533492	31276	A_52_P23661	Cldn19	0		NM_001038590	1.340550597					1	1	0	0	0	0	0	0	0	31276|A_52_P23661	9.31064011618339	True	True
GSM2533492	33630	A_52_P244931	Slc8a1	0		AK048160	0.0					0	0	0	0	0	0	0	0	0	33630|A_52_P244931	6.98172600169337	True	False
GSM2533492	37269	A_51_P445985	Slc12a3	0		NM_019415	1.53989517					1	1	0	0	0	0	0	0	0	37269|A_51_P445985	12.1039639493436	True	True
GSM2533492	38687	A_52_P515497	Atp1a1	0		NM_144900	1.334750158					1	1	0	0	0	0	0	0	0	38687|A_52_P515497	15.9370791088001	True	True
GSM2533492	40389	A_52_P184322	Trpm6	0		NM_153417	0.504767471					1	1	0	0	0	0	0	0	0	40389|A_52_P184322	7.635314508192	True	True
GSM2533492	40926	A_51_P197499	Bsnd	0		NM_080458	0.7774077581					1	1	0	0	0	0	0	0	0	40926|A_51_P197499	8.70046847495367	True	True
GSM2533492	44562	A_51_P335801	Calb1	0		NM_009788	1.865627108					1	1	0	0	0	0	1	1	0	44562|A_51_P335801	13.5672063543048	False	False
GSM2533492	44811	A_51_P222543	Atp2b1	0		NM_026482	-0.1925519659					1	1	0	0	0	0	0	0	0	44811|A_51_P222543	8.14534378366192	True	True
GSM2533492	45034	A_52_P152274	Clcnka	0		NM_024412	1.249200579					1	1	0	0	0	0	0	0	0	45034|A_52_P152274	9.4790790949115	True	True
GSM2533493	2344	A_51_P335801	Calb1	0		NM_009788	1.788412719					1	1	0	0	0	0	0	0	0	2344|A_51_P335801	13.4582357448451	True	True
GSM2533493	3560	A_51_P230799	Atp2b1	0		NM_026482	-0.07359023738					1	1	0	0	0	0	0	0	0	3560|A_51_P230799	7.64882483768182	True	True
GSM2533493	5551	A_51_P243073	Trpm6	0		AK080899	0.0					0	0	0	0	0	0	0	0	0	5551|A_51_P243073	7.08241223494611	True	False
GSM2533493	5837	A_51_P428512	Cldn16	0		NM_053241	1.393412997					0	1	0	0	0	0	0	0	0	5837|A_51_P428512	8.29508829062914	True	True
GSM2533493	5868	A_51_P281586	Cnnm2	0		NM_033569	0.576137429					1	1	0	0	0	0	0	0	0	5868|A_51_P281586	8.4519864415348	True	True
GSM2533493	7768	A_51_P335801	Calb1	0		NM_009788	1.81077547					1	1	0	0	0	0	0	0	0	7768|A_51_P335801	13.7791687176894	True	True
GSM2533493	10045	A_51_P442227	Slc12a1	0		U61381	0.7141681645					0	1	0	0	0	0	0	0	0	10045|A_51_P442227	7.39264672894277	True	True
GSM2533493	10087	A_52_P260659	Kcnj10	0		NM_001039484	1.909146236					1	1	0	0	0	0	0	0	0	10087|A_52_P260659	11.3336289835669	True	True
GSM2533493	11353	A_51_P335801	Calb1	0		NM_009788	1.801030553					1	1	0	0	0	0	0	0	0	11353|A_51_P335801	14.0028217649711	True	True
GSM2533493	11562	A_51_P300817	Atp1a1	0		NM_144900	1.419005247					1	1	0	0	0	0	0	0	0	11562|A_51_P300817	17.3043479888756	True	True
GSM2533493	12114	A_51_P151484	Atp1b1	0		NM_009721	1.751692372					1	1	0	0	0	0	0	0	0	12114|A_51_P151484	15.0302238827005	True	True
GSM2533493	12522	A_51_P335801	Calb1	0		NM_009788	1.804573058					1	1	0	0	0	0	0	0	0	12522|A_51_P335801	13.9209280352932	True	True
GSM2533493	12999	A_52_P348986	Atp2b1	0		NM_026482	-0.2741805518					1	1	0	0	0	0	0	0	0	12999|A_52_P348986	9.7081499551535	True	True
GSM2533493	13287	A_52_P26118	Slc12a1	0		NM_001079690	2.564996983					1	1	0	0	0	0	0	0	0	13287|A_52_P26118	14.7109424064283	True	True
GSM2533493	15381	A_51_P352572	Clcnkb	0		AF124847	0.6450548663					1	1	0	0	0	0	0	0	0	15381|A_51_P352572	7.76377925608821	True	True
GSM2533493	15729	A_51_P335801	Calb1	0		NM_009788	1.806109288					1	1	0	0	0	0	0	0	0	15729|A_51_P335801	13.8044782412557	True	True
GSM2533493	15983	A_52_P550331	Kcnj16	0		NM_010604	2.103518747					0	1	0	0	0	0	0	0	0	15983|A_52_P550331	9.29982850647471	True	True
GSM2533493	16664	A_51_P277373	Slc8a1	0		NM_001286684	1.036861208					1	1	0	0	0	0	0	0	0	16664|A_51_P277373	8.10303224259046	True	True
GSM2533493	18179	A_52_P313284	Slc8a1	0		NR_104580	0.7001677904					1	1	0	0	0	0	0	0	0	18179|A_52_P313284	7.9156579881161	True	True
GSM2533493	18232	A_51_P171332	Cldn19	0		NM_153105	1.122001375					1	1	0	0	0	0	0	0	0	18232|A_51_P171332	8.62613503500309	True	True
GSM2533493	18861	A_51_P239601	Trpv5	0		NM_001007572	1.218849837					0	1	0	0	0	0	0	0	0	18861|A_51_P239601	7.5248033753742	True	True
GSM2533493	19028	A_52_P231461	Slc8a1	0		NM_011406	1.464111861					0	1	0	0	0	0	0	0	0	19028|A_52_P231461	7.60286776960158	True	True
GSM2533493	20241	A_51_P335801	Calb1	0		NM_009788	1.812267363					1	1	0	0	0	0	0	0	0	20241|A_51_P335801	13.8541158735983	True	True
GSM2533493	22525	A_52_P562704	Slc8a1	0		NM_011406	0.6178705958					1	1	0	0	0	0	0	0	0	22525|A_52_P562704	8.14651158682313	True	True
GSM2533493	22740	A_52_P550325	Kcnj16	0		NM_010604	1.801885189					1	1	0	0	0	0	0	0	0	22740|A_52_P550325	14.1690124152663	True	True
GSM2533493	23878	A_51_P335801	Calb1	0		NM_009788	1.786061515					1	1	0	0	0	0	0	0	0	23878|A_51_P335801	13.8284221014265	True	True
GSM2533493	26196	A_51_P357773	Kcnj16	0		NM_010604	1.751707311					1	1	0	0	0	0	0	0	0	26196|A_51_P357773	9.55827627172937	True	True
GSM2533493	26242	A_52_P499907	Kcnj1	0		NM_019659	2.205299097					1	1	0	0	0	0	0	0	0	26242|A_52_P499907	14.6047905272139	True	True
GSM2533493	27676	A_52_P351913	Atp2b1	0		AK053569	-0.003420627229					1	1	0	0	0	0	0	0	0	27676|A_52_P351913	7.71765177771707	True	True
GSM2533493	29730	A_52_P611783	Fxyd2	0		NM_052823	1.58023318					1	1	0	0	0	0	0	0	0	29730|A_52_P611783	15.4227382215713	True	True
GSM2533493	29964	A_51_P335801	Calb1	0		NM_009788	1.789328599					1	1	0	0	0	0	0	0	0	29964|A_51_P335801	13.9966592836232	True	True
GSM2533493	30753	A_51_P335801	Calb1	0		NM_009788	1.792864274					1	1	0	0	0	0	0	0	0	30753|A_51_P335801	13.7875734703216	True	True
GSM2533493	31276	A_52_P23661	Cldn19	0		NM_001038590	1.376716094					1	1	0	0	0	0	0	0	0	31276|A_52_P23661	9.18076604471188	True	True
GSM2533493	33630	A_52_P244931	Slc8a1	0		AK048160	0.0					0	0	0	0	0	0	0	0	0	33630|A_52_P244931	7.03335479922276	True	False
GSM2533493	37269	A_51_P445985	Slc12a3	0		NM_019415	1.515911469					1	1	0	0	0	0	0	0	0	37269|A_51_P445985	12.1202079501757	True	True
GSM2533493	38687	A_52_P515497	Atp1a1	0		NM_144900	1.400659781					1	1	0	0	0	0	0	0	0	38687|A_52_P515497	16.1948137294452	True	True
GSM2533493	40389	A_52_P184322	Trpm6	0		NM_153417	0.3021154585					1	1	0	0	0	0	0	0	0	40389|A_52_P184322	7.63087206314903	True	True
GSM2533493	40926	A_51_P197499	Bsnd	0		NM_080458	0.7169421532					1	1	0	0	0	0	0	0	0	40926|A_51_P197499	8.32807122307344	True	True
GSM2533493	44562	A_51_P335801	Calb1	0		NM_009788	1.817082258					1	1	0	0	0	0	1	1	0	44562|A_51_P335801	13.3053497660891	False	False
GSM2533493	44811	A_51_P222543	Atp2b1	0		NM_026482	-0.172194871					1	1	0	0	0	0	0	0	0	44811|A_51_P222543	8.19293146315404	True	True
GSM2533493	45034	A_52_P152274	Clcnka	0		NM_024412	1.292565046					1	1	0	0	0	0	0	0	0	45034|A_52_P152274	9.59636112011133	True	True
GSM2533494	2344	A_51_P335801	Calb1	0		NM_009788	1.816651961					1	1	0	0	0	0	0	0	0	2344|A_51_P335801	14.1126361882338	True	True
GSM2533494	3560	A_51_P230799	Atp2b1	0		NM_026482	-0.1547331994					1	1	0	0	0	0	0	0	0	3560|A_51_P230799	7.57499489031401	True	True
GSM2533494	5551	A_51_P243073	Trpm6	0		AK080899	0.1132524326					0	0	0	0	0	0	0	0	0	5551|A_51_P243073	7.14789510758793	True	False
GSM2533494	5837	A_51_P428512	Cldn16	0		NM_053241	1.404070231					0	1	0	0	0	0	0	0	0	5837|A_51_P428512	8.37642533631086	True	True
GSM2533494	5868	A_51_P281586	Cnnm2	0		NM_033569	0.6861126362					1	1	0	0	0	0	0	0	0	5868|A_51_P281586	8.55491540900429	True	True
GSM2533494	7768	A_51_P335801	Calb1	0		NM_009788	1.796445367					1	1	0	0	0	0	0	0	0	7768|A_51_P335801	14.1710577835062	True	True
GSM2533494	10045	A_51_P442227	Slc12a1	0		U61381	0.8063556602					0	1	0	0	0	0	0	0	0	10045|A_51_P442227	7.3374672947089	True	True
GSM2533494	10087	A_52_P260659	Kcnj10	0		NM_001039484	1.82421241					1	1	0	0	0	0	0	0	0	10087|A_52_P260659	11.4227922733398	True	True
GSM2533494	11353	A_51_P335801	Calb1	0		NM_009788	1.774463886					1	1	0	0	0	0	0	0	0	11353|A_51_P335801	14.4884593713298	True	True
GSM2533494	11562	A_51_P300817	Atp1a1	0		NM_144900	1.517913743					1	1	0	0	0	0	0	0	0	11562|A_51_P300817	17.0614823861439	True	True
GSM2533494	12114	A_51_P151484	Atp1b1	0		NM_009721	1.748425272					1	1	0	0	0	0	0	0	0	12114|A_51_P151484	15.0134909819224	True	True
GSM2533494	12522	A_51_P335801	Calb1	0		NM_009788	1.771317818					1	1	0	0	0	0	0	0	0	12522|A_51_P335801	14.3024593788857	True	True
GSM2533494	12999	A_52_P348986	Atp2b1	0		NM_026482	-0.2462516076					1	1	0	0	0	0	0	0	0	12999|A_52_P348986	9.78891438041425	True	True
GSM2533494	13287	A_52_P26118	Slc12a1	0		NM_001079690	2.551204324					1	1	0	0	0	0	0	0	0	13287|A_52_P26118	14.6800510528371	True	True
GSM2533494	15381	A_51_P352572	Clcnkb	0		AF124847	1.116214415					1	1	0	0	0	0	0	0	0	15381|A_51_P352572	8.65120952449813	True	True
GSM2533494	15729	A_51_P335801	Calb1	0		NM_009788	1.773639886					1	1	0	0	0	0	0	0	0	15729|A_51_P335801	14.0088686735334	True	True
GSM2533494	15983	A_52_P550331	Kcnj16	0		NM_010604	2.474508031					0	1	0	0	0	0	0	0	0	15983|A_52_P550331	9.49464334073071	True	True
GSM2533494	16664	A_51_P277373	Slc8a1	0		NM_001286684	1.29370478					1	1	0	0	0	0	0	0	0	16664|A_51_P277373	8.49517414261293	True	True
GSM2533494	18179	A_52_P313284	Slc8a1	0		NR_104580	0.5991776151					1	1	0	0	0	0	0	0	0	18179|A_52_P313284	8.05401274692741	True	True
GSM2533494	18232	A_51_P171332	Cldn19	0		NM_153105	1.275221422					1	1	0	0	0	0	0	0	0	18232|A_51_P171332	8.77181372849318	True	True
GSM2533494	18861	A_51_P239601	Trpv5	0		NM_001007572	1.188860015					0	1	0	0	0	0	0	0	0	18861|A_51_P239601	7.57989284548959	True	True
GSM2533494	19028	A_52_P231461	Slc8a1	0		NM_011406	1.511805239					0	1	0	0	0	0	0	0	0	19028|A_52_P231461	7.6931989610469	True	True
GSM2533494	20241	A_51_P335801	Calb1	0		NM_009788	1.774812221					1	1	0	0	0	0	0	0	0	20241|A_51_P335801	14.069319693994	True	True
GSM2533494	22525	A_52_P562704	Slc8a1	0		NM_011406	0.7734687089					1	1	0	0	0	0	0	0	0	22525|A_52_P562704	8.34032015269703	True	True
GSM2533494	22740	A_52_P550325	Kcnj16	0		NM_010604	1.86271564					1	1	0	0	0	0	0	0	0	22740|A_52_P550325	14.4569806384314	True	True
GSM2533494	23878	A_51_P335801	Calb1	0		NM_009788	1.787758207					1	1	0	0	0	0	0	0	0	23878|A_51_P335801	14.4859027713737	True	True
GSM2533494	26196	A_51_P357773	Kcnj16	0		NM_010604	1.705066071					1	1	0	0	0	0	0	0	0	26196|A_51_P357773	9.7216974124737	True	True
GSM2533494	26242	A_52_P499907	Kcnj1	0		NM_019659	2.183897132					1	1	0	0	0	0	0	0	0	26242|A_52_P499907	15.1830919910345	True	True
GSM2533494	27676	A_52_P351913	Atp2b1	0		AK053569	-0.1457279684					1	1	0	0	0	0	0	0	0	27676|A_52_P351913	7.62106312399184	True	True
GSM2533494	29730	A_52_P611783	Fxyd2	0		NM_052823	1.555612587					1	1	0	0	0	0	0	0	0	29730|A_52_P611783	15.6033481851232	True	True
GSM2533494	29964	A_51_P335801	Calb1	0		NM_009788	1.799654722					1	1	0	0	0	0	0	0	0	29964|A_51_P335801	14.6415858685784	True	True
GSM2533494	30753	A_51_P335801	Calb1	0		NM_009788	1.770455398					1	1	0	0	0	0	0	0	0	30753|A_51_P335801	14.4656647059662	True	True
GSM2533494	31276	A_52_P23661	Cldn19	0		NM_001038590	1.238127209					1	1	0	0	0	0	0	0	0	31276|A_52_P23661	9.4914789009629	True	True
GSM2533494	33630	A_52_P244931	Slc8a1	0		AK048160	0.0					0	0	0	0	0	0	0	0	0	33630|A_52_P244931	7.11593897817802	True	False
GSM2533494	37269	A_51_P445985	Slc12a3	0		NM_019415	1.559012672					1	1	0	0	0	0	0	0	0	37269|A_51_P445985	12.2367996982944	True	True
GSM2533494	38687	A_52_P515497	Atp1a1	0		NM_144900	1.46990743					1	1	0	0	0	0	0	0	0	38687|A_52_P515497	16.2966514236446	True	True
GSM2533494	40389	A_52_P184322	Trpm6	0		NM_153417	0.5433518264					1	1	0	0	0	0	0	0	0	40389|A_52_P184322	7.86820474696652	True	True
GSM2533494	40926	A_51_P197499	Bsnd	0		NM_080458	0.9307752035					1	1	0	0	0	0	0	0	0	40926|A_51_P197499	8.42026198385446	True	True
GSM2533494	44562	A_51_P335801	Calb1	0		NM_009788	1.773051468					1	1	0	0	0	0	0	0	0	44562|A_51_P335801	13.839243930001	True	True
GSM2533494	44811	A_51_P222543	Atp2b1	0		NM_026482	-0.2385741761					1	1	0	0	0	0	0	0	0	44811|A_51_P222543	8.10893563413973	True	True
GSM2533494	45034	A_52_P152274	Clcnka	0		NM_024412	1.297036501					1	1	0	0	0	0	0	0	0	45034|A_52_P152274	9.78443955515245	True	True
GSM2533495	2344	A_51_P335801	Calb1	0	Calb1	NM_009788	1.842625851	0.0	0.0	1.0	1.0	1	1	0	0	0	0	0	0	0	2344|A_51_P335801	10.7177255822368	True	True
GSM2533495	3560	A_51_P230799	Atp2b1	0	Atp2b1	NM_026482	-0.09302767179	0.0	0.0	1.0	1.0	1	1	0	0	0	0	0	0	0	3560|A_51_P230799	7.60876951559832	True	True
GSM2533495	5551	A_51_P243073	Trpm6	0	Trpm6	AK080899	0.0	5.87478	4.18598	0.0	0.0	0	0	0	0	0	0	0	0	0	5551|A_51_P243073	7.07904758082826	True	False
GSM2533495	5837	A_51_P428512	Cldn16	0	Cldn16	NM_053241	1.697615957	0.0	0.0	1.0	1.0	0	1	0	0	0	0	0	0	0	5837|A_51_P428512	8.08903414608019	True	True
GSM2533495	5868	A_51_P281586	Cnnm2	0	Cnnm2	NM_033569	0.4891177285	0.0	0.0	1.0	1.0	1	1	0	0	0	0	0	0	0	5868|A_51_P281586	8.50546772396871	True	True
GSM2533495	7768	A_51_P335801	Calb1	0	Calb1	NM_009788	1.876067585	0.0	0.0	1.0	1.0	1	1	0	0	0	0	0	0	0	7768|A_51_P335801	10.6074576265926	True	True
GSM2533495	10045	A_51_P442227	Slc12a1	0	Slc12a1	U61381	0.0	5.54291	3.98209	0.0	0.0	0	0	0	0	0	0	0	0	0	10045|A_51_P442227	7.06169387286003	True	False
GSM2533495	10087	A_52_P260659	Kcnj10	0	Kcnj10	NM_001039484	1.921117991	0.0	0.0	1.0	1.0	0	1	0	0	0	0	0	0	0	10087|A_52_P260659	9.94036712316077	True	True
GSM2533495	11353	A_51_P335801	Calb1	0	Calb1	NM_009788	1.931483237	0.0	0.0	1.0	1.0	1	1	0	0	0	0	0	0	0	11353|A_51_P335801	11.0276439141248	True	True
GSM2533495	11562	A_51_P300817	Atp1a1	0	Atp1a1	NM_144900	1.219563346	0.0	0.0	1.0	1.0	1	1	0	0	0	0	0	0	0	11562|A_51_P300817	16.1351530562848	True	True
GSM2533495	12114	A_51_P151484	Atp1b1	0	Atp1b1	NM_009721	1.4551707	0.0	0.0	1.0	1.0	1	1	0	0	0	0	0	0	0	12114|A_51_P151484	14.2286355403527	True	True
GSM2533495	12522	A_51_P335801	Calb1	0	Calb1	NM_009788	1.948665343	0.0	0.0	1.0	1.0	1	1	0	0	0	0	0	0	0	12522|A_51_P335801	10.9223641212927	True	True
GSM2533495	12999	A_52_P348986	Atp2b1	0	Atp2b1	NM_026482	-0.1041793645	0.0	0.0	1.0	1.0	1	1	0	0	0	0	0	0	0	12999|A_52_P348986	10.3202457696786	True	True
GSM2533495	13287	A_52_P26118	Slc12a1	0	Slc12a1	NM_001079690	1.955752888	0.0	0.0	1.0	1.0	1	1	0	0	0	0	0	0	0	13287|A_52_P26118	12.2225991403189	True	True
GSM2533495	15381	A_51_P352572	Clcnkb	0	Clcnkb	NM_019701	1.196976461	0.0	0.0	1.0	1.0	1	1	0	0	0	0	0	0	0	15381|A_51_P352572	8.76713822117326	True	True
GSM2533495	15729	A_51_P335801	Calb1	0	Calb1	NM_009788	1.981415774	0.0	0.0	1.0	1.0	1	1	0	0	0	0	0	0	0	15729|A_51_P335801	10.9029504812442	True	True
GSM2533495	15983	A_52_P550331	Kcnj16	0	Kcnj16	NM_010604	2.213976218	4.93788	0.0	1.0	1.0	0	1	0	0	0	0	0	0	0	15983|A_52_P550331	9.14919356446483	True	True
GSM2533495	16664	A_51_P277373	Slc8a1	0	Slc8a1	AF004666	1.575533985	0.0	0.0	1.0	1.0	0	1	0	0	0	0	0	0	0	16664|A_51_P277373	8.33282076646807	True	True
GSM2533495	18179	A_52_P313284	Slc8a1	0	Slc8a1	AF108396	0.2107788124	0.0	0.0	1.0	1.0	1	1	0	0	0	0	0	0	0	18179|A_52_P313284	7.60027930077062	True	True
GSM2533495	18232	A_51_P171332	Cldn19	0	Cldn19	NM_153105	1.043496306	0.0	0.0	1.0	1.0	1	1	0	0	0	0	0	0	0	18232|A_51_P171332	8.54114936942005	True	True
GSM2533495	18861	A_51_P239601	Trpv5	0	Trpv5	NM_001007572	1.488348223	0.0	0.0	1.0	1.0	0	1	0	0	0	0	0	0	0	18861|A_51_P239601	7.99262963931664	True	True
GSM2533495	19028	A_52_P231461	Slc8a1	0	Slc8a1	NM_011406	0.9205678675	4.49802	0.0	1.0	1.0	0	1	0	0	0	0	0	0	0	19028|A_52_P231461	7.28586257969461	True	True
GSM2533495	20241	A_51_P335801	Calb1	0	Calb1	NM_009788	1.919048986	0.0	0.0	1.0	1.0	1	1	0	0	0	0	0	0	0	20241|A_51_P335801	11.0034569658024	True	True
GSM2533495	22525	A_52_P562704	Slc8a1	0	Slc8a1	NM_011406	0.2223538453	0.0	0.0	1.0	1.0	1	1	0	0	0	0	0	0	0	22525|A_52_P562704	7.9119842247407	True	True
GSM2533495	22740	A_52_P550325	Kcnj16	0	Kcnj16	NM_010604	2.082849264	0.0	0.0	1.0	1.0	1	1	0	0	0	0	0	0	0	22740|A_52_P550325	14.2217848932114	True	True
GSM2533495	23878	A_51_P335801	Calb1	0	Calb1	NM_009788	1.968087903	0.0	0.0	1.0	1.0	1	1	0	0	0	0	0	0	0	23878|A_51_P335801	11.0231525050688	True	True
GSM2533495	26196	A_51_P357773	Kcnj16	0	Kcnj16	NM_010604	1.053942021	0.0	0.0	1.0	1.0	1	1	0	0	0	0	0	0	0	26196|A_51_P357773	9.30646446084921	True	True
GSM2533495	26242	A_52_P499907	Kcnj1	0	Kcnj1	NM_019659	2.25879734	0.0	0.0	1.0	1.0	1	1	0	0	0	0	0	0	0	26242|A_52_P499907	13.5164727950557	True	True
GSM2533495	27676	A_52_P351913	Atp2b1	0	Atp2b1	AK053569	0.2321671584	0.0	0.0	1.0	1.0	1	1	0	0	0	0	0	0	0	27676|A_52_P351913	8.08545700581385	True	True
GSM2533495	29730	A_52_P611783	Fxyd2	0	Fxyd2	NM_052824	1.685314993	0.0	0.0	1.0	1.0	1	1	0	0	0	0	0	0	0	29730|A_52_P611783	14.3695877016484	True	True
GSM2533495	29964	A_51_P335801	Calb1	0	Calb1	NM_009788	1.943804729	0.0	0.0	1.0	1.0	1	1	0	0	0	0	0	0	0	29964|A_51_P335801	11.2406932433033	True	True
GSM2533495	30753	A_51_P335801	Calb1	0	Calb1	NM_009788	1.886325488	0.0	0.0	1.0	1.0	1	1	0	0	0	0	0	0	0	30753|A_51_P335801	10.9533194773055	True	True
GSM2533495	31276	A_52_P23661	Cldn19	0	Cldn19	NM_001038590	1.115254594	0.0	0.0	1.0	1.0	1	1	0	0	0	0	0	0	0	31276|A_52_P23661	8.84718700256015	True	True
GSM2533495	33630	A_52_P244931	Slc8a1	0	Slc8a1	AK048160	0.0	4.94595	3.61056	1.0	1.0	0	0	0	0	0	0	0	0	0	33630|A_52_P244931	7.01268554788683	True	False
GSM2533495	37269	A_51_P445985	Slc12a3	0	Slc12a3	NM_019415	1.727910052	0.0	0.0	1.0	1.0	1	1	0	0	0	0	0	0	0	37269|A_51_P445985	10.2450353529353	True	True
GSM2533495	38687	A_52_P515497	Atp1a1	0	Atp1a1	NM_144900	1.228892225	0.0	0.0	1.0	1.0	1	1	0	0	0	0	0	0	0	38687|A_52_P515497	15.9793081792315	True	True
GSM2533495	40389	A_52_P184322	Trpm6	0	Trpm6	NM_153417	0.3376098743	0.0	0.0	1.0	1.0	1	1	0	0	0	0	0	0	0	40389|A_52_P184322	7.35329392564885	True	True
GSM2533495	40926	A_51_P197499	Bsnd	0	Bsnd	NM_080458	0.300842417	0.0	0.0	1.0	1.0	1	1	0	0	0	0	0	0	0	40926|A_51_P197499	7.66608289878372	True	True
GSM2533495	44562	A_51_P335801	Calb1	0	Calb1	NM_009788	1.935565712	0.0	0.0	1.0	1.0	1	1	0	0	0	0	0	0	0	44562|A_51_P335801	10.6386631643617	True	True
GSM2533495	44811	A_51_P222543	Atp2b1	0	Atp2b1	BI080417	0.02821504224	0.0	0.0	1.0	1.0	1	1	0	0	0	0	0	0	0	44811|A_51_P222543	8.80959049543572	True	True
GSM2533495	45034	A_52_P152274	Clcnka	0	Clcnka	NM_024412	0.5811162873	0.0	0.0	1.0	1.0	1	1	0	0	0	0	0	0	0	45034|A_52_P152274	7.85021906716933	True	True
GSM2533496	2344	A_51_P335801	Calb1	0	Calb1	NM_009788	1.791457338	0.0	0.0	1.0	1.0	1	1	0	0	0	0	0	0	0	2344|A_51_P335801	10.5104563606853	True	True
GSM2533496	3560	A_51_P230799	Atp2b1	0	Atp2b1	NM_026482	-0.1183949463	0.0	0.0	1.0	1.0	1	1	0	0	0	0	0	0	0	3560|A_51_P230799	7.6095091614247	True	True
GSM2533496	5551	A_51_P243073	Trpm6	0	Trpm6	AK080899	0.0	4.95849	4.15696	0.0	0.0	0	0	0	0	0	0	0	0	0	5551|A_51_P243073	7.07458451781043	True	False
GSM2533496	5837	A_51_P428512	Cldn16	0	Cldn16	NM_053241	1.725015445	4.54389	0.0	1.0	1.0	0	1	0	0	0	0	0	0	0	5837|A_51_P428512	7.96753193383947	True	True
GSM2533496	5868	A_51_P281586	Cnnm2	0	Cnnm2	NM_033569	0.3135309805	0.0	0.0	1.0	1.0	1	1	0	0	0	0	0	0	0	5868|A_51_P281586	8.16583212006312	True	True
GSM2533496	7768	A_51_P335801	Calb1	0	Calb1	NM_009788	1.763005609	0.0	0.0	1.0	1.0	1	1	0	0	0	0	0	0	0	7768|A_51_P335801	10.5086675151867	True	True
GSM2533496	10045	A_51_P442227	Slc12a1	0	Slc12a1	U61381	0.1207205994	4.57662	0.0	0.0	0.0	0	0	0	0	0	0	0	0	0	10045|A_51_P442227	7.11799954004684	True	False
GSM2533496	10087	A_52_P260659	Kcnj10	0	Kcnj10	NM_001039484	1.860289667	0.0	0.0	1.0	1.0	0	1	0	0	0	0	0	0	0	10087|A_52_P260659	9.7382298766773	True	True
GSM2533496	11353	A_51_P335801	Calb1	0	Calb1	NM_009788	1.881413535	0.0	0.0	1.0	1.0	1	1	0	0	0	0	0	0	0	11353|A_51_P335801	10.9579269291307	True	True
GSM2533496	11562	A_51_P300817	Atp1a1	0	Atp1a1	NM_144900	1.030182064	0.0	0.0	1.0	1.0	1	1	0	0	0	0	0	0	0	11562|A_51_P300817	15.5266660282961	True	True
GSM2533496	12114	A_51_P151484	Atp1b1	0	Atp1b1	NM_009721	1.441508434	0.0	0.0	1.0	1.0	1	1	0	0	0	0	0	0	0	12114|A_51_P151484	14.2619624148536	True	True
GSM2533496	12522	A_51_P335801	Calb1	0	Calb1	NM_009788	1.632820318	0.0	0.0	1.0	1.0	1	1	0	0	0	0	1	0	0	12522|A_51_P335801	10.8617416492448	True	True
GSM2533496	12999	A_52_P348986	Atp2b1	0	Atp2b1	NM_026482	-0.174744238	0.0	0.0	1.0	1.0	1	1	0	0	0	0	0	0	0	12999|A_52_P348986	10.1338033187177	True	True
GSM2533496	13287	A_52_P26118	Slc12a1	0	Slc12a1	NM_001079690	2.15273788	0.0	0.0	1.0	1.0	1	1	0	0	0	0	0	0	0	13287|A_52_P26118	13.1626626022469	True	True
GSM2533496	15381	A_51_P352572	Clcnkb	0	Clcnkb	NM_019701	1.271706529	0.0	0.0	1.0	1.0	1	1	0	0	0	0	0	0	0	15381|A_51_P352572	8.82165531719264	True	True
GSM2533496	15729	A_51_P335801	Calb1	0	Calb1	NM_009788	1.736095448	0.0	0.0	1.0	1.0	1	1	0	0	0	0	0	0	0	15729|A_51_P335801	10.8102414013186	True	True
GSM2533496	15983	A_52_P550331	Kcnj16	0	Kcnj16	NM_010604	2.345388467	4.10806	0.0	1.0	1.0	0	1	0	0	0	0	0	0	0	15983|A_52_P550331	9.32530575874903	True	True
GSM2533496	16664	A_51_P277373	Slc8a1	0	Slc8a1	AF004666	1.288448596	0.0	0.0	1.0	1.0	0	1	0	0	0	0	0	0	0	16664|A_51_P277373	8.13876479328707	True	True
GSM2533496	18179	A_52_P313284	Slc8a1	0	Slc8a1	AF108396	0.2448481487	0.0	0.0	1.0	1.0	1	1	0	0	0	0	0	0	0	18179|A_52_P313284	7.41543731762934	True	True
GSM2533496	18232	A_51_P171332	Cldn19	0	Cldn19	NM_153105	0.856261545	0.0	0.0	1.0	1.0	1	1	0	0	0	0	0	0	0	18232|A_51_P171332	8.48168841803026	True	True
GSM2533496	18861	A_51_P239601	Trpv5	0	Trpv5	NM_001007572	1.584650929	3.84759	0.0	1.0	1.0	0	1	0	0	0	0	0	0	0	18861|A_51_P239601	7.8249678156643	True	True
GSM2533496	19028	A_52_P231461	Slc8a1	0	Slc8a1	NM_011406	0.3358278043	0.0	0.0	1.0	1.0	0	1	0	0	0	0	0	0	0	19028|A_52_P231461	7.28995035152372	True	True
GSM2533496	20241	A_51_P335801	Calb1	0	Calb1	NM_009788	1.839838386	0.0	0.0	1.0	1.0	1	1	0	0	0	0	0	0	0	20241|A_51_P335801	10.836432036334	True	True
GSM2533496	22525	A_52_P562704	Slc8a1	0	Slc8a1	NM_011406	0.2427797935	0.0	0.0	1.0	1.0	1	1	0	0	0	0	0	0	0	22525|A_52_P562704	7.91232165250604	True	True
GSM2533496	22740	A_52_P550325	Kcnj16	0	Kcnj16	NM_010604	2.011144486	0.0	0.0	1.0	1.0	1	1	0	0	0	0	0	0	0	22740|A_52_P550325	14.1963991459871	True	True
GSM2533496	23878	A_51_P335801	Calb1	0	Calb1	NM_009788	1.855907911	0.0	0.0	1.0	1.0	1	1	0	0	0	0	0	0	0	23878|A_51_P335801	10.9185650651089	True	True
GSM2533496	26196	A_51_P357773	Kcnj16	0	Kcnj16	NM_010604	2.061760071	0.0	0.0	1.0	1.0	0	1	0	0	0	0	0	0	0	26196|A_51_P357773	9.07266525319634	True	True
GSM2533496	26242	A_52_P499907	Kcnj1	0	Kcnj1	NM_019659	2.205116961	0.0	0.0	1.0	1.0	1	1	0	0	0	0	0	0	0	26242|A_52_P499907	13.4041805567089	True	True
GSM2533496	27676	A_52_P351913	Atp2b1	0	Atp2b1	AK053569	0.02602576169	0.0	0.0	1.0	1.0	1	1	0	0	0	0	0	0	0	27676|A_52_P351913	7.81284366508328	True	True
GSM2533496	29730	A_52_P611783	Fxyd2	0	Fxyd2	NM_052824	1.600248015	0.0	0.0	1.0	1.0	1	1	0	0	0	0	0	0	0	29730|A_52_P611783	14.1621879104105	True	True
GSM2533496	29964	A_51_P335801	Calb1	0	Calb1	NM_009788	1.854011696	0.0	0.0	1.0	1.0	1	1	0	0	0	0	0	0	0	29964|A_51_P335801	11.0833974352174	True	True
GSM2533496	30753	A_51_P335801	Calb1	0	Calb1	NM_009788	1.824211133	0.0	0.0	1.0	1.0	1	1	0	0	0	0	0	0	0	30753|A_51_P335801	10.8351101117784	True	True
GSM2533496	31276	A_52_P23661	Cldn19	0	Cldn19	NM_001038590	1.097670958	0.0	0.0	1.0	1.0	1	1	0	0	0	0	0	0	0	31276|A_52_P23661	8.69780523622288	True	True
GSM2533496	33630	A_52_P244931	Slc8a1	0	Slc8a1	AK048160	0.0	4.22048	3.52285	1.0	1.0	0	0	0	0	0	0	0	0	0	33630|A_52_P244931	7.04943572063796	True	False
GSM2533496	37269	A_51_P445985	Slc12a3	0	Slc12a3	NM_019415	1.60001676	0.0	0.0	1.0	1.0	1	1	0	0	0	0	0	0	0	37269|A_51_P445985	10.1404427287775	True	True
GSM2533496	38687	A_52_P515497	Atp1a1	0	Atp1a1	NM_144900	1.140455807	0.0	0.0	1.0	1.0	1	1	0	0	0	0	0	0	0	38687|A_52_P515497	15.6799963046068	True	True
GSM2533496	40389	A_52_P184322	Trpm6	0	Trpm6	NM_153417	0.4400329835	0.0	0.0	1.0	1.0	1	1	0	0	0	0	0	0	0	40389|A_52_P184322	7.44118744274561	True	True
GSM2533496	40926	A_51_P197499	Bsnd	0	Bsnd	NM_080458	0.3017789036	0.0	0.0	1.0	1.0	1	1	0	0	0	0	0	0	0	40926|A_51_P197499	7.62437660208495	True	True
GSM2533496	44562	A_51_P335801	Calb1	0	Calb1	NM_009788	1.800706704	0.0	0.0	1.0	1.0	1	1	0	0	0	0	0	0	0	44562|A_51_P335801	10.5189956838166	True	True
GSM2533496	44811	A_51_P222543	Atp2b1	0	Atp2b1	BI080417	0.004248860233	0.0	0.0	1.0	1.0	1	1	0	0	0	0	0	0	0	44811|A_51_P222543	8.73933534523258	True	True
GSM2533496	45034	A_52_P152274	Clcnka	0	Clcnka	NM_024412	0.6694384242	0.0	0.0	1.0	1.0	1	1	0	0	0	0	0	0	0	45034|A_52_P152274	7.92881996819771	True	True
GSM2533497	2344	A_51_P335801	Calb1	0	Calb1	NM_009788	1.918452814	0.0	0.0	1.0	1.0	1	1	0	0	0	0	0	0	0	2344|A_51_P335801	10.6262636732318	True	True
GSM2533497	3560	A_51_P230799	Atp2b1	0	Atp2b1	NM_026482	-0.01191782874	0.0	0.0	1.0	1.0	1	1	0	0	0	0	0	0	0	3560|A_51_P230799	7.70689150057213	True	True
GSM2533497	5551	A_51_P243073	Trpm6	0	Trpm6	AK080899	0.0	7.41003	5.01527	0.0	0.0	0	0	0	0	0	0	0	0	0	5551|A_51_P243073	7.06100499357125	True	False
GSM2533497	5837	A_51_P428512	Cldn16	0	Cldn16	NM_053241	1.222800899	6.83344	0.0	1.0	1.0	0	1	0	0	0	0	0	0	0	5837|A_51_P428512	7.62072855501636	True	True
GSM2533497	5868	A_51_P281586	Cnnm2	0	Cnnm2	NM_033569	0.330768973	0.0	0.0	1.0	1.0	1	1	0	0	0	0	0	0	0	5868|A_51_P281586	8.45038249835694	True	True
GSM2533497	7768	A_51_P335801	Calb1	0	Calb1	NM_009788	1.990347768	0.0	0.0	1.0	1.0	0	1	0	0	0	0	0	0	0	7768|A_51_P335801	10.667955456175	True	True
GSM2533497	10045	A_51_P442227	Slc12a1	0	Slc12a1	U61381	0.0	7.01157	4.75348	1.0	1.0	0	0	0	0	0	0	0	0	0	10045|A_51_P442227	7.00359418197237	True	False
GSM2533497	10087	A_52_P260659	Kcnj10	0	Kcnj10	NM_001039484	1.917745865	0.0	0.0	1.0	1.0	0	1	0	0	0	0	0	0	0	10087|A_52_P260659	9.79250356885205	True	True
GSM2533497	11353	A_51_P335801	Calb1	0	Calb1	NM_009788	1.917091093	0.0	0.0	1.0	1.0	1	1	0	0	0	0	0	0	0	11353|A_51_P335801	11.1580660569288	True	True
GSM2533497	11562	A_51_P300817	Atp1a1	0	Atp1a1	NM_144900	1.093253032	0.0	0.0	1.0	1.0	1	1	0	0	0	0	0	0	0	11562|A_51_P300817	15.8736835514489	True	True
GSM2533497	12114	A_51_P151484	Atp1b1	0	Atp1b1	NM_009721	1.562138071	0.0	0.0	1.0	1.0	1	1	0	0	0	0	0	0	0	12114|A_51_P151484	14.6503730669508	True	True
GSM2533497	12522	A_51_P335801	Calb1	0	Calb1	NM_009788	2.015724041	0.0	0.0	1.0	1.0	1	1	0	0	0	0	0	0	0	12522|A_51_P335801	10.9724030940712	True	True
GSM2533497	12999	A_52_P348986	Atp2b1	0	Atp2b1	NM_026482	-0.2192541477	0.0	0.0	1.0	1.0	1	1	0	0	0	0	0	0	0	12999|A_52_P348986	9.97835673564187	True	True
GSM2533497	13287	A_52_P26118	Slc12a1	0	Slc12a1	NM_001079690	1.89295321	0.0	0.0	1.0	1.0	1	1	0	0	0	0	0	0	0	13287|A_52_P26118	12.9522855292083	True	True
GSM2533497	15381	A_51_P352572	Clcnkb	0	Clcnkb	NM_019701	1.316240466	0.0	0.0	1.0	1.0	0	1	0	0	0	0	0	0	0	15381|A_51_P352572	8.93738908470776	True	True
GSM2533497	15729	A_51_P335801	Calb1	0	Calb1	NM_009788	2.010738597	0.0	0.0	1.0	1.0	1	1	0	0	0	0	0	0	0	15729|A_51_P335801	10.9259302135216	True	True
GSM2533497	15983	A_52_P550331	Kcnj16	0	Kcnj16	NM_010604	2.148064144	6.45514	0.0	1.0	1.0	0	1	0	0	0	0	0	0	0	15983|A_52_P550331	9.38535880472402	True	True
GSM2533497	16664	A_51_P277373	Slc8a1	0	Slc8a1	AF004666	1.446111431	0.0	0.0	1.0	1.0	0	1	0	0	0	0	0	0	0	16664|A_51_P277373	7.98523682812462	True	True
GSM2533497	18179	A_52_P313284	Slc8a1	0	Slc8a1	AF108396	0.2559774728	0.0	0.0	1.0	1.0	1	1	0	0	0	0	0	0	0	18179|A_52_P313284	7.50275735422477	True	True
GSM2533497	18232	A_51_P171332	Cldn19	0	Cldn19	NM_153105	0.7473759357	0.0	0.0	1.0	1.0	1	1	0	0	0	0	0	0	0	18232|A_51_P171332	8.21666256602403	True	True
GSM2533497	18861	A_51_P239601	Trpv5	0	Trpv5	NM_001007572	1.104306677	6.11584	0.0	1.0	1.0	0	1	0	0	0	0	0	0	0	18861|A_51_P239601	7.52744280978497	True	True
GSM2533497	19028	A_52_P231461	Slc8a1	0	Slc8a1	NM_011406	0.3917265024	6.04164	0.0	1.0	1.0	0	0	0	0	0	0	0	0	0	19028|A_52_P231461	7.17698200033612	True	False
GSM2533497	20241	A_51_P335801	Calb1	0	Calb1	NM_009788	2.065401902	0.0	0.0	1.0	1.0	0	1	0	0	0	0	0	0	0	20241|A_51_P335801	10.9533194773055	True	True
GSM2533497	22525	A_52_P562704	Slc8a1	0	Slc8a1	NM_011406	0.2314856031	0.0	0.0	1.0	1.0	1	1	0	0	0	0	0	0	0	22525|A_52_P562704	7.89630278576343	True	True
GSM2533497	22740	A_52_P550325	Kcnj16	0	Kcnj16	NM_010604	2.161130652	0.0	0.0	1.0	1.0	1	1	0	0	0	0	0	0	0	22740|A_52_P550325	14.3878499538915	True	True
GSM2533497	23878	A_51_P335801	Calb1	0	Calb1	NM_009788	1.942967946	0.0	0.0	1.0	1.0	1	1	0	0	0	0	0	0	0	23878|A_51_P335801	10.9486561910503	True	True
GSM2533497	26196	A_51_P357773	Kcnj16	0	Kcnj16	NM_010604	2.095495171	6.12822	0.0	1.0	1.0	0	1	0	0	0	0	0	0	0	26196|A_51_P357773	9.22664268932402	True	True
GSM2533497	26242	A_52_P499907	Kcnj1	0	Kcnj1	NM_019659	2.366764816	0.0	0.0	1.0	1.0	1	1	0	0	0	0	0	0	0	26242|A_52_P499907	13.2414388151074	True	True
GSM2533497	27676	A_52_P351913	Atp2b1	0	Atp2b1	AK053569	0.195335226	0.0	0.0	1.0	1.0	1	1	0	0	0	0	0	0	0	27676|A_52_P351913	8.24045560951913	True	True
GSM2533497	29730	A_52_P611783	Fxyd2	0	Fxyd2	NM_052824	1.726059509	0.0	0.0	1.0	1.0	1	1	0	0	0	0	0	0	0	29730|A_52_P611783	14.0241818281765	True	True
GSM2533497	29964	A_51_P335801	Calb1	0	Calb1	NM_009788	1.885183103	0.0	0.0	1.0	1.0	1	1	0	0	0	0	0	0	0	29964|A_51_P335801	11.0787955779112	True	True
GSM2533497	30753	A_51_P335801	Calb1	0	Calb1	NM_009788	2.022730289	0.0	0.0	1.0	1.0	0	1	0	0	0	0	0	0	0	30753|A_51_P335801	10.7679826805766	True	True
GSM2533497	31276	A_52_P23661	Cldn19	0	Cldn19	NM_001038590	1.007429289	0.0	0.0	1.0	1.0	1	1	0	0	0	0	0	0	0	31276|A_52_P23661	8.426708604736	True	True
GSM2533497	33630	A_52_P244931	Slc8a1	0	Slc8a1	AK048160	0.0	6.91076	4.79601	1.0	1.0	0	0	0	0	0	0	0	0	0	33630|A_52_P244931	7.04229142677692	True	False
GSM2533497	37269	A_51_P445985	Slc12a3	0	Slc12a3	NM_019415	1.748758827	0.0	0.0	1.0	1.0	1	1	0	0	0	0	0	0	0	37269|A_51_P445985	10.064334016756	True	True
GSM2533497	38687	A_52_P515497	Atp1a1	0	Atp1a1	NM_144900	1.248605287	0.0	0.0	1.0	1.0	1	1	0	0	0	0	0	0	0	38687|A_52_P515497	15.8668603792738	True	True
GSM2533497	40389	A_52_P184322	Trpm6	0	Trpm6	NM_153417	0.2824890288	0.0	0.0	1.0	1.0	0	1	0	0	0	0	0	0	0	40389|A_52_P184322	7.32912756319717	True	True
GSM2533497	40926	A_51_P197499	Bsnd	0	Bsnd	NM_080458	0.3304837928	0.0	0.0	1.0	1.0	1	1	0	0	0	0	0	0	0	40926|A_51_P197499	7.59683003516517	True	True
GSM2533497	44562	A_51_P335801	Calb1	0	Calb1	NM_009788	1.969359712	0.0	0.0	1.0	1.0	1	1	0	0	0	0	0	0	0	44562|A_51_P335801	10.702090691465	True	True
GSM2533497	44811	A_51_P222543	Atp2b1	0	Atp2b1	BI080417	-0.01346527218	0.0	0.0	1.0	1.0	1	1	0	0	0	0	0	0	0	44811|A_51_P222543	8.84596964894154	True	True
GSM2533497	45034	A_52_P152274	Clcnka	0	Clcnka	NM_024412	0.5653171398	0.0	0.0	1.0	1.0	1	1	0	0	0	0	0	0	0	45034|A_52_P152274	7.62926369906472	True	True
GSM2533498	2344	A_51_P335801	Calb1	0	Calb1	NM_009788	1.747922585	0.0	0.0	1.0	1.0	1	1	0	0	0	0	0	0	0	2344|A_51_P335801	10.40835393088	True	True
GSM2533498	3560	A_51_P230799	Atp2b1	0	Atp2b1	NM_026482	-0.1461337149	0.0	0.0	1.0	1.0	1	1	0	0	0	0	0	0	0	3560|A_51_P230799	7.54351590292298	True	True
GSM2533498	5551	A_51_P243073	Trpm6	0	Trpm6	AK080899	0.0	8.0664	5.53051	0.0	0.0	0	0	0	0	0	0	0	0	0	5551|A_51_P243073	7.03044244505246	True	False
GSM2533498	5837	A_51_P428512	Cldn16	0	Cldn16	NM_053241	1.675458567	7.54044	0.0	1.0	1.0	0	1	0	0	0	0	0	0	0	5837|A_51_P428512	8.23302679255377	True	True
GSM2533498	5868	A_51_P281586	Cnnm2	0	Cnnm2	NM_033569	0.4109546764	0.0	0.0	1.0	1.0	1	1	0	0	0	0	0	0	0	5868|A_51_P281586	8.16206614754852	True	True
GSM2533498	7768	A_51_P335801	Calb1	0	Calb1	NM_009788	1.834990886	0.0	0.0	1.0	1.0	0	1	0	0	0	0	0	0	0	7768|A_51_P335801	10.2575880133894	True	True
GSM2533498	10045	A_51_P442227	Slc12a1	0	Slc12a1	U61381	0.0	7.72046	5.48456	1.0	1.0	0	0	0	0	0	0	0	0	0	10045|A_51_P442227	7.09329700690571	True	False
GSM2533498	10087	A_52_P260659	Kcnj10	0	Kcnj10	NM_001039484	1.929286619	0.0	0.0	1.0	1.0	0	1	0	0	0	0	0	0	0	10087|A_52_P260659	9.80500759425809	True	True
GSM2533498	11353	A_51_P335801	Calb1	0	Calb1	NM_009788	1.836819615	0.0	0.0	1.0	1.0	1	1	0	0	0	0	0	0	0	11353|A_51_P335801	10.7111942421237	True	True
GSM2533498	11562	A_51_P300817	Atp1a1	0	Atp1a1	NM_144900	0.9895861256	0.0	0.0	1.0	1.0	1	1	0	0	0	0	0	0	0	11562|A_51_P300817	15.3753898533462	True	True
GSM2533498	12114	A_51_P151484	Atp1b1	0	Atp1b1	NM_009721	1.374576918	0.0	0.0	1.0	1.0	1	1	0	0	0	0	0	0	0	12114|A_51_P151484	14.0482835345488	True	True
GSM2533498	12522	A_51_P335801	Calb1	0	Calb1	NM_009788	1.848792452	0.0	0.0	1.0	1.0	1	1	0	0	0	0	0	0	0	12522|A_51_P335801	10.5363381456756	True	True
GSM2533498	12999	A_52_P348986	Atp2b1	0	Atp2b1	NM_026482	-0.1572958686	0.0	0.0	1.0	1.0	1	1	0	0	0	0	0	0	0	12999|A_52_P348986	10.2405531479291	True	True
GSM2533498	13287	A_52_P26118	Slc12a1	0	Slc12a1	NM_001079690	2.085045137	0.0	0.0	1.0	1.0	1	1	0	0	0	0	0	0	0	13287|A_52_P26118	12.7120388536308	True	True
GSM2533498	15381	A_51_P352572	Clcnkb	0	Clcnkb	NM_019701	1.258252788	0.0	0.0	1.0	1.0	1	1	0	0	0	0	0	0	0	15381|A_51_P352572	8.85080301092969	True	True
GSM2533498	15729	A_51_P335801	Calb1	0	Calb1	NM_009788	1.815606593	0.0	0.0	1.0	1.0	1	1	0	0	0	0	0	0	0	15729|A_51_P335801	10.5031491471744	True	True
GSM2533498	15983	A_52_P550331	Kcnj16	0	Kcnj16	NM_010604	2.082254039	6.81553	0.0	1.0	1.0	0	1	0	0	0	0	0	0	0	15983|A_52_P550331	9.0812497290233	True	True
GSM2533498	16664	A_51_P277373	Slc8a1	0	Slc8a1	AF004666	1.646451278	0.0	0.0	1.0	1.0	0	1	0	0	0	0	0	0	0	16664|A_51_P277373	8.19379013167528	True	True
GSM2533498	18179	A_52_P313284	Slc8a1	0	Slc8a1	AF108396	0.2079274425	0.0	0.0	1.0	1.0	1	1	0	0	0	0	0	0	0	18179|A_52_P313284	7.488926220577	True	True
GSM2533498	18232	A_51_P171332	Cldn19	0	Cldn19	NM_153105	0.7567050745	0.0	0.0	1.0	1.0	1	1	0	0	0	0	0	0	0	18232|A_51_P171332	8.39548825797771	True	True
GSM2533498	18861	A_51_P239601	Trpv5	0	Trpv5	NM_001007572	1.330910426	0.0	0.0	1.0	1.0	0	1	0	0	0	0	0	0	0	18861|A_51_P239601	7.88754402914524	True	True
GSM2533498	19028	A_52_P231461	Slc8a1	0	Slc8a1	NM_011406	0.06956019235	0.0	0.0	1.0	1.0	1	1	0	0	0	0	0	0	0	19028|A_52_P231461	7.53986671705995	True	True
GSM2533498	20241	A_51_P335801	Calb1	0	Calb1	NM_009788	1.8438901	0.0	0.0	1.0	1.0	1	1	0	0	0	0	0	0	0	20241|A_51_P335801	10.6999147170591	True	True
GSM2533498	22525	A_52_P562704	Slc8a1	0	Slc8a1	NM_011406	0.2184584742	0.0	0.0	1.0	1.0	1	1	0	0	0	0	0	0	0	22525|A_52_P562704	7.83456498328722	True	True
GSM2533498	22740	A_52_P550325	Kcnj16	0	Kcnj16	NM_010604	1.948207516	0.0	0.0	1.0	1.0	1	1	0	0	0	0	0	0	0	22740|A_52_P550325	13.8431676477772	True	True
GSM2533498	23878	A_51_P335801	Calb1	0	Calb1	NM_009788	1.716700991	0.0	0.0	1.0	1.0	1	1	0	0	0	0	0	0	0	23878|A_51_P335801	10.724877155338	True	True
GSM2533498	26196	A_51_P357773	Kcnj16	0	Kcnj16	NM_010604	1.774347382	0.0	0.0	1.0	1.0	0	1	0	0	0	0	0	0	0	26196|A_51_P357773	9.18668363795586	True	True
GSM2533498	26242	A_52_P499907	Kcnj1	0	Kcnj1	NM_019659	2.154499592	0.0	0.0	1.0	1.0	1	1	0	0	0	0	0	0	0	26242|A_52_P499907	13.4359461642906	True	True
GSM2533498	27676	A_52_P351913	Atp2b1	0	Atp2b1	AK053569	0.24744368	0.0	0.0	1.0	1.0	1	1	0	0	0	0	0	0	0	27676|A_52_P351913	7.96135384645186	True	True
GSM2533498	29730	A_52_P611783	Fxyd2	0	Fxyd2	NM_052824	1.575104615	0.0	0.0	1.0	1.0	1	1	0	0	0	0	0	0	0	29730|A_52_P611783	14.1023684587004	True	True
GSM2533498	29964	A_51_P335801	Calb1	0	Calb1	NM_009788	1.80016174	0.0	0.0	1.0	1.0	1	1	0	0	0	0	0	0	0	29964|A_51_P335801	10.7740214228495	True	True
GSM2533498	30753	A_51_P335801	Calb1	0	Calb1	NM_009788	1.806625516	0.0	0.0	1.0	1.0	1	1	0	0	0	0	0	0	0	30753|A_51_P335801	10.5897371826244	True	True
GSM2533498	31276	A_52_P23661	Cldn19	0	Cldn19	NM_001038590	1.030589401	0.0	0.0	1.0	1.0	1	1	0	0	0	0	0	0	0	31276|A_52_P23661	8.63379608588929	True	True
GSM2533498	33630	A_52_P244931	Slc8a1	0	Slc8a1	AK048160	0.0	6.8159	4.79059	0.0	0.0	0	0	0	0	0	0	0	0	0	33630|A_52_P244931	7.06256166716732	True	False
GSM2533498	37269	A_51_P445985	Slc12a3	0	Slc12a3	NM_019415	1.571366948	0.0	0.0	1.0	1.0	1	1	0	0	0	0	0	0	0	37269|A_51_P445985	10.2090740492882	True	True
GSM2533498	38687	A_52_P515497	Atp1a1	0	Atp1a1	NM_144900	1.062040687	0.0	0.0	1.0	1.0	1	1	0	0	0	0	0	0	0	38687|A_52_P515497	15.6625524012327	True	True
GSM2533498	40389	A_52_P184322	Trpm6	0	Trpm6	NM_153417	0.503978583	0.0	0.0	1.0	1.0	0	1	0	0	0	0	0	0	0	40389|A_52_P184322	7.40721603551091	True	True
GSM2533498	40926	A_51_P197499	Bsnd	0	Bsnd	NM_080458	0.2873231392	0.0	0.0	1.0	1.0	1	1	0	0	0	0	0	0	0	40926|A_51_P197499	7.84755722038253	True	True
GSM2533498	44562	A_51_P335801	Calb1	0	Calb1	NM_009788	1.763789694	0.0	0.0	1.0	1.0	1	1	0	0	0	0	0	0	0	44562|A_51_P335801	10.4591794794732	True	True
GSM2533498	44811	A_51_P222543	Atp2b1	0	Atp2b1	BI080417	-0.07130934196	0.0	0.0	1.0	1.0	1	1	0	0	0	0	0	0	0	44811|A_51_P222543	8.66017625252894	True	True
GSM2533498	45034	A_52_P152274	Clcnka	0	Clcnka	NM_024412	0.6849139925	0.0	0.0	1.0	1.0	1	1	0	0	0	0	0	0	0	45034|A_52_P152274	7.90553546827471	True	True
GSM2533499	2344	A_51_P335801	Calb1	0	Calb1	NM_009788	1.791309066	0.0	0.0	1.0	1.0	1	1	0	0	0	0	0	0	0	2344|A_51_P335801	10.9259302135216	True	True
GSM2533499	3560	A_51_P230799	Atp2b1	0	Atp2b1	NM_026482	-0.178714185	0.0	0.0	1.0	1.0	1	1	0	0	0	0	0	0	0	3560|A_51_P230799	7.6340205245887	True	True
GSM2533499	5551	A_51_P243073	Trpm6	0	Trpm6	AK080899	0.0	2.94043	2.3447	1.0	1.0	0	0	0	0	0	0	0	0	0	5551|A_51_P243073	7.09548803942294	True	False
GSM2533499	5837	A_51_P428512	Cldn16	0	Cldn16	NM_053241	1.419388667	0.0	0.0	1.0	1.0	0	1	0	0	0	0	0	0	0	5837|A_51_P428512	8.15688872797997	True	True
GSM2533499	5868	A_51_P281586	Cnnm2	0	Cnnm2	NM_033569	0.5159911724	0.0	0.0	1.0	1.0	1	1	0	0	0	0	0	0	0	5868|A_51_P281586	8.34954987788944	True	True
GSM2533499	7768	A_51_P335801	Calb1	0	Calb1	NM_009788	1.795369299	0.0	0.0	1.0	1.0	1	1	0	0	0	0	0	0	0	7768|A_51_P335801	10.9025930079623	True	True
GSM2533499	10045	A_51_P442227	Slc12a1	0	Slc12a1	U61381	0.2471399849	0.0	0.0	1.0	1.0	0	0	0	0	0	0	0	0	0	10045|A_51_P442227	7.08376328388997	True	False
GSM2533499	10087	A_52_P260659	Kcnj10	0	Kcnj10	NM_001039484	1.841431818	0.0	0.0	1.0	1.0	1	1	0	0	0	0	0	0	0	10087|A_52_P260659	9.92310110281839	True	True
GSM2533499	11353	A_51_P335801	Calb1	0	Calb1	NM_009788	1.850245803	0.0	0.0	1.0	1.0	1	1	0	0	0	0	0	0	0	11353|A_51_P335801	11.2299010439668	True	True
GSM2533499	11562	A_51_P300817	Atp1a1	0	Atp1a1	NM_144900	1.131006586	0.0	0.0	1.0	1.0	1	1	0	0	0	0	0	0	0	11562|A_51_P300817	16.110856458395	True	True
GSM2533499	12114	A_51_P151484	Atp1b1	0	Atp1b1	NM_009721	1.393751062	0.0	0.0	1.0	1.0	1	1	0	0	0	0	0	0	0	12114|A_51_P151484	14.0404512666211	True	True
GSM2533499	12522	A_51_P335801	Calb1	0	Calb1	NM_009788	1.812108972	0.0	0.0	1.0	1.0	1	1	0	0	0	0	0	0	0	12522|A_51_P335801	11.1180675376673	True	True
GSM2533499	12999	A_52_P348986	Atp2b1	0	Atp2b1	NM_026482	-0.223840759	0.0	0.0	1.0	1.0	1	1	0	0	0	0	0	0	0	12999|A_52_P348986	10.0528471812215	True	True
GSM2533499	13287	A_52_P26118	Slc12a1	0	Slc12a1	NM_001079690	2.184569867	0.0	0.0	1.0	1.0	1	1	0	0	0	0	0	0	0	13287|A_52_P26118	13.042762424876	True	True
GSM2533499	15381	A_51_P352572	Clcnkb	0	Clcnkb	NM_019701	1.48456706	0.0	0.0	1.0	1.0	1	1	0	0	0	0	0	0	0	15381|A_51_P352572	8.79422796430861	True	True
GSM2533499	15729	A_51_P335801	Calb1	0	Calb1	NM_009788	1.817630875	0.0	0.0	1.0	1.0	1	1	0	0	0	0	0	0	0	15729|A_51_P335801	11.0266740383908	True	True
GSM2533499	15983	A_52_P550331	Kcnj16	0	Kcnj16	NM_010604	2.448507575	0.0	0.0	1.0	1.0	0	1	0	0	0	0	0	0	0	15983|A_52_P550331	9.17118063227309	True	True
GSM2533499	16664	A_51_P277373	Slc8a1	0	Slc8a1	AF004666	1.319423086	0.0	0.0	1.0	1.0	0	1	0	0	0	0	0	0	0	16664|A_51_P277373	7.89458090399548	True	True
GSM2533499	18179	A_52_P313284	Slc8a1	0	Slc8a1	AF108396	0.2707170158	0.0	0.0	1.0	1.0	1	1	0	0	0	0	0	0	0	18179|A_52_P313284	7.45694749029366	True	True
GSM2533499	18232	A_51_P171332	Cldn19	0	Cldn19	NM_153105	0.981294121	0.0	0.0	1.0	1.0	1	1	0	0	0	0	0	0	0	18232|A_51_P171332	8.2771373987962	True	True
GSM2533499	18861	A_51_P239601	Trpv5	0	Trpv5	NM_001007572	1.740717039	0.0	0.0	1.0	1.0	0	1	0	0	0	0	0	0	0	18861|A_51_P239601	7.8032289540672	True	True
GSM2533499	19028	A_52_P231461	Slc8a1	0	Slc8a1	NM_011406	0.9605935484	2.50678	0.0	1.0	1.0	0	1	0	0	0	0	0	0	0	19028|A_52_P231461	7.26781995398748	True	True
GSM2533499	20241	A_51_P335801	Calb1	0	Calb1	NM_009788	1.810392035	0.0	0.0	1.0	1.0	1	1	0	0	0	0	0	0	0	20241|A_51_P335801	11.1901923527205	True	True
GSM2533499	22525	A_52_P562704	Slc8a1	0	Slc8a1	NM_011406	0.537448714	0.0	0.0	1.0	1.0	1	1	0	0	0	0	0	0	0	22525|A_52_P562704	7.57487567950366	True	True
GSM2533499	22740	A_52_P550325	Kcnj16	0	Kcnj16	NM_010604	1.985964207	0.0	0.0	1.0	1.0	1	1	0	0	0	0	0	0	0	22740|A_52_P550325	13.9668893172288	True	True
GSM2533499	23878	A_51_P335801	Calb1	0	Calb1	NM_009788	1.825547473	0.0	0.0	1.0	1.0	1	1	0	0	0	0	0	0	0	23878|A_51_P335801	11.1250477986518	True	True
GSM2533499	26196	A_51_P357773	Kcnj16	0	Kcnj16	NM_010604	1.715820864	0.0	0.0	1.0	1.0	1	1	0	0	0	0	0	0	0	26196|A_51_P357773	9.20246902352541	True	True
GSM2533499	26242	A_52_P499907	Kcnj1	0	Kcnj1	NM_019659	2.24441042	0.0	0.0	1.0	1.0	1	1	0	0	0	0	0	0	0	26242|A_52_P499907	13.8009731565486	True	True
GSM2533499	27676	A_52_P351913	Atp2b1	0	Atp2b1	AK053569	0.06311578103	0.0	0.0	1.0	1.0	1	1	0	0	0	0	0	0	0	27676|A_52_P351913	7.77427328390519	True	True
GSM2533499	29730	A_52_P611783	Fxyd2	0	Fxyd2	NM_052824	1.537780572	0.0	0.0	1.0	1.0	1	1	0	0	0	0	0	0	0	29730|A_52_P611783	14.3189852478832	True	True
GSM2533499	29964	A_51_P335801	Calb1	0	Calb1	NM_009788	1.824369654	0.0	0.0	1.0	1.0	1	1	0	0	0	0	0	0	0	29964|A_51_P335801	11.293918310349	True	True
GSM2533499	30753	A_51_P335801	Calb1	0	Calb1	NM_009788	1.853883109	0.0	0.0	1.0	1.0	1	1	0	0	0	0	0	0	0	30753|A_51_P335801	11.1469255591391	True	True
GSM2533499	31276	A_52_P23661	Cldn19	0	Cldn19	NM_001038590	1.011425617	0.0	0.0	1.0	1.0	1	1	0	0	0	0	0	0	0	31276|A_52_P23661	8.51205511735718	True	True
GSM2533499	33630	A_52_P244931	Slc8a1	0	Slc8a1	AK048160	0.0	2.62621	2.10371	1.0	1.0	0	0	0	0	0	0	0	0	0	33630|A_52_P244931	7.05349845357932	True	False
GSM2533499	37269	A_51_P445985	Slc12a3	0	Slc12a3	NM_019415	1.63145291	0.0	0.0	1.0	1.0	1	1	0	0	0	0	0	0	0	37269|A_51_P445985	10.4431642213133	True	True
GSM2533499	38687	A_52_P515497	Atp1a1	0	Atp1a1	NM_144900	1.129851914	0.0	0.0	1.0	1.0	1	1	0	0	0	0	0	0	0	38687|A_52_P515497	15.8806536221317	True	True
GSM2533499	40389	A_52_P184322	Trpm6	0	Trpm6	NM_153417	0.3697655178	0.0	0.0	1.0	1.0	1	1	0	0	0	0	0	0	0	40389|A_52_P184322	7.48873171385265	True	True
GSM2533499	40926	A_51_P197499	Bsnd	0	Bsnd	NM_080458	0.5708078663	0.0	0.0	1.0	1.0	1	1	0	0	0	0	0	0	0	40926|A_51_P197499	7.72445952357445	True	True
GSM2533499	44562	A_51_P335801	Calb1	0	Calb1	NM_009788	1.81863958	0.0	0.0	1.0	1.0	1	1	0	0	0	0	0	0	0	44562|A_51_P335801	10.8675679493642	True	True
GSM2533499	44811	A_51_P222543	Atp2b1	0	Atp2b1	BI080417	-0.1325988313	0.0	0.0	1.0	1.0	1	1	0	0	0	0	0	0	0	44811|A_51_P222543	8.40894834332933	True	True
GSM2533499	45034	A_52_P152274	Clcnka	0	Clcnka	NM_024412	0.8550817558	0.0	0.0	1.0	1.0	1	1	0	0	0	0	0	0	0	45034|A_52_P152274	8.03064242137618	True	True
GSM2533500	2344	A_51_P335801	Calb1	0	Calb1	NM_009788	1.955024105	0.0	0.0	1.0	1.0	1	1	0	0	0	0	0	0	0	2344|A_51_P335801	10.6453856150609	True	True
GSM2533500	3560	A_51_P230799	Atp2b1	0	Atp2b1	NM_026482	-0.1199381147	0.0	0.0	1.0	1.0	1	1	0	0	0	0	0	0	0	3560|A_51_P230799	7.67022895311389	True	True
GSM2533500	5551	A_51_P243073	Trpm6	0	Trpm6	AK080899	0.2553997746	0.0	0.0	1.0	1.0	0	0	0	0	0	0	0	0	0	5551|A_51_P243073	7.13392772822985	True	False
GSM2533500	5837	A_51_P428512	Cldn16	0	Cldn16	NM_053241	1.729851813	0.0	0.0	1.0	1.0	0	1	0	0	0	0	0	0	0	5837|A_51_P428512	8.16789711781572	True	True
GSM2533500	5868	A_51_P281586	Cnnm2	0	Cnnm2	NM_033569	0.5613937709	0.0	0.0	1.0	1.0	1	1	0	0	0	0	0	0	0	5868|A_51_P281586	8.42855980704982	True	True
GSM2533500	7768	A_51_P335801	Calb1	0	Calb1	NM_009788	1.900574329	0.0	0.0	1.0	1.0	1	1	0	0	0	0	0	0	0	7768|A_51_P335801	10.6901901107193	True	True
GSM2533500	10045	A_51_P442227	Slc12a1	0	Slc12a1	U61381	-0.04955474726	0.0	2.38071	0.0	0.0	0	0	0	0	0	0	0	0	0	10045|A_51_P442227	7.09036605374793	True	False
GSM2533500	10087	A_52_P260659	Kcnj10	0	Kcnj10	NM_001039484	1.967027808	0.0	0.0	1.0	1.0	0	1	0	0	0	0	0	0	0	10087|A_52_P260659	9.55332458973182	True	True
GSM2533500	11353	A_51_P335801	Calb1	0	Calb1	NM_009788	1.938828126	0.0	0.0	1.0	1.0	1	1	0	0	0	0	0	0	0	11353|A_51_P335801	11.0245069293699	True	True
GSM2533500	11562	A_51_P300817	Atp1a1	0	Atp1a1	NM_144900	1.167218693	0.0	0.0	1.0	1.0	1	1	0	0	0	0	0	0	0	11562|A_51_P300817	16.1711302473974	True	True
GSM2533500	12114	A_51_P151484	Atp1b1	0	Atp1b1	NM_009721	1.508045972	0.0	0.0	1.0	1.0	1	1	0	0	0	0	0	0	0	12114|A_51_P151484	14.3965053395464	True	True
GSM2533500	12522	A_51_P335801	Calb1	0	Calb1	NM_009788	1.939863906	0.0	0.0	1.0	1.0	1	1	0	0	0	0	0	0	0	12522|A_51_P335801	10.9088532773493	True	True
GSM2533500	12999	A_52_P348986	Atp2b1	0	Atp2b1	NM_026482	-0.1449853757	0.0	0.0	1.0	1.0	1	1	0	0	0	0	0	0	0	12999|A_52_P348986	10.2102756379429	True	True
GSM2533500	13287	A_52_P26118	Slc12a1	0	Slc12a1	NM_001079690	2.08759854	0.0	0.0	1.0	1.0	1	1	0	0	0	0	0	0	0	13287|A_52_P26118	12.7996763456181	True	True
GSM2533500	15381	A_51_P352572	Clcnkb	0	Clcnkb	NM_019701	1.160152863	0.0	0.0	1.0	1.0	1	1	0	0	0	0	0	0	0	15381|A_51_P352572	8.30292071469405	True	True
GSM2533500	15729	A_51_P335801	Calb1	0	Calb1	NM_009788	2.004395139	0.0	0.0	1.0	1.0	1	1	0	0	0	0	0	0	0	15729|A_51_P335801	10.5986426523294	True	True
GSM2533500	15983	A_52_P550331	Kcnj16	0	Kcnj16	NM_010604	2.307583302	2.94445	0.0	1.0	1.0	0	1	0	0	0	0	0	0	0	15983|A_52_P550331	8.85299546597214	True	True
GSM2533500	16664	A_51_P277373	Slc8a1	0	Slc8a1	AF004666	1.462544716	0.0	0.0	1.0	1.0	0	1	0	0	0	0	0	0	0	16664|A_51_P277373	7.68194531335092	True	True
GSM2533500	18179	A_52_P313284	Slc8a1	0	Slc8a1	AF108396	0.4681961378	0.0	0.0	1.0	1.0	1	1	0	0	0	0	0	0	0	18179|A_52_P313284	7.55829133691791	True	True
GSM2533500	18232	A_51_P171332	Cldn19	0	Cldn19	NM_153105	0.853018305	0.0	0.0	1.0	1.0	1	1	0	0	0	0	0	0	0	18232|A_51_P171332	8.07399067505034	True	True
GSM2533500	18861	A_51_P239601	Trpv5	0	Trpv5	NM_001007572	1.712276208	2.61824	0.0	0.0	0.0	0	1	0	0	0	0	0	0	0	18861|A_51_P239601	7.83359491507403	True	True
GSM2533500	19028	A_52_P231461	Slc8a1	0	Slc8a1	NM_011406	0.9369732654	2.59237	0.0	1.0	1.0	0	1	0	0	0	0	0	0	0	19028|A_52_P231461	7.2800307801433	True	True
GSM2533500	20241	A_51_P335801	Calb1	0	Calb1	NM_009788	1.873151283	0.0	0.0	1.0	1.0	1	1	0	0	0	0	0	0	0	20241|A_51_P335801	10.8038347789853	True	True
GSM2533500	22525	A_52_P562704	Slc8a1	0	Slc8a1	NM_011406	0.5157601483	0.0	0.0	1.0	1.0	1	1	0	0	0	0	0	0	0	22525|A_52_P562704	7.62890444549824	True	True
GSM2533500	22740	A_52_P550325	Kcnj16	0	Kcnj16	NM_010604	2.105729021	0.0	0.0	1.0	1.0	1	1	0	0	0	0	0	0	0	22740|A_52_P550325	14.2549989014313	True	True
GSM2533500	23878	A_51_P335801	Calb1	0	Calb1	NM_009788	1.944634857	0.0	0.0	1.0	1.0	1	1	0	0	0	0	0	0	0	23878|A_51_P335801	10.9065272432614	True	True
GSM2533500	26196	A_51_P357773	Kcnj16	0	Kcnj16	NM_010604	1.748121964	0.0	0.0	1.0	1.0	0	1	0	0	0	0	0	0	0	26196|A_51_P357773	9.06744133549826	True	True
GSM2533500	26242	A_52_P499907	Kcnj1	0	Kcnj1	NM_019659	2.329411512	0.0	0.0	1.0	1.0	1	1	0	0	0	0	0	0	0	26242|A_52_P499907	13.5280380753254	True	True
GSM2533500	27676	A_52_P351913	Atp2b1	0	Atp2b1	AK053569	0.244406276	0.0	0.0	1.0	1.0	1	1	0	0	0	0	0	0	0	27676|A_52_P351913	8.06341757346658	True	True
GSM2533500	29730	A_52_P611783	Fxyd2	0	Fxyd2	NM_052824	1.645321711	0.0	0.0	1.0	1.0	1	1	0	0	0	0	0	0	0	29730|A_52_P611783	14.3454476627133	True	True
GSM2533500	29964	A_51_P335801	Calb1	0	Calb1	NM_009788	1.93701051	0.0	0.0	1.0	1.0	1	1	0	0	0	0	0	0	0	29964|A_51_P335801	10.929231796492	True	True
GSM2533500	30753	A_51_P335801	Calb1	0	Calb1	NM_009788	1.93310273	0.0	0.0	1.0	1.0	1	1	0	0	0	0	0	0	0	30753|A_51_P335801	10.8572841649569	True	True
GSM2533500	31276	A_52_P23661	Cldn19	0	Cldn19	NM_001038590	1.041244646	0.0	0.0	1.0	1.0	1	1	0	0	0	0	0	0	0	31276|A_52_P23661	8.49796027341455	True	True
GSM2533500	33630	A_52_P244931	Slc8a1	0	Slc8a1	AK048160	0.0	2.83748	2.16689	1.0	1.0	0	0	0	0	0	0	0	0	0	33630|A_52_P244931	7.06508235317223	True	False
GSM2533500	37269	A_51_P445985	Slc12a3	0	Slc12a3	NM_019415	1.654636954	0.0	0.0	1.0	1.0	1	1	0	0	0	0	0	0	0	37269|A_51_P445985	9.87422100648088	True	True
GSM2533500	38687	A_52_P515497	Atp1a1	0	Atp1a1	NM_144900	1.122894392	0.0	0.0	1.0	1.0	1	1	0	0	0	0	0	0	0	38687|A_52_P515497	15.4805455397188	True	True
GSM2533500	40389	A_52_P184322	Trpm6	0	Trpm6	NM_153417	0.253062678	0.0	0.0	1.0	1.0	1	1	0	0	0	0	0	0	0	40389|A_52_P184322	7.41809385320356	True	True
GSM2533500	40926	A_51_P197499	Bsnd	0	Bsnd	NM_080458	0.1974686378	0.0	0.0	1.0	1.0	1	1	0	0	0	0	0	0	0	40926|A_51_P197499	7.61348487387804	True	True
GSM2533500	44562	A_51_P335801	Calb1	0	Calb1	NM_009788	1.881907196	0.0	0.0	1.0	1.0	1	1	0	0	0	0	0	0	0	44562|A_51_P335801	10.6836953842321	True	True
GSM2533500	44811	A_51_P222543	Atp2b1	0	Atp2b1	BI080417	-0.06482546595	0.0	0.0	1.0	1.0	1	1	0	0	0	0	0	0	0	44811|A_51_P222543	8.51807658991753	True	True
GSM2533500	45034	A_52_P152274	Clcnka	0	Clcnka	NM_024412	0.4813751886	0.0	0.0	1.0	1.0	1	1	0	0	0	0	0	0	0	45034|A_52_P152274	7.66473149662974	True	True
GSM2533501	2344	A_51_P335801	Calb1	0		NM_009788	1.990174931					1	1	0	0	0	0	0	0	0	2344|A_51_P335801	11.8519359902515	True	True
GSM2533501	3560	A_51_P230799	Atp2b1	0		NM_026482	-0.004278402523					1	1	0	0	0	0	0	0	0	3560|A_51_P230799	7.78209654286813	True	True
GSM2533501	5551	A_51_P243073	Trpm6	0		AK080899	0.0					0	0	0	0	0	0	0	0	0	5551|A_51_P243073	7.08536944824866	True	False
GSM2533501	5837	A_51_P428512	Cldn16	0		NM_053241	1.713668238					0	1	0	0	0	0	0	0	0	5837|A_51_P428512	8.26682202485163	True	True
GSM2533501	5868	A_51_P281586	Cnnm2	0		NM_033569	0.3242082804					1	1	0	0	0	0	0	0	0	5868|A_51_P281586	7.92256129317871	True	True
GSM2533501	7768	A_51_P335801	Calb1	0		NM_009788	1.930726202					1	1	0	0	0	0	0	0	0	7768|A_51_P335801	11.7530251356358	True	True
GSM2533501	10045	A_51_P442227	Slc12a1	0		U61381	0.1033899197					0	0	0	0	0	0	0	0	0	10045|A_51_P442227	7.13571033439973	True	False
GSM2533501	10087	A_52_P260659	Kcnj10	0		NM_001039484	1.884153145					0	1	0	0	0	0	0	0	0	10087|A_52_P260659	9.81812899274131	True	True
GSM2533501	11353	A_51_P335801	Calb1	0		NM_009788	1.901164133					1	1	0	0	0	0	0	0	0	11353|A_51_P335801	12.2801042514271	True	True
GSM2533501	11562	A_51_P300817	Atp1a1	0		NM_144900	1.13616206					1	1	0	0	0	0	0	0	0	11562|A_51_P300817	15.8668603792738	True	True
GSM2533501	12114	A_51_P151484	Atp1b1	0		NM_009721	1.451127825					1	1	0	0	0	0	0	0	0	12114|A_51_P151484	14.0565828041997	True	True
GSM2533501	12522	A_51_P335801	Calb1	0		NM_009788	1.873540473					1	1	0	0	0	0	0	0	0	12522|A_51_P335801	12.0013169396226	True	True
GSM2533501	12999	A_52_P348986	Atp2b1	0		NM_026482	-0.2136644582					1	1	0	0	0	0	0	0	0	12999|A_52_P348986	9.87449903742352	True	True
GSM2533501	13287	A_52_P26118	Slc12a1	0		NM_001079690	2.11470518					1	1	0	0	0	0	0	0	0	13287|A_52_P26118	12.9794100764712	True	True
GSM2533501	15381	A_51_P352572	Clcnkb	0		AF124847	0.8866188363					1	1	0	0	0	0	0	0	0	15381|A_51_P352572	7.94063939769598	True	True
GSM2533501	15729	A_51_P335801	Calb1	0		NM_009788	1.93914217					1	1	0	0	0	0	0	0	0	15729|A_51_P335801	11.8755433444553	True	True
GSM2533501	15983	A_52_P550331	Kcnj16	0		NM_010604	1.773160524					0	1	0	0	0	0	0	0	0	15983|A_52_P550331	8.8217293600108	True	True
GSM2533501	16664	A_51_P277373	Slc8a1	0		NM_001286684	1.256263284					0	1	0	0	0	0	0	0	0	16664|A_51_P277373	7.74965843278391	True	True
GSM2533501	18179	A_52_P313284	Slc8a1	0		NR_104580	0.474737714					1	1	0	0	0	0	0	0	0	18179|A_52_P313284	7.56874152971667	True	True
GSM2533501	18232	A_51_P171332	Cldn19	0		NM_153105	0.8861145917					1	1	0	0	0	0	0	0	0	18232|A_51_P171332	8.18078400745639	True	True
GSM2533501	18861	A_51_P239601	Trpv5	0		NM_001007572	0.9942758197					0	1	0	0	0	0	0	0	0	18861|A_51_P239601	7.3715538704373	True	True
GSM2533501	19028	A_52_P231461	Slc8a1	0		NM_011406	1.05180864					0	1	0	0	0	0	0	0	0	19028|A_52_P231461	7.4379979606672	True	True
GSM2533501	20241	A_51_P335801	Calb1	0		NM_009788	1.928480116					1	1	0	0	0	0	0	0	0	20241|A_51_P335801	12.1005182570814	True	True
GSM2533501	22525	A_52_P562704	Slc8a1	0		NM_011406	0.3582886284					1	1	0	0	0	0	0	0	0	22525|A_52_P562704	7.7390799631707	True	True
GSM2533501	22740	A_52_P550325	Kcnj16	0		NM_010604	1.954435321					1	1	0	0	0	0	0	0	0	22740|A_52_P550325	13.8467814731374	True	True
GSM2533501	23878	A_51_P335801	Calb1	0		NM_009788	1.903301626					1	1	0	0	0	0	0	0	0	23878|A_51_P335801	12.2007710933198	True	True
GSM2533501	26196	A_51_P357773	Kcnj16	0		NM_010604	1.754449645					0	1	0	0	0	0	0	0	0	26196|A_51_P357773	9.16927328365746	True	True
GSM2533501	26242	A_52_P499907	Kcnj1	0		NM_019659	2.331516269					1	1	0	0	0	0	0	0	0	26242|A_52_P499907	13.4744955033902	True	True
GSM2533501	27676	A_52_P351913	Atp2b1	0		AK053569	0.2392475943					1	1	0	0	0	0	0	0	0	27676|A_52_P351913	7.96753193383947	True	True
GSM2533501	29730	A_52_P611783	Fxyd2	0		NM_052823	1.651007568					1	1	0	0	0	0	0	0	0	29730|A_52_P611783	14.8986835130201	True	True
GSM2533501	29964	A_51_P335801	Calb1	0		NM_009788	1.894441832					1	1	0	0	0	0	0	0	0	29964|A_51_P335801	12.2737770881846	True	True
GSM2533501	30753	A_51_P335801	Calb1	0		NM_009788	1.941682049					1	1	0	0	0	0	0	0	0	30753|A_51_P335801	12.1418440381793	True	True
GSM2533501	31276	A_52_P23661	Cldn19	0		NM_001038590	1.206731237					1	1	0	0	0	0	0	0	0	31276|A_52_P23661	8.52391510944099	True	True
GSM2533501	33630	A_52_P244931	Slc8a1	0		AK048160	0.0					0	0	0	0	0	0	0	0	0	33630|A_52_P244931	7.0282702786805	True	False
GSM2533501	37269	A_51_P445985	Slc12a3	0		NM_019415	1.487352645					1	1	0	0	0	0	0	0	0	37269|A_51_P445985	10.5553243817801	True	True
GSM2533501	38687	A_52_P515497	Atp1a1	0		NM_144900	1.081597013					1	1	0	0	0	0	0	0	0	38687|A_52_P515497	15.4272471084718	True	True
GSM2533501	40389	A_52_P184322	Trpm6	0		NM_153417	0.1606704326					1	1	0	0	0	0	0	0	0	40389|A_52_P184322	7.59488882072209	True	True
GSM2533501	40926	A_51_P197499	Bsnd	0		NM_080458	0.6793895123					1	1	0	0	0	0	0	0	0	40926|A_51_P197499	7.77103428929864	True	True
GSM2533501	44562	A_51_P335801	Calb1	0		NM_009788	1.929404784					1	1	0	0	0	0	0	0	0	44562|A_51_P335801	11.7297218558574	True	True
GSM2533501	44811	A_51_P222543	Atp2b1	0		NM_026482	-0.08894276313					1	1	0	0	0	0	0	0	0	44811|A_51_P222543	8.39955588252382	True	True
GSM2533501	45034	A_52_P152274	Clcnka	0		NM_024412	1.162478685					0	1	0	0	0	0	0	0	0	45034|A_52_P152274	7.99455042882486	True	True
GSM2533502	2344	A_51_P335801	Calb1	0		NM_009788	1.960179103					1	1	0	0	0	0	0	0	0	2344|A_51_P335801	13.2712766240317	True	True
GSM2533502	3560	A_51_P230799	Atp2b1	0		NM_026482	-0.03417453048					1	1	0	0	0	0	0	0	0	3560|A_51_P230799	7.7296061377296	True	True
GSM2533502	5551	A_51_P243073	Trpm6	0		AK080899	0.0					0	0	0	0	0	0	0	0	0	5551|A_51_P243073	7.03546824704148	True	False
GSM2533502	5837	A_51_P428512	Cldn16	0		NM_053241	1.65546794					0	1	0	0	0	0	0	0	0	5837|A_51_P428512	8.2554844085762	True	True
GSM2533502	5868	A_51_P281586	Cnnm2	0		NM_033569	0.3332264645					1	1	0	0	0	0	0	0	0	5868|A_51_P281586	7.96775492114832	True	True
GSM2533502	7768	A_51_P335801	Calb1	0		NM_009788	1.966901708					1	1	0	0	0	0	0	0	0	7768|A_51_P335801	13.3696378755083	True	True
GSM2533502	10045	A_51_P442227	Slc12a1	0		U61381	0.5250818254					0	0	0	0	0	0	0	0	0	10045|A_51_P442227	7.14491018564524	True	False
GSM2533502	10087	A_52_P260659	Kcnj10	0		NM_001039484	2.069855211					1	1	0	0	0	0	0	0	0	10087|A_52_P260659	10.6606807331979	True	True
GSM2533502	11353	A_51_P335801	Calb1	0		NM_009788	1.922893901					1	1	0	0	0	0	0	0	0	11353|A_51_P335801	13.789030524584	True	True
GSM2533502	11562	A_51_P300817	Atp1a1	0		NM_144900	1.312056317					1	1	0	0	0	0	0	0	0	11562|A_51_P300817	16.3049240420636	True	True
GSM2533502	12114	A_51_P151484	Atp1b1	0		NM_009721	1.55837768					1	1	0	0	0	0	0	0	0	12114|A_51_P151484	14.5267888965541	True	True
GSM2533502	12522	A_51_P335801	Calb1	0		NM_009788	1.934746945					1	1	0	0	0	0	0	0	0	12522|A_51_P335801	13.5401912972369	True	True
GSM2533502	12999	A_52_P348986	Atp2b1	0		NM_026482	-0.230572088					1	1	0	0	0	0	0	0	0	12999|A_52_P348986	9.98489735381676	True	True
GSM2533502	13287	A_52_P26118	Slc12a1	0		NM_001079690	2.358339911					1	1	0	0	0	0	0	0	0	13287|A_52_P26118	13.8815871996559	True	True
GSM2533502	15381	A_51_P352572	Clcnkb	0		AF124847	1.110314988					1	1	0	0	0	0	0	0	0	15381|A_51_P352572	8.72123028926278	True	True
GSM2533502	15729	A_51_P335801	Calb1	0		NM_009788	1.956368223					1	1	0	0	0	0	0	0	0	15729|A_51_P335801	13.0958661151477	True	True
GSM2533502	15983	A_52_P550331	Kcnj16	0		NM_010604	1.913837341					0	1	0	0	0	0	0	0	0	15983|A_52_P550331	8.75027384844664	True	True
GSM2533502	16664	A_51_P277373	Slc8a1	0		NM_001286684	1.328123342					0	1	0	0	0	0	0	0	0	16664|A_51_P277373	8.02819149245752	True	True
GSM2533502	18179	A_52_P313284	Slc8a1	0		NR_104580	0.6249848854					1	1	0	0	0	0	0	0	0	18179|A_52_P313284	7.84567935306425	True	True
GSM2533502	18232	A_51_P171332	Cldn19	0		NM_153105	1.099834007					1	1	0	0	0	0	0	0	0	18232|A_51_P171332	8.34898011086201	True	True
GSM2533502	18861	A_51_P239601	Trpv5	0		NM_001007572	1.159354318					0	1	0	0	0	0	0	0	0	18861|A_51_P239601	7.50418050719473	True	True
GSM2533502	19028	A_52_P231461	Slc8a1	0		NM_011406	1.191436712					0	1	0	0	0	0	0	0	0	19028|A_52_P231461	7.4983520520421	True	True
GSM2533502	20241	A_51_P335801	Calb1	0		NM_009788	1.934153448					1	1	0	0	0	0	0	0	0	20241|A_51_P335801	13.2633728240196	True	True
GSM2533502	22525	A_52_P562704	Slc8a1	0		NM_011406	0.3888800806					1	1	0	0	0	0	0	0	0	22525|A_52_P562704	7.96775492114832	True	True
GSM2533502	22740	A_52_P550325	Kcnj16	0		NM_010604	2.053206997					1	1	0	0	0	0	0	0	0	22740|A_52_P550325	14.0203423066216	True	True
GSM2533502	23878	A_51_P335801	Calb1	0		NM_009788	1.968500651					1	1	0	0	0	0	0	0	0	23878|A_51_P335801	13.6814703750297	True	True
GSM2533502	26196	A_51_P357773	Kcnj16	0		NM_010604	1.843808756					0	1	0	0	0	0	0	0	0	26196|A_51_P357773	8.48658507271925	True	True
GSM2533502	26242	A_52_P499907	Kcnj1	0		NM_019659	2.348383641					1	1	0	0	0	0	0	0	0	26242|A_52_P499907	14.3853487680116	True	True
GSM2533502	27676	A_52_P351913	Atp2b1	0		AK053569	0.2056100778					1	1	0	0	0	0	0	0	0	27676|A_52_P351913	8.01299243425993	True	True
GSM2533502	29730	A_52_P611783	Fxyd2	0		NM_052823	1.668182434					1	1	0	0	0	0	0	0	0	29730|A_52_P611783	15.0812993778416	True	True
GSM2533502	29964	A_51_P335801	Calb1	0		NM_009788	1.948250777					1	1	0	0	0	0	0	0	0	29964|A_51_P335801	13.7112836774235	True	True
GSM2533502	30753	A_51_P335801	Calb1	0		NM_009788	1.974347214					1	1	0	0	0	0	0	0	0	30753|A_51_P335801	13.5850369597812	True	True
GSM2533502	31276	A_52_P23661	Cldn19	0		NM_001038590	1.259775841					1	1	0	0	0	0	0	0	0	31276|A_52_P23661	9.01605476587038	True	True
GSM2533502	33630	A_52_P244931	Slc8a1	0		AK048160	0.0					0	0	0	0	0	0	0	0	0	33630|A_52_P244931	7.03546824704148	True	False
GSM2533502	37269	A_51_P445985	Slc12a3	0		NM_019415	1.573484239					1	1	0	0	0	0	0	0	0	37269|A_51_P445985	10.8249721525219	True	True
GSM2533502	38687	A_52_P515497	Atp1a1	0		NM_144900	1.304742769					1	1	0	0	0	0	0	0	0	38687|A_52_P515497	15.9639839053793	True	True
GSM2533502	40389	A_52_P184322	Trpm6	0		NM_153417	0.1904844732					1	1	0	0	0	0	0	0	0	40389|A_52_P184322	7.38233266182298	True	True
GSM2533502	40926	A_51_P197499	Bsnd	0		NM_080458	0.6020310899					1	1	0	0	0	0	0	0	0	40926|A_51_P197499	7.9896265569193	True	True
GSM2533502	44562	A_51_P335801	Calb1	0		NM_009788	1.968161671					1	1	0	0	0	0	0	0	0	44562|A_51_P335801	13.355993306636	True	True
GSM2533502	44811	A_51_P222543	Atp2b1	0		NM_026482	-0.02450184406					1	1	0	0	0	0	0	0	0	44811|A_51_P222543	8.72602978998638	True	True
GSM2533502	45034	A_52_P152274	Clcnka	0		NM_024412	1.077740206					1	1	0	0	0	0	0	0	0	45034|A_52_P152274	8.33973834404623	True	True
GSM2533503	2344	A_51_P335801	Calb1	0		NM_009788	1.818783764					1	1	0	0	0	0	0	0	0	2344|A_51_P335801	13.5536725041142	True	True
GSM2533503	3560	A_51_P230799	Atp2b1	0		NM_026482	-0.08407346123					1	1	0	0	0	0	0	0	0	3560|A_51_P230799	7.631548556928	True	True
GSM2533503	5551	A_51_P243073	Trpm6	0		AK080899	0.0					0	0	0	0	0	0	0	0	0	5551|A_51_P243073	7.06468191872939	True	False
GSM2533503	5837	A_51_P428512	Cldn16	0		NM_053241	1.292969096					0	1	0	0	0	0	0	0	0	5837|A_51_P428512	8.23861314176785	True	True
GSM2533503	5868	A_51_P281586	Cnnm2	0		NM_033569	0.5104735705					1	1	0	0	0	0	0	0	0	5868|A_51_P281586	8.34946750563883	True	True
GSM2533503	7768	A_51_P335801	Calb1	0		NM_009788	1.848649622					1	1	0	0	0	0	0	0	0	7768|A_51_P335801	13.7416182459	True	True
GSM2533503	10045	A_51_P442227	Slc12a1	0		U61381	0.8133255439					0	1	0	0	0	0	0	0	0	10045|A_51_P442227	7.20561016486404	True	True
GSM2533503	10087	A_52_P260659	Kcnj10	0		NM_001039484	1.897969481					1	1	0	0	0	0	0	0	0	10087|A_52_P260659	11.1033803231653	True	True
GSM2533503	11353	A_51_P335801	Calb1	0		NM_009788	1.844494971					1	1	0	0	0	0	0	0	0	11353|A_51_P335801	13.9553607798388	True	True
GSM2533503	11562	A_51_P300817	Atp1a1	0		NM_144900	1.350985375					1	1	0	0	0	0	0	0	0	11562|A_51_P300817	17.0114903415836	True	True
GSM2533503	12114	A_51_P151484	Atp1b1	0		NM_009721	1.65518644					1	1	0	0	0	0	0	0	0	12114|A_51_P151484	14.738324192453	True	True
GSM2533503	12522	A_51_P335801	Calb1	0		NM_009788	1.847847983					1	1	0	0	0	0	0	0	0	12522|A_51_P335801	13.965191022962	True	True
GSM2533503	12999	A_52_P348986	Atp2b1	0		NM_026482	-0.2401518388					1	1	0	0	0	0	0	0	0	12999|A_52_P348986	9.67679244192435	True	True
GSM2533503	13287	A_52_P26118	Slc12a1	0		NM_001079690	2.488203742					1	1	0	0	0	0	0	0	0	13287|A_52_P26118	14.4884593713298	True	True
GSM2533503	15381	A_51_P352572	Clcnkb	0		AF124847	0.8213149378					1	1	0	0	0	0	0	0	0	15381|A_51_P352572	7.84869406017398	True	True
GSM2533503	15729	A_51_P335801	Calb1	0		NM_009788	1.835718126					1	1	0	0	0	0	0	0	0	15729|A_51_P335801	14.0241818281765	True	True
GSM2533503	15983	A_52_P550331	Kcnj16	0		NM_010604	2.108457526					0	1	0	0	0	0	0	0	0	15983|A_52_P550331	9.10777643622437	True	True
GSM2533503	16664	A_51_P277373	Slc8a1	0		NM_001286684	1.061468358					1	1	0	0	0	0	0	0	0	16664|A_51_P277373	8.22944733212071	True	True
GSM2533503	18179	A_52_P313284	Slc8a1	0		NR_104580	0.7394181474					1	1	0	0	0	0	0	0	0	18179|A_52_P313284	7.85851262027764	True	True
GSM2533503	18232	A_51_P171332	Cldn19	0		NM_153105	1.134034235					1	1	0	0	0	0	0	0	0	18232|A_51_P171332	8.75109837206189	True	True
GSM2533503	18861	A_51_P239601	Trpv5	0		NM_001007572	0.9335975906					0	1	0	0	0	0	0	0	0	18861|A_51_P239601	7.55047417470082	True	True
GSM2533503	19028	A_52_P231461	Slc8a1	0		NM_011406	1.481886271					0	1	0	0	0	0	0	0	0	19028|A_52_P231461	7.61008399305219	True	True
GSM2533503	20241	A_51_P335801	Calb1	0		NM_009788	1.820496208					1	1	0	0	0	0	0	0	0	20241|A_51_P335801	13.9427970642519	True	True
GSM2533503	22525	A_52_P562704	Slc8a1	0		NM_011406	0.6333625185					1	1	0	0	0	0	0	0	0	22525|A_52_P562704	8.17926151326893	True	True
GSM2533503	22740	A_52_P550325	Kcnj16	0		NM_010604	1.904909069					1	1	0	0	0	0	0	0	0	22740|A_52_P550325	13.9271388583258	True	True
GSM2533503	23878	A_51_P335801	Calb1	0		NM_009788	1.83132992					1	1	0	0	0	0	0	0	0	23878|A_51_P335801	13.9065816044632	True	True
GSM2533503	26196	A_51_P357773	Kcnj16	0		NM_010604	1.762174168					0	1	0	0	0	0	0	0	0	26196|A_51_P357773	9.35520980466336	True	True
GSM2533503	26242	A_52_P499907	Kcnj1	0		NM_019659	2.255318082					1	1	0	0	0	0	0	0	0	26242|A_52_P499907	14.5905215339812	True	True
GSM2533503	27676	A_52_P351913	Atp2b1	0		AK053569	0.0490065532					1	1	0	0	0	0	0	0	0	27676|A_52_P351913	7.80457396225874	True	True
GSM2533503	29730	A_52_P611783	Fxyd2	0		NM_052823	1.602292914					1	1	0	0	0	0	0	0	0	29730|A_52_P611783	15.1961434398934	True	True
GSM2533503	29964	A_51_P335801	Calb1	0		NM_009788	1.836638236					1	1	0	0	0	0	0	0	0	29964|A_51_P335801	14.0203423066216	True	True
GSM2533503	30753	A_51_P335801	Calb1	0		NM_009788	1.825126786					1	1	0	0	0	0	0	0	0	30753|A_51_P335801	13.8194179747227	True	True
GSM2533503	31276	A_52_P23661	Cldn19	0		NM_001038590	1.2727344					1	1	0	0	0	0	0	0	0	31276|A_52_P23661	9.26510146982685	True	True
GSM2533503	33630	A_52_P244931	Slc8a1	0		AK048160	0.0					0	0	0	0	0	0	0	0	0	33630|A_52_P244931	7.06468191872939	True	False
GSM2533503	37269	A_51_P445985	Slc12a3	0		NM_019415	1.496156225					1	1	0	0	0	0	0	0	0	37269|A_51_P445985	11.5633297850669	True	True
GSM2533503	38687	A_52_P515497	Atp1a1	0		NM_144900	1.293702707					1	1	0	0	0	0	0	0	0	38687|A_52_P515497	15.7771378836625	True	True
GSM2533503	40389	A_52_P184322	Trpm6	0		NM_153417	0.5069640625					1	1	0	0	0	0	0	0	0	40389|A_52_P184322	7.70444012085202	True	True
GSM2533503	40926	A_51_P197499	Bsnd	0		NM_080458	0.6440277112					1	1	0	0	0	0	0	0	0	40926|A_51_P197499	8.33451426959605	True	True
GSM2533503	44562	A_51_P335801	Calb1	0		NM_009788	1.860594761					1	1	0	0	0	0	0	0	0	44562|A_51_P335801	13.4818176399228	True	True
GSM2533503	44811	A_51_P222543	Atp2b1	0		NM_026482	-0.1101048478					1	1	0	0	0	0	0	0	0	44811|A_51_P222543	8.30897675825818	True	True
GSM2533503	45034	A_52_P152274	Clcnka	0		NM_024412	1.236397139					1	1	0	0	0	0	0	0	0	45034|A_52_P152274	9.37846162867743	True	True
GSM2533504	2344	A_51_P335801	Calb1	0		NM_009788	1.767879592					1	1	0	0	0	0	0	0	0	2344|A_51_P335801	12.6165819744625	True	True
GSM2533504	3560	A_51_P230799	Atp2b1	0		NM_026482	0.06050380119					1	1	0	0	0	0	0	0	0	3560|A_51_P230799	7.74255836504937	True	True
GSM2533504	5551	A_51_P243073	Trpm6	0		AK080899	0.0					0	0	0	0	0	0	0	0	0	5551|A_51_P243073	7.08189572937343	True	False
GSM2533504	5837	A_51_P428512	Cldn16	0		NM_053241	1.276300439					0	1	0	0	0	0	0	0	0	5837|A_51_P428512	8.06975779435498	True	True
GSM2533504	5868	A_51_P281586	Cnnm2	0		NM_033569	0.3957131416					1	1	0	0	0	0	0	0	0	5868|A_51_P281586	8.19396361329937	True	True
GSM2533504	7768	A_51_P335801	Calb1	0		NM_009788	1.783508523					1	1	0	0	0	0	0	0	0	7768|A_51_P335801	12.9294516361019	True	True
GSM2533504	10045	A_51_P442227	Slc12a1	0		U61381	0.6542042917					0	1	0	0	0	0	0	0	0	10045|A_51_P442227	7.27354074075176	True	True
GSM2533504	10087	A_52_P260659	Kcnj10	0		NM_001039484	1.840333643					1	1	0	0	0	0	0	0	0	10087|A_52_P260659	10.3986196933282	True	True
GSM2533504	11353	A_51_P335801	Calb1	0		NM_009788	1.755041283					1	1	0	0	0	0	0	0	0	11353|A_51_P335801	13.1932154100264	True	True
GSM2533504	11562	A_51_P300817	Atp1a1	0		NM_144900	1.291087094					1	1	0	0	0	0	0	0	0	11562|A_51_P300817	16.8021897590529	True	True
GSM2533504	12114	A_51_P151484	Atp1b1	0		NM_009721	1.448806129					1	1	0	0	0	0	0	0	0	12114|A_51_P151484	14.271967388915	True	True
GSM2533504	12522	A_51_P335801	Calb1	0		NM_009788	1.75493141					1	1	0	0	0	0	0	0	0	12522|A_51_P335801	13.1106930489104	True	True
GSM2533504	12999	A_52_P348986	Atp2b1	0		NM_026482	-0.1710904264					1	1	0	0	0	0	0	0	0	12999|A_52_P348986	9.93406368834807	True	True
GSM2533504	13287	A_52_P26118	Slc12a1	0		NM_001079690	2.244257463					1	1	0	0	0	0	0	0	0	13287|A_52_P26118	13.8314876972459	True	True
GSM2533504	15381	A_51_P352572	Clcnkb	0		AF124847	1.064091994					1	1	0	0	0	0	0	0	0	15381|A_51_P352572	8.27572586288101	True	True
GSM2533504	15729	A_51_P335801	Calb1	0		NM_009788	1.774438848					1	1	0	0	0	0	0	0	0	15729|A_51_P335801	13.0607810810715	True	True
GSM2533504	15983	A_52_P550331	Kcnj16	0		NM_010604	1.690170555					0	1	0	0	0	0	0	0	0	15983|A_52_P550331	8.71511702548954	True	True
GSM2533504	16664	A_51_P277373	Slc8a1	0		NM_001286684	1.204863586					0	1	0	0	0	0	0	0	0	16664|A_51_P277373	8.18254702316671	True	True
GSM2533504	18179	A_52_P313284	Slc8a1	0		NR_104580	0.4098826678					1	1	0	0	0	0	0	0	0	18179|A_52_P313284	7.64864764115643	True	True
GSM2533504	18232	A_51_P171332	Cldn19	0		NM_153105	1.112432481					1	1	0	0	0	0	0	0	0	18232|A_51_P171332	8.49603995667086	True	True
GSM2533504	18861	A_51_P239601	Trpv5	0		NM_001007572	1.100298421					0	1	0	0	0	0	0	0	0	18861|A_51_P239601	7.47430630606997	True	True
GSM2533504	19028	A_52_P231461	Slc8a1	0		NM_011406	1.135647234					0	1	0	0	0	0	0	0	0	19028|A_52_P231461	7.37983833534832	True	True
GSM2533504	20241	A_51_P335801	Calb1	0		NM_009788	1.769511532					1	1	0	0	0	0	0	0	0	20241|A_51_P335801	13.0815280468916	True	True
GSM2533504	22525	A_52_P562704	Slc8a1	0		NM_011406	0.3765161476					1	1	0	0	0	0	0	0	0	22525|A_52_P562704	7.78632137084914	True	True
GSM2533504	22740	A_52_P550325	Kcnj16	0		NM_010604	1.853224246					1	1	0	0	0	0	0	0	0	22740|A_52_P550325	13.5248858746111	True	True
GSM2533504	23878	A_51_P335801	Calb1	0		NM_009788	1.766138056					1	1	0	0	0	0	0	0	0	23878|A_51_P335801	13.0562171448542	True	True
GSM2533504	26196	A_51_P357773	Kcnj16	0		NM_010604	1.579211654					0	1	0	0	0	0	0	0	0	26196|A_51_P357773	8.9098337850541	True	True
GSM2533504	26242	A_52_P499907	Kcnj1	0		NM_019659	2.172415083					1	1	0	0	0	0	0	0	0	26242|A_52_P499907	14.3532492092192	True	True
GSM2533504	27676	A_52_P351913	Atp2b1	0		AK053569	0.1889160126					1	1	0	0	0	0	0	0	0	27676|A_52_P351913	7.97565831047028	True	True
GSM2533504	29730	A_52_P611783	Fxyd2	0		NM_052823	1.508074165					1	1	0	0	0	0	0	0	0	29730|A_52_P611783	14.6744249901313	True	True
GSM2533504	29964	A_51_P335801	Calb1	0		NM_009788	1.777467362					1	1	0	0	0	0	0	0	0	29964|A_51_P335801	13.2359303849368	True	True
GSM2533504	30753	A_51_P335801	Calb1	0		NM_009788	1.746689931					1	1	0	0	0	0	0	0	0	30753|A_51_P335801	12.9976952744393	True	True
GSM2533504	31276	A_52_P23661	Cldn19	0		NM_001038590	1.12233598					1	1	0	0	0	0	0	0	0	31276|A_52_P23661	8.9063894873211	True	True
GSM2533504	33630	A_52_P244931	Slc8a1	0		AK048160	0.0					0	0	0	0	0	0	0	0	0	33630|A_52_P244931	7.10232162659622	True	False
GSM2533504	37269	A_51_P445985	Slc12a3	0		NM_019415	1.451986958					1	1	0	0	0	0	0	0	0	37269|A_51_P445985	10.5797709260875	True	True
GSM2533504	38687	A_52_P515497	Atp1a1	0		NM_144900	1.20866871					1	1	0	0	0	0	0	0	0	38687|A_52_P515497	15.708764557834	True	True
GSM2533504	40389	A_52_P184322	Trpm6	0		NM_153417	0.4796121534					1	1	0	0	0	0	0	0	0	40389|A_52_P184322	7.49350827500058	True	True
GSM2533504	40926	A_51_P197499	Bsnd	0		NM_080458	0.6928272006					1	1	0	0	0	0	0	0	0	40926|A_51_P197499	7.91963264732697	True	True
GSM2533504	44562	A_51_P335801	Calb1	0		NM_009788	1.795760323					1	1	0	0	0	0	1	1	0	44562|A_51_P335801	12.4531634751035	False	False
GSM2533504	44811	A_51_P222543	Atp2b1	0		NM_026482	-0.08124751708					1	1	0	0	0	0	0	0	0	44811|A_51_P222543	8.33491114719863	True	True
GSM2533504	45034	A_52_P152274	Clcnka	0		NM_024412	1.010461053					1	1	0	0	0	0	0	0	0	45034|A_52_P152274	8.52568027730395	True	True
GSM2533505	2344	A_51_P335801	Calb1	0		NM_009788	1.888493869					1	1	0	0	0	0	0	0	0	2344|A_51_P335801	14.0672958196682	True	True
GSM2533505	3560	A_51_P230799	Atp2b1	0		NM_026482	0.02444580289					1	1	0	0	0	0	0	0	0	3560|A_51_P230799	7.70946927137878	True	True
GSM2533505	5551	A_51_P243073	Trpm6	0		AK080899	0.0					0	0	0	0	0	0	0	0	0	5551|A_51_P243073	7.08200403749074	True	False
GSM2533505	5837	A_51_P428512	Cldn16	0		NM_053241	1.437694033					0	1	0	0	0	0	0	0	0	5837|A_51_P428512	8.12448788583519	True	True
GSM2533505	5868	A_51_P281586	Cnnm2	0		NM_033569	0.4595000745					1	1	0	0	0	0	0	0	0	5868|A_51_P281586	8.25503615574497	True	True
GSM2533505	7768	A_51_P335801	Calb1	0		NM_009788	1.86859574					1	1	0	0	0	0	0	0	0	7768|A_51_P335801	14.2619624148536	True	True
GSM2533505	10045	A_51_P442227	Slc12a1	0		U61381	0.3481652736					0	0	0	0	0	0	0	0	0	10045|A_51_P442227	7.23270734310582	True	False
GSM2533505	10087	A_52_P260659	Kcnj10	0		NM_001039484	1.952391616					1	1	0	0	0	0	0	0	0	10087|A_52_P260659	11.3204043321218	True	True
GSM2533505	11353	A_51_P335801	Calb1	0		NM_009788	1.877848599					1	1	0	0	0	0	0	0	0	11353|A_51_P335801	14.5190906584302	True	True
GSM2533505	11562	A_51_P300817	Atp1a1	0		NM_144900	1.490990702					1	1	0	0	0	0	0	0	0	11562|A_51_P300817	17.6960769712705	True	True
GSM2533505	12114	A_51_P151484	Atp1b1	0		NM_009721	1.604728684					1	1	0	0	0	0	0	0	0	12114|A_51_P151484	14.6076465139941	True	True
GSM2533505	12522	A_51_P335801	Calb1	0		NM_009788	1.865555957					1	1	0	0	0	0	0	0	0	12522|A_51_P335801	14.499962927946	True	True
GSM2533505	12999	A_52_P348986	Atp2b1	0		NM_026482	-0.2175842527					1	1	0	0	0	0	0	0	0	12999|A_52_P348986	9.75758689720345	True	True
GSM2533505	13287	A_52_P26118	Slc12a1	0		NM_001079690	2.431255499					1	1	0	0	0	0	0	0	0	13287|A_52_P26118	14.2447736172934	True	True
GSM2533505	15381	A_51_P352572	Clcnkb	0		AF124847	1.088873469					1	1	0	0	0	0	0	0	0	15381|A_51_P352572	8.6371545427839	True	True
GSM2533505	15729	A_51_P335801	Calb1	0		NM_009788	1.882059188					1	1	0	0	0	0	0	0	0	15729|A_51_P335801	14.4411884109186	True	True
GSM2533505	15983	A_52_P550331	Kcnj16	0		NM_010604	2.015167699					0	1	0	0	0	0	0	0	0	15983|A_52_P550331	9.12666638766303	True	True
GSM2533505	16664	A_51_P277373	Slc8a1	0		NM_001286684	1.330585309					1	1	0	0	0	0	0	0	0	16664|A_51_P277373	8.74704913037744	True	True
GSM2533505	18179	A_52_P313284	Slc8a1	0		NR_104580	0.6687256227					1	1	0	0	0	0	0	0	0	18179|A_52_P313284	8.06838626019317	True	True
GSM2533505	18232	A_51_P171332	Cldn19	0		NM_153105	1.138718205					1	1	0	0	0	0	0	0	0	18232|A_51_P171332	8.64989691292234	True	True
GSM2533505	18861	A_51_P239601	Trpv5	0		NM_001007572	0.9336430197					0	1	0	0	0	0	0	0	0	18861|A_51_P239601	7.52878720344568	True	True
GSM2533505	19028	A_52_P231461	Slc8a1	0		NM_011406	1.489155291					0	1	0	0	0	0	0	0	0	19028|A_52_P231461	7.65952042881095	True	True
GSM2533505	20241	A_51_P335801	Calb1	0		NM_009788	1.886830207					1	1	0	0	0	0	0	0	0	20241|A_51_P335801	14.4620579843634	True	True
GSM2533505	22525	A_52_P562704	Slc8a1	0		NM_011406	0.679709874					1	1	0	0	0	0	0	0	0	22525|A_52_P562704	8.15522520605188	True	True
GSM2533505	22740	A_52_P550325	Kcnj16	0		NM_010604	1.929343237					1	1	0	0	0	0	0	0	0	22740|A_52_P550325	14.0224056099382	True	True
GSM2533505	23878	A_51_P335801	Calb1	0		NM_009788	1.8620074					1	1	0	0	0	0	0	0	0	23878|A_51_P335801	14.340410852496	True	True
GSM2533505	26196	A_51_P357773	Kcnj16	0		NM_010604	1.725421202					0	1	0	0	0	0	0	0	0	26196|A_51_P357773	9.22314656589571	True	True
GSM2533505	26242	A_52_P499907	Kcnj1	0		NM_019659	2.268076785					1	1	0	0	0	0	0	0	0	26242|A_52_P499907	14.8955785841445	True	True
GSM2533505	27676	A_52_P351913	Atp2b1	0		AK053569	0.1757698376					1	1	0	0	0	0	0	0	0	27676|A_52_P351913	7.99153622963632	True	True
GSM2533505	29730	A_52_P611783	Fxyd2	0		NM_052823	1.623107126					1	1	0	0	0	0	0	0	0	29730|A_52_P611783	14.9785760621964	True	True
GSM2533505	29964	A_51_P335801	Calb1	0		NM_009788	1.896050529					1	1	0	0	0	0	0	0	0	29964|A_51_P335801	14.579549123834	True	True
GSM2533505	30753	A_51_P335801	Calb1	0		NM_009788	1.859770085					1	1	0	0	0	0	0	0	0	30753|A_51_P335801	14.3327658897369	True	True
GSM2533505	31276	A_52_P23661	Cldn19	0		NM_001038590	1.292878812					1	1	0	0	0	0	0	0	0	31276|A_52_P23661	9.27632917744784	True	True
GSM2533505	33630	A_52_P244931	Slc8a1	0		AK048160	0.171335814					0	0	0	0	0	0	0	0	0	33630|A_52_P244931	7.14526812442165	True	False
GSM2533505	37269	A_51_P445985	Slc12a3	0		NM_019415	1.605772993					1	1	0	0	0	0	0	0	0	37269|A_51_P445985	11.7251867820849	True	True
GSM2533505	38687	A_52_P515497	Atp1a1	0		NM_144900	1.425354589					1	1	0	0	0	0	0	0	0	38687|A_52_P515497	16.2658980692624	True	True
GSM2533505	40389	A_52_P184322	Trpm6	0		NM_153417	0.4967249729					1	1	0	0	0	0	0	0	0	40389|A_52_P184322	7.5803575994677	True	True
GSM2533505	40926	A_51_P197499	Bsnd	0		NM_080458	0.910018277					1	1	0	0	0	0	0	0	0	40926|A_51_P197499	8.24748374498043	True	True
GSM2533505	44562	A_51_P335801	Calb1	0		NM_009788	1.894347312					1	1	0	0	0	0	1	0	0	44562|A_51_P335801	13.9030297979939	True	True
GSM2533505	44811	A_51_P222543	Atp2b1	0		NM_026482	-0.08620378812					1	1	0	0	0	0	0	0	0	44811|A_51_P222543	8.33282076646807	True	True
GSM2533505	45034	A_52_P152274	Clcnka	0		NM_024412	1.214067247					1	1	0	0	0	0	0	0	0	45034|A_52_P152274	9.19644306273174	True	True
GSM2533506	2344	A_51_P335801	Calb1	0		NM_009788	1.926398619					1	1	0	0	0	0	0	0	0	2344|A_51_P335801	13.7976543269711	True	True
GSM2533506	3560	A_51_P230799	Atp2b1	0		NM_026482	-0.1185208392					1	1	0	0	0	0	0	0	0	3560|A_51_P230799	7.54395150110275	True	True
GSM2533506	5551	A_51_P243073	Trpm6	0		AK080899	0.3073509505					0	0	0	0	0	0	0	0	0	5551|A_51_P243073	7.06204704458915	True	False
GSM2533506	5837	A_51_P428512	Cldn16	0		NM_053241	1.202128676					0	1	0	0	0	0	0	0	0	5837|A_51_P428512	7.92931186192178	True	True
GSM2533506	5868	A_51_P281586	Cnnm2	0		NM_033569	0.5606429479					1	1	0	0	0	0	0	0	0	5868|A_51_P281586	8.4216817797075	True	True
GSM2533506	7768	A_51_P335801	Calb1	0		NM_009788	1.956721163					1	1	0	0	0	0	0	0	0	7768|A_51_P335801	13.9448195995783	True	True
GSM2533506	10045	A_51_P442227	Slc12a1	0		U61381	0.2538177631					0	0	0	0	0	0	0	0	0	10045|A_51_P442227	7.16903986824276	True	False
GSM2533506	10087	A_52_P260659	Kcnj10	0		NM_001039484	2.084619099					1	1	0	0	0	0	0	0	0	10087|A_52_P260659	10.4502172026254	True	True
GSM2533506	11353	A_51_P335801	Calb1	0		NM_009788	1.931260692					1	1	0	0	0	0	0	0	0	11353|A_51_P335801	14.0765232993295	True	True
GSM2533506	11562	A_51_P300817	Atp1a1	0		NM_144900	1.391231465					1	1	0	0	0	0	0	0	0	11562|A_51_P300817	16.8694797974106	True	True
GSM2533506	12114	A_51_P151484	Atp1b1	0		NM_009721	1.618960037					1	1	0	0	0	0	0	0	0	12114|A_51_P151484	14.3279187196846	True	True
GSM2533506	12522	A_51_P335801	Calb1	0		NM_009788	1.944959136					1	1	0	0	0	0	0	0	0	12522|A_51_P335801	14.2414597029215	True	True
GSM2533506	12999	A_52_P348986	Atp2b1	0		NM_026482	-0.3165423663					1	1	0	0	0	0	0	0	0	12999|A_52_P348986	9.56873589114124	True	True
GSM2533506	13287	A_52_P26118	Slc12a1	0		NM_001079690	2.402834832					1	1	0	0	0	0	0	0	0	13287|A_52_P26118	13.8194179747227	True	True
GSM2533506	15381	A_51_P352572	Clcnkb	0		AF124847	0.9107641129					1	1	0	0	0	0	0	0	0	15381|A_51_P352572	8.21610765914051	True	True
GSM2533506	15729	A_51_P335801	Calb1	0		NM_009788	1.917922473					1	1	0	0	0	0	0	0	0	15729|A_51_P335801	14.1251237485335	True	True
GSM2533506	15983	A_52_P550331	Kcnj16	0		NM_010604	2.127766595					0	1	0	0	0	0	0	0	0	15983|A_52_P550331	9.30200746825399	True	True
GSM2533506	16664	A_51_P277373	Slc8a1	0		NM_001286684	1.216294279					0	1	0	0	0	0	0	0	0	16664|A_51_P277373	8.25803890893563	True	True
GSM2533506	18179	A_52_P313284	Slc8a1	0		NR_104580	0.6782602268					1	1	0	0	0	0	0	0	0	18179|A_52_P313284	7.89988192805248	True	True
GSM2533506	18232	A_51_P171332	Cldn19	0		NM_153105	1.009061894					1	1	0	0	0	0	0	0	0	18232|A_51_P171332	8.13159850272095	True	True
GSM2533506	18861	A_51_P239601	Trpv5	0		NM_001007572	0.8299077784					0	1	0	0	0	0	0	0	0	18861|A_51_P239601	7.40721603551091	True	True
GSM2533506	19028	A_52_P231461	Slc8a1	0		NM_011406	1.429808985					0	1	0	0	0	0	0	0	0	19028|A_52_P231461	7.64944282060017	True	True
GSM2533506	20241	A_51_P335801	Calb1	0		NM_009788	1.948997922					1	1	0	0	0	0	0	0	0	20241|A_51_P335801	14.159726406286	True	True
GSM2533506	22525	A_52_P562704	Slc8a1	0		NM_011406	0.6721532388					1	1	0	0	0	0	0	0	0	22525|A_52_P562704	8.23930426231042	True	True
GSM2533506	22740	A_52_P550325	Kcnj16	0		NM_010604	1.993023335					1	1	0	0	0	0	0	0	0	22740|A_52_P550325	14.435462054552	True	True
GSM2533506	23878	A_51_P335801	Calb1	0		NM_009788	1.939598154					1	1	0	0	0	0	0	0	0	23878|A_51_P335801	14.2456933518068	True	True
GSM2533506	26196	A_51_P357773	Kcnj16	0		NM_010604	1.770431563					1	1	0	0	0	0	0	0	0	26196|A_51_P357773	9.479978262497	True	True
GSM2533506	26242	A_52_P499907	Kcnj1	0		NM_019659	2.360169914					1	1	0	0	0	0	0	0	0	26242|A_52_P499907	14.3507645759739	True	True
GSM2533506	27676	A_52_P351913	Atp2b1	0		AK053569	0.07465740525					1	1	0	0	0	0	0	0	0	27676|A_52_P351913	7.85537744775674	True	True
GSM2533506	29730	A_52_P611783	Fxyd2	0		NM_052823	1.710115215					1	1	0	0	0	0	0	0	0	29730|A_52_P611783	15.339738999368	True	True
GSM2533506	29964	A_51_P335801	Calb1	0		NM_009788	1.935452211					1	1	0	0	0	0	0	0	0	29964|A_51_P335801	14.4773337968859	True	True
GSM2533506	30753	A_51_P335801	Calb1	0		NM_009788	1.937061054					1	1	0	0	0	0	0	0	0	30753|A_51_P335801	14.1895113282221	True	True
GSM2533506	31276	A_52_P23661	Cldn19	0		NM_001038590	1.17976435					1	1	0	0	0	0	0	0	0	31276|A_52_P23661	8.78131250736869	True	True
GSM2533506	33630	A_52_P244931	Slc8a1	0		AK048160	0.0					0	0	0	0	0	0	0	0	0	33630|A_52_P244931	7.06204704458915	True	False
GSM2533506	37269	A_51_P445985	Slc12a3	0		NM_019415	1.663489022					1	1	0	0	0	0	0	0	0	37269|A_51_P445985	11.8313233132413	True	True
GSM2533506	38687	A_52_P515497	Atp1a1	0		NM_144900	1.337358007					1	1	0	0	0	0	0	0	0	38687|A_52_P515497	15.7961997588615	True	True
GSM2533506	40389	A_52_P184322	Trpm6	0		NM_153417	0.3713366082					1	1	0	0	0	0	0	0	0	40389|A_52_P184322	7.53381527083552	True	True
GSM2533506	40926	A_51_P197499	Bsnd	0		NM_080458	0.4864312505					1	1	0	0	0	0	0	0	0	40926|A_51_P197499	8.0723940974801	True	True
GSM2533506	44562	A_51_P335801	Calb1	0		NM_009788	1.93590612					1	1	0	0	0	0	0	0	0	44562|A_51_P335801	13.6242444036052	True	True
GSM2533506	44811	A_51_P222543	Atp2b1	0		NM_026482	-0.1167649804					1	1	0	0	0	0	0	0	0	44811|A_51_P222543	8.12494068423147	True	True
GSM2533506	45034	A_52_P152274	Clcnka	0		NM_024412	1.177967629					1	1	0	0	0	0	0	0	0	45034|A_52_P152274	8.86984530770031	True	True
GSM2533507	2344	A_51_P335801	Calb1	0		NM_009788	1.996907122					1	1	0	0	0	0	0	0	0	2344|A_51_P335801	12.7262033996728	True	True
GSM2533507	3560	A_51_P230799	Atp2b1	0		NM_026482	-0.03935723216					1	1	0	0	0	0	0	0	0	3560|A_51_P230799	7.5925890840699	True	True
GSM2533507	5551	A_51_P243073	Trpm6	0		AK080899	-0.1589343699					0	0	0	0	0	0	0	0	0	5551|A_51_P243073	7.09585944255532	True	False
GSM2533507	5837	A_51_P428512	Cldn16	0		NM_053241	1.324666751					0	1	0	0	0	0	0	0	0	5837|A_51_P428512	8.01122276667494	True	True
GSM2533507	5868	A_51_P281586	Cnnm2	0		NM_033569	0.5042717346					1	1	0	0	0	0	0	0	0	5868|A_51_P281586	8.27061642000667	True	True
GSM2533507	7768	A_51_P335801	Calb1	0		NM_009788	2.012508691					1	1	0	0	0	0	0	0	0	7768|A_51_P335801	12.9976952744393	True	True
GSM2533507	10045	A_51_P442227	Slc12a1	0		U61381	0.3549168084					0	0	0	0	0	0	0	0	0	10045|A_51_P442227	7.19984740448376	True	False
GSM2533507	10087	A_52_P260659	Kcnj10	0		NM_001039484	2.240942232					0	1	0	0	0	0	0	0	0	10087|A_52_P260659	10.2367362176809	True	True
GSM2533507	11353	A_51_P335801	Calb1	0		NM_009788	1.979745295					1	1	0	0	0	0	0	0	0	11353|A_51_P335801	13.2125305738706	True	True
GSM2533507	11562	A_51_P300817	Atp1a1	0		NM_144900	1.336388315					1	1	0	0	0	0	0	0	0	11562|A_51_P300817	16.7829184641937	True	True
GSM2533507	12114	A_51_P151484	Atp1b1	0		NM_009721	1.546069833					1	1	0	0	0	0	0	0	0	12114|A_51_P151484	14.3279187196846	True	True
GSM2533507	12522	A_51_P335801	Calb1	0		NM_009788	1.98477127					1	1	0	0	0	0	0	0	0	12522|A_51_P335801	13.2394416297506	True	True
GSM2533507	12999	A_52_P348986	Atp2b1	0		NM_026482	-0.2443057677					1	1	0	0	0	0	0	0	0	12999|A_52_P348986	9.56592355643649	True	True
GSM2533507	13287	A_52_P26118	Slc12a1	0		NM_001079690	2.34886456					1	1	0	0	0	0	0	0	0	13287|A_52_P26118	13.6258832457017	True	True
GSM2533507	15381	A_51_P352572	Clcnkb	0		AF124847	0.7910762847					1	1	0	0	0	0	0	0	0	15381|A_51_P352572	7.87297829679697	True	True
GSM2533507	15729	A_51_P335801	Calb1	0		NM_009788	2.019157551					1	1	0	0	0	0	0	0	0	15729|A_51_P335801	13.1626626022469	True	True
GSM2533507	15983	A_52_P550331	Kcnj16	0		NM_010604	1.973609764					0	1	0	0	0	0	0	0	0	15983|A_52_P550331	9.05115120548486	True	True
GSM2533507	16664	A_51_P277373	Slc8a1	0		NM_001286684	1.298181372					0	1	0	0	0	0	0	0	0	16664|A_51_P277373	8.06902836107365	True	True
GSM2533507	18179	A_52_P313284	Slc8a1	0		NR_104580	0.4549416383					1	1	0	0	0	0	0	0	0	18179|A_52_P313284	7.64906686032141	True	True
GSM2533507	18232	A_51_P171332	Cldn19	0		NM_153105	1.152954757					1	1	0	0	0	0	0	0	0	18232|A_51_P171332	8.40600133353254	True	True
GSM2533507	18861	A_51_P239601	Trpv5	0		NM_001007572	1.06980883					0	1	0	0	0	0	0	0	0	18861|A_51_P239601	7.49540686693599	True	True
GSM2533507	19028	A_52_P231461	Slc8a1	0		NM_011406	1.03988446					0	1	0	0	0	0	0	0	0	19028|A_52_P231461	7.27386022580618	True	True
GSM2533507	20241	A_51_P335801	Calb1	0		NM_009788	1.980468079					1	1	0	0	0	0	0	0	0	20241|A_51_P335801	13.2712766240317	True	True
GSM2533507	22525	A_52_P562704	Slc8a1	0		NM_011406	0.5166236599					1	1	0	0	0	0	0	0	0	22525|A_52_P562704	7.99859444567176	True	True
GSM2533507	22740	A_52_P550325	Kcnj16	0		NM_010604	2.069707537					1	1	0	0	0	0	0	0	0	22740|A_52_P550325	13.9826025551436	True	True
GSM2533507	23878	A_51_P335801	Calb1	0		NM_009788	1.960554145					1	1	0	0	0	0	0	0	0	23878|A_51_P335801	13.2141834857289	True	True
GSM2533507	26196	A_51_P357773	Kcnj16	0		NM_010604	1.672588777					1	1	0	0	0	0	0	0	0	26196|A_51_P357773	9.49801290256283	True	True
GSM2533507	26242	A_52_P499907	Kcnj1	0		NM_019659	2.426622809					1	1	0	0	0	0	0	0	0	26242|A_52_P499907	14.0672958196682	True	True
GSM2533507	27676	A_52_P351913	Atp2b1	0		AK053569	0.1195703685					1	1	0	0	0	0	0	0	0	27676|A_52_P351913	7.88892927848911	True	True
GSM2533507	29730	A_52_P611783	Fxyd2	0		NM_052823	1.710998876					1	1	0	0	0	0	0	0	0	29730|A_52_P611783	14.9853596359283	True	True
GSM2533507	29964	A_51_P335801	Calb1	0		NM_009788	1.973762643					1	1	0	0	0	0	0	0	0	29964|A_51_P335801	13.5280380753254	True	True
GSM2533507	30753	A_51_P335801	Calb1	0		NM_009788	1.971511354					1	1	0	0	0	0	0	0	0	30753|A_51_P335801	13.1592706213602	True	True
GSM2533507	31276	A_52_P23661	Cldn19	0		NM_001038590	1.144412681					1	1	0	0	0	0	0	0	0	31276|A_52_P23661	8.78645261408217	True	True
GSM2533507	33630	A_52_P244931	Slc8a1	0		AK048160	0.0					0	0	0	0	0	0	0	0	0	33630|A_52_P244931	7.08920840152675	True	False
GSM2533507	37269	A_51_P445985	Slc12a3	0		NM_019415	1.582460899					1	1	0	0	0	0	0	0	0	37269|A_51_P445985	10.941305114446	True	True
GSM2533507	38687	A_52_P515497	Atp1a1	0		NM_144900	1.189091365					1	1	0	0	0	0	0	0	0	38687|A_52_P515497	15.4399490322383	True	True
GSM2533507	40389	A_52_P184322	Trpm6	0		NM_153417	0.5219217047					1	1	0	0	0	0	0	0	0	40389|A_52_P184322	7.67686003214101	True	True
GSM2533507	40926	A_51_P197499	Bsnd	0		NM_080458	0.4910135454					1	1	0	0	0	0	0	0	0	40926|A_51_P197499	8.18213612093752	True	True
GSM2533507	44562	A_51_P335801	Calb1	0		NM_009788	1.966315146					1	1	0	0	0	0	0	0	0	44562|A_51_P335801	12.6973080695315	True	True
GSM2533507	44811	A_51_P222543	Atp2b1	0		NM_026482	-0.1782791916					1	1	0	0	0	0	0	0	0	44811|A_51_P222543	8.16059038456026	True	True
GSM2533507	45034	A_52_P152274	Clcnka	0		NM_024412	1.144029422					1	1	0	0	0	0	0	0	0	45034|A_52_P152274	8.62797848930593	True	True
GSM2533508	2344	A_51_P335801	Calb1	0		NM_009788	2.067368361					1	1	0	0	0	0	0	0	0	2344|A_51_P335801	11.0940091198718	True	True
GSM2533508	3560	A_51_P230799	Atp2b1	0		NM_026482	-0.02300971492					1	1	0	0	0	0	0	0	0	3560|A_51_P230799	7.66956557575565	True	True
GSM2533508	5551	A_51_P243073	Trpm6	0		AK080899	0.0					0	0	0	0	0	0	0	0	0	5551|A_51_P243073	7.06801929197394	True	False
GSM2533508	5837	A_51_P428512	Cldn16	0		NM_053241	1.579955331					0	1	0	0	0	0	0	0	0	5837|A_51_P428512	8.0282498695172	True	True
GSM2533508	5868	A_51_P281586	Cnnm2	0		NM_033569	0.3640536834					1	1	0	0	0	0	0	0	0	5868|A_51_P281586	8.04900000334735	True	True
GSM2533508	7768	A_51_P335801	Calb1	0		NM_009788	2.036200232					1	1	0	0	0	0	0	0	0	7768|A_51_P335801	11.402605072141	True	True
GSM2533508	10045	A_51_P442227	Slc12a1	0		U61381	0.06451112977					0	0	0	0	0	0	0	0	0	10045|A_51_P442227	7.17062854140919	True	False
GSM2533508	10087	A_52_P260659	Kcnj10	0		NM_001039484	2.34155156					0	1	0	0	0	0	0	0	0	10087|A_52_P260659	9.40985457066062	True	True
GSM2533508	11353	A_51_P335801	Calb1	0		NM_009788	2.001625323					1	1	0	0	0	0	0	0	0	11353|A_51_P335801	11.6741049838609	True	True
GSM2533508	11562	A_51_P300817	Atp1a1	0		NM_144900	1.252529747					1	1	0	0	0	0	0	0	0	11562|A_51_P300817	16.6267458439433	True	True
GSM2533508	12114	A_51_P151484	Atp1b1	0		NM_009721	1.408050271					1	1	0	0	0	0	0	0	0	12114|A_51_P151484	14.0329041958457	True	True
GSM2533508	12522	A_51_P335801	Calb1	0		NM_009788	2.010701875					1	1	0	0	0	0	0	0	0	12522|A_51_P335801	11.6879881743701	True	True
GSM2533508	12999	A_52_P348986	Atp2b1	0		NM_026482	-0.2593058709					1	1	0	0	0	0	0	0	0	12999|A_52_P348986	9.53087438258717	True	True
GSM2533508	13287	A_52_P26118	Slc12a1	0		NM_001079690	2.279768913					1	1	0	0	0	0	0	0	0	13287|A_52_P26118	13.4773570050123	True	True
GSM2533508	15381	A_51_P352572	Clcnkb	0		AF124847	0.6775308581					1	1	0	0	0	0	0	0	0	15381|A_51_P352572	7.91076983571925	True	True
GSM2533508	15729	A_51_P335801	Calb1	0		NM_009788	2.118413346					1	1	0	0	0	0	0	0	0	15729|A_51_P335801	11.5173795606161	True	True
GSM2533508	15983	A_52_P550331	Kcnj16	0		NM_010604	2.111897636					0	1	0	0	0	0	0	0	0	15983|A_52_P550331	8.74212540298238	True	True
GSM2533508	16664	A_51_P277373	Slc8a1	0		NM_001286684	0.8767321175					0	1	0	0	0	0	0	0	0	16664|A_51_P277373	7.69344439554507	True	True
GSM2533508	18179	A_52_P313284	Slc8a1	0		NR_104580	0.3583042407					1	1	0	0	0	0	0	0	0	18179|A_52_P313284	7.57471580959791	True	True
GSM2533508	18232	A_51_P171332	Cldn19	0		NM_153105	1.12966399					1	1	0	0	0	0	0	0	0	18232|A_51_P171332	8.52162077649892	True	True
GSM2533508	18861	A_51_P239601	Trpv5	0		NM_001007572	0.6612817884					0	1	0	0	0	0	0	0	0	18861|A_51_P239601	7.31382151404992	True	True
GSM2533508	19028	A_52_P231461	Slc8a1	0		NM_011406	0.7461742439					0	1	0	0	0	0	0	0	0	19028|A_52_P231461	7.18326081696243	True	True
GSM2533508	20241	A_51_P335801	Calb1	0		NM_009788	2.038341314					1	1	0	0	0	0	0	0	0	20241|A_51_P335801	11.6033799938985	True	True
GSM2533508	22525	A_52_P562704	Slc8a1	0		NM_011406	0.289019037					1	1	0	0	0	0	0	0	0	22525|A_52_P562704	7.79954164093807	True	True
GSM2533508	22740	A_52_P550325	Kcnj16	0		NM_010604	2.1110759					1	1	0	0	0	0	0	0	0	22740|A_52_P550325	13.7993542477678	True	True
GSM2533508	23878	A_51_P335801	Calb1	0		NM_009788	1.977967814					1	1	0	0	0	0	0	0	0	23878|A_51_P335801	11.5551575700694	True	True
GSM2533508	26196	A_51_P357773	Kcnj16	0		NM_010604	1.807174069					0	1	0	0	0	0	0	0	0	26196|A_51_P357773	9.22285085426777	True	True
GSM2533508	26242	A_52_P499907	Kcnj1	0		NM_019659	2.416575774					1	1	0	0	0	0	0	0	0	26242|A_52_P499907	13.430057681475	True	True
GSM2533508	27676	A_52_P351913	Atp2b1	0		AK053569	0.2271624502					1	1	0	0	0	0	0	0	0	27676|A_52_P351913	7.99715637119293	True	True
GSM2533508	29730	A_52_P611783	Fxyd2	0		NM_052823	1.722440769					1	1	0	0	0	0	0	0	0	29730|A_52_P611783	14.8319145395815	True	True
GSM2533508	29964	A_51_P335801	Calb1	0		NM_009788	2.033554045					1	1	0	0	0	0	0	0	0	29964|A_51_P335801	11.8469463394519	True	True
GSM2533508	30753	A_51_P335801	Calb1	0		NM_009788	1.963167911					1	1	0	0	0	0	0	0	0	30753|A_51_P335801	11.5173795606161	True	True
GSM2533508	31276	A_52_P23661	Cldn19	0		NM_001038590	1.22460558					1	1	0	0	0	0	0	0	0	31276|A_52_P23661	8.98707283180728	True	True
GSM2533508	33630	A_52_P244931	Slc8a1	0		AK048160	0.0					0	0	0	0	0	0	0	0	0	33630|A_52_P244931	7.08634551587872	True	False
GSM2533508	37269	A_51_P445985	Slc12a3	0		NM_019415	1.539927364					1	1	0	0	0	0	0	0	0	37269|A_51_P445985	9.82452514150988	True	True
GSM2533508	38687	A_52_P515497	Atp1a1	0		NM_144900	1.091665594					1	1	0	0	0	0	0	0	0	38687|A_52_P515497	15.1457908792018	True	True
GSM2533508	40389	A_52_P184322	Trpm6	0		NM_153417	0.3266001186					1	1	0	0	0	0	0	0	0	40389|A_52_P184322	7.61404998730166	True	True
GSM2533508	40926	A_51_P197499	Bsnd	0		NM_080458	0.3915195679					1	1	0	0	0	0	0	0	0	40926|A_51_P197499	8.0565979871247	True	True
GSM2533508	44562	A_51_P335801	Calb1	0		NM_009788	2.067994129					1	1	0	0	0	0	0	0	0	44562|A_51_P335801	11.0522431040358	True	True
GSM2533508	44811	A_51_P222543	Atp2b1	0		NM_026482	-0.136818717					1	1	0	0	0	0	0	0	0	44811|A_51_P222543	8.22656248506894	True	True
GSM2533508	45034	A_52_P152274	Clcnka	0		NM_024412	1.11847989					1	1	0	0	0	0	0	0	0	45034|A_52_P152274	8.6579021099607	True	True
GSM2533509	2344	A_51_P335801	Calb1	0		NM_009788	2.056094521					1	1	0	0	0	0	0	0	0	2344|A_51_P335801	13.420722976608	True	True
GSM2533509	3560	A_51_P230799	Atp2b1	0		NM_026482	-0.06156908361					1	1	0	0	0	0	0	0	0	3560|A_51_P230799	7.60745546806443	True	True
GSM2533509	5551	A_51_P243073	Trpm6	0		AK080899	0.0					0	0	0	0	0	0	0	0	0	5551|A_51_P243073	7.03044244505246	True	False
GSM2533509	5837	A_51_P428512	Cldn16	0		NM_053241	1.318847888					0	1	0	0	0	0	0	0	0	5837|A_51_P428512	8.35806304634655	True	True
GSM2533509	5868	A_51_P281586	Cnnm2	0		NM_033569	0.4878026101					1	1	0	0	0	0	0	0	0	5868|A_51_P281586	8.29766370387171	True	True
GSM2533509	7768	A_51_P335801	Calb1	0		NM_009788	2.059009006					1	1	0	0	0	0	0	0	0	7768|A_51_P335801	13.6616573277221	True	True
GSM2533509	10045	A_51_P442227	Slc12a1	0		U61381	0.3240450678					0	0	0	0	0	0	0	0	0	10045|A_51_P442227	7.1891139888727	True	False
GSM2533509	10087	A_52_P260659	Kcnj10	0		NM_001039484	2.156322086					1	1	0	0	0	0	0	0	0	10087|A_52_P260659	10.894808002202	True	True
GSM2533509	11353	A_51_P335801	Calb1	0		NM_009788	2.05027285					1	1	0	0	0	0	0	0	0	11353|A_51_P335801	13.9112006909169	True	True
GSM2533509	11562	A_51_P300817	Atp1a1	0		NM_144900	1.42395433					1	1	0	0	0	0	0	0	0	11562|A_51_P300817	17.1599693644198	True	True
GSM2533509	12114	A_51_P151484	Atp1b1	0		NM_009721	1.550427229					1	1	0	0	0	0	0	0	0	12114|A_51_P151484	14.4021642965913	True	True
GSM2533509	12522	A_51_P335801	Calb1	0		NM_009788	2.039317375					1	1	0	0	0	0	0	0	0	12522|A_51_P335801	13.8938675721178	True	True
GSM2533509	12999	A_52_P348986	Atp2b1	0		NM_026482	-0.2832330721					1	1	0	0	0	0	0	0	0	12999|A_52_P348986	9.49589082458123	True	True
GSM2533509	13287	A_52_P26118	Slc12a1	0		NM_001079690	2.627111736					1	1	0	0	0	0	0	0	0	13287|A_52_P26118	14.7444589030645	True	True
GSM2533509	15381	A_51_P352572	Clcnkb	0		AF124847	0.8718058303					1	1	0	0	0	0	0	0	0	15381|A_51_P352572	8.31794008972691	True	True
GSM2533509	15729	A_51_P335801	Calb1	0		NM_009788	2.07760508					1	1	0	0	0	0	0	0	0	15729|A_51_P335801	13.8009731565486	True	True
GSM2533509	15983	A_52_P550331	Kcnj16	0		NM_010604	2.183002918					0	1	0	0	0	0	0	0	0	15983|A_52_P550331	9.21741649742399	True	True
GSM2533509	16664	A_51_P277373	Slc8a1	0		NM_001286684	1.33074943					0	1	0	0	0	0	0	0	0	16664|A_51_P277373	8.48930329396749	True	True
GSM2533509	18179	A_52_P313284	Slc8a1	0		NR_104580	0.5626357013					1	1	0	0	0	0	0	0	0	18179|A_52_P313284	7.78205038469057	True	True
GSM2533509	18232	A_51_P171332	Cldn19	0		NM_153105	1.384571679					1	1	0	0	0	0	0	0	0	18232|A_51_P171332	9.26023655654192	True	True
GSM2533509	18861	A_51_P239601	Trpv5	0		NM_001007572	1.026774674					0	1	0	0	0	0	0	0	0	18861|A_51_P239601	7.36799504337421	True	True
GSM2533509	19028	A_52_P231461	Slc8a1	0		NM_011406	1.195745563					0	1	0	0	0	0	0	0	0	19028|A_52_P231461	7.48510500129201	True	True
GSM2533509	20241	A_51_P335801	Calb1	0		NM_009788	2.09963257					1	1	0	0	0	0	0	0	0	20241|A_51_P335801	13.7875734703216	True	True
GSM2533509	22525	A_52_P562704	Slc8a1	0		NM_011406	0.6545170457					1	1	0	0	0	0	0	0	0	22525|A_52_P562704	8.33632728286018	True	True
GSM2533509	22740	A_52_P550325	Kcnj16	0		NM_010604	2.171461672					1	1	0	0	0	0	0	0	0	22740|A_52_P550325	14.1023684587004	True	True
GSM2533509	23878	A_51_P335801	Calb1	0		NM_009788	2.086344759					1	1	0	0	0	0	0	0	0	23878|A_51_P335801	13.7976543269711	True	True
GSM2533509	26196	A_51_P357773	Kcnj16	0		NM_010604	1.893172841					0	1	0	0	0	0	0	0	0	26196|A_51_P357773	9.67144831281217	True	True
GSM2533509	26242	A_52_P499907	Kcnj1	0		NM_019659	2.536336486					1	1	0	0	0	0	0	0	0	26242|A_52_P499907	14.881033795453	True	True
GSM2533509	27676	A_52_P351913	Atp2b1	0		AK053569	0.0703710865					1	1	0	0	0	0	0	0	0	27676|A_52_P351913	7.82937919478132	True	True
GSM2533509	29730	A_52_P611783	Fxyd2	0		NM_052823	1.761543872					1	1	0	0	0	0	0	0	0	29730|A_52_P611783	15.4141089566927	True	True
GSM2533509	29964	A_51_P335801	Calb1	0		NM_009788	2.106051075					1	1	0	0	0	0	0	0	0	29964|A_51_P335801	13.8215732327106	True	True
GSM2533509	30753	A_51_P335801	Calb1	0		NM_009788	2.087033318					1	1	0	0	0	0	0	0	0	30753|A_51_P335801	13.7754203955512	True	True
GSM2533509	31276	A_52_P23661	Cldn19	0		NM_001038590	1.306222653					1	1	0	0	0	0	0	0	0	31276|A_52_P23661	9.52940664193036	True	True
GSM2533509	33630	A_52_P244931	Slc8a1	0		AK048160	0.0					0	0	0	0	0	0	0	0	0	33630|A_52_P244931	7.08005021505922	True	False
GSM2533509	37269	A_51_P445985	Slc12a3	0		NM_019415	1.766003308					1	1	0	0	0	0	0	0	0	37269|A_51_P445985	11.9083913010465	True	True
GSM2533509	38687	A_52_P515497	Atp1a1	0		NM_144900	1.303938643					1	1	0	0	0	0	0	0	0	38687|A_52_P515497	15.7771378836625	True	True
GSM2533509	40389	A_52_P184322	Trpm6	0		NM_153417	0.4294639689					1	1	0	0	0	0	0	0	0	40389|A_52_P184322	7.67151177432214	True	True
GSM2533509	40926	A_51_P197499	Bsnd	0		NM_080458	0.7237230001					1	1	0	0	0	0	0	0	0	40926|A_51_P197499	8.75400455906136	True	True
GSM2533509	44562	A_51_P335801	Calb1	0		NM_009788	2.100050539					1	1	0	0	0	0	1	0	0	44562|A_51_P335801	13.3082502293359	True	True
GSM2533509	44811	A_51_P222543	Atp2b1	0		NM_026482	-0.1259361316					1	1	0	0	0	0	0	0	0	44811|A_51_P222543	8.22607780290276	True	True
GSM2533509	45034	A_52_P152274	Clcnka	0		NM_024412	1.428332551					1	1	0	0	0	0	0	0	0	45034|A_52_P152274	9.24834699397156	True	True
GSM2533510	2344	A_51_P335801	Calb1	0		NM_009788	2.110950624					1	1	0	0	0	0	0	0	0	2344|A_51_P335801	14.2640728681727	True	True
GSM2533510	3560	A_51_P230799	Atp2b1	0		NM_026482	-0.02903405738					1	1	0	0	0	0	0	0	0	3560|A_51_P230799	7.59305900314557	True	True
GSM2533510	5551	A_51_P243073	Trpm6	0		AK080899	0.2109848357					0	0	0	0	0	0	0	0	0	5551|A_51_P243073	7.1108570740904	True	False
GSM2533510	5837	A_51_P428512	Cldn16	0		NM_053241	1.452217734					0	1	0	0	0	0	0	0	0	5837|A_51_P428512	8.494574894153	True	True
GSM2533510	5868	A_51_P281586	Cnnm2	0		NM_033569	0.6216211817					1	1	0	0	0	0	0	0	0	5868|A_51_P281586	8.73764268006329	True	True
GSM2533510	7768	A_51_P335801	Calb1	0		NM_009788	2.080104194					1	1	0	0	0	0	0	0	0	7768|A_51_P335801	14.5021996985815	True	True
GSM2533510	10045	A_51_P442227	Slc12a1	0		U61381	0.5626072031					0	0	0	0	0	0	0	0	0	10045|A_51_P442227	7.1997829513731	True	False
GSM2533510	10087	A_52_P260659	Kcnj10	0		NM_001039484	2.25096856					1	1	0	0	0	0	0	0	0	10087|A_52_P260659	11.5814755705554	True	True
GSM2533510	11353	A_51_P335801	Calb1	0		NM_009788	2.089313376					1	1	0	0	0	0	0	0	0	11353|A_51_P335801	14.6713097523398	True	True
GSM2533510	11562	A_51_P300817	Atp1a1	0		NM_144900	1.430110722					1	1	0	0	0	0	0	0	0	11562|A_51_P300817	16.8021897590529	True	True
GSM2533510	12114	A_51_P151484	Atp1b1	0		NM_009721	1.70881349					1	1	0	0	0	0	0	0	0	12114|A_51_P151484	14.7353004807607	True	True
GSM2533510	12522	A_51_P335801	Calb1	0		NM_009788	2.100105614					1	1	0	0	0	0	0	0	0	12522|A_51_P335801	14.6527632919638	True	True
GSM2533510	12999	A_52_P348986	Atp2b1	0		NM_026482	-0.2626182893					1	1	0	0	0	0	0	0	0	12999|A_52_P348986	9.5018333013673	True	True
GSM2533510	13287	A_52_P26118	Slc12a1	0		NM_001079690	2.695707042					1	1	0	0	0	0	0	0	0	13287|A_52_P26118	14.8955785841445	True	True
GSM2533510	15381	A_51_P352572	Clcnkb	0		AF124847	1.227390751					1	1	0	0	0	0	0	0	0	15381|A_51_P352572	8.5308993194167	True	True
GSM2533510	15729	A_51_P335801	Calb1	0		NM_009788	2.083328682					1	1	0	0	0	0	0	0	0	15729|A_51_P335801	14.4061038834889	True	True
GSM2533510	15983	A_52_P550331	Kcnj16	0		NM_010604	2.310352105					0	1	0	0	0	0	0	0	0	15983|A_52_P550331	9.45910096500146	True	True
GSM2533510	16664	A_51_P277373	Slc8a1	0		NM_001286684	1.228548639					1	1	0	0	0	0	0	0	0	16664|A_51_P277373	8.7646036727341	True	True
GSM2533510	18179	A_52_P313284	Slc8a1	0		NR_104580	0.7352801597					1	1	0	0	0	0	0	0	0	18179|A_52_P313284	8.05681572361105	True	True
GSM2533510	18232	A_51_P171332	Cldn19	0		NM_153105	0.802947222					1	1	0	0	0	0	0	0	0	18232|A_51_P171332	9.16765783169583	True	True
GSM2533510	18861	A_51_P239601	Trpv5	0		NM_001007572	1.117282099					0	1	0	0	0	0	0	0	0	18861|A_51_P239601	7.48962401560569	True	True
GSM2533510	19028	A_52_P231461	Slc8a1	0		NM_011406	1.342157633					0	1	0	0	0	0	0	0	0	19028|A_52_P231461	7.64701971989072	True	True
GSM2533510	20241	A_51_P335801	Calb1	0		NM_009788	2.121532668					1	1	0	0	0	0	0	0	0	20241|A_51_P335801	14.4569806384314	True	True
GSM2533510	22525	A_52_P562704	Slc8a1	0		NM_011406	0.8013658706					1	1	0	0	0	0	0	0	0	22525|A_52_P562704	8.74552904127828	True	True
GSM2533510	22740	A_52_P550325	Kcnj16	0		NM_010604	2.258213676					1	1	0	0	0	0	0	0	0	22740|A_52_P550325	14.3623383709753	True	True
GSM2533510	23878	A_51_P335801	Calb1	0		NM_009788	2.093419883					1	1	0	0	0	0	0	0	0	23878|A_51_P335801	14.5267888965541	True	True
GSM2533510	26196	A_51_P357773	Kcnj16	0		NM_010604	1.834983523					1	1	0	0	0	0	0	0	0	26196|A_51_P357773	9.97782923774286	True	True
GSM2533510	26242	A_52_P499907	Kcnj1	0		NM_019659	2.589923149					1	1	0	0	0	0	0	0	0	26242|A_52_P499907	15.0781211155173	True	True
GSM2533510	27676	A_52_P351913	Atp2b1	0		AK053569	0.01977284778					1	1	0	0	0	0	0	0	0	27676|A_52_P351913	7.71272808530348	True	True
GSM2533510	29730	A_52_P611783	Fxyd2	0		NM_052823	1.803027298					1	1	0	0	0	0	0	0	0	29730|A_52_P611783	15.7500148748586	True	True
GSM2533510	29964	A_51_P335801	Calb1	0		NM_009788	2.115022965					1	1	0	0	0	0	0	0	0	29964|A_51_P335801	14.7682889650868	True	True
GSM2533510	30753	A_51_P335801	Calb1	0		NM_009788	2.097218661					1	1	0	0	0	0	0	0	0	30753|A_51_P335801	14.5165180244357	True	True
GSM2533510	31276	A_52_P23661	Cldn19	0		NM_001038590	1.49050764					1	1	0	0	0	0	0	0	0	31276|A_52_P23661	9.74139779717838	True	True
GSM2533510	33630	A_52_P244931	Slc8a1	0		AK048160	0.0					0	0	0	0	0	0	0	0	0	33630|A_52_P244931	7.06653581970764	True	False
GSM2533510	37269	A_51_P445985	Slc12a3	0		NM_019415	1.814545772					1	1	0	0	0	0	0	0	0	37269|A_51_P445985	12.470559350684	True	True
GSM2533510	38687	A_52_P515497	Atp1a1	0		NM_144900	1.38213709					1	1	0	0	0	0	0	0	0	38687|A_52_P515497	15.8026432694314	True	True
GSM2533510	40389	A_52_P184322	Trpm6	0		NM_153417	0.7282528437					1	1	0	0	0	0	0	0	0	40389|A_52_P184322	7.8041894780418	True	True
GSM2533510	40926	A_51_P197499	Bsnd	0		NM_080458	0.9077902839					1	1	0	0	0	0	0	0	0	40926|A_51_P197499	8.74793067421583	True	True
GSM2533510	44562	A_51_P335801	Calb1	0		NM_009788	2.126812449					1	1	0	0	0	0	1	0	0	44562|A_51_P335801	14.1239835567185	True	True
GSM2533510	44811	A_51_P222543	Atp2b1	0		NM_026482	-0.2286520921					1	1	0	0	0	0	0	0	0	44811|A_51_P222543	8.0481882201992	True	True
GSM2533510	45034	A_52_P152274	Clcnka	0		NM_024412	1.645627723					1	1	0	0	0	0	0	0	0	45034|A_52_P152274	10.1719151119822	True	True
GSM2533511	2344	A_51_P335801	Calb1	0		NM_009788	2.291686069					1	1	0	0	0	0	0	0	0	2344|A_51_P335801	12.4531634751035	True	True
GSM2533511	3560	A_51_P230799	Atp2b1	0		NM_026482	0.231604859					1	1	0	0	0	0	0	0	0	3560|A_51_P230799	8.0211608246103	True	True
GSM2533511	5551	A_51_P243073	Trpm6	0		AK080899	0.208466518					0	0	0	0	0	0	0	0	0	5551|A_51_P243073	7.15513494443225	True	False
GSM2533511	5837	A_51_P428512	Cldn16	0		NM_053241	1.492155421					0	1	0	0	0	0	0	0	0	5837|A_51_P428512	7.93577296228754	True	True
GSM2533511	5868	A_51_P281586	Cnnm2	0		NM_033569	0.6515919813					1	1	0	0	0	0	0	0	0	5868|A_51_P281586	8.80827526590574	True	True
GSM2533511	7768	A_51_P335801	Calb1	0		NM_009788	2.345876594					1	1	0	0	0	0	0	0	0	7768|A_51_P335801	12.7760333978411	True	True
GSM2533511	10045	A_51_P442227	Slc12a1	0		U61381	0.1020981249					0	0	0	0	0	0	0	0	0	10045|A_51_P442227	7.08802508525614	True	False
GSM2533511	10087	A_52_P260659	Kcnj10	0		NM_001039484	2.582761508					0	1	0	0	0	0	0	0	0	10087|A_52_P260659	10.2379799454977	True	True
GSM2533511	11353	A_51_P335801	Calb1	0		NM_009788	2.268067361					1	1	0	0	0	0	0	0	0	11353|A_51_P335801	13.0292528571889	True	True
GSM2533511	11562	A_51_P300817	Atp1a1	0		NM_144900	1.160014523					1	1	0	0	0	0	0	0	0	11562|A_51_P300817	15.9716025146183	True	True
GSM2533511	12114	A_51_P151484	Atp1b1	0		NM_009721	1.6599249					1	1	0	0	0	0	0	0	0	12114|A_51_P151484	14.5213727352017	True	True
GSM2533511	12522	A_51_P335801	Calb1	0		NM_009788	2.317396796					1	1	0	0	0	0	0	0	0	12522|A_51_P335801	13.0302114035164	True	True
GSM2533511	12999	A_52_P348986	Atp2b1	0		NM_026482	-0.08784814196					1	1	0	0	0	0	0	0	0	12999|A_52_P348986	9.93807311021437	True	True
GSM2533511	13287	A_52_P26118	Slc12a1	0		NM_001079690	2.185671554					1	1	0	0	0	0	0	0	0	13287|A_52_P26118	13.1626626022469	True	True
GSM2533511	15381	A_51_P352572	Clcnkb	0		AF124847	1.070423009					1	1	0	0	0	0	0	0	0	15381|A_51_P352572	8.58087686567772	True	True
GSM2533511	15729	A_51_P335801	Calb1	0		NM_009788	2.29327388					1	1	0	0	0	0	0	0	0	15729|A_51_P335801	12.7441796168528	True	True
GSM2533511	15983	A_52_P550331	Kcnj16	0		NM_010604	2.065215685					0	1	0	0	0	0	0	0	0	15983|A_52_P550331	9.04180903862069	True	True
GSM2533511	16664	A_51_P277373	Slc8a1	0		NM_001286684	0.6009503026					1	1	0	0	0	0	0	0	0	16664|A_51_P277373	8.48354978525554	True	True
GSM2533511	18179	A_52_P313284	Slc8a1	0		NR_104580	0.8578630245					1	1	0	0	0	0	0	0	0	18179|A_52_P313284	8.32938319747876	True	True
GSM2533511	18232	A_51_P171332	Cldn19	0		NM_153105	0.7526355807					1	1	0	0	0	0	0	0	0	18232|A_51_P171332	8.05605675452203	True	True
GSM2533511	18861	A_51_P239601	Trpv5	0		NM_001007572	0.8023879522					0	1	0	0	0	0	0	0	0	18861|A_51_P239601	7.23263979168284	True	True
GSM2533511	19028	A_52_P231461	Slc8a1	0		NM_011406	0.819663966					0	1	0	0	0	0	0	0	0	19028|A_52_P231461	7.25285802860842	True	True
GSM2533511	20241	A_51_P335801	Calb1	0		NM_009788	2.343084576					1	1	0	0	0	0	0	0	0	20241|A_51_P335801	12.9224910504457	True	True
GSM2533511	22525	A_52_P562704	Slc8a1	0		NM_011406	0.4328593806					1	1	0	0	0	0	0	0	0	22525|A_52_P562704	7.8310695527783	True	True
GSM2533511	22740	A_52_P550325	Kcnj16	0		NM_010604	2.41557174					1	1	0	0	0	0	0	0	0	22740|A_52_P550325	14.4291653911847	True	True
GSM2533511	23878	A_51_P335801	Calb1	0		NM_009788	2.320016526					1	1	0	0	0	0	0	0	0	23878|A_51_P335801	12.8487513263197	True	True
GSM2533511	26196	A_51_P357773	Kcnj16	0		NM_010604	2.122661934					0	1	0	0	0	0	0	0	0	26196|A_51_P357773	9.20875524112789	True	True
GSM2533511	26242	A_52_P499907	Kcnj1	0		NM_019659	2.717578213					1	1	0	0	0	0	0	0	0	26242|A_52_P499907	14.3189852478832	True	True
GSM2533511	27676	A_52_P351913	Atp2b1	0		AK053569	0.1915821793					1	1	0	0	0	0	0	0	0	27676|A_52_P351913	7.96730615244178	True	True
GSM2533511	29730	A_52_P611783	Fxyd2	0		NM_052823	1.962949629					1	1	0	0	0	0	0	0	0	29730|A_52_P611783	14.8472262203517	True	True
GSM2533511	29964	A_51_P335801	Calb1	0		NM_009788	2.304973219					1	1	0	0	0	0	0	0	0	29964|A_51_P335801	13.0184377785741	True	True
GSM2533511	30753	A_51_P335801	Calb1	0		NM_009788	2.325027487					1	1	0	0	0	0	0	0	0	30753|A_51_P335801	12.7727043263325	True	True
GSM2533511	31276	A_52_P23661	Cldn19	0		NM_001038590	1.247807377					1	1	0	0	0	0	0	0	0	31276|A_52_P23661	9.03034102142232	True	True
GSM2533511	33630	A_52_P244931	Slc8a1	0		AK048160	-0.06970106971					0	0	0	0	0	0	0	0	0	33630|A_52_P244931	7.13661388202259	True	False
GSM2533511	37269	A_51_P445985	Slc12a3	0		NM_019415	1.836436736					1	1	0	0	0	0	0	0	0	37269|A_51_P445985	10.0666175942664	True	True
GSM2533511	38687	A_52_P515497	Atp1a1	0		NM_144900	1.354637168					1	1	0	0	0	0	0	0	0	38687|A_52_P515497	15.6377200602739	True	True
GSM2533511	40389	A_52_P184322	Trpm6	0		NM_153417	0.1689921747					1	1	0	0	0	0	0	0	0	40389|A_52_P184322	7.48000490330798	True	True
GSM2533511	40926	A_51_P197499	Bsnd	0		NM_080458	0.2456372736					1	1	0	0	0	0	0	0	0	40926|A_51_P197499	7.43894416016759	True	True
GSM2533511	44562	A_51_P335801	Calb1	0		NM_009788	2.394918359					1	1	0	0	0	0	0	1	0	44562|A_51_P335801	12.4366397184603	False	False
GSM2533511	44811	A_51_P222543	Atp2b1	0		NM_026482	0.1124680435					1	1	0	0	0	0	0	0	0	44811|A_51_P222543	8.72676029144237	True	True
GSM2533511	45034	A_52_P152274	Clcnka	0		NM_024412	1.027080319					0	1	0	0	0	0	0	0	0	45034|A_52_P152274	7.74894417409308	True	True
GSM2533512	2344	A_51_P335801	Calb1	0		NM_009788	2.026529514					1	1	0	0	0	0	1	0	0	2344|A_51_P335801	12.6247675696929	True	True
GSM2533512	3560	A_51_P230799	Atp2b1	0		NM_026482	-0.02314187506					1	1	0	0	0	0	0	0	0	3560|A_51_P230799	7.68121898481344	True	True
GSM2533512	5551	A_51_P243073	Trpm6	0		AK080899	0.0					0	0	0	0	0	0	0	0	0	5551|A_51_P243073	7.08640826563528	True	False
GSM2533512	5837	A_51_P428512	Cldn16	0		NM_053241	1.401376856					0	1	0	0	0	0	0	0	0	5837|A_51_P428512	8.42377367627448	True	True
GSM2533512	5868	A_51_P281586	Cnnm2	0		NM_033569	0.5015146162					1	1	0	0	0	0	0	0	0	5868|A_51_P281586	8.40337666001183	True	True
GSM2533512	7768	A_51_P335801	Calb1	0		NM_009788	1.960885684					1	1	0	0	0	0	0	0	0	7768|A_51_P335801	12.950367066794	True	True
GSM2533512	10045	A_51_P442227	Slc12a1	0		U61381	0.6357578506					0	1	0	0	0	0	0	0	0	10045|A_51_P442227	7.24168484340749	True	True
GSM2533512	10087	A_52_P260659	Kcnj10	0		NM_001039484	2.174264194					0	1	0	0	0	0	0	0	0	10087|A_52_P260659	10.4958614043279	True	True
GSM2533512	11353	A_51_P335801	Calb1	0		NM_009788	2.012961902					1	1	0	0	0	0	0	0	0	11353|A_51_P335801	13.1305254199308	True	True
GSM2533512	11562	A_51_P300817	Atp1a1	0		NM_144900	1.54081794					1	1	0	0	0	0	0	0	0	11562|A_51_P300817	17.6458099332227	True	True
GSM2533512	12114	A_51_P151484	Atp1b1	0		NM_009721	1.684240446					1	1	0	0	0	0	0	0	0	12114|A_51_P151484	14.798436826536	True	True
GSM2533512	12522	A_51_P335801	Calb1	0		NM_009788	1.987007763					1	1	0	0	0	0	0	0	0	12522|A_51_P335801	13.1419232026835	True	True
GSM2533512	12999	A_52_P348986	Atp2b1	0		NM_026482	-0.2960471921					1	1	0	0	0	0	0	0	0	12999|A_52_P348986	9.42412900104212	True	True
GSM2533512	13287	A_52_P26118	Slc12a1	0		NM_001079690	2.587934251					1	1	0	0	0	0	0	0	0	13287|A_52_P26118	14.6076465139941	True	True
GSM2533512	15381	A_51_P352572	Clcnkb	0		AF124847	0.9637159147					1	1	0	0	0	0	0	0	0	15381|A_51_P352572	8.1533222913999	True	True
GSM2533512	15729	A_51_P335801	Calb1	0		NM_009788	1.999547447					1	1	0	0	0	0	0	0	0	15729|A_51_P335801	12.9903522373209	True	True
GSM2533512	15983	A_52_P550331	Kcnj16	0		NM_010604	2.286668882					0	1	0	0	0	0	0	0	0	15983|A_52_P550331	9.53179095341699	True	True
GSM2533512	16664	A_51_P277373	Slc8a1	0		NM_001286684	1.237148628					0	1	0	0	0	0	0	0	0	16664|A_51_P277373	8.224483888597	True	True
GSM2533512	18179	A_52_P313284	Slc8a1	0		NR_104580	0.5448423139					1	1	0	0	0	0	0	0	0	18179|A_52_P313284	7.67460221517457	True	True
GSM2533512	18232	A_51_P171332	Cldn19	0		NM_153105	1.238091856					1	1	0	0	0	0	0	0	0	18232|A_51_P171332	8.74386392183004	True	True
GSM2533512	18861	A_51_P239601	Trpv5	0		NM_001007572	0.9183725921					0	1	0	0	0	0	0	0	0	18861|A_51_P239601	7.45193894646685	True	True
GSM2533512	19028	A_52_P231461	Slc8a1	0		NM_011406	0.9512009853					0	1	0	0	0	0	0	0	0	19028|A_52_P231461	7.32427836697231	True	True
GSM2533512	20241	A_51_P335801	Calb1	0		NM_009788	1.984618372					1	1	0	0	0	0	0	0	0	20241|A_51_P335801	13.0537332327911	True	True
GSM2533512	22525	A_52_P562704	Slc8a1	0		NM_011406	0.5003992903					1	1	0	0	0	0	0	0	0	22525|A_52_P562704	8.11487265910281	True	True
GSM2533512	22740	A_52_P550325	Kcnj16	0		NM_010604	2.103484339					1	1	0	0	0	0	0	0	0	22740|A_52_P550325	14.2502660453414	True	True
GSM2533512	23878	A_51_P335801	Calb1	0		NM_009788	1.970357926					1	1	0	0	0	0	0	0	0	23878|A_51_P335801	12.901711362015	True	True
GSM2533512	26196	A_51_P357773	Kcnj16	0		NM_010604	1.797598294					1	1	0	0	0	0	0	0	0	26196|A_51_P357773	10.0951912996109	True	True
GSM2533512	26242	A_52_P499907	Kcnj1	0		NM_019659	2.47595149					1	1	0	0	0	0	0	0	0	26242|A_52_P499907	14.1986838345583	True	True
GSM2533512	27676	A_52_P351913	Atp2b1	0		AK053569	0.03404505269					1	1	0	0	0	0	0	0	0	27676|A_52_P351913	7.72198654441027	True	True
GSM2533512	29730	A_52_P611783	Fxyd2	0		NM_052823	1.721945204					1	1	0	0	0	0	0	0	0	29730|A_52_P611783	15.2778884691646	True	True
GSM2533512	29964	A_51_P335801	Calb1	0		NM_009788	2.005252593					1	1	0	0	0	0	0	0	0	29964|A_51_P335801	13.1473882593672	True	True
GSM2533512	30753	A_51_P335801	Calb1	0		NM_009788	1.987170427					1	1	0	0	0	0	0	0	0	30753|A_51_P335801	12.9194254358608	True	True
GSM2533512	31276	A_52_P23661	Cldn19	0		NM_001038590	1.232192859					1	1	0	0	0	0	0	0	0	31276|A_52_P23661	9.04872202242276	True	True
GSM2533512	33630	A_52_P244931	Slc8a1	0		AK048160	0.0					0	0	0	0	0	0	0	0	0	33630|A_52_P244931	7.03052015926283	True	False
GSM2533512	37269	A_51_P445985	Slc12a3	0		NM_019415	1.594987964					1	1	0	0	0	0	0	0	0	37269|A_51_P445985	11.060996846447	True	True
GSM2533512	38687	A_52_P515497	Atp1a1	0		NM_144900	1.306480488					1	1	0	0	0	0	0	0	0	38687|A_52_P515497	15.8267771326099	True	True
GSM2533512	40389	A_52_P184322	Trpm6	0		NM_153417	0.5465724488					1	1	0	0	0	0	0	0	0	40389|A_52_P184322	7.6212712223887	True	True
GSM2533512	40926	A_51_P197499	Bsnd	0		NM_080458	0.7455330539					1	1	0	0	0	0	0	0	0	40926|A_51_P197499	8.17650849138356	True	True
GSM2533512	44562	A_51_P335801	Calb1	0		NM_009788	2.041304494					1	1	0	0	0	0	1	0	0	44562|A_51_P335801	12.6029172751618	True	True
GSM2533512	44811	A_51_P222543	Atp2b1	0		NM_026482	-0.2012750474					1	1	0	0	0	0	0	0	0	44811|A_51_P222543	8.13712902864624	True	True
GSM2533512	45034	A_52_P152274	Clcnka	0		NM_024412	1.343960801					1	1	0	0	0	0	0	0	0	45034|A_52_P152274	8.76920082171457	True	True
GSM2533513	2344	A_51_P335801	Calb1	0		NM_009788	2.111264416					1	1	0	0	0	0	0	0	0	2344|A_51_P335801	13.4415139161077	True	True
GSM2533513	3560	A_51_P230799	Atp2b1	0		NM_026482	-0.1321354857					1	1	0	0	0	0	0	0	0	3560|A_51_P230799	7.6019547156903	True	True
GSM2533513	5551	A_51_P243073	Trpm6	0		AK080899	0.0					0	0	0	0	0	0	0	0	0	5551|A_51_P243073	7.03657546854962	True	False
GSM2533513	5837	A_51_P428512	Cldn16	0		NM_053241	1.53394287					0	1	0	0	0	0	0	0	0	5837|A_51_P428512	8.14960216609877	True	True
GSM2533513	5868	A_51_P281586	Cnnm2	0		NM_033569	0.5312892575					1	1	0	0	0	0	0	0	0	5868|A_51_P281586	8.60578670325386	True	True
GSM2533513	7768	A_51_P335801	Calb1	0		NM_009788	2.092476092					1	1	0	0	0	0	0	0	0	7768|A_51_P335801	13.6495289372003	True	True
GSM2533513	10045	A_51_P442227	Slc12a1	0		U61381	0.6969067358					0	1	0	0	0	0	0	0	0	10045|A_51_P442227	7.30318253398748	True	True
GSM2533513	10087	A_52_P260659	Kcnj10	0		NM_001039484	2.200544459					1	1	0	0	0	0	0	0	0	10087|A_52_P260659	10.8498874993701	True	True
GSM2533513	11353	A_51_P335801	Calb1	0		NM_009788	2.081666256					1	1	0	0	0	0	0	0	0	11353|A_51_P335801	13.8300226890934	True	True
GSM2533513	11562	A_51_P300817	Atp1a1	0		NM_144900	1.541697641					1	1	0	0	0	0	0	0	0	11562|A_51_P300817	17.5934314977399	True	True
GSM2533513	12114	A_51_P151484	Atp1b1	0		NM_009721	1.637581879					1	1	0	0	0	0	0	0	0	12114|A_51_P151484	14.5373982482462	True	True
GSM2533513	12522	A_51_P335801	Calb1	0		NM_009788	2.09722086					1	1	0	0	0	0	0	0	0	12522|A_51_P335801	13.8724194438409	True	True
GSM2533513	12999	A_52_P348986	Atp2b1	0		NM_026482	-0.3539122804					1	1	0	0	0	0	0	0	0	12999|A_52_P348986	9.26687580438909	True	True
GSM2533513	13287	A_52_P26118	Slc12a1	0		NM_001079690	2.464639063					1	1	0	0	0	0	0	0	0	13287|A_52_P26118	14.089024900221	True	True
GSM2533513	15381	A_51_P352572	Clcnkb	0		AF124847	1.035755233					1	1	0	0	0	0	0	0	0	15381|A_51_P352572	8.45553802508129	True	True
GSM2533513	15729	A_51_P335801	Calb1	0		NM_009788	2.072572409					1	1	0	0	0	0	0	0	0	15729|A_51_P335801	13.7031327985567	True	True
GSM2533513	15983	A_52_P550331	Kcnj16	0		NM_010604	2.307762949					0	1	0	0	0	0	0	0	0	15983|A_52_P550331	9.3424022645985	True	True
GSM2533513	16664	A_51_P277373	Slc8a1	0		NM_001286684	1.201165461					1	1	0	0	0	0	0	0	0	16664|A_51_P277373	8.50706799794922	True	True
GSM2533513	18179	A_52_P313284	Slc8a1	0		NR_104580	0.6132652895					1	1	0	0	0	0	0	0	0	18179|A_52_P313284	7.89096492900635	True	True
GSM2533513	18232	A_51_P171332	Cldn19	0		NM_153105	1.072876427					1	1	0	0	0	0	0	0	0	18232|A_51_P171332	8.41598733976216	True	True
GSM2533513	18861	A_51_P239601	Trpv5	0		NM_001007572	0.8517930735					0	1	0	0	0	0	0	0	0	18861|A_51_P239601	7.42554772559785	True	True
GSM2533513	19028	A_52_P231461	Slc8a1	0		NM_011406	1.126922341					0	1	0	0	0	0	0	0	0	19028|A_52_P231461	7.42554772559785	True	True
GSM2533513	20241	A_51_P335801	Calb1	0		NM_009788	2.128733101					1	1	0	0	0	0	0	0	0	20241|A_51_P335801	13.7620829104349	True	True
GSM2533513	22525	A_52_P562704	Slc8a1	0		NM_011406	0.5421983772					1	1	0	0	0	0	0	0	0	22525|A_52_P562704	8.23418244724098	True	True
GSM2533513	22740	A_52_P550325	Kcnj16	0		NM_010604	2.233437611					1	1	0	0	0	0	0	0	0	22740|A_52_P550325	14.3853487680116	True	True
GSM2533513	23878	A_51_P335801	Calb1	0		NM_009788	2.126381886					1	1	0	0	0	0	0	0	0	23878|A_51_P335801	13.7128379725662	True	True
GSM2533513	26196	A_51_P357773	Kcnj16	0		NM_010604	1.899220728					0	1	0	0	0	0	0	0	0	26196|A_51_P357773	9.84501890785436	True	True
GSM2533513	26242	A_52_P499907	Kcnj1	0		NM_019659	2.571653277					1	1	0	0	0	0	0	0	0	26242|A_52_P499907	14.2263819300368	True	True
GSM2533513	27676	A_52_P351913	Atp2b1	0		AK053569	0.1448129653					1	1	0	0	0	0	0	0	0	27676|A_52_P351913	7.84095895870561	True	True
GSM2533513	29730	A_52_P611783	Fxyd2	0		NM_052823	1.841442013					1	1	0	0	0	0	0	0	0	29730|A_52_P611783	15.3973069386297	True	True
GSM2533513	29964	A_51_P335801	Calb1	0		NM_009788	2.070788598					1	1	0	0	0	0	0	0	0	29964|A_51_P335801	13.9152198555463	True	True
GSM2533513	30753	A_51_P335801	Calb1	0		NM_009788	2.07868839					1	1	0	0	0	0	0	0	0	30753|A_51_P335801	13.6157267710302	True	True
GSM2533513	31276	A_52_P23661	Cldn19	0		NM_001038590	1.248242311					1	1	0	0	0	0	0	0	0	31276|A_52_P23661	8.88275662837372	True	True
GSM2533513	33630	A_52_P244931	Slc8a1	0		AK048160	-0.2969185857					0	0	0	0	0	0	0	0	0	33630|A_52_P244931	7.01378873087481	True	False
GSM2533513	37269	A_51_P445985	Slc12a3	0		NM_019415	1.811918246					1	1	0	0	0	0	0	0	0	37269|A_51_P445985	12.310208108034	True	True
GSM2533513	38687	A_52_P515497	Atp1a1	0		NM_144900	1.361924073					1	1	0	0	0	0	0	0	0	38687|A_52_P515497	15.9154832624658	True	True
GSM2533513	40389	A_52_P184322	Trpm6	0		NM_153417	0.6454461159					1	1	0	0	0	0	0	0	0	40389|A_52_P184322	7.73588680421245	True	True
GSM2533513	40926	A_51_P197499	Bsnd	0		NM_080458	0.6924953429					1	1	0	0	0	0	0	0	0	40926|A_51_P197499	8.25525166868378	True	True
GSM2533513	44562	A_51_P335801	Calb1	0		NM_009788	2.124144225					1	1	0	0	0	0	0	0	0	44562|A_51_P335801	13.30015382912	True	True
GSM2533513	44811	A_51_P222543	Atp2b1	0		NM_026482	-0.2110384925					1	1	0	0	0	0	0	0	0	44811|A_51_P222543	8.13176151454624	True	True
GSM2533513	45034	A_52_P152274	Clcnka	0		NM_024412	1.293539073					1	1	0	0	0	0	0	0	0	45034|A_52_P152274	9.00603811739588	True	True
GSM2533518	2344	A_51_P335801	Calb1	0	Calb1	NM_009788	3.039111008	0.0	0.0	1.0	1.0	1	1	0	0	0	0	0	0	0	2344|A_51_P335801	14.0264545877825	True	True
GSM2533518	3560	A_51_P230799	Atp2b1	0	Atp2b1	NM_026482	-0.04371638197	0.0	0.0	1.0	1.0	1	0	0	0	0	0	0	0	0	3560|A_51_P230799	7.75481272150531	True	False
GSM2533518	5551	A_51_P243073	Trpm6	0	Trpm6	AK080899	0.0	4.8893	2.56091	1.0	1.0	0	0	0	0	0	0	0	0	0	5551|A_51_P243073	7.0749903323595	True	False
GSM2533518	5837	A_51_P428512	Cldn16	0	Cldn16	NM_053241	1.100874354	4.28316	0.0	1.0	1.0	0	0	0	0	0	0	0	0	0	5837|A_51_P428512	7.9896265569193	True	False
GSM2533518	5868	A_51_P281586	Cnnm2	0	Cnnm2	NM_033569	0.7416738806	0.0	0.0	1.0	1.0	1	1	0	0	0	0	0	0	0	5868|A_51_P281586	8.34850492411596	True	True
GSM2533518	7768	A_51_P335801	Calb1	0	Calb1	NM_009788	3.081019103	0.0	0.0	1.0	1.0	1	1	0	0	0	0	0	0	0	7768|A_51_P335801	14.0329041958457	True	True
GSM2533518	10045	A_51_P442227	Slc12a1	0	Slc12a1	U61381	0.521901108	4.68476	0.0	1.0	1.0	0	0	0	0	0	0	0	0	0	10045|A_51_P442227	7.75481272150531	True	False
GSM2533518	10087	A_52_P260659	Kcnj10	0	Kcnj10	NM_001039484	2.590728839	0.0	0.0	1.0	1.0	0	1	0	0	0	0	0	0	0	10087|A_52_P260659	11.0432300017949	True	True
GSM2533518	11353	A_51_P335801	Calb1	0	Calb1	NM_009788	2.959642048	0.0	0.0	1.0	1.0	1	1	0	0	0	0	0	0	0	11353|A_51_P335801	14.5095219034983	True	True
GSM2533518	11562	A_51_P300817	Atp1a1	0	Atp1a1	NM_144900	1.436047878	0.0	0.0	1.0	1.0	1	1	0	0	0	0	0	0	0	11562|A_51_P300817	16.4473166551078	True	True
GSM2533518	12114	A_51_P151484	Atp1b1	0	Atp1b1	NM_009721	1.673712744	0.0	0.0	1.0	1.0	1	1	0	0	0	0	0	0	0	12114|A_51_P151484	14.7713012510836	True	True
GSM2533518	12522	A_51_P335801	Calb1	0	Calb1	NM_009788	3.00245749	0.0	0.0	1.0	1.0	1	1	0	0	0	0	0	0	0	12522|A_51_P335801	14.379814930077	True	True
GSM2533518	12999	A_52_P348986	Atp2b1	0	Atp2b1	NM_026482	-0.1668054793	0.0	0.0	1.0	1.0	1	1	0	0	0	0	0	0	0	12999|A_52_P348986	10.2315641995364	True	True
GSM2533518	13287	A_52_P26118	Slc12a1	0	Slc12a1	NM_001079690	2.713585239	0.0	0.0	1.0	1.0	1	1	0	0	0	0	0	0	0	13287|A_52_P26118	14.1096929645489	True	True
GSM2533518	15381	A_51_P352572	Clcnkb	0	Clcnkb	NM_019701	1.619439722	0.0	0.0	1.0	1.0	1	1	0	0	0	0	0	0	0	15381|A_51_P352572	9.59571373109711	True	True
GSM2533518	15729	A_51_P335801	Calb1	0	Calb1	NM_009788	3.107095154	0.0	0.0	1.0	1.0	1	1	0	0	0	0	0	0	0	15729|A_51_P335801	14.2488926795561	True	True
GSM2533518	15983	A_52_P550331	Kcnj16	0	Kcnj16	NM_010604	2.254931056	4.36853	0.0	1.0	1.0	0	1	0	0	0	0	0	0	0	15983|A_52_P550331	10.1178760303184	True	True
GSM2533518	16664	A_51_P277373	Slc8a1	0	Slc8a1	AF004666	1.488198001	4.31855	0.0	1.0	1.0	0	1	0	0	0	0	0	0	0	16664|A_51_P277373	8.7912793675235	True	True
GSM2533518	18179	A_52_P313284	Slc8a1	0	Slc8a1	AF108396	-0.3589040695	0.0	1.83513	1.0	1.0	1	0	0	0	0	0	0	0	0	18179|A_52_P313284	7.52279405907022	True	False
GSM2533518	18232	A_51_P171332	Cldn19	0	Cldn19	NM_153105	1.250700673	0.0	0.0	1.0	1.0	0	1	0	0	0	0	0	0	0	18232|A_51_P171332	9.09803176921603	True	True
GSM2533518	18861	A_51_P239601	Trpv5	0	Trpv5	NM_001007572	-0.02630139476	0.0	1.83465	1.0	1.0	0	0	0	0	0	0	0	0	0	18861|A_51_P239601	8.05902284176321	True	False
GSM2533518	19028	A_52_P231461	Slc8a1	0	Slc8a1	NM_011406	0.2630585213	3.79585	0.0	1.0	1.0	0	0	0	0	0	0	0	0	0	19028|A_52_P231461	8.29982394356726	True	False
GSM2533518	20241	A_51_P335801	Calb1	0	Calb1	NM_009788	3.039617017	0.0	0.0	1.0	1.0	1	1	0	0	0	0	0	0	0	20241|A_51_P335801	14.3667237915357	True	True
GSM2533518	22525	A_52_P562704	Slc8a1	0	Slc8a1	NM_011406	0.2050309923	0.0	0.0	1.0	1.0	1	0	0	0	0	0	0	0	0	22525|A_52_P562704	7.52279405907022	True	False
GSM2533518	22740	A_52_P550325	Kcnj16	0	Kcnj16	NM_010604	2.966994893	0.0	0.0	1.0	1.0	1	1	0	0	0	0	0	0	0	22740|A_52_P550325	14.3965053395464	True	True
GSM2533518	23878	A_51_P335801	Calb1	0	Calb1	NM_009788	2.956552771	0.0	0.0	1.0	1.0	1	1	0	0	0	0	0	0	0	23878|A_51_P335801	14.446507666483	True	True
GSM2533518	26196	A_51_P357773	Kcnj16	0	Kcnj16	NM_010604	2.109595321	3.84534	0.0	1.0	1.0	0	1	0	0	0	0	0	0	0	26196|A_51_P357773	9.83520874162653	True	True
GSM2533518	26242	A_52_P499907	Kcnj1	0	Kcnj1	NM_019659	3.376561145	0.0	0.0	1.0	1.0	1	1	0	0	0	0	0	0	0	26242|A_52_P499907	15.032132574522	True	True
GSM2533518	27676	A_52_P351913	Atp2b1	0	Atp2b1	AK053569	-0.3026018033	0.0	0.0	1.0	1.0	1	0	0	0	0	0	0	0	0	27676|A_52_P351913	7.52279405907022	True	False
GSM2533518	29730	A_52_P611783	Fxyd2	0	Fxyd2	NM_052824	2.595121239	0.0	0.0	1.0	1.0	1	1	0	0	0	0	0	0	0	29730|A_52_P611783	15.098796041692	True	True
GSM2533518	29964	A_51_P335801	Calb1	0	Calb1	NM_009788	3.028378424	0.0	0.0	1.0	1.0	1	1	0	0	0	0	0	0	0	29964|A_51_P335801	14.5636733397192	True	True
GSM2533518	30753	A_51_P335801	Calb1	0	Calb1	NM_009788	3.149440076	0.0	0.0	1.0	1.0	1	1	0	0	0	0	0	0	0	30753|A_51_P335801	14.4730795134265	True	True
GSM2533518	31276	A_52_P23661	Cldn19	0	Cldn19	NM_001038590	1.487834417	0.0	0.0	1.0	1.0	1	1	0	0	0	0	0	0	0	31276|A_52_P23661	9.46330233479031	True	True
GSM2533518	33630	A_52_P244931	Slc8a1	0	Slc8a1	AK048160	0.0	4.03659	1.96094	0.0	0.0	0	0	0	0	0	0	0	0	0	33630|A_52_P244931	7.19688752811262	True	False
GSM2533518	37269	A_51_P445985	Slc12a3	0	Slc12a3	NM_019415	2.472142512	0.0	0.0	1.0	1.0	1	1	0	0	0	0	0	0	0	37269|A_51_P445985	11.5842828468511	True	True
GSM2533518	38687	A_52_P515497	Atp1a1	0	Atp1a1	NM_144900	1.464650028	0.0	0.0	1.0	1.0	1	1	0	0	0	0	0	0	0	38687|A_52_P515497	16.5758186300808	True	True
GSM2533518	40389	A_52_P184322	Trpm6	0	Trpm6	NM_153417	0.4768399194	0.0	0.0	1.0	1.0	1	0	0	0	0	0	0	0	0	40389|A_52_P184322	7.23236862636425	True	False
GSM2533518	40926	A_51_P197499	Bsnd	0	Bsnd	NM_080458	0.4716361664	0.0	0.0	1.0	1.0	1	0	0	0	0	0	0	0	0	40926|A_51_P197499	8.12274332619966	True	False
GSM2533518	44562	A_51_P335801	Calb1	0	Calb1	NM_009788	3.043183214	0.0	0.0	1.0	1.0	1	1	0	0	0	0	0	0	0	44562|A_51_P335801	14.2080619968213	True	True
GSM2533518	44811	A_51_P222543	Atp2b1	0	Atp2b1	BI080417	0.02717906712	0.0	0.0	1.0	1.0	1	1	0	0	0	0	0	0	0	44811|A_51_P222543	8.7546443689568	True	True
GSM2533518	45034	A_52_P152274	Clcnka	0	Clcnka	NM_024412	1.219743271	0.0	0.0	1.0	1.0	1	1	0	0	0	0	0	0	0	45034|A_52_P152274	8.9935299267115	True	True
GSM2533519	2344	A_51_P335801	Calb1	0	Calb1	NM_009788	3.055091493	0.0	0.0	1.0	1.0	1	1	0	0	0	0	0	0	0	2344|A_51_P335801	14.2317450864712	True	True
GSM2533519	3560	A_51_P230799	Atp2b1	0	Atp2b1	NM_026482	-0.5977525008	0.0	1.969	1.0	1.0	1	0	0	0	0	0	0	0	0	3560|A_51_P230799	7.4200406644576	True	False
GSM2533519	5551	A_51_P243073	Trpm6	0	Trpm6	AK080899	0.0	5.86005	2.16266	0.0	0.0	0	0	0	0	0	0	0	0	0	5551|A_51_P243073	7.08854771895282	True	False
GSM2533519	5837	A_51_P428512	Cldn16	0	Cldn16	NM_053241	1.57185402	5.32916	0.0	1.0	1.0	0	1	0	0	0	0	0	0	0	5837|A_51_P428512	8.59973202443686	True	True
GSM2533519	5868	A_51_P281586	Cnnm2	0	Cnnm2	NM_033569	0.5931307935	0.0	0.0	1.0	1.0	1	1	0	0	0	0	0	0	0	5868|A_51_P281586	8.44150854756633	True	True
GSM2533519	7768	A_51_P335801	Calb1	0	Calb1	NM_009788	3.054159233	0.0	0.0	1.0	1.0	1	1	0	0	0	0	0	0	0	7768|A_51_P335801	14.197541942534	True	True
GSM2533519	10045	A_51_P442227	Slc12a1	0	Slc12a1	U61381	0.0	5.62477	2.03165	1.0	1.0	0	0	0	0	0	0	0	0	0	10045|A_51_P442227	7.36415607990497	True	False
GSM2533519	10087	A_52_P260659	Kcnj10	0	Kcnj10	NM_001039484	2.774681908	5.03307	0.0	1.0	1.0	0	1	0	0	0	0	0	0	0	10087|A_52_P260659	10.9279137780846	True	True
GSM2533519	11353	A_51_P335801	Calb1	0	Calb1	NM_009788	3.044210292	0.0	0.0	1.0	1.0	1	1	0	0	0	0	0	0	0	11353|A_51_P335801	14.5905215339812	True	True
GSM2533519	11562	A_51_P300817	Atp1a1	0	Atp1a1	NM_144900	1.289118753	0.0	0.0	1.0	1.0	1	1	0	0	0	0	0	0	0	11562|A_51_P300817	16.0925935733456	True	True
GSM2533519	12114	A_51_P151484	Atp1b1	0	Atp1b1	NM_009721	1.70114538	0.0	0.0	1.0	1.0	1	1	0	0	0	0	0	0	0	12114|A_51_P151484	14.8376438617566	True	True
GSM2533519	12522	A_51_P335801	Calb1	0	Calb1	NM_009788	3.030390182	0.0	0.0	1.0	1.0	1	1	0	0	0	0	0	0	0	12522|A_51_P335801	14.426207025604	True	True
GSM2533519	12999	A_52_P348986	Atp2b1	0	Atp2b1	NM_026482	-0.2561566744	0.0	0.0	1.0	1.0	1	1	0	0	0	0	0	0	0	12999|A_52_P348986	10.0134419626551	True	True
GSM2533519	13287	A_52_P26118	Slc12a1	0	Slc12a1	NM_001079690	2.590064468	0.0	0.0	1.0	1.0	1	1	0	0	0	0	0	0	0	13287|A_52_P26118	13.9250227830338	True	True
GSM2533519	15381	A_51_P352572	Clcnkb	0	Clcnkb	NM_019701	1.594990564	0.0	0.0	1.0	1.0	0	1	0	0	0	0	0	0	0	15381|A_51_P352572	9.22944849297769	True	True
GSM2533519	15729	A_51_P335801	Calb1	0	Calb1	NM_009788	3.054418249	0.0	0.0	1.0	1.0	1	1	0	0	0	0	0	0	0	15729|A_51_P335801	14.3878499538915	True	True
GSM2533519	15983	A_52_P550331	Kcnj16	0	Kcnj16	NM_010604	2.175851476	5.12969	0.0	1.0	1.0	0	1	0	0	0	0	0	0	0	15983|A_52_P550331	9.47054119341291	True	True
GSM2533519	16664	A_51_P277373	Slc8a1	0	Slc8a1	AF004666	1.597837877	5.09388	0.0	1.0	1.0	0	1	0	0	0	0	0	0	0	16664|A_51_P277373	8.9105580873841	True	True
GSM2533519	18179	A_52_P313284	Slc8a1	0	Slc8a1	AF108396	-0.1856891128	0.0	0.0	1.0	1.0	1	0	0	0	0	0	0	0	0	18179|A_52_P313284	7.36415607990497	True	False
GSM2533519	18232	A_51_P171332	Cldn19	0	Cldn19	NM_153105	1.372485777	0.0	0.0	1.0	1.0	0	1	0	0	0	0	0	0	0	18232|A_51_P171332	8.54041281072327	True	True
GSM2533519	18861	A_51_P239601	Trpv5	0	Trpv5	NM_001007572	0.5313432032	4.7981	0.0	1.0	1.0	0	0	0	0	0	0	0	0	0	18861|A_51_P239601	7.54324358725711	True	False
GSM2533519	19028	A_52_P231461	Slc8a1	0	Slc8a1	NM_011406	0.2743067788	4.77764	0.0	0.0	0.0	0	0	0	0	0	0	0	0	0	19028|A_52_P231461	7.86136774503646	True	False
GSM2533519	20241	A_51_P335801	Calb1	0	Calb1	NM_009788	3.035301177	0.0	0.0	1.0	1.0	1	1	0	0	0	0	0	0	0	20241|A_51_P335801	14.5852179228931	True	True
GSM2533519	22525	A_52_P562704	Slc8a1	0	Slc8a1	NM_011406	0.02929312269	0.0	0.0	1.0	1.0	1	0	0	0	0	0	0	0	0	22525|A_52_P562704	7.60791362715132	True	False
GSM2533519	22740	A_52_P550325	Kcnj16	0	Kcnj16	NM_010604	3.039877193	0.0	0.0	1.0	1.0	1	1	0	0	0	0	0	0	0	22740|A_52_P550325	14.3179655879223	True	True
GSM2533519	23878	A_51_P335801	Calb1	0	Calb1	NM_009788	3.004078829	0.0	0.0	1.0	1.0	1	1	0	0	0	0	0	0	0	23878|A_51_P335801	14.5936569739392	True	True
GSM2533519	26196	A_51_P357773	Kcnj16	0	Kcnj16	NM_010604	2.225345747	4.67749	0.0	1.0	1.0	0	1	0	0	0	0	0	0	0	26196|A_51_P357773	9.81362971085872	True	True
GSM2533519	26242	A_52_P499907	Kcnj1	0	Kcnj1	NM_019659	3.578949292	0.0	0.0	1.0	1.0	0	1	0	0	0	0	0	0	0	26242|A_52_P499907	14.4656647059662	True	True
GSM2533519	27676	A_52_P351913	Atp2b1	0	Atp2b1	AK053569	0.02559680022	0.0	0.0	1.0	1.0	1	0	0	0	0	0	0	0	0	27676|A_52_P351913	7.86136774503646	True	False
GSM2533519	29730	A_52_P611783	Fxyd2	0	Fxyd2	NM_052824	2.57397823	0.0	0.0	1.0	1.0	1	1	0	0	0	0	0	0	0	29730|A_52_P611783	15.0466067371517	True	True
GSM2533519	29964	A_51_P335801	Calb1	0	Calb1	NM_009788	3.00766707	0.0	0.0	1.0	1.0	1	1	0	0	0	0	0	0	0	29964|A_51_P335801	14.6193323856147	True	True
GSM2533519	30753	A_51_P335801	Calb1	0	Calb1	NM_009788	2.978816245	0.0	0.0	1.0	1.0	1	1	0	0	0	0	0	0	0	30753|A_51_P335801	14.4207070956108	True	True
GSM2533519	31276	A_52_P23661	Cldn19	0	Cldn19	NM_001038590	1.130759749	0.0	0.0	1.0	1.0	1	1	0	0	0	0	0	0	0	31276|A_52_P23661	8.99821242991606	True	True
GSM2533519	33630	A_52_P244931	Slc8a1	0	Slc8a1	AK048160	0.1162288923	0.0	0.0	1.0	1.0	0	0	0	0	0	0	0	0	0	33630|A_52_P244931	7.86136774503646	True	False
GSM2533519	37269	A_51_P445985	Slc12a3	0	Slc12a3	NM_019415	2.647010907	0.0	0.0	1.0	1.0	0	1	0	0	0	0	0	0	0	37269|A_51_P445985	11.5160061654655	True	True
GSM2533519	38687	A_52_P515497	Atp1a1	0	Atp1a1	NM_144900	1.321737755	0.0	0.0	1.0	1.0	1	1	0	0	0	0	0	0	0	38687|A_52_P515497	16.4581325203321	True	True
GSM2533519	40389	A_52_P184322	Trpm6	0	Trpm6	NM_153417	0.7383982354	0.0	0.0	1.0	1.0	0	0	0	0	0	0	0	0	0	40389|A_52_P184322	7.86136774503646	True	False
GSM2533519	40926	A_51_P197499	Bsnd	0	Bsnd	NM_080458	0.8139425709	0.0	0.0	1.0	1.0	1	1	0	0	0	0	0	0	0	40926|A_51_P197499	8.83225640900949	True	True
GSM2533519	44562	A_51_P335801	Calb1	0	Calb1	NM_009788	3.01060002	0.0	0.0	1.0	1.0	1	1	0	0	0	0	0	0	0	44562|A_51_P335801	14.5605989606743	True	True
GSM2533519	44811	A_51_P222543	Atp2b1	0	Atp2b1	BI080417	-0.2672421394	0.0	0.0	1.0	1.0	1	1	0	0	0	0	0	0	0	44811|A_51_P222543	8.18178801547264	True	True
GSM2533519	45034	A_52_P152274	Clcnka	0	Clcnka	NM_024412	1.38043869	0.0	0.0	1.0	1.0	1	1	0	0	0	0	0	0	0	45034|A_52_P152274	9.31707647352332	True	True
GSM2533520	2344	A_51_P335801	Calb1	0	Calb1	NM_009788	1.889207785	0.0	0.0	1.0	1.0	1	1	0	0	0	0	0	0	0	2344|A_51_P335801	14.6313259483298	True	True
GSM2533520	3560	A_51_P230799	Atp2b1	0	Atp2b1	NM_026482	-0.3550874187	0.0	0.0	1.0	1.0	1	1	0	0	0	0	0	0	0	3560|A_51_P230799	7.36706084618422	True	True
GSM2533520	5551	A_51_P243073	Trpm6	0	Trpm6	AK080899	0.0	6.08533	4.26243	1.0	1.0	0	0	0	0	0	0	0	0	0	5551|A_51_P243073	7.02285681032799	True	False
GSM2533520	5837	A_51_P428512	Cldn16	0	Cldn16	NM_053241	1.741934863	5.78268	0.0	1.0	1.0	0	1	0	0	0	0	0	0	0	5837|A_51_P428512	8.17847308261687	True	True
GSM2533520	5868	A_51_P281586	Cnnm2	0	Cnnm2	NM_033569	0.6122309149	0.0	0.0	1.0	1.0	1	1	0	0	0	0	0	0	0	5868|A_51_P281586	8.46129485382798	True	True
GSM2533520	7768	A_51_P335801	Calb1	0	Calb1	NM_009788	1.885287213	0.0	0.0	1.0	1.0	1	1	0	0	0	0	0	0	0	7768|A_51_P335801	14.5936569739392	True	True
GSM2533520	10045	A_51_P442227	Slc12a1	0	Slc12a1	U61381	0.7645684692	5.83933	0.0	1.0	1.0	0	1	0	0	0	0	0	0	0	10045|A_51_P442227	7.20794004016428	True	True
GSM2533520	10087	A_52_P260659	Kcnj10	0	Kcnj10	NM_001039484	2.06438	0.0	0.0	1.0	1.0	1	1	0	0	0	0	0	0	0	10087|A_52_P260659	11.4311137818806	True	True
GSM2533520	11353	A_51_P335801	Calb1	0	Calb1	NM_009788	1.886029191	0.0	0.0	1.0	1.0	1	1	0	0	0	0	0	0	0	11353|A_51_P335801	14.9603375272742	True	True
GSM2533520	11562	A_51_P300817	Atp1a1	0	Atp1a1	NM_144900	1.344441369	0.0	0.0	1.0	1.0	1	1	0	0	0	0	0	0	0	11562|A_51_P300817	16.3905192820376	True	True
GSM2533520	12114	A_51_P151484	Atp1b1	0	Atp1b1	NM_009721	1.649870599	0.0	0.0	1.0	1.0	1	1	0	0	0	0	0	0	0	12114|A_51_P151484	14.6889659010539	True	True
GSM2533520	12522	A_51_P335801	Calb1	0	Calb1	NM_009788	1.901402694	0.0	0.0	1.0	1.0	1	1	0	0	0	0	0	0	0	12522|A_51_P335801	14.8955785841445	True	True
GSM2533520	12999	A_52_P348986	Atp2b1	0	Atp2b1	NM_026482	-0.1968922231	0.0	0.0	1.0	1.0	1	1	0	0	0	0	0	0	0	12999|A_52_P348986	10.1022001340501	True	True
GSM2533520	13287	A_52_P26118	Slc12a1	0	Slc12a1	NM_001079690	2.694182018	0.0	0.0	1.0	1.0	1	1	0	0	0	0	0	0	0	13287|A_52_P26118	14.9661064755961	True	True
GSM2533520	15381	A_51_P352572	Clcnkb	0	Clcnkb	NM_019701	1.57890554	0.0	0.0	1.0	1.0	1	1	0	0	0	0	0	0	0	15381|A_51_P352572	9.60284472946273	True	True
GSM2533520	15729	A_51_P335801	Calb1	0	Calb1	NM_009788	1.871168241	0.0	0.0	1.0	1.0	1	1	0	0	0	0	0	0	0	15729|A_51_P335801	14.7587396577871	True	True
GSM2533520	15983	A_52_P550331	Kcnj16	0	Kcnj16	NM_010604	2.42274574	5.30537	0.0	1.0	1.0	0	1	0	0	0	0	0	0	0	15983|A_52_P550331	9.68982295013626	True	True
GSM2533520	16664	A_51_P277373	Slc8a1	0	Slc8a1	AF004666	1.804791218	0.0	0.0	1.0	1.0	0	1	0	0	0	0	0	0	0	16664|A_51_P277373	9.5411552857032	True	True
GSM2533520	18179	A_52_P313284	Slc8a1	0	Slc8a1	AF108396	0.5738541324	0.0	0.0	1.0	1.0	1	1	0	0	0	0	0	0	0	18179|A_52_P313284	7.87160031678085	True	True
GSM2533520	18232	A_51_P171332	Cldn19	0	Cldn19	NM_153105	1.206326968	0.0	0.0	1.0	1.0	1	1	0	0	0	0	0	0	0	18232|A_51_P171332	9.08236059610626	True	True
GSM2533520	18861	A_51_P239601	Trpv5	0	Trpv5	NM_001007572	1.338666441	5.07239	0.0	1.0	1.0	0	1	0	0	0	0	0	0	0	18861|A_51_P239601	7.61642497729157	True	True
GSM2533520	19028	A_52_P231461	Slc8a1	0	Slc8a1	NM_011406	1.443484668	5.05688	0.0	1.0	1.0	0	1	0	0	0	0	0	0	0	19028|A_52_P231461	7.7077229561338	True	True
GSM2533520	20241	A_51_P335801	Calb1	0	Calb1	NM_009788	1.884829747	0.0	0.0	1.0	1.0	1	1	0	0	0	0	0	0	0	20241|A_51_P335801	14.865786323608	True	True
GSM2533520	22525	A_52_P562704	Slc8a1	0	Slc8a1	NM_011406	0.5675478239	0.0	0.0	1.0	1.0	1	1	0	0	0	0	0	0	0	22525|A_52_P562704	8.42716595573452	True	True
GSM2533520	22740	A_52_P550325	Kcnj16	0	Kcnj16	NM_010604	2.047586942	0.0	0.0	1.0	1.0	1	1	0	0	0	0	0	0	0	22740|A_52_P550325	14.2217848932114	True	True
GSM2533520	23878	A_51_P335801	Calb1	0	Calb1	NM_009788	1.904203329	0.0	0.0	1.0	1.0	1	1	0	0	0	0	0	0	0	23878|A_51_P335801	14.877064995194	True	True
GSM2533520	26196	A_51_P357773	Kcnj16	0	Kcnj16	NM_010604	1.758458107	0.0	0.0	1.0	1.0	0	1	0	0	0	0	0	0	0	26196|A_51_P357773	9.53157671448775	True	True
GSM2533520	26242	A_52_P499907	Kcnj1	0	Kcnj1	NM_019659	2.296852802	0.0	0.0	1.0	1.0	1	1	0	0	0	0	0	0	0	26242|A_52_P499907	15.0340387444719	True	True
GSM2533520	27676	A_52_P351913	Atp2b1	0	Atp2b1	AK053569	-0.02644253965	0.0	0.0	1.0	1.0	1	1	0	0	0	0	0	0	0	27676|A_52_P351913	7.6398616654182	True	True
GSM2533520	29730	A_52_P611783	Fxyd2	0	Fxyd2	NM_052824	1.715510923	0.0	0.0	1.0	1.0	1	1	0	0	0	0	0	0	0	29730|A_52_P611783	15.0887371895583	True	True
GSM2533520	29964	A_51_P335801	Calb1	0	Calb1	NM_009788	1.903365903	0.0	0.0	1.0	1.0	1	1	0	0	0	0	0	0	0	29964|A_51_P335801	14.9632446044688	True	True
GSM2533520	30753	A_51_P335801	Calb1	0	Calb1	NM_009788	1.899276721	0.0	0.0	1.0	1.0	1	1	0	0	0	0	0	0	0	30753|A_51_P335801	14.7819822672601	True	True
GSM2533520	31276	A_52_P23661	Cldn19	0	Cldn19	NM_001038590	1.303915881	0.0	0.0	1.0	1.0	1	1	0	0	0	0	0	0	0	31276|A_52_P23661	9.63949542779278	True	True
GSM2533520	33630	A_52_P244931	Slc8a1	0	Slc8a1	AK048160	0.0	5.34403	3.82232	0.0	0.0	0	0	0	0	0	0	0	0	0	33630|A_52_P244931	7.04631362208744	True	False
GSM2533520	37269	A_51_P445985	Slc12a3	0	Slc12a3	NM_019415	1.707856411	0.0	0.0	1.0	1.0	1	1	0	0	0	0	0	0	0	37269|A_51_P445985	11.2738372681872	True	True
GSM2533520	38687	A_52_P515497	Atp1a1	0	Atp1a1	NM_144900	1.483756043	0.0	0.0	1.0	1.0	1	1	0	0	0	0	0	0	0	38687|A_52_P515497	16.5180428079281	True	True
GSM2533520	40389	A_52_P184322	Trpm6	0	Trpm6	NM_153417	0.6887742079	0.0	0.0	1.0	1.0	1	1	0	0	0	0	0	0	0	40389|A_52_P184322	7.6429599378177	True	True
GSM2533520	40926	A_51_P197499	Bsnd	0	Bsnd	NM_080458	0.7273239088	0.0	0.0	1.0	1.0	1	1	0	0	0	0	0	0	0	40926|A_51_P197499	8.80132564519484	True	True
GSM2533520	44562	A_51_P335801	Calb1	0	Calb1	NM_009788	1.887564389	0.0	0.0	1.0	1.0	1	1	0	0	0	0	0	0	0	44562|A_51_P335801	14.6554897437265	True	True
GSM2533520	44811	A_51_P222543	Atp2b1	0	Atp2b1	BI080417	-0.07609376858	0.0	0.0	1.0	1.0	1	1	0	0	0	0	0	0	0	44811|A_51_P222543	8.62174177531614	True	True
GSM2533520	45034	A_52_P152274	Clcnka	0	Clcnka	NM_024412	1.300482335	0.0	0.0	1.0	1.0	1	1	0	0	0	0	0	0	0	45034|A_52_P152274	9.64675843862304	True	True
GSM2533521	2344	A_51_P335801	Calb1	0	Calb1	NM_009788	1.944957049	0.0	0.0	1.0	1.0	1	1	0	0	0	0	0	0	0	2344|A_51_P335801	14.5081731004726	True	True
GSM2533521	3560	A_51_P230799	Atp2b1	0	Atp2b1	NM_026482	-0.3967035714	0.0	0.0	1.0	1.0	1	1	0	0	0	0	0	0	0	3560|A_51_P230799	7.38431434983146	True	True
GSM2533521	5551	A_51_P243073	Trpm6	0	Trpm6	AK080899	0.0	5.04031	3.94051	0.0	0.0	0	0	0	0	0	0	0	0	0	5551|A_51_P243073	7.0504802631996	True	False
GSM2533521	5837	A_51_P428512	Cldn16	0	Cldn16	NM_053241	1.732687487	4.64803	0.0	1.0	1.0	0	1	0	0	0	0	0	0	0	5837|A_51_P428512	8.0618988336741	True	True
GSM2533521	5868	A_51_P281586	Cnnm2	0	Cnnm2	NM_033569	0.671712086	0.0	0.0	1.0	1.0	1	1	0	0	0	0	0	0	0	5868|A_51_P281586	8.54433434227054	True	True
GSM2533521	7768	A_51_P335801	Calb1	0	Calb1	NM_009788	1.944983392	0.0	0.0	1.0	1.0	1	1	0	0	0	0	0	0	0	7768|A_51_P335801	14.426207025604	True	True
GSM2533521	10045	A_51_P442227	Slc12a1	0	Slc12a1	U61381	0.6993770219	4.77379	0.0	1.0	1.0	0	1	0	0	0	0	0	0	0	10045|A_51_P442227	7.227593429837	True	True
GSM2533521	10087	A_52_P260659	Kcnj10	0	Kcnj10	NM_001039484	1.992337008	0.0	0.0	1.0	1.0	1	1	0	0	0	0	0	0	0	10087|A_52_P260659	11.3672860517464	True	True
GSM2533521	11353	A_51_P335801	Calb1	0	Calb1	NM_009788	1.933797419	0.0	0.0	1.0	1.0	1	1	0	0	0	0	0	0	0	11353|A_51_P335801	14.8133567111057	True	True
GSM2533521	11562	A_51_P300817	Atp1a1	0	Atp1a1	NM_144900	1.261362001	0.0	0.0	1.0	1.0	1	1	0	0	0	0	0	0	0	11562|A_51_P300817	16.1007541298012	True	True
GSM2533521	12114	A_51_P151484	Atp1b1	0	Atp1b1	NM_009721	1.649849394	0.0	0.0	1.0	1.0	1	1	0	0	0	0	0	0	0	12114|A_51_P151484	14.6949329436828	True	True
GSM2533521	12522	A_51_P335801	Calb1	0	Calb1	NM_009788	1.940063487	0.0	0.0	1.0	1.0	1	1	0	0	0	0	0	0	0	12522|A_51_P335801	14.682922703558	True	True
GSM2533521	12999	A_52_P348986	Atp2b1	0	Atp2b1	NM_026482	-0.2292045166	0.0	0.0	1.0	1.0	1	1	0	0	0	0	0	0	0	12999|A_52_P348986	9.88179244704373	True	True
GSM2533521	13287	A_52_P26118	Slc12a1	0	Slc12a1	NM_001079690	2.601980676	0.0	0.0	1.0	1.0	1	1	0	0	0	0	0	0	0	13287|A_52_P26118	14.5108694466801	True	True
GSM2533521	15381	A_51_P352572	Clcnkb	0	Clcnkb	NM_019701	1.602626003	0.0	0.0	1.0	1.0	1	1	0	0	0	0	0	0	0	15381|A_51_P352572	9.1734127293432	True	True
GSM2533521	15729	A_51_P335801	Calb1	0	Calb1	NM_009788	1.944691946	0.0	0.0	1.0	1.0	1	1	0	0	0	0	0	0	0	15729|A_51_P335801	14.5905215339812	True	True
GSM2533521	15983	A_52_P550331	Kcnj16	0	Kcnj16	NM_010604	2.396124393	4.386	0.0	1.0	1.0	0	1	0	0	0	0	0	0	0	15983|A_52_P550331	9.44504972200408	True	True
GSM2533521	16664	A_51_P277373	Slc8a1	0	Slc8a1	AF004666	1.991629579	0.0	0.0	1.0	1.0	0	1	0	0	0	0	0	0	0	16664|A_51_P277373	9.17719232513301	True	True
GSM2533521	18179	A_52_P313284	Slc8a1	0	Slc8a1	AF108396	0.5925336554	0.0	0.0	1.0	1.0	1	1	0	0	0	0	0	0	0	18179|A_52_P313284	7.90027541657162	True	True
GSM2533521	18232	A_51_P171332	Cldn19	0	Cldn19	NM_153105	1.324951423	0.0	0.0	1.0	1.0	1	1	0	0	0	0	0	0	0	18232|A_51_P171332	9.16269485973769	True	True
GSM2533521	18861	A_51_P239601	Trpv5	0	Trpv5	NM_001007572	1.464548633	4.02988	0.0	1.0	1.0	0	1	0	0	0	0	0	0	0	18861|A_51_P239601	7.70241842830729	True	True
GSM2533521	19028	A_52_P231461	Slc8a1	0	Slc8a1	NM_011406	1.465272501	3.97778	0.0	1.0	1.0	0	1	0	0	0	0	0	0	0	19028|A_52_P231461	7.73569135308591	True	True
GSM2533521	20241	A_51_P335801	Calb1	0	Calb1	NM_009788	1.930467694	0.0	0.0	1.0	1.0	1	1	0	0	0	0	0	0	0	20241|A_51_P335801	14.7183662639757	True	True
GSM2533521	22525	A_52_P562704	Slc8a1	0	Slc8a1	NM_011406	0.6120416264	0.0	0.0	1.0	1.0	1	1	0	0	0	0	0	0	0	22525|A_52_P562704	8.42377367627448	True	True
GSM2533521	22740	A_52_P550325	Kcnj16	0	Kcnj16	NM_010604	2.093692157	0.0	0.0	1.0	1.0	1	1	0	0	0	0	0	0	0	22740|A_52_P550325	14.1833153428954	True	True
GSM2533521	23878	A_51_P335801	Calb1	0	Calb1	NM_009788	1.945657466	0.0	0.0	1.0	1.0	1	1	0	0	0	0	0	0	0	23878|A_51_P335801	14.798436826536	True	True
GSM2533521	26196	A_51_P357773	Kcnj16	0	Kcnj16	NM_010604	2.466761109	3.87389	0.0	1.0	1.0	0	1	0	0	0	0	0	0	0	26196|A_51_P357773	9.66639252160423	True	True
GSM2533521	26242	A_52_P499907	Kcnj1	0	Kcnj1	NM_019659	2.357398882	0.0	0.0	1.0	1.0	1	1	0	0	0	0	0	0	0	26242|A_52_P499907	14.9556805713125	True	True
GSM2533521	27676	A_52_P351913	Atp2b1	0	Atp2b1	AK053569	-0.03079919534	0.0	0.0	1.0	1.0	1	1	0	0	0	0	0	0	0	27676|A_52_P351913	7.68305115568073	True	True
GSM2533521	29730	A_52_P611783	Fxyd2	0	Fxyd2	NM_052824	1.730094178	0.0	0.0	1.0	1.0	1	1	0	0	0	0	0	0	0	29730|A_52_P611783	15.0538284810459	True	True
GSM2533521	29964	A_51_P335801	Calb1	0	Calb1	NM_009788	1.941635279	0.0	0.0	1.0	1.0	1	1	0	0	0	0	0	0	0	29964|A_51_P335801	14.8898627212265	True	True
GSM2533521	30753	A_51_P335801	Calb1	0	Calb1	NM_009788	1.94718737	0.0	0.0	1.0	1.0	1	1	0	0	0	0	0	0	0	30753|A_51_P335801	14.7698203524034	True	True
GSM2533521	31276	A_52_P23661	Cldn19	0	Cldn19	NM_001038590	1.326581396	0.0	0.0	1.0	1.0	1	1	0	0	0	0	0	0	0	31276|A_52_P23661	9.54221766944926	True	True
GSM2533521	33630	A_52_P244931	Slc8a1	0	Slc8a1	AK048160	0.0	4.20506	3.35801	1.0	1.0	0	0	0	0	0	0	0	0	0	33630|A_52_P244931	7.08653886229632	True	False
GSM2533521	37269	A_51_P445985	Slc12a3	0	Slc12a3	NM_019415	1.719115135	0.0	0.0	1.0	1.0	1	1	0	0	0	0	0	0	0	37269|A_51_P445985	11.2321760409051	True	True
GSM2533521	38687	A_52_P515497	Atp1a1	0	Atp1a1	NM_144900	1.394097839	0.0	0.0	1.0	1.0	1	1	0	0	0	0	0	0	0	38687|A_52_P515497	16.2658980692624	True	True
GSM2533521	40389	A_52_P184322	Trpm6	0	Trpm6	NM_153417	0.6805741592	0.0	0.0	1.0	1.0	1	1	0	0	0	0	0	0	0	40389|A_52_P184322	7.73569135308591	True	True
GSM2533521	40926	A_51_P197499	Bsnd	0	Bsnd	NM_080458	0.7696859593	0.0	0.0	1.0	1.0	1	1	0	0	0	0	0	0	0	40926|A_51_P197499	8.69913974750404	True	True
GSM2533521	44562	A_51_P335801	Calb1	0	Calb1	NM_009788	1.937440963	0.0	0.0	1.0	1.0	1	1	0	0	0	0	0	0	0	44562|A_51_P335801	14.4010404784838	True	True
GSM2533521	44811	A_51_P222543	Atp2b1	0	Atp2b1	BI080417	-0.1125366631	0.0	0.0	1.0	1.0	1	1	0	0	0	0	0	0	0	44811|A_51_P222543	8.49961023459675	True	True
GSM2533521	45034	A_52_P152274	Clcnka	0	Clcnka	NM_024412	1.30289164	0.0	0.0	1.0	1.0	1	1	0	0	0	0	0	0	0	45034|A_52_P152274	9.53351941067621	True	True
GSM2533522	2344	A_51_P335801	Calb1	0	Calb1	NM_009788	2.011668749	0.0	0.0	1.0	1.0	1	1	0	0	0	0	0	0	0	2344|A_51_P335801	14.3746314627865	True	True
GSM2533522	3560	A_51_P230799	Atp2b1	0	Atp2b1	NM_026482	-0.1811036454	0.0	0.0	1.0	1.0	1	1	0	0	0	0	0	0	0	3560|A_51_P230799	7.54999782647208	True	True
GSM2533522	5551	A_51_P243073	Trpm6	0	Trpm6	AK080899	0.0	7.35472	4.41548	0.0	0.0	0	0	0	0	0	0	0	0	0	5551|A_51_P243073	7.04566744216379	True	False
GSM2533522	5837	A_51_P428512	Cldn16	0	Cldn16	NM_053241	1.277164792	6.88399	0.0	1.0	1.0	0	1	0	0	0	0	0	0	0	5837|A_51_P428512	7.68164953269251	True	True
GSM2533522	5868	A_51_P281586	Cnnm2	0	Cnnm2	NM_033569	0.6296621874	0.0	0.0	1.0	1.0	1	1	0	0	0	0	0	0	0	5868|A_51_P281586	8.42057309327148	True	True
GSM2533522	7768	A_51_P335801	Calb1	0	Calb1	NM_009788	2.047113072	0.0	0.0	1.0	1.0	1	1	0	0	0	0	1	0	0	7768|A_51_P335801	14.3374711973283	True	True
GSM2533522	10045	A_51_P442227	Slc12a1	0	Slc12a1	U61381	0.5116356673	6.84027	0.0	1.0	1.0	0	0	0	0	0	0	0	0	0	10045|A_51_P442227	7.22220270782311	True	False
GSM2533522	10087	A_52_P260659	Kcnj10	0	Kcnj10	NM_001039484	2.196565927	0.0	0.0	1.0	1.0	1	1	0	0	0	0	0	0	0	10087|A_52_P260659	11.4063230078836	True	True
GSM2533522	11353	A_51_P335801	Calb1	0	Calb1	NM_009788	2.034449609	0.0	0.0	1.0	1.0	1	1	0	0	0	0	0	0	0	11353|A_51_P335801	14.6503730669508	True	True
GSM2533522	11562	A_51_P300817	Atp1a1	0	Atp1a1	NM_144900	1.270530149	0.0	0.0	1.0	1.0	1	1	0	0	0	0	0	0	0	11562|A_51_P300817	15.9890611788584	True	True
GSM2533522	12114	A_51_P151484	Atp1b1	0	Atp1b1	NM_009721	1.690424737	0.0	0.0	1.0	1.0	1	1	0	0	0	0	0	0	0	12114|A_51_P151484	14.7183662639757	True	True
GSM2533522	12522	A_51_P335801	Calb1	0	Calb1	NM_009788	2.033014691	0.0	0.0	1.0	1.0	1	1	0	0	0	0	0	0	0	12522|A_51_P335801	14.5823821662341	True	True
GSM2533522	12999	A_52_P348986	Atp2b1	0	Atp2b1	NM_026482	-0.1502466409	0.0	0.0	1.0	1.0	1	1	0	0	0	0	0	0	0	12999|A_52_P348986	10.3086378014721	True	True
GSM2533522	13287	A_52_P26118	Slc12a1	0	Slc12a1	NM_001079690	2.654711678	0.0	0.0	1.0	1.0	1	1	0	0	0	0	0	0	0	13287|A_52_P26118	14.5320042612206	True	True
GSM2533522	15381	A_51_P352572	Clcnkb	0	Clcnkb	NM_019701	1.546228194	0.0	0.0	1.0	1.0	0	1	0	0	0	0	0	0	0	15381|A_51_P352572	9.38825077988334	True	True
GSM2533522	15729	A_51_P335801	Calb1	0	Calb1	NM_009788	1.985739121	0.0	0.0	1.0	1.0	1	1	0	0	0	0	0	0	0	15729|A_51_P335801	14.5165180244357	True	True
GSM2533522	15983	A_52_P550331	Kcnj16	0	Kcnj16	NM_010604	2.213261541	6.16548	0.0	1.0	1.0	0	1	0	0	0	0	0	0	0	15983|A_52_P550331	9.43173608087023	True	True
GSM2533522	16664	A_51_P277373	Slc8a1	0	Slc8a1	AF004666	1.833130237	0.0	0.0	1.0	1.0	0	1	0	0	0	0	0	0	0	16664|A_51_P277373	9.08108090838373	True	True
GSM2533522	18179	A_52_P313284	Slc8a1	0	Slc8a1	AF108396	0.2637726022	0.0	0.0	1.0	1.0	1	1	0	0	0	0	0	0	0	18179|A_52_P313284	8.2047692562262	True	True
GSM2533522	18232	A_51_P171332	Cldn19	0	Cldn19	NM_153105	1.085374602	0.0	0.0	1.0	1.0	1	1	0	0	0	0	0	0	0	18232|A_51_P171332	8.59991533156347	True	True
GSM2533522	18861	A_51_P239601	Trpv5	0	Trpv5	NM_001007572	1.273319099	5.52004	0.0	1.0	1.0	0	1	0	0	0	0	0	0	0	18861|A_51_P239601	7.69497909875925	True	True
GSM2533522	19028	A_52_P231461	Slc8a1	0	Slc8a1	NM_011406	1.291116943	5.47774	0.0	1.0	1.0	0	1	0	0	0	0	0	0	0	19028|A_52_P231461	7.73181443070363	True	True
GSM2533522	20241	A_51_P335801	Calb1	0	Calb1	NM_009788	2.023562041	0.0	0.0	1.0	1.0	1	1	0	0	0	0	0	0	0	20241|A_51_P335801	14.647395047092	True	True
GSM2533522	22525	A_52_P562704	Slc8a1	0	Slc8a1	NM_011406	0.5163509474	0.0	0.0	1.0	1.0	1	1	0	0	0	0	0	0	0	22525|A_52_P562704	8.2523916987205	True	True
GSM2533522	22740	A_52_P550325	Kcnj16	0	Kcnj16	NM_010604	2.182569175	0.0	0.0	1.0	1.0	1	1	0	0	0	0	0	0	0	22740|A_52_P550325	14.129982982301	True	True
GSM2533522	23878	A_51_P335801	Calb1	0	Calb1	NM_009788	2.011751007	0.0	0.0	1.0	1.0	1	1	0	0	0	0	0	0	0	23878|A_51_P335801	14.6889659010539	True	True
GSM2533522	26196	A_51_P357773	Kcnj16	0	Kcnj16	NM_010604	1.882106887	0.0	0.0	1.0	1.0	0	1	0	0	0	0	0	0	0	26196|A_51_P357773	9.70148302333365	True	True
GSM2533522	26242	A_52_P499907	Kcnj1	0	Kcnj1	NM_019659	2.434201191	0.0	0.0	1.0	1.0	1	1	0	0	0	0	0	0	0	26242|A_52_P499907	15.0720131238024	True	True
GSM2533522	27676	A_52_P351913	Atp2b1	0	Atp2b1	AK053569	0.2255368887	0.0	0.0	1.0	1.0	1	1	0	0	0	0	0	0	0	27676|A_52_P351913	8.03093378769628	True	True
GSM2533522	29730	A_52_P611783	Fxyd2	0	Fxyd2	NM_052824	1.800995125	0.0	0.0	1.0	1.0	1	1	0	0	0	0	0	0	0	29730|A_52_P611783	14.9853596359283	True	True
GSM2533522	29964	A_51_P335801	Calb1	0	Calb1	NM_009788	2.025628825	0.0	0.0	1.0	1.0	1	1	0	0	0	0	0	0	0	29964|A_51_P335801	14.7470382972203	True	True
GSM2533522	30753	A_51_P335801	Calb1	0	Calb1	NM_009788	2.026694071	0.0	0.0	1.0	1.0	1	1	0	0	0	0	0	0	0	30753|A_51_P335801	14.6076465139941	True	True
GSM2533522	31276	A_52_P23661	Cldn19	0	Cldn19	NM_001038590	1.204475395	0.0	0.0	1.0	1.0	1	1	0	0	0	0	0	0	0	31276|A_52_P23661	9.27914850489269	True	True
GSM2533522	33630	A_52_P244931	Slc8a1	0	Slc8a1	AK048160	0.0	5.81554	3.64292	1.0	1.0	0	0	0	0	0	0	0	0	0	33630|A_52_P244931	7.06625978520837	True	False
GSM2533522	37269	A_51_P445985	Slc12a3	0	Slc12a3	NM_019415	1.793598159	0.0	0.0	1.0	1.0	1	1	0	0	0	0	0	0	0	37269|A_51_P445985	11.238166414138	True	True
GSM2533522	38687	A_52_P515497	Atp1a1	0	Atp1a1	NM_144900	1.483743108	0.0	0.0	1.0	1.0	1	1	0	0	0	0	0	0	0	38687|A_52_P515497	16.4473166551078	True	True
GSM2533522	40389	A_52_P184322	Trpm6	0	Trpm6	NM_153417	0.6860609266	0.0	0.0	1.0	1.0	0	1	0	0	0	0	0	0	0	40389|A_52_P184322	7.62288111109988	True	True
GSM2533522	40926	A_51_P197499	Bsnd	0	Bsnd	NM_080458	0.6389477244	0.0	0.0	1.0	1.0	1	1	0	0	0	0	0	0	0	40926|A_51_P197499	8.38992624392608	True	True
GSM2533522	44562	A_51_P335801	Calb1	0	Calb1	NM_009788	2.003384398	0.0	0.0	1.0	1.0	1	1	0	0	0	0	0	0	0	44562|A_51_P335801	14.3853487680116	True	True
GSM2533522	44811	A_51_P222543	Atp2b1	0	Atp2b1	BI080417	-0.02275173175	0.0	0.0	1.0	1.0	1	1	0	0	0	0	0	0	0	44811|A_51_P222543	8.68651832675029	True	True
GSM2533522	45034	A_52_P152274	Clcnka	0	Clcnka	NM_024412	1.061493793	0.0	0.0	1.0	1.0	1	1	0	0	0	0	0	0	0	45034|A_52_P152274	8.77628458846562	True	True
GSM2533523	2344	A_51_P335801	Calb1	0	Calb1	NM_009788	1.930809837	0.0	0.0	1.0	1.0	1	1	0	0	0	0	0	0	0	2344|A_51_P335801	14.2941347717739	True	True
GSM2533523	3560	A_51_P230799	Atp2b1	0	Atp2b1	NM_026482	-0.2776034445	0.0	0.0	1.0	1.0	1	1	0	0	0	0	0	0	0	3560|A_51_P230799	7.44819557290834	True	True
GSM2533523	5551	A_51_P243073	Trpm6	0	Trpm6	AK080899	0.0	7.93709	5.34464	1.0	1.0	0	0	0	0	0	0	0	0	0	5551|A_51_P243073	7.09523436169296	True	False
GSM2533523	5837	A_51_P428512	Cldn16	0	Cldn16	NM_053241	1.492235593	7.3118	0.0	1.0	1.0	0	1	0	0	0	0	0	0	0	5837|A_51_P428512	7.94801533911456	True	True
GSM2533523	5868	A_51_P281586	Cnnm2	0	Cnnm2	NM_033569	0.6286149232	0.0	0.0	1.0	1.0	1	1	0	0	0	0	0	0	0	5868|A_51_P281586	8.48025745148819	True	True
GSM2533523	7768	A_51_P335801	Calb1	0	Calb1	NM_009788	1.954501181	0.0	0.0	1.0	1.0	1	1	0	0	0	0	0	0	0	7768|A_51_P335801	14.2502660453414	True	True
GSM2533523	10045	A_51_P442227	Slc12a1	0	Slc12a1	U61381	0.5428079803	7.3534	0.0	1.0	1.0	0	0	0	0	0	0	0	0	0	10045|A_51_P442227	7.21518616610917	True	False
GSM2533523	10087	A_52_P260659	Kcnj10	0	Kcnj10	NM_001039484	2.104095211	0.0	0.0	1.0	1.0	1	1	0	0	0	0	0	0	0	10087|A_52_P260659	11.3681596244159	True	True
GSM2533523	11353	A_51_P335801	Calb1	0	Calb1	NM_009788	1.941689596	0.0	0.0	1.0	1.0	1	1	0	0	0	0	0	0	0	11353|A_51_P335801	14.6554897437265	True	True
GSM2533523	11562	A_51_P300817	Atp1a1	0	Atp1a1	NM_144900	1.411877671	0.0	0.0	1.0	1.0	1	1	0	0	0	0	0	0	0	11562|A_51_P300817	16.6267458439433	True	True
GSM2533523	12114	A_51_P151484	Atp1b1	0	Atp1b1	NM_009721	1.667610212	0.0	0.0	1.0	1.0	1	1	0	0	0	0	0	0	0	12114|A_51_P151484	14.7240232314879	True	True
GSM2533523	12522	A_51_P335801	Calb1	0	Calb1	NM_009788	1.94566982	0.0	0.0	1.0	1.0	1	1	0	0	0	0	0	0	0	12522|A_51_P335801	14.4620579843634	True	True
GSM2533523	12999	A_52_P348986	Atp2b1	0	Atp2b1	NM_026482	-0.2233000856	0.0	0.0	1.0	1.0	1	1	0	0	0	0	0	0	0	12999|A_52_P348986	9.6927417646616	True	True
GSM2533523	13287	A_52_P26118	Slc12a1	0	Slc12a1	NM_001079690	2.692104564	0.0	0.0	1.0	1.0	1	1	0	0	0	0	0	0	0	13287|A_52_P26118	14.5880497666142	True	True
GSM2533523	15381	A_51_P352572	Clcnkb	0	Clcnkb	NM_019701	1.524511662	0.0	0.0	1.0	1.0	0	1	0	0	0	0	0	0	0	15381|A_51_P352572	9.14022685494277	True	True
GSM2533523	15729	A_51_P335801	Calb1	0	Calb1	NM_009788	1.923042757	0.0	0.0	1.0	1.0	1	1	0	0	0	0	0	0	0	15729|A_51_P335801	14.4971547200132	True	True
GSM2533523	15983	A_52_P550331	Kcnj16	0	Kcnj16	NM_010604	2.358959959	6.43527	0.0	1.0	1.0	0	1	0	0	0	0	0	0	0	15983|A_52_P550331	9.81411930682655	True	True
GSM2533523	16664	A_51_P277373	Slc8a1	0	Slc8a1	AF004666	1.701861242	0.0	0.0	1.0	1.0	0	1	0	0	0	0	0	0	0	16664|A_51_P277373	9.0883241707291	True	True
GSM2533523	18179	A_52_P313284	Slc8a1	0	Slc8a1	AF108396	0.6109256165	0.0	0.0	1.0	1.0	1	1	0	0	0	0	0	0	0	18179|A_52_P313284	7.84491035933327	True	True
GSM2533523	18232	A_51_P171332	Cldn19	0	Cldn19	NM_153105	1.314524692	0.0	0.0	1.0	1.0	1	1	0	0	0	0	0	0	0	18232|A_51_P171332	8.99769630246313	True	True
GSM2533523	18861	A_51_P239601	Trpv5	0	Trpv5	NM_001007572	1.220013125	6.01091	0.0	1.0	1.0	0	1	0	0	0	0	0	0	0	18861|A_51_P239601	7.61873672452078	True	True
GSM2533523	19028	A_52_P231461	Slc8a1	0	Slc8a1	NM_011406	1.193062491	5.95517	0.0	1.0	1.0	0	1	0	0	0	0	0	0	0	19028|A_52_P231461	7.592153151176	True	True
GSM2533523	20241	A_51_P335801	Calb1	0	Calb1	NM_009788	1.929262373	0.0	0.0	1.0	1.0	1	1	0	0	0	0	0	0	0	20241|A_51_P335801	14.5993141039472	True	True
GSM2533523	22525	A_52_P562704	Slc8a1	0	Slc8a1	NM_011406	0.6012163727	0.0	0.0	1.0	1.0	1	1	0	0	0	0	0	0	0	22525|A_52_P562704	8.38992624392608	True	True
GSM2533523	22740	A_52_P550325	Kcnj16	0	Kcnj16	NM_010604	2.070805303	0.0	0.0	1.0	1.0	1	1	0	0	0	0	0	0	0	22740|A_52_P550325	14.37178810068	True	True
GSM2533523	23878	A_51_P335801	Calb1	0	Calb1	NM_009788	1.930176613	0.0	0.0	1.0	1.0	1	1	0	0	0	0	0	0	0	23878|A_51_P335801	14.4317858289692	True	True
GSM2533523	26196	A_51_P357773	Kcnj16	0	Kcnj16	NM_010604	1.814042437	0.0	0.0	1.0	1.0	0	1	0	0	0	0	0	0	0	26196|A_51_P357773	9.79099916222872	True	True
GSM2533523	26242	A_52_P499907	Kcnj1	0	Kcnj1	NM_019659	2.36078557	0.0	0.0	1.0	1.0	1	1	0	0	0	0	0	0	0	26242|A_52_P499907	14.881033795453	True	True
GSM2533523	27676	A_52_P351913	Atp2b1	0	Atp2b1	AK053569	0.01795902701	0.0	0.0	1.0	1.0	1	1	0	0	0	0	0	0	0	27676|A_52_P351913	7.75407104444354	True	True
GSM2533523	29730	A_52_P611783	Fxyd2	0	Fxyd2	NM_052824	1.754117838	0.0	0.0	1.0	1.0	1	1	0	0	0	0	0	0	0	29730|A_52_P611783	15.2140376524974	True	True
GSM2533523	29964	A_51_P335801	Calb1	0	Calb1	NM_009788	1.927458332	0.0	0.0	1.0	1.0	1	1	0	0	0	0	0	0	0	29964|A_51_P335801	14.7587396577871	True	True
GSM2533523	30753	A_51_P335801	Calb1	0	Calb1	NM_009788	1.925961774	0.0	0.0	1.0	1.0	1	1	0	0	0	0	0	0	0	30753|A_51_P335801	14.5108694466801	True	True
GSM2533523	31276	A_52_P23661	Cldn19	0	Cldn19	NM_001038590	1.297366293	0.0	0.0	1.0	1.0	1	1	0	0	0	0	0	0	0	31276|A_52_P23661	9.29855276306154	True	True
GSM2533523	33630	A_52_P244931	Slc8a1	0	Slc8a1	AK048160	0.0	6.24257	4.38272	1.0	1.0	0	0	0	0	0	0	0	0	0	33630|A_52_P244931	7.03085248345878	True	False
GSM2533523	37269	A_51_P445985	Slc12a3	0	Slc12a3	NM_019415	1.746850233	0.0	0.0	1.0	1.0	1	1	0	0	0	0	0	0	0	37269|A_51_P445985	11.7610552337807	True	True
GSM2533523	38687	A_52_P515497	Atp1a1	0	Atp1a1	NM_144900	1.449944008	0.0	0.0	1.0	1.0	1	1	0	0	0	0	0	0	0	38687|A_52_P515497	16.4001332845556	True	True
GSM2533523	40389	A_52_P184322	Trpm6	0	Trpm6	NM_153417	0.8335680445	0.0	0.0	1.0	1.0	0	1	0	0	0	0	0	0	0	40389|A_52_P184322	7.74096622624019	True	True
GSM2533523	40926	A_51_P197499	Bsnd	0	Bsnd	NM_080458	0.712949547	0.0	0.0	1.0	1.0	1	1	0	0	0	0	0	0	0	40926|A_51_P197499	8.6617092349433	True	True
GSM2533523	44562	A_51_P335801	Calb1	0	Calb1	NM_009788	1.956689951	0.0	0.0	1.0	1.0	1	1	0	0	0	0	0	0	0	44562|A_51_P335801	14.3208918501019	True	True
GSM2533523	44811	A_51_P222543	Atp2b1	0	Atp2b1	BI080417	-0.1188098518	0.0	0.0	1.0	1.0	1	1	0	0	0	0	0	0	0	44811|A_51_P222543	8.49277180338633	True	True
GSM2533523	45034	A_52_P152274	Clcnka	0	Clcnka	NM_024412	1.284274068	0.0	0.0	1.0	1.0	1	1	0	0	0	0	0	0	0	45034|A_52_P152274	9.31938295840446	True	True
GSM2533524	2344	A_51_P335801	Calb1	0		NM_009788	1.995165578					1	1	0	0	0	0	0	0	0	2344|A_51_P335801	14.2414597029215	True	True
GSM2533524	3560	A_51_P230799	Atp2b1	0		NM_026482	-0.1329801259					1	1	0	0	0	0	0	0	0	3560|A_51_P230799	7.61609547243303	True	True
GSM2533524	5551	A_51_P243073	Trpm6	0		AK080899	0.0					0	0	0	0	0	0	0	0	0	5551|A_51_P243073	7.0672849097929	True	False
GSM2533524	5837	A_51_P428512	Cldn16	0		NM_053241	1.690392895					0	1	0	0	0	0	0	0	0	5837|A_51_P428512	8.30960965303095	True	True
GSM2533524	5868	A_51_P281586	Cnnm2	0		NM_033569	0.6539003482					1	1	0	0	0	0	0	0	0	5868|A_51_P281586	8.51817358348338	True	True
GSM2533524	7768	A_51_P335801	Calb1	0		NM_009788	1.956725447					1	1	0	0	0	0	0	0	0	7768|A_51_P335801	14.3024593788857	True	True
GSM2533524	10045	A_51_P442227	Slc12a1	0		U61381	0.5711328849					0	1	0	0	0	0	0	0	0	10045|A_51_P442227	7.21490353335717	True	True
GSM2533524	10087	A_52_P260659	Kcnj10	0		NM_001039484	2.067488104					1	1	0	0	0	0	0	0	0	10087|A_52_P260659	11.5835389964635	True	True
GSM2533524	11353	A_51_P335801	Calb1	0		NM_009788	1.97148615					1	1	0	0	0	0	0	0	0	11353|A_51_P335801	14.682922703558	True	True
GSM2533524	11562	A_51_P300817	Atp1a1	0		NM_144900	1.444557463					1	1	0	0	0	0	0	0	0	11562|A_51_P300817	16.9010019614423	True	True
GSM2533524	12114	A_51_P151484	Atp1b1	0		NM_009721	1.772363164					1	1	0	0	0	0	0	0	0	12114|A_51_P151484	14.9381944114206	True	True
GSM2533524	12522	A_51_P335801	Calb1	0		NM_009788	1.947512271					1	1	0	0	0	0	0	0	0	12522|A_51_P335801	14.5139273324152	True	True
GSM2533524	12999	A_52_P348986	Atp2b1	0		NM_026482	-0.2415315424					1	1	0	0	0	0	0	0	0	12999|A_52_P348986	9.7383864525083	True	True
GSM2533524	13287	A_52_P26118	Slc12a1	0		NM_001079690	2.664025055					1	1	0	0	0	0	0	0	0	13287|A_52_P26118	14.697674220396	True	True
GSM2533524	15381	A_51_P352572	Clcnkb	0		AF124847	0.5770821904					1	1	0	0	0	0	0	0	0	15381|A_51_P352572	7.75172429769188	True	True
GSM2533524	15729	A_51_P335801	Calb1	0		NM_009788	1.95492983					1	1	0	0	0	0	0	0	0	15729|A_51_P335801	14.4010404784838	True	True
GSM2533524	15983	A_52_P550331	Kcnj16	0		NM_010604	2.293866135					0	1	0	0	0	0	0	0	0	15983|A_52_P550331	9.4391469964536	True	True
GSM2533524	16664	A_51_P277373	Slc8a1	0		NM_001286684	1.459160872					1	1	0	0	0	0	0	0	0	16664|A_51_P277373	8.63446259212529	True	True
GSM2533524	18179	A_52_P313284	Slc8a1	0		NR_104580	0.7389447642					1	1	0	0	0	0	0	0	0	18179|A_52_P313284	8.04274579095684	True	True
GSM2533524	18232	A_51_P171332	Cldn19	0		NM_153105	1.274464682					1	1	0	0	0	0	0	0	0	18232|A_51_P171332	8.82567789167345	True	True
GSM2533524	18861	A_51_P239601	Trpv5	0		NM_001007572	1.314286262					0	1	0	0	0	0	0	0	0	18861|A_51_P239601	7.44458048169556	True	True
GSM2533524	19028	A_52_P231461	Slc8a1	0		NM_011406	1.404389675					0	1	0	0	0	0	0	0	0	19028|A_52_P231461	7.54954134941496	True	True
GSM2533524	20241	A_51_P335801	Calb1	0		NM_009788	1.962836256					1	1	0	0	0	0	0	0	0	20241|A_51_P335801	14.5108694466801	True	True
GSM2533524	22525	A_52_P562704	Slc8a1	0		NM_011406	0.5001607586					1	1	0	0	0	0	0	0	0	22525|A_52_P562704	8.37642533631086	True	True
GSM2533524	22740	A_52_P550325	Kcnj16	0		NM_010604	2.080514689					1	1	0	0	0	0	0	0	0	22740|A_52_P550325	14.3623383709753	True	True
GSM2533524	23878	A_51_P335801	Calb1	0		NM_009788	1.958718492					1	1	0	0	0	0	0	0	0	23878|A_51_P335801	14.5267888965541	True	True
GSM2533524	26196	A_51_P357773	Kcnj16	0		NM_010604	1.968182703					0	1	0	0	0	0	0	0	0	26196|A_51_P357773	9.595354842819	True	True
GSM2533524	26242	A_52_P499907	Kcnj1	0		NM_019659	2.361562588					1	1	0	0	0	0	0	0	0	26242|A_52_P499907	14.7183662639757	True	True
GSM2533524	27676	A_52_P351913	Atp2b1	0		AK053569	0.1486627805					1	1	0	0	0	0	0	0	0	27676|A_52_P351913	7.90574405744629	True	True
GSM2533524	29730	A_52_P611783	Fxyd2	0		NM_052823	1.729831979					1	1	0	0	0	0	0	0	0	29730|A_52_P611783	15.5155647027958	True	True
GSM2533524	29964	A_51_P335801	Calb1	0		NM_009788	1.956731685					1	1	0	0	0	0	0	0	0	29964|A_51_P335801	14.7015363765822	True	True
GSM2533524	30753	A_51_P335801	Calb1	0		NM_009788	1.95305281					1	1	0	0	0	0	0	0	0	30753|A_51_P335801	14.4488610572934	True	True
GSM2533524	31276	A_52_P23661	Cldn19	0		NM_001038590	1.339447075					1	1	0	0	0	0	0	0	0	31276|A_52_P23661	9.42872098960967	True	True
GSM2533524	33630	A_52_P244931	Slc8a1	0		AK048160	0.0					0	0	0	0	0	0	0	0	0	33630|A_52_P244931	7.04804153230833	True	False
GSM2533524	37269	A_51_P445985	Slc12a3	0		NM_019415	1.713444228					1	1	0	0	0	0	0	0	0	37269|A_51_P445985	11.6685638865294	True	True
GSM2533524	38687	A_52_P515497	Atp1a1	0		NM_144900	1.416733505					1	1	0	0	0	0	0	0	0	38687|A_52_P515497	15.8668603792738	True	True
GSM2533524	40389	A_52_P184322	Trpm6	0		NM_153417	0.6103980716					1	1	0	0	0	0	0	0	0	40389|A_52_P184322	7.72751239302034	True	True
GSM2533524	40926	A_51_P197499	Bsnd	0		NM_080458	0.5421868975					1	1	0	0	0	0	0	0	0	40926|A_51_P197499	8.26126167907727	True	True
GSM2533524	44562	A_51_P335801	Calb1	0		NM_009788	1.952924021					1	1	0	0	0	0	0	0	0	44562|A_51_P335801	14.1176104688001	True	True
GSM2533524	44811	A_51_P222543	Atp2b1	0		NM_026482	-0.1495101233					1	1	0	0	0	0	0	0	0	44811|A_51_P222543	8.28509484153841	True	True
GSM2533524	45034	A_52_P152274	Clcnka	0		NM_024412	1.194996257					1	1	0	0	0	0	0	0	0	45034|A_52_P152274	8.89247898884562	True	True
GSM2533525	2344	A_51_P335801	Calb1	0		NM_009788	1.847099047					1	1	0	0	0	0	0	0	0	2344|A_51_P335801	14.6800510528371	True	True
GSM2533525	3560	A_51_P230799	Atp2b1	0		NM_026482	-0.1348143222					1	1	0	0	0	0	0	0	0	3560|A_51_P230799	7.55388949195513	True	True
GSM2533525	5551	A_51_P243073	Trpm6	0		AK080899	0.0					0	0	0	0	0	0	0	0	0	5551|A_51_P243073	7.12234144066654	True	False
GSM2533525	5837	A_51_P428512	Cldn16	0		NM_053241	1.552919198					0	1	0	0	0	0	0	0	0	5837|A_51_P428512	8.57411988880661	True	True
GSM2533525	5868	A_51_P281586	Cnnm2	0		NM_033569	0.6010952554					1	1	0	0	0	0	0	0	0	5868|A_51_P281586	8.70826123796773	True	True
GSM2533525	7768	A_51_P335801	Calb1	0		NM_009788	1.865631281					1	1	0	0	0	0	0	0	0	7768|A_51_P335801	14.9632446044688	True	True
GSM2533525	10045	A_51_P442227	Slc12a1	0		U61381	0.7566744392					0	1	0	0	0	0	0	0	0	10045|A_51_P442227	7.31036602275448	True	True
GSM2533525	10087	A_52_P260659	Kcnj10	0		NM_001039484	1.910748713					1	1	0	0	0	0	0	0	0	10087|A_52_P260659	11.9437605107719	True	True
GSM2533525	11353	A_51_P335801	Calb1	0		NM_009788	1.862265766					1	1	0	0	0	0	0	0	0	11353|A_51_P335801	15.2034548822335	True	True
GSM2533525	11562	A_51_P300817	Atp1a1	0		NM_144900	1.475318168					1	1	0	0	0	0	0	0	0	11562|A_51_P300817	16.9804648868135	True	True
GSM2533525	12114	A_51_P151484	Atp1b1	0		NM_009721	1.851206339					1	1	0	0	0	0	0	0	0	12114|A_51_P151484	15.2828426702148	True	True
GSM2533525	12522	A_51_P335801	Calb1	0		NM_009788	1.854177915					1	1	0	0	0	0	0	0	0	12522|A_51_P335801	15.0372417842349	True	True
GSM2533525	12999	A_52_P348986	Atp2b1	0		NM_026482	-0.2054850191					1	1	0	0	0	0	0	0	0	12999|A_52_P348986	10.0295398918352	True	True
GSM2533525	13287	A_52_P26118	Slc12a1	0		NM_001079690	2.603167579					1	1	0	0	0	0	0	0	0	13287|A_52_P26118	14.9528030485151	True	True
GSM2533525	15381	A_51_P352572	Clcnkb	0		AF124847	1.125149691					0	1	0	0	0	0	0	0	0	15381|A_51_P352572	8.42121819984153	True	True
GSM2533525	15729	A_51_P335801	Calb1	0		NM_009788	1.855591261					1	1	0	0	0	0	0	0	0	15729|A_51_P335801	14.697674220396	True	True
GSM2533525	15983	A_52_P550331	Kcnj16	0		NM_010604	2.396998785					0	1	0	0	0	0	0	0	0	15983|A_52_P550331	9.88709392004676	True	True
GSM2533525	16664	A_51_P277373	Slc8a1	0		NM_001286684	1.583723272					0	1	0	0	0	0	0	0	0	16664|A_51_P277373	8.62327158238832	True	True
GSM2533525	18179	A_52_P313284	Slc8a1	0		NR_104580	0.7300690617					1	1	0	0	0	0	0	0	0	18179|A_52_P313284	8.0889417880348	True	True
GSM2533525	18232	A_51_P171332	Cldn19	0		NM_153105	1.074031591					1	1	0	0	0	0	0	0	0	18232|A_51_P171332	8.71837903450259	True	True
GSM2533525	18861	A_51_P239601	Trpv5	0		NM_001007572	1.234187315					0	1	0	0	0	0	0	0	0	18861|A_51_P239601	7.93443936768866	True	True
GSM2533525	19028	A_52_P231461	Slc8a1	0		NM_011406	0.9735755052					0	1	0	0	0	0	0	0	0	19028|A_52_P231461	8.03474273959882	True	True
GSM2533525	20241	A_51_P335801	Calb1	0		NM_009788	1.826659039					1	1	0	0	0	0	0	0	0	20241|A_51_P335801	14.5605989606743	True	True
GSM2533525	22525	A_52_P562704	Slc8a1	0		NM_011406	0.6749445504					1	1	0	0	0	0	0	0	0	22525|A_52_P562704	8.5073553667222	True	True
GSM2533525	22740	A_52_P550325	Kcnj16	0		NM_010604	1.975523508					1	1	0	0	0	0	0	0	0	22740|A_52_P550325	14.7109424064283	True	True
GSM2533525	23878	A_51_P335801	Calb1	0		NM_009788	1.846614542					1	1	0	0	0	0	0	0	0	23878|A_51_P335801	14.8527890813312	True	True
GSM2533525	26196	A_51_P357773	Kcnj16	0		NM_010604	1.803688906					0	1	0	0	0	0	0	0	0	26196|A_51_P357773	9.82371184568888	True	True
GSM2533525	26242	A_52_P499907	Kcnj1	0		NM_019659	2.310220095					1	1	0	0	0	0	0	0	0	26242|A_52_P499907	14.8843031905941	True	True
GSM2533525	27676	A_52_P351913	Atp2b1	0		AK053569	0.1117080622					1	1	0	0	0	0	0	0	0	27676|A_52_P351913	7.67517781887721	True	True
GSM2533525	29730	A_52_P611783	Fxyd2	0		NM_052823	1.664975105					1	1	0	0	0	0	0	0	0	29730|A_52_P611783	15.6502916969595	True	True
GSM2533525	29964	A_51_P335801	Calb1	0		NM_009788	1.835479114					1	1	0	0	0	0	0	0	0	29964|A_51_P335801	14.7614491424512	True	True
GSM2533525	30753	A_51_P335801	Calb1	0		NM_009788	1.848009031					1	1	0	0	0	0	0	0	0	30753|A_51_P335801	14.7819822672601	True	True
GSM2533525	31276	A_52_P23661	Cldn19	0		NM_001038590	1.277613616					1	1	0	0	0	0	0	0	0	31276|A_52_P23661	9.1912164499763	True	True
GSM2533525	33630	A_52_P244931	Slc8a1	0		AK048160	0.0					0	0	0	0	0	0	0	0	0	33630|A_52_P244931	7.00221436962372	True	False
GSM2533525	37269	A_51_P445985	Slc12a3	0		NM_019415	1.681264689					1	1	0	0	0	0	0	0	0	37269|A_51_P445985	12.2146129101119	True	True
GSM2533525	38687	A_52_P515497	Atp1a1	0		NM_144900	1.380707871					1	1	0	0	0	0	0	0	0	38687|A_52_P515497	15.5982073278766	True	True
GSM2533525	40389	A_52_P184322	Trpm6	0		NM_153417	0.9662196998					0	1	0	0	0	0	0	0	0	40389|A_52_P184322	7.88799221744472	True	True
GSM2533525	40926	A_51_P197499	Bsnd	0		NM_080458	0.6508712055					1	1	0	0	0	0	0	0	0	40926|A_51_P197499	8.17810481711268	True	True
GSM2533525	44562	A_51_P335801	Calb1	0		NM_009788	1.86070526					1	1	0	0	0	0	1	0	0	44562|A_51_P335801	14.3695877016484	True	True
GSM2533525	44811	A_51_P222543	Atp2b1	0		NM_026482	-0.2377525399					1	1	0	0	0	0	0	0	0	44811|A_51_P222543	8.10539393392057	True	True
GSM2533525	45034	A_52_P152274	Clcnka	0		NM_024412	1.272162738					1	1	0	0	0	0	0	0	0	45034|A_52_P152274	8.90681502079752	True	True
GSM2533526	2344	A_51_P335801	Calb1	0		NM_009788	1.85683861					1	1	0	0	0	0	0	1	0	2344|A_51_P335801	13.3149622500123	False	False
GSM2533526	3560	A_51_P230799	Atp2b1	0		NM_026482	-0.4193903783					1	1	0	0	0	0	0	0	0	3560|A_51_P230799	7.20388233863721	True	True
GSM2533526	5551	A_51_P243073	Trpm6	0		AK080899	0.06578906399					0	1	0	0	0	0	0	0	0	5551|A_51_P243073	7.07672088520044	True	True
GSM2533526	5837	A_51_P428512	Cldn16	0		NM_053241	0.7037815983					1	1	0	0	0	0	0	0	0	5837|A_51_P428512	8.05140627932972	True	True
GSM2533526	5868	A_51_P281586	Cnnm2	0		NM_033569	0.4529838648					1	1	0	0	0	0	0	0	0	5868|A_51_P281586	8.426708604736	True	True
GSM2533526	7768	A_51_P335801	Calb1	0		NM_009788	1.896905414					1	1	0	0	0	0	0	0	0	7768|A_51_P335801	13.6122853025101	True	True
GSM2533526	10045	A_51_P442227	Slc12a1	0		U61381	0.2997658984					1	1	0	0	0	0	0	0	0	10045|A_51_P442227	7.31856616570291	True	True
GSM2533526	10087	A_52_P260659	Kcnj10	0		NM_001039484	1.843625133					1	1	0	0	0	0	0	0	0	10087|A_52_P260659	10.9862125481694	True	True
GSM2533526	11353	A_51_P335801	Calb1	0		NM_009788	1.878028285					1	1	0	0	0	0	0	0	0	11353|A_51_P335801	13.9345408906924	True	True
GSM2533526	11562	A_51_P300817	Atp1a1	0		NM_144900	1.403148715					1	1	0	0	0	0	0	0	0	11562|A_51_P300817	17.0336680623579	True	True
GSM2533526	12114	A_51_P151484	Atp1b1	0		NM_009721	1.875153298					1	1	0	0	0	0	0	0	0	12114|A_51_P151484	15.2296243473803	True	True
GSM2533526	12522	A_51_P335801	Calb1	0		NM_009788	1.848828531					1	1	0	0	0	0	0	0	0	12522|A_51_P335801	13.8300226890934	True	True
GSM2533526	12999	A_52_P348986	Atp2b1	0		NM_026482	-0.3656684283					1	1	0	0	0	0	0	0	0	12999|A_52_P348986	9.41257982040302	True	True
GSM2533526	13287	A_52_P26118	Slc12a1	0		NM_001079690	2.407671095					1	1	0	0	0	0	0	0	0	13287|A_52_P26118	14.5686857958482	True	True
GSM2533526	15381	A_51_P352572	Clcnkb	0		AF124847	0.626136529					1	1	0	0	0	0	0	0	0	15381|A_51_P352572	8.73882978050691	True	True
GSM2533526	15729	A_51_P335801	Calb1	0		NM_009788	1.857275519					1	1	0	0	0	0	0	0	0	15729|A_51_P335801	13.7632780655417	True	True
GSM2533526	15983	A_52_P550331	Kcnj16	0		NM_010604	1.488792673					1	1	0	0	0	0	0	0	0	15983|A_52_P550331	10.0616023171904	True	True
GSM2533526	16664	A_51_P277373	Slc8a1	0		NM_001286684	0.8346276928					1	1	0	0	0	0	0	0	0	16664|A_51_P277373	8.46686496101281	True	True
GSM2533526	18179	A_52_P313284	Slc8a1	0		NR_104580	0.3951579692					1	1	0	0	0	0	0	0	0	18179|A_52_P313284	7.70928707957446	True	True
GSM2533526	18232	A_51_P171332	Cldn19	0		NM_153105	0.7533315046					1	1	0	0	0	0	0	0	0	18232|A_51_P171332	8.1169583949058	True	True
GSM2533526	18861	A_51_P239601	Trpv5	0		NM_001007572	0.2572428544					1	1	0	0	0	0	0	0	0	18861|A_51_P239601	7.34730527784926	True	True
GSM2533526	19028	A_52_P231461	Slc8a1	0		NM_011406	0.728573783					0	1	0	0	0	0	0	0	0	19028|A_52_P231461	7.39030336437915	True	True
GSM2533526	20241	A_51_P335801	Calb1	0		NM_009788	1.896126449					1	1	0	0	0	0	0	0	0	20241|A_51_P335801	13.7773464260499	True	True
GSM2533526	22525	A_52_P562704	Slc8a1	0		NM_011406	0.3508611432					1	1	0	0	0	0	0	0	0	22525|A_52_P562704	7.71895741222636	True	True
GSM2533526	22740	A_52_P550325	Kcnj16	0		NM_010604	2.027093674					1	1	0	0	0	0	0	0	0	22740|A_52_P550325	14.5292547853001	True	True
GSM2533526	23878	A_51_P335801	Calb1	0		NM_009788	1.870910823					1	1	0	0	0	0	0	0	0	23878|A_51_P335801	13.7905678476685	True	True
GSM2533526	26196	A_51_P357773	Kcnj16	0		NM_010604	1.440754098					1	1	0	0	0	0	0	0	0	26196|A_51_P357773	9.85982876841224	True	True
GSM2533526	26242	A_52_P499907	Kcnj1	0		NM_019659	2.340750586					1	1	0	0	0	0	0	0	0	26242|A_52_P499907	14.2502660453414	True	True
GSM2533526	27676	A_52_P351913	Atp2b1	0		AK053569	-0.1718440143					1	1	0	0	0	0	0	0	0	27676|A_52_P351913	7.3632550315191	True	True
GSM2533526	29730	A_52_P611783	Fxyd2	0		NM_052823	1.799611602					1	1	0	0	0	0	0	0	0	29730|A_52_P611783	16.0761257496282	True	True
GSM2533526	29964	A_51_P335801	Calb1	0		NM_009788	1.878723425					1	1	0	0	0	0	0	0	0	29964|A_51_P335801	13.8704250328934	True	True
GSM2533526	30753	A_51_P335801	Calb1	0		NM_009788	1.907850898					1	1	0	0	0	0	0	0	0	30753|A_51_P335801	13.7060064330691	True	True
GSM2533526	31276	A_52_P23661	Cldn19	0		NM_001038590	0.9435566098					1	1	0	0	0	0	0	0	0	31276|A_52_P23661	8.66226250472632	True	True
GSM2533526	33630	A_52_P244931	Slc8a1	0		AK048160	0.1350214228					1	1	0	0	0	0	0	0	0	33630|A_52_P244931	7.14293026198355	True	True
GSM2533526	37269	A_51_P445985	Slc12a3	0		NM_019415	1.317074282					1	1	0	0	0	0	0	0	0	37269|A_51_P445985	11.0589549364932	True	True
GSM2533526	38687	A_52_P515497	Atp1a1	0		NM_144900	1.351570175					1	1	0	0	0	0	0	0	0	38687|A_52_P515497	15.8896540676539	True	True
GSM2533526	40389	A_52_P184322	Trpm6	0		NM_153417	0.3962799974					1	1	0	0	0	0	0	0	0	40389|A_52_P184322	8.30060555685319	True	True
GSM2533526	40926	A_51_P197499	Bsnd	0		NM_080458	0.4299027565					1	1	0	0	0	0	0	0	0	40926|A_51_P197499	7.73559601741985	True	True
GSM2533526	44562	A_51_P335801	Calb1	0		NM_009788	1.836541744					1	1	0	0	0	0	0	1	0	44562|A_51_P335801	13.2004817961367	False	False
GSM2533526	44811	A_51_P222543	Atp2b1	0		NM_026482	-0.3453868254					1	1	0	0	0	0	0	0	0	44811|A_51_P222543	7.80532619273429	True	True
GSM2533526	45034	A_52_P152274	Clcnka	0		NM_024412	0.836229414					1	1	0	0	0	0	0	0	0	45034|A_52_P152274	8.67716472280178	True	True
GSM2533527	2344	A_51_P335801	Calb1	0		NM_009788	1.944846937					1	1	0	0	0	0	0	0	0	2344|A_51_P335801	14.3208918501019	True	True
GSM2533527	3560	A_51_P230799	Atp2b1	0		NM_026482	-0.2386922527					1	1	0	0	0	0	0	0	0	3560|A_51_P230799	7.40388993291994	True	True
GSM2533527	5551	A_51_P243073	Trpm6	0		AK080899	0.214081171					0	0	0	0	0	0	0	0	0	5551|A_51_P243073	7.1048932536026	True	False
GSM2533527	5837	A_51_P428512	Cldn16	0		NM_053241	1.608562343					0	1	0	0	0	0	0	0	0	5837|A_51_P428512	8.22371353050253	True	True
GSM2533527	5868	A_51_P281586	Cnnm2	0		NM_033569	0.7345473155					1	1	0	0	0	0	0	0	0	5868|A_51_P281586	8.95198701048867	True	True
GSM2533527	7768	A_51_P335801	Calb1	0		NM_009788	1.911247619					1	1	0	0	0	0	0	0	0	7768|A_51_P335801	14.4752989980614	True	True
GSM2533527	10045	A_51_P442227	Slc12a1	0		U61381	0.6817620739					0	1	0	0	0	0	0	0	0	10045|A_51_P442227	7.27354074075176	True	True
GSM2533527	10087	A_52_P260659	Kcnj10	0		NM_001039484	2.068661185					1	1	0	0	0	0	0	0	0	10087|A_52_P260659	11.5409893868776	True	True
GSM2533527	11353	A_51_P335801	Calb1	0		NM_009788	1.925890778					1	1	0	0	0	0	0	0	0	11353|A_51_P335801	14.732489888439	True	True
GSM2533527	11562	A_51_P300817	Atp1a1	0		NM_144900	1.342026943					1	1	0	0	0	0	0	0	0	11562|A_51_P300817	16.6450540263212	True	True
GSM2533527	12114	A_51_P151484	Atp1b1	0		NM_009721	1.876120616					1	1	0	0	0	0	0	0	0	12114|A_51_P151484	15.2102227374917	True	True
GSM2533527	12522	A_51_P335801	Calb1	0		NM_009788	1.920185021					1	1	0	0	0	0	0	0	0	12522|A_51_P335801	14.6860789012561	True	True
GSM2533527	12999	A_52_P348986	Atp2b1	0		NM_026482	-0.2884215578					1	1	0	0	0	0	0	0	0	12999|A_52_P348986	9.69201633101384	True	True
GSM2533527	13287	A_52_P26118	Slc12a1	0		NM_001079690	2.695098435					1	1	0	0	0	0	0	0	0	13287|A_52_P26118	15.0922517085614	True	True
GSM2533527	15381	A_51_P352572	Clcnkb	0		AF124847	1.249184626					1	1	0	0	0	0	0	0	0	15381|A_51_P352572	9.00779621522175	True	True
GSM2533527	15729	A_51_P335801	Calb1	0		NM_009788	1.934993915					1	1	0	0	0	0	0	0	0	15729|A_51_P335801	14.6917262067769	True	True
GSM2533527	15983	A_52_P550331	Kcnj16	0		NM_010604	2.136836452					0	1	0	0	0	0	0	0	0	15983|A_52_P550331	9.93876500309264	True	True
GSM2533527	16664	A_51_P277373	Slc8a1	0		NM_001286684	1.672985162					1	1	0	0	0	0	0	0	0	16664|A_51_P277373	9.42485180613334	True	True
GSM2533527	18179	A_52_P313284	Slc8a1	0		NR_104580	0.8539281851					1	1	0	0	0	0	0	0	0	18179|A_52_P313284	8.22108037547041	True	True
GSM2533527	18232	A_51_P171332	Cldn19	0		NM_153105	1.08477636					1	1	0	0	0	0	0	0	0	18232|A_51_P171332	8.46026980830366	True	True
GSM2533527	18861	A_51_P239601	Trpv5	0		NM_001007572	1.231785759					0	1	0	0	0	0	0	0	0	18861|A_51_P239601	7.57857752664804	True	True
GSM2533527	19028	A_52_P231461	Slc8a1	0		NM_011406	1.53519975					0	1	0	0	0	0	0	0	0	19028|A_52_P231461	7.89572721597917	True	True
GSM2533527	20241	A_51_P335801	Calb1	0		NM_009788	1.932149778					1	1	0	0	0	0	0	0	0	20241|A_51_P335801	14.6684983635869	True	True
GSM2533527	22525	A_52_P562704	Slc8a1	0		NM_011406	0.8303807979					1	1	0	0	0	0	0	0	0	22525|A_52_P562704	8.42139601384133	True	True
GSM2533527	22740	A_52_P550325	Kcnj16	0		NM_010604	2.058833596					1	1	0	0	0	0	0	0	0	22740|A_52_P550325	14.4317858289692	True	True
GSM2533527	23878	A_51_P335801	Calb1	0		NM_009788	1.893629633					1	1	0	0	0	0	0	0	0	23878|A_51_P335801	14.5320042612206	True	True
GSM2533527	26196	A_51_P357773	Kcnj16	0		NM_010604	1.809883075					0	1	0	0	0	0	0	0	0	26196|A_51_P357773	9.63258905946657	True	True
GSM2533527	26242	A_52_P499907	Kcnj1	0		NM_019659	2.40245945					1	1	0	0	0	0	0	0	0	26242|A_52_P499907	15.1576704836637	True	True
GSM2533527	27676	A_52_P351913	Atp2b1	0		AK053569	0.03298531424					1	1	0	0	0	0	0	0	0	27676|A_52_P351913	7.70727746819372	True	True
GSM2533527	29730	A_52_P611783	Fxyd2	0		NM_052823	1.76911477					1	1	0	0	0	0	0	0	0	29730|A_52_P611783	15.770819252492	True	True
GSM2533527	29964	A_51_P335801	Calb1	0		NM_009788	1.923311633					1	1	0	0	0	0	0	0	0	29964|A_51_P335801	14.8241285022471	True	True
GSM2533527	30753	A_51_P335801	Calb1	0		NM_009788	1.931205002					1	1	0	0	0	0	0	0	0	30753|A_51_P335801	14.5852179228931	True	True
GSM2533527	31276	A_52_P23661	Cldn19	0		NM_001038590	1.332095467					1	1	0	0	0	0	0	0	0	31276|A_52_P23661	8.98895311833082	True	True
GSM2533527	33630	A_52_P244931	Slc8a1	0		AK048160	0.1488827143					0	0	0	0	0	0	0	0	0	33630|A_52_P244931	7.06383617052467	True	False
GSM2533527	37269	A_51_P445985	Slc12a3	0		NM_019415	1.707095196					1	1	0	0	0	0	0	0	0	37269|A_51_P445985	11.0925360531386	True	True
GSM2533527	38687	A_52_P515497	Atp1a1	0		NM_144900	1.468944395					1	1	0	0	0	0	0	0	0	38687|A_52_P515497	15.9226848173623	True	True
GSM2533527	40389	A_52_P184322	Trpm6	0		NM_153417	0.5670483171					1	1	0	0	0	0	0	0	0	40389|A_52_P184322	7.77714074354679	True	True
GSM2533527	40926	A_51_P197499	Bsnd	0		NM_080458	0.4262581038					1	1	0	0	0	0	0	0	0	40926|A_51_P197499	7.85120914349032	True	True
GSM2533527	44562	A_51_P335801	Calb1	0		NM_009788	1.913776539					1	1	0	0	0	0	0	1	0	44562|A_51_P335801	14.129982982301	False	False
GSM2533527	44811	A_51_P222543	Atp2b1	0		NM_026482	-0.1690539373					1	1	0	0	0	0	0	0	0	44811|A_51_P222543	8.23349945931737	True	True
GSM2533527	45034	A_52_P152274	Clcnka	0		NM_024412	1.443358444					1	1	0	0	0	0	0	0	0	45034|A_52_P152274	9.16322944322432	True	True
GSM2533528	2344	A_51_P335801	Calb1	0		NM_009788	1.884530219					1	1	0	0	0	0	1	0	0	2344|A_51_P335801	14.089024900221	True	True
GSM2533528	3560	A_51_P230799	Atp2b1	0		NM_026482	-0.259626179					1	1	0	0	0	0	0	0	0	3560|A_51_P230799	7.50346208978471	True	True
GSM2533528	5551	A_51_P243073	Trpm6	0		AK080899	0.0					0	0	0	0	0	0	0	0	0	5551|A_51_P243073	7.04857882539029	True	False
GSM2533528	5837	A_51_P428512	Cldn16	0		NM_053241	1.463906765					0	1	0	0	0	0	0	0	0	5837|A_51_P428512	8.38712294774089	True	True
GSM2533528	5868	A_51_P281586	Cnnm2	0		NM_033569	0.696638616					1	1	0	0	0	0	0	0	0	5868|A_51_P281586	8.73957300617965	True	True
GSM2533528	7768	A_51_P335801	Calb1	0		NM_009788	1.870507354					1	1	0	0	0	0	0	0	0	7768|A_51_P335801	14.2915309234336	True	True
GSM2533528	10045	A_51_P442227	Slc12a1	0		U61381	0.6716324314					0	1	0	0	0	0	0	0	0	10045|A_51_P442227	7.33846806538842	True	True
GSM2533528	10087	A_52_P260659	Kcnj10	0		NM_001039484	2.009533232					1	1	0	0	0	0	0	0	0	10087|A_52_P260659	11.7462731338728	True	True
GSM2533528	11353	A_51_P335801	Calb1	0		NM_009788	1.883485717					1	1	0	0	0	0	0	0	0	11353|A_51_P335801	14.5686857958482	True	True
GSM2533528	11562	A_51_P300817	Atp1a1	0		NM_144900	1.439916916					1	1	0	0	0	0	0	0	0	11562|A_51_P300817	16.9556719613559	True	True
GSM2533528	12114	A_51_P151484	Atp1b1	0		NM_009721	1.682732036					1	1	0	0	0	0	0	0	0	12114|A_51_P151484	14.7302910679427	True	True
GSM2533528	12522	A_51_P335801	Calb1	0		NM_009788	1.893539164					1	1	0	0	0	0	0	0	0	12522|A_51_P335801	14.5139273324152	True	True
GSM2533528	12999	A_52_P348986	Atp2b1	0		NM_026482	-0.258273749					1	1	0	0	0	0	0	0	0	12999|A_52_P348986	9.70860336741414	True	True
GSM2533528	13287	A_52_P26118	Slc12a1	0		NM_001079690	2.689132663					1	1	0	0	0	0	0	0	0	13287|A_52_P26118	14.8410430800131	True	True
GSM2533528	15381	A_51_P352572	Clcnkb	0		AF124847	1.345410773					1	1	0	0	0	0	0	0	0	15381|A_51_P352572	8.6919789750359	True	True
GSM2533528	15729	A_51_P335801	Calb1	0		NM_009788	1.888288427					1	1	0	0	0	0	0	0	0	15729|A_51_P335801	14.3900430437753	True	True
GSM2533528	15983	A_52_P550331	Kcnj16	0		NM_010604	2.230668825					0	1	0	0	0	0	0	0	0	15983|A_52_P550331	9.72284925938774	True	True
GSM2533528	16664	A_51_P277373	Slc8a1	0		NM_001286684	1.433517695					1	1	0	0	0	0	0	0	0	16664|A_51_P277373	8.95426327654816	True	True
GSM2533528	18179	A_52_P313284	Slc8a1	0		NR_104580	0.7921364987					1	1	0	0	0	0	0	0	0	18179|A_52_P313284	7.90553546827471	True	True
GSM2533528	18232	A_51_P171332	Cldn19	0		NM_153105	1.442396547					1	1	0	0	0	0	0	0	0	18232|A_51_P171332	9.0876314740549	True	True
GSM2533528	18861	A_51_P239601	Trpv5	0		NM_001007572	1.140716724					0	1	0	0	0	0	0	0	0	18861|A_51_P239601	7.61495027949295	True	True
GSM2533528	19028	A_52_P231461	Slc8a1	0		NM_011406	1.504983223					0	1	0	0	0	0	0	0	0	19028|A_52_P231461	7.67514301498612	True	True
GSM2533528	20241	A_51_P335801	Calb1	0		NM_009788	1.871836859					1	1	0	0	0	0	0	0	0	20241|A_51_P335801	14.3642169918835	True	True
GSM2533528	22525	A_52_P562704	Slc8a1	0		NM_011406	0.7417298947					1	1	0	0	0	0	0	0	0	22525|A_52_P562704	8.24072326203733	True	True
GSM2533528	22740	A_52_P550325	Kcnj16	0		NM_010604	1.964188339					1	1	0	0	0	0	0	0	0	22740|A_52_P550325	14.2598302252881	True	True
GSM2533528	23878	A_51_P335801	Calb1	0		NM_009788	1.869733537					1	1	0	0	0	0	0	0	0	23878|A_51_P335801	14.3479331790344	True	True
GSM2533528	26196	A_51_P357773	Kcnj16	0		NM_010604	1.831218106					1	1	0	0	0	0	0	0	0	26196|A_51_P357773	9.8289559917844	True	True
GSM2533528	26242	A_52_P499907	Kcnj1	0		NM_019659	2.339815972					1	1	0	0	0	0	0	0	0	26242|A_52_P499907	15.125957089609	True	True
GSM2533528	27676	A_52_P351913	Atp2b1	0		AK053569	0.05795397694					1	1	0	0	0	0	0	0	0	27676|A_52_P351913	7.81827752151285	True	True
GSM2533528	29730	A_52_P611783	Fxyd2	0		NM_052823	1.67714299					1	1	0	0	0	0	0	0	0	29730|A_52_P611783	15.6209046574356	True	True
GSM2533528	29964	A_51_P335801	Calb1	0		NM_009788	1.885910882					1	1	0	0	0	0	0	0	0	29964|A_51_P335801	14.5292547853001	True	True
GSM2533528	30753	A_51_P335801	Calb1	0		NM_009788	1.885800318					1	1	0	0	0	0	0	0	0	30753|A_51_P335801	14.3327658897369	True	True
GSM2533528	31276	A_52_P23661	Cldn19	0		NM_001038590	1.397965372					1	1	0	0	0	0	0	0	0	31276|A_52_P23661	9.39569630148145	True	True
GSM2533528	33630	A_52_P244931	Slc8a1	0		AK048160	0.02273098331					0	0	0	0	0	0	0	0	0	33630|A_52_P244931	7.0610535498167	True	False
GSM2533528	37269	A_51_P445985	Slc12a3	0		NM_019415	1.624502491					1	1	0	0	0	0	0	0	0	37269|A_51_P445985	11.9885934712958	True	True
GSM2533528	38687	A_52_P515497	Atp1a1	0		NM_144900	1.441657571					1	1	0	0	0	0	0	0	0	38687|A_52_P515497	16.1797823474112	True	True
GSM2533528	40389	A_52_P184322	Trpm6	0		NM_153417	0.6523476743					1	1	0	0	0	0	0	0	0	40389|A_52_P184322	7.8049135817572	True	True
GSM2533528	40926	A_51_P197499	Bsnd	0		NM_080458	0.8059356974					1	1	0	0	0	0	0	0	0	40926|A_51_P197499	8.56886147545636	True	True
GSM2533528	44562	A_51_P335801	Calb1	0		NM_009788	1.889580888					1	1	0	0	0	0	1	1	0	44562|A_51_P335801	13.8883017070954	False	False
GSM2533528	44811	A_51_P222543	Atp2b1	0		NM_026482	-0.1819205618					1	1	0	0	0	0	0	0	0	44811|A_51_P222543	8.21129448650253	True	True
GSM2533528	45034	A_52_P152274	Clcnka	0		NM_024412	1.393673544					1	1	0	0	0	0	0	0	0	45034|A_52_P152274	9.67880140696599	True	True
GSM2533529	2344	A_51_P335801	Calb1	0		NM_009788	1.855263909					1	1	0	0	0	0	0	0	0	2344|A_51_P335801	13.4457132608168	True	True
GSM2533529	3560	A_51_P230799	Atp2b1	0		NM_026482	-0.3656423113					1	1	0	0	0	0	0	0	0	3560|A_51_P230799	7.39503274405936	True	True
GSM2533529	5551	A_51_P243073	Trpm6	0		AK080899	0.2092948818					0	0	0	0	0	0	0	0	0	5551|A_51_P243073	7.10304860042298	True	False
GSM2533529	5837	A_51_P428512	Cldn16	0		NM_053241	1.553407182					0	1	0	0	0	0	0	0	0	5837|A_51_P428512	8.19265404553032	True	True
GSM2533529	5868	A_51_P281586	Cnnm2	0		NM_033569	0.6533714939					1	1	0	0	0	0	0	0	0	5868|A_51_P281586	8.71476644013842	True	True
GSM2533529	7768	A_51_P335801	Calb1	0		NM_009788	1.877489343					1	1	0	0	0	0	0	0	0	7768|A_51_P335801	13.6205844729451	True	True
GSM2533529	10045	A_51_P442227	Slc12a1	0		U61381	0.3179118754					0	1	0	0	0	0	0	0	0	10045|A_51_P442227	7.23095407832001	True	True
GSM2533529	10087	A_52_P260659	Kcnj10	0		NM_001039484	2.069172377					1	1	0	0	0	0	0	0	0	10087|A_52_P260659	10.9455350780883	True	True
GSM2533529	11353	A_51_P335801	Calb1	0		NM_009788	1.869470958					1	1	0	0	0	0	0	0	0	11353|A_51_P335801	13.817429812279	True	True
GSM2533529	11562	A_51_P300817	Atp1a1	0		NM_144900	1.36985544					1	1	0	0	0	0	0	0	0	11562|A_51_P300817	16.8222009493759	True	True
GSM2533529	12114	A_51_P151484	Atp1b1	0		NM_009721	1.703932068					1	1	0	0	0	0	0	0	0	12114|A_51_P151484	14.7930522501881	True	True
GSM2533529	12522	A_51_P335801	Calb1	0		NM_009788	1.881461532					1	1	0	0	0	0	0	0	0	12522|A_51_P335801	13.8525266978958	True	True
GSM2533529	12999	A_52_P348986	Atp2b1	0		NM_026482	-0.3809354279					1	1	0	0	0	0	0	0	0	12999|A_52_P348986	9.47741568327901	True	True
GSM2533529	13287	A_52_P26118	Slc12a1	0		NM_001079690	2.532479858					1	1	0	0	0	0	0	0	0	13287|A_52_P26118	14.271967388915	True	True
GSM2533529	15381	A_51_P352572	Clcnkb	0		AF124847	1.250902988					1	1	0	0	0	0	0	0	0	15381|A_51_P352572	8.64310312883532	True	True
GSM2533529	15729	A_51_P335801	Calb1	0		NM_009788	1.87973175					1	1	0	0	0	0	0	0	0	15729|A_51_P335801	13.678214165867	True	True
GSM2533529	15983	A_52_P550331	Kcnj16	0		NM_010604	2.24832778					0	1	0	0	0	0	0	0	0	15983|A_52_P550331	9.85456924403269	True	True
GSM2533529	16664	A_51_P277373	Slc8a1	0		NM_001286684	1.297666535					1	1	0	0	0	0	0	0	0	16664|A_51_P277373	8.55281938080343	True	True
GSM2533529	18179	A_52_P313284	Slc8a1	0		NR_104580	0.6749871629					1	1	0	0	0	0	0	0	0	18179|A_52_P313284	7.78816732028246	True	True
GSM2533529	18232	A_51_P171332	Cldn19	0		NM_153105	1.312407917					1	1	0	0	0	0	0	0	0	18232|A_51_P171332	8.75640159588107	True	True
GSM2533529	18861	A_51_P239601	Trpv5	0		NM_001007572	1.185090657					0	1	0	0	0	0	0	0	0	18861|A_51_P239601	7.40022133044559	True	True
GSM2533529	19028	A_52_P231461	Slc8a1	0		NM_011406	1.320320491					0	1	0	0	0	0	0	0	0	19028|A_52_P231461	7.505361305098	True	True
GSM2533529	20241	A_51_P335801	Calb1	0		NM_009788	1.879085603					1	1	0	0	0	0	0	0	0	20241|A_51_P335801	13.7472377726574	True	True
GSM2533529	22525	A_52_P562704	Slc8a1	0		NM_011406	0.6934770635					1	1	0	0	0	0	0	0	0	22525|A_52_P562704	8.10677948493068	True	True
GSM2533529	22740	A_52_P550325	Kcnj16	0		NM_010604	1.943030483					1	1	0	0	0	0	0	0	0	22740|A_52_P550325	14.4032872399581	True	True
GSM2533529	23878	A_51_P335801	Calb1	0		NM_009788	1.865841988					1	1	0	0	0	0	0	0	0	23878|A_51_P335801	13.704630451164	True	True
GSM2533529	26196	A_51_P357773	Kcnj16	0		NM_010604	1.87057326					1	1	0	0	0	0	0	0	0	26196|A_51_P357773	9.92977812286859	True	True
GSM2533529	26242	A_52_P499907	Kcnj1	0		NM_019659	2.293275249					1	1	0	0	0	0	0	0	0	26242|A_52_P499907	14.2344115636056	True	True
GSM2533529	27676	A_52_P351913	Atp2b1	0		AK053569	-0.05755501238					1	1	0	0	0	0	0	0	0	27676|A_52_P351913	7.69597557088425	True	True
GSM2533529	29730	A_52_P611783	Fxyd2	0		NM_052823	1.685918313					1	1	0	0	0	0	0	0	0	29730|A_52_P611783	15.5012892179068	True	True
GSM2533529	29964	A_51_P335801	Calb1	0		NM_009788	1.874212602					1	1	0	0	0	0	0	0	0	29964|A_51_P335801	13.8848932886887	True	True
GSM2533529	30753	A_51_P335801	Calb1	0		NM_009788	1.872893131					1	1	0	0	0	0	0	0	0	30753|A_51_P335801	13.6602218901315	True	True
GSM2533529	31276	A_52_P23661	Cldn19	0		NM_001038590	1.29490867					1	1	0	0	0	0	0	0	0	31276|A_52_P23661	9.09467882683529	True	True
GSM2533529	33630	A_52_P244931	Slc8a1	0		AK048160	0.0					0	0	0	0	0	0	0	0	0	33630|A_52_P244931	6.96968234477892	True	False
GSM2533529	37269	A_51_P445985	Slc12a3	0		NM_019415	1.587733229					1	1	0	0	0	0	0	0	0	37269|A_51_P445985	11.3965682092539	True	True
GSM2533529	38687	A_52_P515497	Atp1a1	0		NM_144900	1.360322921					1	1	0	0	0	0	0	0	0	38687|A_52_P515497	15.8736835514489	True	True
GSM2533529	40389	A_52_P184322	Trpm6	0		NM_153417	0.4746045673					1	1	0	0	0	0	0	0	0	40389|A_52_P184322	7.60716472233602	True	True
GSM2533529	40926	A_51_P197499	Bsnd	0		NM_080458	0.6573402239					1	1	0	0	0	0	0	0	0	40926|A_51_P197499	8.35921577296759	True	True
GSM2533529	44562	A_51_P335801	Calb1	0		NM_009788	1.88261513					1	1	0	0	0	0	0	1	0	44562|A_51_P335801	13.1954198395054	False	False
GSM2533529	44811	A_51_P222543	Atp2b1	0		NM_026482	-0.239174241					1	1	0	0	0	0	0	0	0	44811|A_51_P222543	8.02131493157407	True	True
GSM2533529	45034	A_52_P152274	Clcnka	0		NM_024412	1.385244408					1	1	0	0	0	0	0	0	0	45034|A_52_P152274	9.31415107716147	True	True
GSM2533530	2344	A_51_P335801	Calb1	0		NM_009788	2.043408345					1	1	0	0	0	0	0	0	0	2344|A_51_P335801	13.7791687176894	True	True
GSM2533530	3560	A_51_P230799	Atp2b1	0		NM_026482	-0.2570558723					1	1	0	0	0	0	0	0	0	3560|A_51_P230799	7.39574482283112	True	True
GSM2533530	5551	A_51_P243073	Trpm6	0		AK080899	-0.024921273					0	0	0	0	0	0	0	0	0	5551|A_51_P243073	7.10273588436825	True	False
GSM2533530	5837	A_51_P428512	Cldn16	0		NM_053241	1.120708783					0	1	0	0	0	0	0	0	0	5837|A_51_P428512	7.96437488774122	True	True
GSM2533530	5868	A_51_P281586	Cnnm2	0		NM_033569	0.6470666325					1	1	0	0	0	0	0	0	0	5868|A_51_P281586	8.84774169956755	True	True
GSM2533530	7768	A_51_P335801	Calb1	0		NM_009788	2.011068889					1	1	0	0	0	0	0	0	0	7768|A_51_P335801	14.0810056699584	True	True
GSM2533530	10045	A_51_P442227	Slc12a1	0		U61381	0.3659609523					0	1	0	0	0	0	0	0	0	10045|A_51_P442227	7.22714249073359	True	True
GSM2533530	10087	A_52_P260659	Kcnj10	0		NM_001039484	2.145142756					1	1	0	0	0	0	0	0	0	10087|A_52_P260659	11.0052106209374	True	True
GSM2533530	11353	A_51_P335801	Calb1	0		NM_009788	2.025653053					1	1	0	0	0	0	0	0	0	11353|A_51_P335801	14.2894648523791	True	True
GSM2533530	11562	A_51_P300817	Atp1a1	0		NM_144900	1.475682553					1	1	0	0	0	0	0	0	0	11562|A_51_P300817	16.9010019614423	True	True
GSM2533530	12114	A_51_P151484	Atp1b1	0		NM_009721	1.821954562					1	1	0	0	0	0	0	0	0	12114|A_51_P151484	15.1025443638289	True	True
GSM2533530	12522	A_51_P335801	Calb1	0		NM_009788	2.023631616					1	1	0	0	0	0	0	0	0	12522|A_51_P335801	14.2808927122049	True	True
GSM2533530	12999	A_52_P348986	Atp2b1	0		NM_026482	-0.3245598863					1	1	0	0	0	0	0	0	0	12999|A_52_P348986	9.6041812499724	True	True
GSM2533530	13287	A_52_P26118	Slc12a1	0		NM_001079690	2.590607007					1	1	0	0	0	0	0	0	0	13287|A_52_P26118	14.5967052461885	True	True
GSM2533530	15381	A_51_P352572	Clcnkb	0		AF124847	0.9523785668					1	1	0	0	0	0	0	0	0	15381|A_51_P352572	8.84408719082171	True	True
GSM2533530	15729	A_51_P335801	Calb1	0		NM_009788	2.018809942					1	1	0	0	0	0	0	0	0	15729|A_51_P335801	14.0504007077845	True	True
GSM2533530	15983	A_52_P550331	Kcnj16	0		NM_010604	2.018353901					0	1	0	0	0	0	0	0	0	15983|A_52_P550331	9.94417923435453	True	True
GSM2533530	16664	A_51_P277373	Slc8a1	0		NM_001286684	1.222144332					0	1	0	0	0	0	0	0	0	16664|A_51_P277373	8.53571675676716	True	True
GSM2533530	18179	A_52_P313284	Slc8a1	0		NR_104580	0.6610630287					1	1	0	0	0	0	0	0	0	18179|A_52_P313284	8.13958346584025	True	True
GSM2533530	18232	A_51_P171332	Cldn19	0		NM_153105	0.7928871415					1	1	0	0	0	0	0	0	0	18232|A_51_P171332	7.95870245036819	True	True
GSM2533530	18861	A_51_P239601	Trpv5	0		NM_001007572	0.8806113276					0	1	0	0	0	0	0	0	0	18861|A_51_P239601	7.42783154534005	True	True
GSM2533530	19028	A_52_P231461	Slc8a1	0		NM_011406	1.019757286					0	1	0	0	0	0	0	0	0	19028|A_52_P231461	7.60335786102626	True	True
GSM2533530	20241	A_51_P335801	Calb1	0		NM_009788	2.067962405					1	1	0	0	0	0	0	0	0	20241|A_51_P335801	14.1750107693293	True	True
GSM2533530	22525	A_52_P562704	Slc8a1	0		NM_011406	0.5237761779					1	1	0	0	0	0	0	0	0	22525|A_52_P562704	8.21399948295689	True	True
GSM2533530	22740	A_52_P550325	Kcnj16	0		NM_010604	2.16304291					1	1	0	0	0	0	0	0	0	22740|A_52_P550325	14.7819822672601	True	True
GSM2533530	23878	A_51_P335801	Calb1	0		NM_009788	1.991175321					1	1	0	0	0	0	0	0	0	23878|A_51_P335801	14.1559884122231	True	True
GSM2533530	26196	A_51_P357773	Kcnj16	0		NM_010604	1.930576956					0	1	0	0	0	0	0	0	0	26196|A_51_P357773	9.65433618038263	True	True
GSM2533530	26242	A_52_P499907	Kcnj1	0		NM_019659	2.48516303					1	1	0	0	0	0	0	0	0	26242|A_52_P499907	14.426207025604	True	True
GSM2533530	27676	A_52_P351913	Atp2b1	0		AK053569	0.03776494825					1	1	0	0	0	0	0	0	0	27676|A_52_P351913	7.76341272152264	True	True
GSM2533530	29730	A_52_P611783	Fxyd2	0		NM_052823	1.870175837					1	1	0	0	0	0	0	0	0	29730|A_52_P611783	15.9370791088001	True	True
GSM2533530	29964	A_51_P335801	Calb1	0		NM_009788	2.011111125					1	1	0	0	0	0	0	0	0	29964|A_51_P335801	14.2241285100536	True	True
GSM2533530	30753	A_51_P335801	Calb1	0		NM_009788	1.999143262					1	1	0	0	0	0	0	0	0	30753|A_51_P335801	14.0442322996158	True	True
GSM2533530	31276	A_52_P23661	Cldn19	0		NM_001038590	1.162997392					1	1	0	0	0	0	0	0	0	31276|A_52_P23661	8.81502920979089	True	True
GSM2533530	33630	A_52_P244931	Slc8a1	0		AK048160	0.2047013104					0	0	0	0	0	0	0	0	0	33630|A_52_P244931	7.05771388949062	True	False
GSM2533530	37269	A_51_P445985	Slc12a3	0		NM_019415	1.74972609					1	1	0	0	0	0	0	0	0	37269|A_51_P445985	10.9304987819052	True	True
GSM2533530	38687	A_52_P515497	Atp1a1	0		NM_144900	1.458302062					1	1	0	0	0	0	0	0	0	38687|A_52_P515497	15.9226848173623	True	True
GSM2533530	40389	A_52_P184322	Trpm6	0		NM_153417	0.4573205938					1	1	0	0	0	0	0	0	0	40389|A_52_P184322	7.61474295579755	True	True
GSM2533530	40926	A_51_P197499	Bsnd	0		NM_080458	0.2727750403					1	1	0	0	0	0	0	0	0	40926|A_51_P197499	7.64278201943542	True	True
GSM2533530	44562	A_51_P335801	Calb1	0		NM_009788	1.983185278					1	1	0	0	0	0	1	1	0	44562|A_51_P335801	13.2891376978251	False	False
GSM2533530	44811	A_51_P222543	Atp2b1	0		NM_026482	-0.1833588669					1	1	0	0	0	0	0	0	0	44811|A_51_P222543	7.92832795885646	True	True
GSM2533530	45034	A_52_P152274	Clcnka	0		NM_024412	1.141475524					1	1	0	0	0	0	0	0	0	45034|A_52_P152274	8.52162077649892	True	True
GSM2533531	2344	A_51_P335801	Calb1	0		NM_009788	1.967520354					1	1	0	0	0	0	1	1	0	2344|A_51_P335801	13.8855670914425	False	False
GSM2533531	3560	A_51_P230799	Atp2b1	0		NM_026482	-0.09094131753					1	1	0	0	0	0	0	0	0	3560|A_51_P230799	7.57555424930089	True	True
GSM2533531	5551	A_51_P243073	Trpm6	0		AK080899	0.0					0	0	0	0	0	0	0	0	0	5551|A_51_P243073	7.07481062338498	True	False
GSM2533531	5837	A_51_P428512	Cldn16	0		NM_053241	1.547549792					0	1	0	0	0	0	0	0	0	5837|A_51_P428512	8.22931304081436	True	True
GSM2533531	5868	A_51_P281586	Cnnm2	0		NM_033569	0.5162290918					1	1	0	0	0	0	0	0	0	5868|A_51_P281586	8.54465341533778	True	True
GSM2533531	7768	A_51_P335801	Calb1	0		NM_009788	1.961010732					1	1	0	0	0	0	0	0	0	7768|A_51_P335801	14.2130421132095	True	True
GSM2533531	10045	A_51_P442227	Slc12a1	0		U61381	0.4419973395					0	1	0	0	0	0	0	0	0	10045|A_51_P442227	7.2569844146018	True	True
GSM2533531	10087	A_52_P260659	Kcnj10	0		NM_001039484	2.10458398					1	1	0	0	0	0	0	0	0	10087|A_52_P260659	11.4359585157235	True	True
GSM2533531	11353	A_51_P335801	Calb1	0		NM_009788	1.959400204					1	1	0	0	0	0	0	0	0	11353|A_51_P335801	14.4229900655947	True	True
GSM2533531	11562	A_51_P300817	Atp1a1	0		NM_144900	1.458585141					1	1	0	0	0	0	0	0	0	11562|A_51_P300817	16.8418332764545	True	True
GSM2533531	12114	A_51_P151484	Atp1b1	0		NM_009721	1.753897553					1	1	0	0	0	0	0	0	0	12114|A_51_P151484	14.7526217033878	True	True
GSM2533531	12522	A_51_P335801	Calb1	0		NM_009788	1.975656121					1	1	0	0	0	0	0	0	0	12522|A_51_P335801	14.3121039376978	True	True
GSM2533531	12999	A_52_P348986	Atp2b1	0		NM_026482	-0.2675283302					1	1	0	0	0	0	0	0	0	12999|A_52_P348986	9.6659096011573	True	True
GSM2533531	13287	A_52_P26118	Slc12a1	0		NM_001079690	2.676016935					1	1	0	0	0	0	0	0	0	13287|A_52_P26118	14.5852179228931	True	True
GSM2533531	15381	A_51_P352572	Clcnkb	0		AF124847	0.9909225682					1	1	0	0	0	0	0	0	0	15381|A_51_P352572	8.38616091224071	True	True
GSM2533531	15729	A_51_P335801	Calb1	0		NM_009788	1.978084396					1	1	0	0	0	0	0	0	0	15729|A_51_P335801	14.271967388915	True	True
GSM2533531	15983	A_52_P550331	Kcnj16	0		NM_010604	2.197534646					0	1	0	0	0	0	0	0	0	15983|A_52_P550331	9.51447787311443	True	True
GSM2533531	16664	A_51_P277373	Slc8a1	0		NM_001286684	1.403333728					1	1	0	0	0	0	0	0	0	16664|A_51_P277373	8.55197851945527	True	True
GSM2533531	18179	A_52_P313284	Slc8a1	0		NR_104580	0.6337272647					1	1	0	0	0	0	0	0	0	18179|A_52_P313284	7.94960946157745	True	True
GSM2533531	18232	A_51_P171332	Cldn19	0		NM_153105	1.127126718					1	1	0	0	0	0	0	0	0	18232|A_51_P171332	8.87615608592728	True	True
GSM2533531	18861	A_51_P239601	Trpv5	0		NM_001007572	0.9408218047					0	1	0	0	0	0	0	0	0	18861|A_51_P239601	7.4514662568624	True	True
GSM2533531	19028	A_52_P231461	Slc8a1	0		NM_011406	1.357751311					0	1	0	0	0	0	0	0	0	19028|A_52_P231461	7.48527511555118	True	True
GSM2533531	20241	A_51_P335801	Calb1	0		NM_009788	1.974015044					1	1	0	0	0	0	0	0	0	20241|A_51_P335801	14.3005730551077	True	True
GSM2533531	22525	A_52_P562704	Slc8a1	0		NM_011406	0.515216251					1	1	0	0	0	0	0	0	0	22525|A_52_P562704	8.22931304081436	True	True
GSM2533531	22740	A_52_P550325	Kcnj16	0		NM_010604	2.054096565					1	1	0	0	0	0	0	0	0	22740|A_52_P550325	14.2983247633237	True	True
GSM2533531	23878	A_51_P335801	Calb1	0		NM_009788	1.958582591					1	1	0	0	0	0	0	0	0	23878|A_51_P335801	14.232731740332	True	True
GSM2533531	26196	A_51_P357773	Kcnj16	0		NM_010604	1.958915207					0	1	0	0	0	0	0	0	0	26196|A_51_P357773	9.56327850711054	True	True
GSM2533531	26242	A_52_P499907	Kcnj1	0		NM_019659	2.463010796					1	1	0	0	0	0	0	0	0	26242|A_52_P499907	14.610590676193	True	True
GSM2533531	27676	A_52_P351913	Atp2b1	0		AK053569	0.1296837775					1	1	0	0	0	0	0	0	0	27676|A_52_P351913	7.83277356959013	True	True
GSM2533531	29730	A_52_P611783	Fxyd2	0		NM_052823	1.748529984					1	1	0	0	0	0	0	0	0	29730|A_52_P611783	15.5472445751052	True	True
GSM2533531	29964	A_51_P335801	Calb1	0		NM_009788	1.972933226					1	1	0	0	0	0	0	0	0	29964|A_51_P335801	14.4061038834889	True	True
GSM2533531	30753	A_51_P335801	Calb1	0		NM_009788	1.971808972					1	1	0	0	0	0	0	0	0	30753|A_51_P335801	14.3189852478832	True	True
GSM2533531	31276	A_52_P23661	Cldn19	0		NM_001038590	1.413985467					1	1	0	0	0	0	0	0	0	31276|A_52_P23661	9.4583811267723	True	True
GSM2533531	33630	A_52_P244931	Slc8a1	0		AK048160	0.0					0	0	0	0	0	0	0	0	0	33630|A_52_P244931	7.04229142677692	True	False
GSM2533531	37269	A_51_P445985	Slc12a3	0		NM_019415	1.717209783					1	1	0	0	0	0	0	0	0	37269|A_51_P445985	11.6015887725656	True	True
GSM2533531	38687	A_52_P515497	Atp1a1	0		NM_144900	1.464412832					1	1	0	0	0	0	0	0	0	38687|A_52_P515497	16.0925935733456	True	True
GSM2533531	40389	A_52_P184322	Trpm6	0		NM_153417	0.4065557842					1	1	0	0	0	0	0	0	0	40389|A_52_P184322	7.46501039578899	True	True
GSM2533531	40926	A_51_P197499	Bsnd	0		NM_080458	0.6850538961					1	1	0	0	0	0	0	0	0	40926|A_51_P197499	8.1784204785096	True	True
GSM2533531	44562	A_51_P335801	Calb1	0		NM_009788	1.967683153					1	1	0	0	0	0	1	1	0	44562|A_51_P335801	13.7647109459869	False	False
GSM2533531	44811	A_51_P222543	Atp2b1	0		NM_026482	-0.1348467383					1	1	0	0	0	0	0	0	0	44811|A_51_P222543	8.24990195749701	True	True
GSM2533531	45034	A_52_P152274	Clcnka	0		NM_024412	1.323317561					1	1	0	0	0	0	0	0	0	45034|A_52_P152274	9.12115235850696	True	True
GSM2533532	2344	A_51_P335801	Calb1	0		NM_009788	1.934251623					1	1	0	0	0	0	0	0	0	2344|A_51_P335801	14.0203423066216	True	True
GSM2533532	3560	A_51_P230799	Atp2b1	0		NM_026482	-0.08455153958					1	1	0	0	0	0	0	0	0	3560|A_51_P230799	7.58051684544295	True	True
GSM2533532	5551	A_51_P243073	Trpm6	0		AK080899	0.1787984153					0	0	0	0	0	0	0	0	0	5551|A_51_P243073	7.09611438261608	True	False
GSM2533532	5837	A_51_P428512	Cldn16	0		NM_053241	1.412357614					0	1	0	0	0	0	0	0	0	5837|A_51_P428512	8.2326890786003	True	True
GSM2533532	5868	A_51_P281586	Cnnm2	0		NM_033569	0.5094891737					1	1	0	0	0	0	0	0	0	5868|A_51_P281586	8.51784117121444	True	True
GSM2533532	7768	A_51_P335801	Calb1	0		NM_009788	1.939749179					1	1	0	0	0	0	0	0	0	7768|A_51_P335801	14.2941347717739	True	True
GSM2533532	10045	A_51_P442227	Slc12a1	0		U61381	0.7434608663					0	1	0	0	0	0	0	0	0	10045|A_51_P442227	7.23156805225785	True	True
GSM2533532	10087	A_52_P260659	Kcnj10	0		NM_001039484	2.058256341					1	1	0	0	0	0	0	0	0	10087|A_52_P260659	11.3925781367551	True	True
GSM2533532	11353	A_51_P335801	Calb1	0		NM_009788	1.975534236					1	1	0	0	0	0	0	0	0	11353|A_51_P335801	14.5549556570586	True	True
GSM2533532	11562	A_51_P300817	Atp1a1	0		NM_144900	1.506317732					1	1	0	0	0	0	0	0	0	11562|A_51_P300817	17.1913916020506	True	True
GSM2533532	12114	A_51_P151484	Atp1b1	0		NM_009721	1.780271565					1	1	0	0	0	0	0	0	0	12114|A_51_P151484	14.7906800819161	True	True
GSM2533532	12522	A_51_P335801	Calb1	0		NM_009788	1.98535747					1	1	0	0	0	0	0	0	0	12522|A_51_P335801	14.3005730551077	True	True
GSM2533532	12999	A_52_P348986	Atp2b1	0		NM_026482	-0.2870108213					1	1	0	0	0	0	0	0	0	12999|A_52_P348986	9.55629209197158	True	True
GSM2533532	13287	A_52_P26118	Slc12a1	0		NM_001079690	2.746360268					1	1	0	0	0	0	0	0	0	13287|A_52_P26118	14.9661064755961	True	True
GSM2533532	15381	A_51_P352572	Clcnkb	0		AF124847	1.082139988					1	1	0	0	0	0	0	0	0	15381|A_51_P352572	8.43442481206424	True	True
GSM2533532	15729	A_51_P335801	Calb1	0		NM_009788	1.987170135					1	1	0	0	0	0	0	0	0	15729|A_51_P335801	14.3824027887025	True	True
GSM2533532	15983	A_52_P550331	Kcnj16	0		NM_010604	2.309332009					0	1	0	0	0	0	0	0	0	15983|A_52_P550331	9.57594131668349	True	True
GSM2533532	16664	A_51_P277373	Slc8a1	0		NM_001286684	1.362072941					1	1	0	0	0	0	0	0	0	16664|A_51_P277373	8.6826421061056	True	True
GSM2533532	18179	A_52_P313284	Slc8a1	0		NR_104580	0.5957856072					1	1	0	0	0	0	0	0	0	18179|A_52_P313284	7.97857922811769	True	True
GSM2533532	18232	A_51_P171332	Cldn19	0		NM_153105	1.104423592					1	1	0	0	0	0	0	0	0	18232|A_51_P171332	8.74649816459912	True	True
GSM2533532	18861	A_51_P239601	Trpv5	0		NM_001007572	1.289549035					0	1	0	0	0	0	0	0	0	18861|A_51_P239601	7.41748199645676	True	True
GSM2533532	19028	A_52_P231461	Slc8a1	0		NM_011406	1.481335136					0	1	0	0	0	0	0	0	0	19028|A_52_P231461	7.60922300635529	True	True
GSM2533532	20241	A_51_P335801	Calb1	0		NM_009788	1.976856203					1	1	0	0	0	0	0	0	0	20241|A_51_P335801	14.4773337968859	True	True
GSM2533532	22525	A_52_P562704	Slc8a1	0		NM_011406	0.5772975296					1	1	0	0	0	0	0	0	0	22525|A_52_P562704	8.34839587792631	True	True
GSM2533532	22740	A_52_P550325	Kcnj16	0		NM_010604	2.059546397					1	1	0	0	0	0	0	0	0	22740|A_52_P550325	14.2619624148536	True	True
GSM2533532	23878	A_51_P335801	Calb1	0		NM_009788	1.975697209					1	1	0	0	0	0	0	0	0	23878|A_51_P335801	14.4083941752822	True	True
GSM2533532	26196	A_51_P357773	Kcnj16	0		NM_010604	2.04945073					0	1	0	0	0	0	0	0	0	26196|A_51_P357773	9.62237715547797	True	True
GSM2533532	26242	A_52_P499907	Kcnj1	0		NM_019659	2.443423094					1	1	0	0	0	0	0	0	0	26242|A_52_P499907	14.6369340669099	True	True
GSM2533532	27676	A_52_P351913	Atp2b1	0		AK053569	0.1268938738					1	1	0	0	0	0	0	0	0	27676|A_52_P351913	7.68917650272618	True	True
GSM2533532	29730	A_52_P611783	Fxyd2	0		NM_052823	1.747607439					1	1	0	0	0	0	0	0	0	29730|A_52_P611783	15.6209046574356	True	True
GSM2533532	29964	A_51_P335801	Calb1	0		NM_009788	1.991673139					1	1	0	0	0	0	0	0	0	29964|A_51_P335801	14.5738575457979	True	True
GSM2533532	30753	A_51_P335801	Calb1	0		NM_009788	1.972855566					1	1	0	0	0	0	0	0	0	30753|A_51_P335801	14.3932449953606	True	True
GSM2533532	31276	A_52_P23661	Cldn19	0		NM_001038590	1.405584777					1	1	0	0	0	0	0	0	0	31276|A_52_P23661	9.59939672526227	True	True
GSM2533532	33630	A_52_P244931	Slc8a1	0		AK048160	0.0					0	0	0	0	0	0	0	0	0	33630|A_52_P244931	7.07672088520044	True	False
GSM2533532	37269	A_51_P445985	Slc12a3	0		NM_019415	1.770399987					1	1	0	0	0	0	0	0	0	37269|A_51_P445985	11.8243456199267	True	True
GSM2533532	38687	A_52_P515497	Atp1a1	0		NM_144900	1.487683664					1	1	0	0	0	0	0	0	0	38687|A_52_P515497	16.2133185734236	True	True
GSM2533532	40389	A_52_P184322	Trpm6	0		NM_153417	0.4334811855					1	1	0	0	0	0	0	0	0	40389|A_52_P184322	7.48314797870721	True	True
GSM2533532	40926	A_51_P197499	Bsnd	0		NM_080458	0.5595688752					1	1	0	0	0	0	0	0	0	40926|A_51_P197499	8.08683385657855	True	True
GSM2533532	44562	A_51_P335801	Calb1	0		NM_009788	1.984237007					1	1	0	0	0	0	0	0	0	44562|A_51_P335801	13.9312095369639	True	True
GSM2533532	44811	A_51_P222543	Atp2b1	0		NM_026482	-0.1574409998					1	1	0	0	0	0	0	0	0	44811|A_51_P222543	8.22986467591982	True	True
GSM2533532	45034	A_52_P152274	Clcnka	0		NM_024412	1.374703935					1	1	0	0	0	0	0	0	0	45034|A_52_P152274	9.33351487879022	True	True
GSM2533533	2344	A_51_P335801	Calb1	0		NM_009788	1.983666812					1	1	0	0	0	0	0	0	0	2344|A_51_P335801	13.1004502674697	True	True
GSM2533533	3560	A_51_P230799	Atp2b1	0		NM_026482	-0.2201051754					1	1	0	0	0	0	0	0	0	3560|A_51_P230799	7.47704142906719	True	True
GSM2533533	5551	A_51_P243073	Trpm6	0		AK080899	-0.222299922					0	0	0	0	0	0	0	0	0	5551|A_51_P243073	7.07889728976792	True	False
GSM2533533	5837	A_51_P428512	Cldn16	0		NM_053241	1.612396823					0	1	0	0	0	0	0	0	0	5837|A_51_P428512	7.94927270515379	True	True
GSM2533533	5868	A_51_P281586	Cnnm2	0		NM_033569	0.5124012807					1	1	0	0	0	0	0	0	0	5868|A_51_P281586	8.62770881737526	True	True
GSM2533533	7768	A_51_P335801	Calb1	0		NM_009788	2.01061378					1	1	0	0	0	0	0	0	0	7768|A_51_P335801	13.3069245063902	True	True
GSM2533533	10045	A_51_P442227	Slc12a1	0		U61381	0.6963443851					0	1	0	0	0	0	0	0	0	10045|A_51_P442227	7.23318458260444	True	True
GSM2533533	10087	A_52_P260659	Kcnj10	0		NM_001039484	2.1690739					1	1	0	0	0	0	0	0	0	10087|A_52_P260659	10.623181414122	True	True
GSM2533533	11353	A_51_P335801	Calb1	0		NM_009788	2.00406927					1	1	0	0	0	0	0	0	0	11353|A_51_P335801	13.5177371951799	True	True
GSM2533533	11562	A_51_P300817	Atp1a1	0		NM_144900	1.41253505					1	1	0	0	0	0	0	0	0	11562|A_51_P300817	16.9010019614423	True	True
GSM2533533	12114	A_51_P151484	Atp1b1	0		NM_009721	1.75100672					1	1	0	0	0	0	0	0	0	12114|A_51_P151484	14.7958609956757	True	True
GSM2533533	12522	A_51_P335801	Calb1	0		NM_009788	2.025457373					1	1	0	0	0	0	0	0	0	12522|A_51_P335801	13.5028654034592	True	True
GSM2533533	12999	A_52_P348986	Atp2b1	0		NM_026482	-0.3696440671					1	1	0	0	0	0	0	0	0	12999|A_52_P348986	9.449820925675	True	True
GSM2533533	13287	A_52_P26118	Slc12a1	0		NM_001079690	2.616949688					1	1	0	0	0	0	0	0	0	13287|A_52_P26118	14.3965053395464	True	True
GSM2533533	15381	A_51_P352572	Clcnkb	0		AF124847	1.076305361					1	1	0	0	0	0	0	0	0	15381|A_51_P352572	8.41545810532822	True	True
GSM2533533	15729	A_51_P335801	Calb1	0		NM_009788	2.02356682					1	1	0	0	0	0	0	0	0	15729|A_51_P335801	13.4247780672043	True	True
GSM2533533	15983	A_52_P550331	Kcnj16	0		NM_010604	2.533203735					0	1	0	0	0	0	0	0	0	15983|A_52_P550331	9.88551276279162	True	True
GSM2533533	16664	A_51_P277373	Slc8a1	0		NM_001286684	1.269642073					1	1	0	0	0	0	0	0	0	16664|A_51_P277373	8.37120176694104	True	True
GSM2533533	18179	A_52_P313284	Slc8a1	0		NR_104580	0.44849192					1	1	0	0	0	0	0	0	0	18179|A_52_P313284	7.78496000385012	True	True
GSM2533533	18232	A_51_P171332	Cldn19	0		NM_153105	1.067673462					1	1	0	0	0	0	0	0	0	18232|A_51_P171332	8.38059062059262	True	True
GSM2533533	18861	A_51_P239601	Trpv5	0		NM_001007572	0.7561774444					0	1	0	0	0	0	0	0	0	18861|A_51_P239601	7.32157485536358	True	True
GSM2533533	19028	A_52_P231461	Slc8a1	0		NM_011406	1.17551659					0	1	0	0	0	0	0	0	0	19028|A_52_P231461	7.28591200557731	True	True
GSM2533533	20241	A_51_P335801	Calb1	0		NM_009788	2.026977307					1	1	0	0	0	0	0	0	0	20241|A_51_P335801	13.4230706529521	True	True
GSM2533533	22525	A_52_P562704	Slc8a1	0		NM_011406	0.4705628085					1	1	0	0	0	0	0	0	0	22525|A_52_P562704	8.11347431117423	True	True
GSM2533533	22740	A_52_P550325	Kcnj16	0		NM_010604	2.109682398					1	1	0	0	0	0	0	0	0	22740|A_52_P550325	14.7015363765822	True	True
GSM2533533	23878	A_51_P335801	Calb1	0		NM_009788	2.018078847					1	1	0	0	0	0	0	0	0	23878|A_51_P335801	13.4700909653331	True	True
GSM2533533	26196	A_51_P357773	Kcnj16	0		NM_010604	1.960969598					1	1	0	0	0	0	0	0	0	26196|A_51_P357773	9.8827897369653	True	True
GSM2533533	26242	A_52_P499907	Kcnj1	0		NM_019659	2.455538621					1	1	0	0	0	0	0	0	0	26242|A_52_P499907	14.0345071077732	True	True
GSM2533533	27676	A_52_P351913	Atp2b1	0		AK053569	0.02959922488					1	1	0	0	0	0	0	0	0	27676|A_52_P351913	7.73811027251089	True	True
GSM2533533	29730	A_52_P611783	Fxyd2	0		NM_052823	1.809024					1	1	0	0	0	0	0	0	0	29730|A_52_P611783	15.6377200602739	True	True
GSM2533533	29964	A_51_P335801	Calb1	0		NM_009788	2.013544187					1	1	0	0	0	0	0	0	0	29964|A_51_P335801	13.7194053344074	True	True
GSM2533533	30753	A_51_P335801	Calb1	0		NM_009788	2.000929268					1	1	0	0	0	0	0	0	0	30753|A_51_P335801	13.4192787873297	True	True
GSM2533533	31276	A_52_P23661	Cldn19	0		NM_001038590	1.458289117					1	1	0	0	0	0	0	0	0	31276|A_52_P23661	9.04511330938751	True	True
GSM2533533	33630	A_52_P244931	Slc8a1	0		AK048160	0.0					0	0	0	0	0	0	0	0	0	33630|A_52_P244931	7.02675615784923	True	False
GSM2533533	37269	A_51_P445985	Slc12a3	0		NM_019415	1.740588891					1	1	0	0	0	0	0	0	0	37269|A_51_P445985	10.750448026314	True	True
GSM2533533	38687	A_52_P515497	Atp1a1	0		NM_144900	1.410883562					1	1	0	0	0	0	0	0	0	38687|A_52_P515497	16.0189233010944	True	True
GSM2533533	40389	A_52_P184322	Trpm6	0		NM_153417	0.4528838277					1	1	0	0	0	0	0	0	0	40389|A_52_P184322	7.3905592644759	True	True
GSM2533533	40926	A_51_P197499	Bsnd	0		NM_080458	0.5094220368					1	1	0	0	0	0	0	0	0	40926|A_51_P197499	8.00276435243032	True	True
GSM2533533	44562	A_51_P335801	Calb1	0		NM_009788	2.054807354					1	1	0	0	0	0	1	0	0	44562|A_51_P335801	12.9783630073506	True	True
GSM2533533	44811	A_51_P222543	Atp2b1	0		NM_026482	-0.2110372351					1	1	0	0	0	0	0	0	0	44811|A_51_P222543	8.20763151431119	True	True
GSM2533533	45034	A_52_P152274	Clcnka	0		NM_024412	1.242692119					1	1	0	0	0	0	0	0	0	45034|A_52_P152274	8.71247504686624	True	True
GSM2533534	2344	A_51_P335801	Calb1	0		NM_009788	1.882904091					1	1	0	0	0	0	0	1	0	2344|A_51_P335801	13.1842347620184	False	False
GSM2533534	3560	A_51_P230799	Atp2b1	0		NM_026482	-0.320681044					1	1	0	0	0	0	0	0	0	3560|A_51_P230799	7.42348317015494	True	True
GSM2533534	5551	A_51_P243073	Trpm6	0		AK080899	0.0					0	0	0	0	0	0	0	0	0	5551|A_51_P243073	7.0672849097929	True	False
GSM2533534	5837	A_51_P428512	Cldn16	0		NM_053241	1.282233969					0	1	0	0	0	0	0	0	0	5837|A_51_P428512	7.98282928260092	True	True
GSM2533534	5868	A_51_P281586	Cnnm2	0		NM_033569	0.5879937756					1	1	0	0	0	0	0	0	0	5868|A_51_P281586	8.72046272853588	True	True
GSM2533534	7768	A_51_P335801	Calb1	0		NM_009788	1.89779909					1	1	0	0	0	0	0	0	0	7768|A_51_P335801	13.5383590283574	True	True
GSM2533534	10045	A_51_P442227	Slc12a1	0		U61381	0.9829267077					0	1	0	0	0	0	0	0	0	10045|A_51_P442227	7.28583002617743	True	True
GSM2533534	10087	A_52_P260659	Kcnj10	0		NM_001039484	2.080613128					1	1	0	0	0	0	0	0	0	10087|A_52_P260659	10.8710950895443	True	True
GSM2533534	11353	A_51_P335801	Calb1	0		NM_009788	1.897145494					1	1	0	0	0	0	0	0	0	11353|A_51_P335801	13.7661905330859	True	True
GSM2533534	11562	A_51_P300817	Atp1a1	0		NM_144900	1.333095008					1	1	0	0	0	0	0	0	0	11562|A_51_P300817	16.5336614251032	True	True
GSM2533534	12114	A_51_P151484	Atp1b1	0		NM_009721	1.91907383					1	1	0	0	0	0	0	0	0	12114|A_51_P151484	15.2952068079851	True	True
GSM2533534	12522	A_51_P335801	Calb1	0		NM_009788	1.890061657					1	1	0	0	0	0	0	0	0	12522|A_51_P335801	13.6157267710302	True	True
GSM2533534	12999	A_52_P348986	Atp2b1	0		NM_026482	-0.2962787633					1	1	0	0	0	0	0	0	0	12999|A_52_P348986	9.68088506680184	True	True
GSM2533534	13287	A_52_P26118	Slc12a1	0		NM_001079690	2.488874736					1	1	0	0	0	0	0	0	0	13287|A_52_P26118	14.2894648523791	True	True
GSM2533534	15381	A_51_P352572	Clcnkb	0		AF124847	1.186787456					1	1	0	0	0	0	0	0	0	15381|A_51_P352572	8.81776830845507	True	True
GSM2533534	15729	A_51_P335801	Calb1	0		NM_009788	1.886145171					1	1	0	0	0	0	0	0	0	15729|A_51_P335801	13.5236285892131	True	True
GSM2533534	15983	A_52_P550331	Kcnj16	0		NM_010604	2.638043314					0	1	0	0	0	0	0	0	0	15983|A_52_P550331	10.1854746174988	True	True
GSM2533534	16664	A_51_P277373	Slc8a1	0		NM_001286684	1.138463702					1	1	0	0	0	0	0	0	0	16664|A_51_P277373	8.64104019904069	True	True
GSM2533534	18179	A_52_P313284	Slc8a1	0		NR_104580	0.6366759234					1	1	0	0	0	0	0	0	0	18179|A_52_P313284	7.74207184522928	True	True
GSM2533534	18232	A_51_P171332	Cldn19	0		NM_153105	0.9133711814					1	1	0	0	0	0	0	0	0	18232|A_51_P171332	7.98924576521438	True	True
GSM2533534	18861	A_51_P239601	Trpv5	0		NM_001007572	1.123552855					0	1	0	0	0	0	0	0	0	18861|A_51_P239601	7.55786955721204	True	True
GSM2533534	19028	A_52_P231461	Slc8a1	0		NM_011406	1.537656073					0	1	0	0	0	0	0	0	0	19028|A_52_P231461	7.72198654441027	True	True
GSM2533534	20241	A_51_P335801	Calb1	0		NM_009788	1.882020504					1	1	0	0	0	0	0	0	0	20241|A_51_P335801	13.5721957175632	True	True
GSM2533534	22525	A_52_P562704	Slc8a1	0		NM_011406	0.5247038259					1	1	0	0	0	0	0	0	0	22525|A_52_P562704	8.12198046071053	True	True
GSM2533534	22740	A_52_P550325	Kcnj16	0		NM_010604	2.007249498					1	1	0	0	0	0	0	0	0	22740|A_52_P550325	14.5636733397192	True	True
GSM2533534	23878	A_51_P335801	Calb1	0		NM_009788	1.850048234					1	1	0	0	0	0	0	0	0	23878|A_51_P335801	13.5867696446028	True	True
GSM2533534	26196	A_51_P357773	Kcnj16	0		NM_010604	2.04877045					0	1	0	0	0	0	0	0	0	26196|A_51_P357773	9.8397431524064	True	True
GSM2533534	26242	A_52_P499907	Kcnj1	0		NM_019659	2.348130585					1	1	0	0	0	0	0	0	0	26242|A_52_P499907	14.2866563393817	True	True
GSM2533534	27676	A_52_P351913	Atp2b1	0		AK053569	0.1642398075					1	1	0	0	0	0	0	0	0	27676|A_52_P351913	7.83502735032611	True	True
GSM2533534	29730	A_52_P611783	Fxyd2	0		NM_052823	1.800824498					1	1	0	0	0	0	0	0	0	29730|A_52_P611783	16.05154822596	True	True
GSM2533534	29964	A_51_P335801	Calb1	0		NM_009788	1.875360779					1	1	0	0	0	0	0	0	0	29964|A_51_P335801	13.7179139009135	True	True
GSM2533534	30753	A_51_P335801	Calb1	0		NM_009788	1.894068514					1	1	0	0	0	0	0	0	0	30753|A_51_P335801	13.630012295185	True	True
GSM2533534	31276	A_52_P23661	Cldn19	0		NM_001038590	1.026817236					1	1	0	0	0	0	0	0	0	31276|A_52_P23661	8.69206857358995	True	True
GSM2533534	33630	A_52_P244931	Slc8a1	0		AK048160	0.0					0	0	0	0	0	0	0	0	0	33630|A_52_P244931	7.0243181239874	True	False
GSM2533534	37269	A_51_P445985	Slc12a3	0		NM_019415	1.636373328					1	1	0	0	0	0	0	0	0	37269|A_51_P445985	10.9054465039652	True	True
GSM2533534	38687	A_52_P515497	Atp1a1	0		NM_144900	1.40111233					1	1	0	0	0	0	0	0	0	38687|A_52_P515497	15.8736835514489	True	True
GSM2533534	40389	A_52_P184322	Trpm6	0		NM_153417	0.3896183962					1	1	0	0	0	0	0	0	0	40389|A_52_P184322	7.43793936918027	True	True
GSM2533534	40926	A_51_P197499	Bsnd	0		NM_080458	0.4484303074					1	1	0	0	0	0	0	0	0	40926|A_51_P197499	7.87523005911137	True	True
GSM2533534	44562	A_51_P335801	Calb1	0		NM_009788	1.893078758					1	1	0	0	0	0	1	1	0	44562|A_51_P335801	12.9957199359082	False	False
GSM2533534	44811	A_51_P222543	Atp2b1	0		NM_026482	-0.1791048372					1	1	0	0	0	0	0	0	0	44811|A_51_P222543	8.22238008375355	True	True
GSM2533534	45034	A_52_P152274	Clcnka	0		NM_024412	1.228721305					1	1	0	0	0	0	0	0	0	45034|A_52_P152274	8.45276299602182	True	True
GSM2533535	2344	A_51_P335801	Calb1	0		NM_009788	1.882357113					1	1	0	0	0	0	1	0	0	2344|A_51_P335801	13.5057751768744	True	True
GSM2533535	3560	A_51_P230799	Atp2b1	0		NM_026482	-0.1890631245					1	1	0	0	0	0	0	0	0	3560|A_51_P230799	7.52121959354347	True	True
GSM2533535	5551	A_51_P243073	Trpm6	0		AK080899	0.3315285244					0	0	0	0	0	0	0	0	0	5551|A_51_P243073	7.19172244912307	True	False
GSM2533535	5837	A_51_P428512	Cldn16	0		NM_053241	1.50347952					0	1	0	0	0	0	0	0	0	5837|A_51_P428512	8.14805272166522	True	True
GSM2533535	5868	A_51_P281586	Cnnm2	0		NM_033569	0.5371334775					1	1	0	0	0	0	0	0	0	5868|A_51_P281586	8.50808040572919	True	True
GSM2533535	7768	A_51_P335801	Calb1	0		NM_009788	1.850005217					1	1	0	0	0	0	0	0	0	7768|A_51_P335801	13.7738407254115	True	True
GSM2533535	10045	A_51_P442227	Slc12a1	0		U61381	0.9777132128					0	1	0	0	0	0	0	0	0	10045|A_51_P442227	7.33401393800277	True	True
GSM2533535	10087	A_52_P260659	Kcnj10	0		NM_001039484	2.009583126					1	1	0	0	0	0	0	0	0	10087|A_52_P260659	11.165833170793	True	True
GSM2533535	11353	A_51_P335801	Calb1	0		NM_009788	1.860039017					1	1	0	0	0	0	0	0	0	11353|A_51_P335801	14.0047180495758	True	True
GSM2533535	11562	A_51_P300817	Atp1a1	0		NM_144900	1.44960215					1	1	0	0	0	0	0	0	0	11562|A_51_P300817	17.0614823861439	True	True
GSM2533535	12114	A_51_P151484	Atp1b1	0		NM_009721	1.719121778					1	1	0	0	0	0	0	0	0	12114|A_51_P151484	14.8188254307126	True	True
GSM2533535	12522	A_51_P335801	Calb1	0		NM_009788	1.859938382					1	1	0	0	0	0	0	0	0	12522|A_51_P335801	13.9722617889998	True	True
GSM2533535	12999	A_52_P348986	Atp2b1	0		NM_026482	-0.3018428821					1	1	0	0	0	0	0	0	0	12999|A_52_P348986	9.65192329477471	True	True
GSM2533535	13287	A_52_P26118	Slc12a1	0		NM_001079690	2.574923892					1	1	0	0	0	0	0	0	0	13287|A_52_P26118	14.738324192453	True	True
GSM2533535	15381	A_51_P352572	Clcnkb	0		AF124847	1.279815065					1	1	0	0	0	0	0	0	0	15381|A_51_P352572	8.77059104676284	True	True
GSM2533535	15729	A_51_P335801	Calb1	0		NM_009788	1.876841388					1	1	0	0	0	0	0	0	0	15729|A_51_P335801	13.8284221014265	True	True
GSM2533535	15983	A_52_P550331	Kcnj16	0		NM_010604	2.229720486					0	1	0	0	0	0	0	0	0	15983|A_52_P550331	9.54572854994452	True	True
GSM2533535	16664	A_51_P277373	Slc8a1	0		NM_001286684	1.381579699					1	1	0	0	0	0	0	0	0	16664|A_51_P277373	8.59831145467752	True	True
GSM2533535	18179	A_52_P313284	Slc8a1	0		NR_104580	0.64802213					1	1	0	0	0	0	0	0	0	18179|A_52_P313284	7.90114133191109	True	True
GSM2533535	18232	A_51_P171332	Cldn19	0		NM_153105	1.172984407					1	1	0	0	0	0	0	0	0	18232|A_51_P171332	8.43702876718471	True	True
GSM2533535	18861	A_51_P239601	Trpv5	0		NM_001007572	0.5967870164					0	1	0	0	0	0	0	0	0	18861|A_51_P239601	7.25277288611512	True	True
GSM2533535	19028	A_52_P231461	Slc8a1	0		NM_011406	1.279730088					0	1	0	0	0	0	0	0	0	19028|A_52_P231461	7.55424562528881	True	True
GSM2533535	20241	A_51_P335801	Calb1	0		NM_009788	1.87252053					1	1	0	0	0	0	0	0	0	20241|A_51_P335801	13.8265896823699	True	True
GSM2533535	22525	A_52_P562704	Slc8a1	0		NM_011406	0.6980527698					1	1	0	0	0	0	0	0	0	22525|A_52_P562704	8.04076683661928	True	True
GSM2533535	22740	A_52_P550325	Kcnj16	0		NM_010604	1.941686704					1	1	0	0	0	0	0	0	0	22740|A_52_P550325	14.2619624148536	True	True
GSM2533535	23878	A_51_P335801	Calb1	0		NM_009788	1.866829581					1	1	0	0	0	0	0	0	0	23878|A_51_P335801	13.8685691523491	True	True
GSM2533535	26196	A_51_P357773	Kcnj16	0		NM_010604	1.964821767					0	1	0	0	0	0	0	0	0	26196|A_51_P357773	9.50878918187615	True	True
GSM2533535	26242	A_52_P499907	Kcnj1	0		NM_019659	2.264196836					1	1	0	0	0	0	0	0	0	26242|A_52_P499907	14.7353004807607	True	True
GSM2533535	27676	A_52_P351913	Atp2b1	0		AK053569	0.1709022837					1	1	0	0	0	0	0	0	0	27676|A_52_P351913	7.97921936771506	True	True
GSM2533535	29730	A_52_P611783	Fxyd2	0		NM_052823	1.636195882					1	1	0	0	0	0	0	0	0	29730|A_52_P611783	15.562833175961	True	True
GSM2533535	29964	A_51_P335801	Calb1	0		NM_009788	1.864120848					1	1	0	0	0	0	0	0	0	29964|A_51_P335801	14.0482835345488	True	True
GSM2533535	30753	A_51_P335801	Calb1	0		NM_009788	1.860282512					1	1	0	0	0	0	0	0	0	30753|A_51_P335801	13.7773464260499	True	True
GSM2533535	31276	A_52_P23661	Cldn19	0		NM_001038590	1.22424271					1	1	0	0	0	0	0	0	0	31276|A_52_P23661	9.19057998533443	True	True
GSM2533535	33630	A_52_P244931	Slc8a1	0		AK048160	-0.01591141939					0	0	0	0	0	0	0	0	0	33630|A_52_P244931	7.10499833273981	True	False
GSM2533535	37269	A_51_P445985	Slc12a3	0		NM_019415	1.675058153					1	1	0	0	0	0	0	0	0	37269|A_51_P445985	12.0326556094023	True	True
GSM2533535	38687	A_52_P515497	Atp1a1	0		NM_144900	1.472046734					1	1	0	0	0	0	0	0	0	38687|A_52_P515497	16.3678184614228	True	True
GSM2533535	40389	A_52_P184322	Trpm6	0		NM_153417	0.3972267711					1	1	0	0	0	0	0	0	0	40389|A_52_P184322	7.4949563597827	True	True
GSM2533535	40926	A_51_P197499	Bsnd	0		NM_080458	0.8523232577					1	1	0	0	0	0	0	0	0	40926|A_51_P197499	8.10079617954359	True	True
GSM2533535	44562	A_51_P335801	Calb1	0		NM_009788	1.801690633					1	1	0	0	0	1	1	1	0	44562|A_51_P335801	11.9978180213569	False	False
GSM2533535	44811	A_51_P222543	Atp2b1	0		NM_026482	-0.125062232					1	1	0	0	0	0	0	0	0	44811|A_51_P222543	8.3121839720457	True	True
GSM2533535	45034	A_52_P152274	Clcnka	0		NM_024412	1.393357181					1	1	0	0	0	0	0	0	0	45034|A_52_P152274	9.61583895535011	True	True
GSM2533536	2344	A_51_P335801	Calb1	0	Calb1	NM_009788	2.050890829	0.0	0.0	1.0	1.0	1	1	0	0	0	0	0	0	0	2344|A_51_P335801	13.6157267710302	True	True
GSM2533536	3560	A_51_P230799	Atp2b1	0	Atp2b1	NM_026482	-0.2160705733	0.0	0.0	1.0	1.0	1	1	0	0	0	0	0	0	0	3560|A_51_P230799	7.52937824074156	True	True
GSM2533536	5551	A_51_P243073	Trpm6	0	Trpm6	AK080899	0.0	6.54355	4.1391	0.0	0.0	0	0	0	0	0	0	0	0	0	5551|A_51_P243073	7.0236688043534	True	False
GSM2533536	5837	A_51_P428512	Cldn16	0	Cldn16	NM_053241	1.414417928	6.09923	0.0	1.0	1.0	0	1	0	0	0	0	0	0	0	5837|A_51_P428512	7.83132754371905	True	True
GSM2533536	5868	A_51_P281586	Cnnm2	0	Cnnm2	NM_033569	0.4317002286	0.0	0.0	1.0	1.0	1	1	0	0	0	0	0	0	0	5868|A_51_P281586	8.41401367838635	True	True
GSM2533536	7768	A_51_P335801	Calb1	0	Calb1	NM_009788	2.045938133	0.0	0.0	1.0	1.0	1	1	0	0	0	0	0	0	0	7768|A_51_P335801	13.5369065779211	True	True
GSM2533536	10045	A_51_P442227	Slc12a1	0	Slc12a1	U61381	0.5397336215	0.0	0.0	1.0	1.0	0	0	0	0	0	0	0	0	0	10045|A_51_P442227	7.22440074600175	True	False
GSM2533536	10087	A_52_P260659	Kcnj10	0	Kcnj10	NM_001039484	2.110724135	0.0	0.0	1.0	1.0	1	1	0	0	0	0	0	0	0	10087|A_52_P260659	10.9145858072316	True	True
GSM2533536	11353	A_51_P335801	Calb1	0	Calb1	NM_009788	2.062418165	0.0	0.0	1.0	1.0	1	1	0	0	0	0	0	0	0	11353|A_51_P335801	14.0345071077732	True	True
GSM2533536	11562	A_51_P300817	Atp1a1	0	Atp1a1	NM_144900	1.238227688	0.0	0.0	1.0	1.0	1	1	0	0	0	0	0	0	0	11562|A_51_P300817	16.0761257496282	True	True
GSM2533536	12114	A_51_P151484	Atp1b1	0	Atp1b1	NM_009721	1.731325466	0.0	0.0	1.0	1.0	1	1	0	0	0	0	0	0	0	12114|A_51_P151484	14.821706940123	True	True
GSM2533536	12522	A_51_P335801	Calb1	0	Calb1	NM_009788	2.047795601	0.0	0.0	1.0	1.0	1	1	0	0	0	0	0	0	0	12522|A_51_P335801	13.8334816492565	True	True
GSM2533536	12999	A_52_P348986	Atp2b1	0	Atp2b1	NM_026482	-0.3025887078	0.0	0.0	1.0	1.0	1	1	0	0	0	0	0	0	0	12999|A_52_P348986	9.85181345707374	True	True
GSM2533536	13287	A_52_P26118	Slc12a1	0	Slc12a1	NM_001079690	2.644664037	0.0	0.0	1.0	1.0	1	1	0	0	0	0	0	0	0	13287|A_52_P26118	14.4569806384314	True	True
GSM2533536	15381	A_51_P352572	Clcnkb	0	Clcnkb	NM_019701	1.537506868	0.0	0.0	1.0	1.0	0	1	0	0	0	0	0	0	0	15381|A_51_P352572	9.31364322355696	True	True
GSM2533536	15729	A_51_P335801	Calb1	0	Calb1	NM_009788	2.067968463	0.0	0.0	1.0	1.0	1	1	0	0	0	0	0	0	0	15729|A_51_P335801	13.890258861064	True	True
GSM2533536	15983	A_52_P550331	Kcnj16	0	Kcnj16	NM_010604	2.412072727	5.63237	0.0	1.0	1.0	0	1	0	0	0	0	0	0	0	15983|A_52_P550331	9.86583876344089	True	True
GSM2533536	16664	A_51_P277373	Slc8a1	0	Slc8a1	AF004666	1.616340703	0.0	0.0	1.0	1.0	0	1	0	0	0	0	0	0	0	16664|A_51_P277373	8.77794240337121	True	True
GSM2533536	18179	A_52_P313284	Slc8a1	0	Slc8a1	AF108396	0.5670505236	0.0	0.0	1.0	1.0	1	1	0	0	0	0	0	0	0	18179|A_52_P313284	7.7479206883002	True	True
GSM2533536	18232	A_51_P171332	Cldn19	0	Cldn19	NM_153105	0.9491015448	0.0	0.0	1.0	1.0	1	1	0	0	0	0	0	0	0	18232|A_51_P171332	8.22738500996701	True	True
GSM2533536	18861	A_51_P239601	Trpv5	0	Trpv5	NM_001007572	0.9191810339	5.16968	0.0	1.0	1.0	0	1	0	0	0	0	0	0	0	18861|A_51_P239601	7.3853942346179	True	True
GSM2533536	19028	A_52_P231461	Slc8a1	0	Slc8a1	NM_011406	1.060379511	5.12685	0.0	1.0	1.0	0	1	0	0	0	0	0	0	0	19028|A_52_P231461	7.46577820285291	True	True
GSM2533536	20241	A_51_P335801	Calb1	0	Calb1	NM_009788	2.028883868	0.0	0.0	1.0	1.0	1	1	0	0	0	0	0	0	0	20241|A_51_P335801	13.8959211721025	True	True
GSM2533536	22525	A_52_P562704	Slc8a1	0	Slc8a1	NM_011406	0.4209078406	0.0	0.0	1.0	1.0	1	1	0	0	0	0	0	0	0	22525|A_52_P562704	8.203939266007	True	True
GSM2533536	22740	A_52_P550325	Kcnj16	0	Kcnj16	NM_010604	2.173451326	0.0	0.0	1.0	1.0	1	1	0	0	0	0	0	0	0	22740|A_52_P550325	14.499962927946	True	True
GSM2533536	23878	A_51_P335801	Calb1	0	Calb1	NM_009788	2.047741392	0.0	0.0	1.0	1.0	1	1	0	0	0	0	0	0	0	23878|A_51_P335801	13.923961292511	True	True
GSM2533536	26196	A_51_P357773	Kcnj16	0	Kcnj16	NM_010604	1.819295663	0.0	0.0	1.0	1.0	0	1	0	0	0	0	0	0	0	26196|A_51_P357773	9.59715064952248	True	True
GSM2533536	26242	A_52_P499907	Kcnj1	0	Kcnj1	NM_019659	2.368579291	0.0	0.0	1.0	1.0	1	1	0	0	0	0	0	0	0	26242|A_52_P499907	14.089024900221	True	True
GSM2533536	27676	A_52_P351913	Atp2b1	0	Atp2b1	AK053569	0.03799400495	0.0	0.0	1.0	1.0	1	1	0	0	0	0	0	0	0	27676|A_52_P351913	7.74171831912298	True	True
GSM2533536	29730	A_52_P611783	Fxyd2	0	Fxyd2	NM_052824	1.858155057	0.0	0.0	1.0	1.0	1	1	0	0	0	0	0	0	0	29730|A_52_P611783	15.1457908792018	True	True
GSM2533536	29964	A_51_P335801	Calb1	0	Calb1	NM_009788	2.049347872	0.0	0.0	1.0	1.0	1	1	0	0	0	0	0	0	0	29964|A_51_P335801	14.1107497482422	True	True
GSM2533536	30753	A_51_P335801	Calb1	0	Calb1	NM_009788	2.050221906	0.0	0.0	1.0	1.0	1	1	0	0	0	0	0	0	0	30753|A_51_P335801	13.817429812279	True	True
GSM2533536	31276	A_52_P23661	Cldn19	0	Cldn19	NM_001038590	1.316918828	0.0	0.0	1.0	1.0	1	1	0	0	0	0	0	0	0	31276|A_52_P23661	9.09137641552353	True	True
GSM2533536	33630	A_52_P244931	Slc8a1	0	Slc8a1	AK048160	0.0	5.89736	3.73814	1.0	1.0	0	0	0	0	0	0	0	0	0	33630|A_52_P244931	7.06720915103396	True	False
GSM2533536	37269	A_51_P445985	Slc12a3	0	Slc12a3	NM_019415	1.961866814	0.0	0.0	1.0	1.0	1	1	0	0	0	0	0	0	0	37269|A_51_P445985	11.1277868232773	True	True
GSM2533536	38687	A_52_P515497	Atp1a1	0	Atp1a1	NM_144900	1.433287067	0.0	0.0	1.0	1.0	1	1	0	0	0	0	0	0	0	38687|A_52_P515497	16.05154822596	True	True
GSM2533536	40389	A_52_P184322	Trpm6	0	Trpm6	NM_153417	0.4108633406	0.0	0.0	1.0	1.0	0	1	0	0	0	0	0	0	0	40389|A_52_P184322	7.35962915105383	True	True
GSM2533536	40926	A_51_P197499	Bsnd	0	Bsnd	NM_080458	0.4708253104	0.0	0.0	1.0	1.0	1	1	0	0	0	0	0	0	0	40926|A_51_P197499	7.74171831912298	True	True
GSM2533536	44562	A_51_P335801	Calb1	0	Calb1	NM_009788	2.088139608	0.0	0.0	1.0	1.0	1	1	0	0	0	0	0	0	0	44562|A_51_P335801	13.5789100410885	True	True
GSM2533536	44811	A_51_P222543	Atp2b1	0	Atp2b1	BI080417	0.01171211879	0.0	0.0	1.0	1.0	1	1	0	0	0	0	0	0	0	44811|A_51_P222543	8.91403577780063	True	True
GSM2533536	45034	A_52_P152274	Clcnka	0	Clcnka	NM_024412	1.021032859	0.0	0.0	1.0	1.0	1	1	0	0	0	0	0	0	0	45034|A_52_P152274	8.66576684850172	True	True
GSM2533537	2344	A_51_P335801	Calb1	0	Calb1	NM_009788	1.896622586	0.0	0.0	1.0	1.0	1	1	0	0	0	0	0	0	0	2344|A_51_P335801	14.647395047092	True	True
GSM2533537	3560	A_51_P230799	Atp2b1	0	Atp2b1	NM_026482	-0.2737887069	0.0	0.0	1.0	1.0	1	1	0	0	0	0	0	0	0	3560|A_51_P230799	7.40786100077193	True	True
GSM2533537	5551	A_51_P243073	Trpm6	0	Trpm6	AK080899	0.0	7.96915	5.38457	0.0	0.0	0	0	0	0	0	0	0	0	0	5551|A_51_P243073	6.99111789865753	True	False
GSM2533537	5837	A_51_P428512	Cldn16	0	Cldn16	NM_053241	1.568543038	7.50365	0.0	1.0	1.0	0	1	0	0	0	0	0	0	0	5837|A_51_P428512	8.07998591648626	True	True
GSM2533537	5868	A_51_P281586	Cnnm2	0	Cnnm2	NM_033569	0.6393190276	0.0	0.0	1.0	1.0	1	1	0	0	0	0	0	0	0	5868|A_51_P281586	8.49603995667086	True	True
GSM2533537	7768	A_51_P335801	Calb1	0	Calb1	NM_009788	1.923962244	0.0	0.0	1.0	1.0	1	1	0	0	0	0	0	0	0	7768|A_51_P335801	14.6442418565332	True	True
GSM2533537	10045	A_51_P442227	Slc12a1	0	Slc12a1	U61381	0.4474320631	7.52052	0.0	1.0	1.0	0	0	0	0	0	0	0	0	0	10045|A_51_P442227	7.17644012745607	True	False
GSM2533537	10087	A_52_P260659	Kcnj10	0	Kcnj10	NM_001039484	1.929585675	0.0	0.0	1.0	1.0	1	1	0	0	0	0	0	0	0	10087|A_52_P260659	11.1847674295741	True	True
GSM2533537	11353	A_51_P335801	Calb1	0	Calb1	NM_009788	1.906469885	0.0	0.0	1.0	1.0	1	1	0	0	0	0	0	0	0	11353|A_51_P335801	14.8069388257164	True	True
GSM2533537	11562	A_51_P300817	Atp1a1	0	Atp1a1	NM_144900	1.250964163	0.0	0.0	1.0	1.0	1	1	0	0	0	0	0	0	0	11562|A_51_P300817	15.929889824895	True	True
GSM2533537	12114	A_51_P151484	Atp1b1	0	Atp1b1	NM_009721	1.630189541	0.0	0.0	1.0	1.0	1	1	0	0	0	0	0	0	0	12114|A_51_P151484	14.1690124152663	True	True
GSM2533537	12522	A_51_P335801	Calb1	0	Calb1	NM_009788	1.916531135	0.0	0.0	1.0	1.0	1	1	0	0	0	0	0	0	0	12522|A_51_P335801	14.7819822672601	True	True
GSM2533537	12999	A_52_P348986	Atp2b1	0	Atp2b1	NM_026482	-0.2311569426	0.0	0.0	1.0	1.0	1	1	0	0	0	0	0	0	0	12999|A_52_P348986	10.0206618372479	True	True
GSM2533537	13287	A_52_P26118	Slc12a1	0	Slc12a1	NM_001079690	2.627279746	0.0	0.0	1.0	1.0	1	1	0	0	0	0	0	0	0	13287|A_52_P26118	14.159726406286	True	True
GSM2533537	15381	A_51_P352572	Clcnkb	0	Clcnkb	NM_019701	1.832054118	0.0	0.0	1.0	1.0	0	1	0	0	0	0	0	0	0	15381|A_51_P352572	10.0353538263149	True	True
GSM2533537	15729	A_51_P335801	Calb1	0	Calb1	NM_009788	1.922253365	0.0	0.0	1.0	1.0	1	1	0	0	0	0	0	0	0	15729|A_51_P335801	14.8955785841445	True	True
GSM2533537	15983	A_52_P550331	Kcnj16	0	Kcnj16	NM_010604	2.418415264	6.53309	0.0	1.0	1.0	0	1	0	0	0	0	0	0	0	15983|A_52_P550331	10.0328479060934	True	True
GSM2533537	16664	A_51_P277373	Slc8a1	0	Slc8a1	AF004666	2.125570916	0.0	0.0	1.0	1.0	0	1	0	0	0	0	0	0	0	16664|A_51_P277373	9.65146010550449	True	True
GSM2533537	18179	A_52_P313284	Slc8a1	0	Slc8a1	AF108396	0.6957679129	0.0	0.0	1.0	1.0	1	1	0	0	0	0	0	0	0	18179|A_52_P313284	8.06295806452874	True	True
GSM2533537	18232	A_51_P171332	Cldn19	0	Cldn19	NM_153105	1.090906302	0.0	0.0	1.0	1.0	0	1	0	0	0	0	0	0	0	18232|A_51_P171332	7.99183519990186	True	True
GSM2533537	18861	A_51_P239601	Trpv5	0	Trpv5	NM_001007572	1.262836315	6.08119	0.0	1.0	1.0	0	1	0	0	0	0	0	0	0	18861|A_51_P239601	7.6968521074062	True	True
GSM2533537	19028	A_52_P231461	Slc8a1	0	Slc8a1	NM_011406	1.303443867	6.02259	0.0	1.0	1.0	0	1	0	0	0	0	0	0	0	19028|A_52_P231461	7.76329718294186	True	True
GSM2533537	20241	A_51_P335801	Calb1	0	Calb1	NM_009788	1.91138195	0.0	0.0	1.0	1.0	1	1	0	0	0	0	0	0	0	20241|A_51_P335801	15.0097700769294	True	True
GSM2533537	22525	A_52_P562704	Slc8a1	0	Slc8a1	NM_011406	0.6148166898	0.0	0.0	1.0	1.0	1	1	0	0	0	0	0	0	0	22525|A_52_P562704	8.5362289613192	True	True
GSM2533537	22740	A_52_P550325	Kcnj16	0	Kcnj16	NM_010604	2.072588989	0.0	0.0	1.0	1.0	1	1	0	0	0	0	0	0	0	22740|A_52_P550325	14.6917262067769	True	True
GSM2533537	23878	A_51_P335801	Calb1	0	Calb1	NM_009788	1.930463059	0.0	0.0	1.0	1.0	1	1	0	0	0	0	0	0	0	23878|A_51_P335801	15.0302238827005	True	True
GSM2533537	26196	A_51_P357773	Kcnj16	0	Kcnj16	NM_010604	1.718359059	0.0	0.0	1.0	1.0	0	1	0	0	0	0	0	0	0	26196|A_51_P357773	9.80695816218109	True	True
GSM2533537	26242	A_52_P499907	Kcnj1	0	Kcnj1	NM_019659	2.310455353	0.0	0.0	1.0	1.0	1	1	0	0	0	0	0	0	0	26242|A_52_P499907	14.6415858685784	True	True
GSM2533537	27676	A_52_P351913	Atp2b1	0	Atp2b1	AK053569	0.1303879807	0.0	0.0	1.0	1.0	1	1	0	0	0	0	0	0	0	27676|A_52_P351913	7.87558583692296	True	True
GSM2533537	29730	A_52_P611783	Fxyd2	0	Fxyd2	NM_052824	1.704395938	0.0	0.0	1.0	1.0	1	1	0	0	0	0	0	0	0	29730|A_52_P611783	15.1025443638289	True	True
GSM2533537	29964	A_51_P335801	Calb1	0	Calb1	NM_009788	1.924482363	0.0	0.0	1.0	1.0	1	1	0	0	0	0	0	0	0	29964|A_51_P335801	15.1775716711077	True	True
GSM2533537	30753	A_51_P335801	Calb1	0	Calb1	NM_009788	1.925577427	0.0	0.0	1.0	1.0	1	1	0	0	0	0	0	0	0	30753|A_51_P335801	14.9317704204982	True	True
GSM2533537	31276	A_52_P23661	Cldn19	0	Cldn19	NM_001038590	1.095173307	0.0	0.0	1.0	1.0	1	1	0	0	0	0	0	0	0	31276|A_52_P23661	8.868390313655	True	True
GSM2533537	33630	A_52_P244931	Slc8a1	0	Slc8a1	AK048160	0.0	6.56256	4.50053	0.0	0.0	0	0	0	0	0	0	0	0	0	33630|A_52_P244931	7.04968677898215	True	False
GSM2533537	37269	A_51_P445985	Slc12a3	0	Slc12a3	NM_019415	1.773116697	0.0	0.0	1.0	1.0	1	1	0	0	0	0	0	0	0	37269|A_51_P445985	12.5055346335039	True	True
GSM2533537	38687	A_52_P515497	Atp1a1	0	Atp1a1	NM_144900	1.399436375	0.0	0.0	1.0	1.0	1	1	0	0	0	0	0	0	0	38687|A_52_P515497	16.2568092726453	True	True
GSM2533537	40389	A_52_P184322	Trpm6	0	Trpm6	NM_153417	0.8704385233	0.0	0.0	1.0	1.0	0	1	0	0	0	0	0	0	0	40389|A_52_P184322	7.79461877820092	True	True
GSM2533537	40926	A_51_P197499	Bsnd	0	Bsnd	NM_080458	0.640228984	0.0	0.0	1.0	1.0	1	1	0	0	0	0	0	0	0	40926|A_51_P197499	8.52234813001627	True	True
GSM2533537	44562	A_51_P335801	Calb1	0	Calb1	NM_009788	1.917093663	0.0	0.0	1.0	1.0	1	1	0	0	0	0	0	0	0	44562|A_51_P335801	14.6226568280353	True	True
GSM2533537	44811	A_51_P222543	Atp2b1	0	Atp2b1	BI080417	-0.1473474756	0.0	0.0	1.0	1.0	1	1	0	0	0	0	0	0	0	44811|A_51_P222543	8.49910524326174	True	True
GSM2533537	45034	A_52_P152274	Clcnka	0	Clcnka	NM_024412	0.9451306902	0.0	0.0	1.0	1.0	1	1	0	0	0	0	0	0	0	45034|A_52_P152274	8.69939103324538	True	True
GSM2533538	2344	A_51_P335801	Calb1	0	Calb1	NM_009788	1.920145463	0.0	0.0	1.0	1.0	1	1	0	0	0	0	0	0	0	2344|A_51_P335801	14.0345071077732	True	True
GSM2533538	3560	A_51_P230799	Atp2b1	0	Atp2b1	NM_026482	-0.2325083051	0.0	0.0	1.0	1.0	1	1	0	0	0	0	0	0	0	3560|A_51_P230799	7.52314707447317	True	True
GSM2533538	5551	A_51_P243073	Trpm6	0	Trpm6	AK080899	0.0	3.72962	2.68044	1.0	1.0	0	0	0	0	0	0	0	0	0	5551|A_51_P243073	7.08867107173535	True	False
GSM2533538	5837	A_51_P428512	Cldn16	0	Cldn16	NM_053241	1.764303437	0.0	0.0	1.0	1.0	0	1	0	0	0	0	0	0	0	5837|A_51_P428512	8.02966297879344	True	True
GSM2533538	5868	A_51_P281586	Cnnm2	0	Cnnm2	NM_033569	0.6523648892	0.0	0.0	1.0	1.0	1	1	0	0	0	0	0	0	0	5868|A_51_P281586	8.60762467534585	True	True
GSM2533538	7768	A_51_P335801	Calb1	0	Calb1	NM_009788	1.891585823	0.0	0.0	1.0	1.0	1	1	0	0	0	0	0	0	0	7768|A_51_P335801	13.8560623723622	True	True
GSM2533538	10045	A_51_P442227	Slc12a1	0	Slc12a1	U61381	0.6258176432	0.0	0.0	1.0	1.0	0	1	0	0	0	0	0	0	0	10045|A_51_P442227	7.24739137227598	True	True
GSM2533538	10087	A_52_P260659	Kcnj10	0	Kcnj10	NM_001039484	2.010288645	0.0	0.0	1.0	1.0	1	1	0	0	0	0	0	0	0	10087|A_52_P260659	10.9285103634229	True	True
GSM2533538	11353	A_51_P335801	Calb1	0	Calb1	NM_009788	1.902641772	0.0	0.0	1.0	1.0	1	1	0	0	0	0	0	0	0	11353|A_51_P335801	14.3005730551077	True	True
GSM2533538	11562	A_51_P300817	Atp1a1	0	Atp1a1	NM_144900	1.367474119	0.0	0.0	1.0	1.0	1	1	0	0	0	0	0	0	0	11562|A_51_P300817	16.6977261487023	True	True
GSM2533538	12114	A_51_P151484	Atp1b1	0	Atp1b1	NM_009721	1.647685627	0.0	0.0	1.0	1.0	1	1	0	0	0	0	0	0	0	12114|A_51_P151484	14.634053619179	True	True
GSM2533538	12522	A_51_P335801	Calb1	0	Calb1	NM_009788	1.895224802	0.0	0.0	1.0	1.0	1	1	0	0	0	0	0	0	0	12522|A_51_P335801	14.1389274339505	True	True
GSM2533538	12999	A_52_P348986	Atp2b1	0	Atp2b1	NM_026482	-0.3024785145	0.0	0.0	1.0	1.0	1	1	0	0	0	0	0	0	0	12999|A_52_P348986	9.7507331404249	True	True
GSM2533538	13287	A_52_P26118	Slc12a1	0	Slc12a1	NM_001079690	2.608211373	0.0	0.0	1.0	1.0	1	1	0	0	0	0	0	0	0	13287|A_52_P26118	14.4134896146521	True	True
GSM2533538	15381	A_51_P352572	Clcnkb	0	Clcnkb	NM_019701	1.61607122	0.0	0.0	1.0	1.0	1	1	0	0	0	0	0	0	0	15381|A_51_P352572	9.22338977137843	True	True
GSM2533538	15729	A_51_P335801	Calb1	0	Calb1	NM_009788	1.884324822	0.0	0.0	1.0	1.0	1	1	0	0	0	0	0	0	0	15729|A_51_P335801	14.1577449471036	True	True
GSM2533538	15983	A_52_P550331	Kcnj16	0	Kcnj16	NM_010604	2.50612703	0.0	0.0	1.0	1.0	0	1	0	0	0	0	0	0	0	15983|A_52_P550331	10.0186683898261	True	True
GSM2533538	16664	A_51_P277373	Slc8a1	0	Slc8a1	AF004666	1.766618237	0.0	0.0	1.0	1.0	0	1	0	0	0	0	0	0	0	16664|A_51_P277373	8.53148323270469	True	True
GSM2533538	18179	A_52_P313284	Slc8a1	0	Slc8a1	AF108396	0.6543337915	0.0	0.0	1.0	1.0	1	1	0	0	0	0	0	0	0	18179|A_52_P313284	7.7345673445448	True	True
GSM2533538	18232	A_51_P171332	Cldn19	0	Cldn19	NM_153105	1.128467829	0.0	0.0	1.0	1.0	1	1	0	0	0	0	0	0	0	18232|A_51_P171332	8.11004785991386	True	True
GSM2533538	18861	A_51_P239601	Trpv5	0	Trpv5	NM_001007572	1.34141389	2.96556	0.0	1.0	1.0	0	1	0	0	0	0	0	0	0	18861|A_51_P239601	7.53035385187124	True	True
GSM2533538	19028	A_52_P231461	Slc8a1	0	Slc8a1	NM_011406	1.436408209	2.95333	0.0	1.0	1.0	0	1	0	0	0	0	0	0	0	19028|A_52_P231461	7.5829041628892	True	True
GSM2533538	20241	A_51_P335801	Calb1	0	Calb1	NM_009788	1.875945991	0.0	0.0	1.0	1.0	1	1	0	0	0	0	0	0	0	20241|A_51_P335801	14.3351337341255	True	True
GSM2533538	22525	A_52_P562704	Slc8a1	0	Slc8a1	NM_011406	0.9254360107	0.0	0.0	1.0	1.0	1	1	0	0	0	0	0	0	0	22525|A_52_P562704	8.07737100696143	True	True
GSM2533538	22740	A_52_P550325	Kcnj16	0	Kcnj16	NM_010604	2.060744528	0.0	0.0	1.0	1.0	1	1	0	0	0	0	0	0	0	22740|A_52_P550325	14.6313259483298	True	True
GSM2533538	23878	A_51_P335801	Calb1	0	Calb1	NM_009788	1.896033445	0.0	0.0	1.0	1.0	1	1	0	0	0	0	0	0	0	23878|A_51_P335801	14.3932449953606	True	True
GSM2533538	26196	A_51_P357773	Kcnj16	0	Kcnj16	NM_010604	1.853783924	0.0	0.0	1.0	1.0	1	1	0	0	0	0	0	0	0	26196|A_51_P357773	10.0167200430047	True	True
GSM2533538	26242	A_52_P499907	Kcnj1	0	Kcnj1	NM_019659	2.311282765	0.0	0.0	1.0	1.0	1	1	0	0	0	0	0	0	0	26242|A_52_P499907	14.2808927122049	True	True
GSM2533538	27676	A_52_P351913	Atp2b1	0	Atp2b1	AK053569	-0.1297588232	0.0	0.0	1.0	1.0	1	1	0	0	0	0	0	0	0	27676|A_52_P351913	7.61773570390817	True	True
GSM2533538	29730	A_52_P611783	Fxyd2	0	Fxyd2	NM_052824	1.647296408	0.0	0.0	1.0	1.0	1	1	0	0	0	0	0	0	0	29730|A_52_P611783	15.0953679736316	True	True
GSM2533538	29964	A_51_P335801	Calb1	0	Calb1	NM_009788	1.899533758	0.0	0.0	1.0	1.0	1	1	0	0	0	0	0	0	0	29964|A_51_P335801	14.5081731004726	True	True
GSM2533538	30753	A_51_P335801	Calb1	0	Calb1	NM_009788	1.889545112	0.0	0.0	1.0	1.0	1	1	0	0	0	0	0	0	0	30753|A_51_P335801	14.3075790994641	True	True
GSM2533538	31276	A_52_P23661	Cldn19	0	Cldn19	NM_001038590	1.220127876	0.0	0.0	1.0	1.0	1	1	0	0	0	0	0	0	0	31276|A_52_P23661	9.09251486887283	True	True
GSM2533538	33630	A_52_P244931	Slc8a1	0	Slc8a1	AK048160	0.0	3.10391	2.20363	1.0	1.0	0	0	0	0	0	0	0	0	0	33630|A_52_P244931	6.95939428095385	True	False
GSM2533538	37269	A_51_P445985	Slc12a3	0	Slc12a3	NM_019415	1.730369776	0.0	0.0	1.0	1.0	1	1	0	0	0	0	0	0	0	37269|A_51_P445985	12.0815954572144	True	True
GSM2533538	38687	A_52_P515497	Atp1a1	0	Atp1a1	NM_144900	1.397349188	0.0	0.0	1.0	1.0	1	1	0	0	0	0	0	0	0	38687|A_52_P515497	16.3266006996577	True	True
GSM2533538	40389	A_52_P184322	Trpm6	0	Trpm6	NM_153417	0.8557257939	0.0	0.0	1.0	1.0	1	1	0	0	0	0	0	0	0	40389|A_52_P184322	8.01947498067366	True	True
GSM2533538	40926	A_51_P197499	Bsnd	0	Bsnd	NM_080458	0.8168334001	0.0	0.0	1.0	1.0	1	1	0	0	0	0	0	0	0	40926|A_51_P197499	8.1201459678941	True	True
GSM2533538	44562	A_51_P335801	Calb1	0	Calb1	NM_009788	1.874194025	0.0	0.0	1.0	1.0	1	1	0	0	0	0	0	0	0	44562|A_51_P335801	14.106323269334	True	True
GSM2533538	44811	A_51_P222543	Atp2b1	0	Atp2b1	BI080417	-0.2692886129	0.0	0.0	1.0	1.0	1	1	0	0	0	0	0	0	0	44811|A_51_P222543	8.22213858455214	True	True
GSM2533538	45034	A_52_P152274	Clcnka	0	Clcnka	NM_024412	1.365440102	0.0	0.0	1.0	1.0	1	1	0	0	0	0	0	0	0	45034|A_52_P152274	9.05247673911498	True	True
GSM2533539	2344	A_51_P335801	Calb1	0	Calb1	NM_009788	2.039412941	0.0	0.0	1.0	1.0	1	1	0	0	0	0	0	0	0	2344|A_51_P335801	13.8265896823699	True	True
GSM2533539	3560	A_51_P230799	Atp2b1	0	Atp2b1	NM_026482	-0.2178757016	0.0	0.0	1.0	1.0	1	1	0	0	0	0	0	0	0	3560|A_51_P230799	7.62885311625656	True	True
GSM2533539	5551	A_51_P243073	Trpm6	0	Trpm6	AK080899	0.0	3.55214	2.61558	1.0	1.0	0	0	0	0	0	0	0	0	0	5551|A_51_P243073	7.11593897817802	True	False
GSM2533539	5837	A_51_P428512	Cldn16	0	Cldn16	NM_053241	1.580905807	0.0	0.0	1.0	1.0	0	1	0	0	0	0	0	0	0	5837|A_51_P428512	7.91163795137002	True	True
GSM2533539	5868	A_51_P281586	Cnnm2	0	Cnnm2	NM_033569	0.54954953	0.0	0.0	1.0	1.0	1	1	0	0	0	0	0	0	0	5868|A_51_P281586	8.39100701166523	True	True
GSM2533539	7768	A_51_P335801	Calb1	0	Calb1	NM_009788	2.010790457	0.0	0.0	1.0	1.0	1	1	0	0	0	0	0	0	0	7768|A_51_P335801	13.8883017070954	True	True
GSM2533539	10045	A_51_P442227	Slc12a1	0	Slc12a1	U61381	0.7531108378	3.42788	0.0	1.0	1.0	0	0	0	0	0	0	0	0	0	10045|A_51_P442227	7.27880834665187	True	False
GSM2533539	10087	A_52_P260659	Kcnj10	0	Kcnj10	NM_001039484	2.200966232	0.0	0.0	1.0	1.0	1	1	0	0	0	0	0	0	0	10087|A_52_P260659	10.6660312559959	True	True
GSM2533539	11353	A_51_P335801	Calb1	0	Calb1	NM_009788	2.008339791	0.0	0.0	1.0	1.0	1	1	0	0	0	0	0	0	0	11353|A_51_P335801	14.1854905103484	True	True
GSM2533539	11562	A_51_P300817	Atp1a1	0	Atp1a1	NM_144900	1.138419178	0.0	0.0	1.0	1.0	1	1	0	0	0	0	0	0	0	11562|A_51_P300817	16.005354113881	True	True
GSM2533539	12114	A_51_P151484	Atp1b1	0	Atp1b1	NM_009721	1.558915735	0.0	0.0	1.0	1.0	1	1	0	0	0	0	0	0	0	12114|A_51_P151484	14.4702578245383	True	True
GSM2533539	12522	A_51_P335801	Calb1	0	Calb1	NM_009788	2.027214016	0.0	0.0	1.0	1.0	1	1	0	0	0	0	0	0	0	12522|A_51_P335801	14.1043454886472	True	True
GSM2533539	12999	A_52_P348986	Atp2b1	0	Atp2b1	NM_026482	-0.2548454758	0.0	0.0	1.0	1.0	1	1	0	0	0	0	0	0	0	12999|A_52_P348986	10.0655680946936	True	True
GSM2533539	13287	A_52_P26118	Slc12a1	0	Slc12a1	NM_001079690	2.52763739	0.0	0.0	1.0	1.0	1	1	0	0	0	0	0	0	0	13287|A_52_P26118	14.1647459056466	True	True
GSM2533539	15381	A_51_P352572	Clcnkb	0	Clcnkb	NM_019701	1.534076498	0.0	0.0	1.0	1.0	0	1	0	0	0	0	0	0	0	15381|A_51_P352572	8.79965801438438	True	True
GSM2533539	15729	A_51_P335801	Calb1	0	Calb1	NM_009788	2.030383596	0.0	0.0	1.0	1.0	1	1	0	0	0	0	0	0	0	15729|A_51_P335801	13.79445942127	True	True
GSM2533539	15983	A_52_P550331	Kcnj16	0	Kcnj16	NM_010604	2.199968816	0.0	0.0	1.0	1.0	0	1	0	0	0	0	0	0	0	15983|A_52_P550331	9.12459947657968	True	True
GSM2533539	16664	A_51_P277373	Slc8a1	0	Slc8a1	AF004666	1.274126649	0.0	0.0	1.0	1.0	0	1	0	0	0	0	0	0	0	16664|A_51_P277373	8.02481242504099	True	True
GSM2533539	18179	A_52_P313284	Slc8a1	0	Slc8a1	AF108396	0.8013326713	0.0	0.0	1.0	1.0	1	1	0	0	0	0	0	0	0	18179|A_52_P313284	7.87001280881446	True	True
GSM2533539	18232	A_51_P171332	Cldn19	0	Cldn19	NM_153105	1.199631635	0.0	0.0	1.0	1.0	1	1	0	0	0	0	0	0	0	18232|A_51_P171332	8.78889982926644	True	True
GSM2533539	18861	A_51_P239601	Trpv5	0	Trpv5	NM_001007572	1.31056904	2.97758	0.0	1.0	1.0	0	1	0	0	0	0	0	0	0	18861|A_51_P239601	7.51168591412571	True	True
GSM2533539	19028	A_52_P231461	Slc8a1	0	Slc8a1	NM_011406	1.164786098	2.94437	0.0	1.0	1.0	0	1	0	0	0	0	0	0	0	19028|A_52_P231461	7.46281598642282	True	True
GSM2533539	20241	A_51_P335801	Calb1	0	Calb1	NM_009788	2.036293073	0.0	0.0	1.0	1.0	1	1	0	0	0	0	0	0	0	20241|A_51_P335801	14.0122279423137	True	True
GSM2533539	22525	A_52_P562704	Slc8a1	0	Slc8a1	NM_011406	0.7008498412	0.0	0.0	1.0	1.0	1	1	0	0	0	0	0	0	0	22525|A_52_P562704	7.88197929602783	True	True
GSM2533539	22740	A_52_P550325	Kcnj16	0	Kcnj16	NM_010604	2.124424122	0.0	0.0	1.0	1.0	1	1	0	0	0	0	0	0	0	22740|A_52_P550325	14.3097074660629	True	True
GSM2533539	23878	A_51_P335801	Calb1	0	Calb1	NM_009788	2.009660771	0.0	0.0	1.0	1.0	1	1	0	0	0	0	0	0	0	23878|A_51_P335801	14.1729121458655	True	True
GSM2533539	26196	A_51_P357773	Kcnj16	0	Kcnj16	NM_010604	1.919777722	0.0	0.0	1.0	1.0	0	1	0	0	0	0	0	0	0	26196|A_51_P357773	9.11688324586539	True	True
GSM2533539	26242	A_52_P499907	Kcnj1	0	Kcnj1	NM_019659	2.401224894	0.0	0.0	1.0	1.0	1	1	0	0	0	0	0	0	0	26242|A_52_P499907	14.379814930077	True	True
GSM2533539	27676	A_52_P351913	Atp2b1	0	Atp2b1	AK053569	0.1235038598	0.0	0.0	1.0	1.0	1	1	0	0	0	0	0	0	0	27676|A_52_P351913	7.93538089148249	True	True
GSM2533539	29730	A_52_P611783	Fxyd2	0	Fxyd2	NM_052824	1.724875022	0.0	0.0	1.0	1.0	1	1	0	0	0	0	0	0	0	29730|A_52_P611783	14.8268875880309	True	True
GSM2533539	29964	A_51_P335801	Calb1	0	Calb1	NM_009788	2.002575192	0.0	0.0	1.0	1.0	1	1	0	0	0	0	0	0	0	29964|A_51_P335801	13.7976543269711	True	True
GSM2533539	30753	A_51_P335801	Calb1	0	Calb1	NM_009788	2.002327297	0.0	0.0	1.0	1.0	1	1	0	0	0	0	0	0	0	30753|A_51_P335801	13.8848932886887	True	True
GSM2533539	31276	A_52_P23661	Cldn19	0	Cldn19	NM_001038590	1.274981325	0.0	0.0	1.0	1.0	1	1	0	0	0	0	0	0	0	31276|A_52_P23661	9.06942720018122	True	True
GSM2533539	33630	A_52_P244931	Slc8a1	0	Slc8a1	AK048160	0.0	3.30436	2.41293	1.0	1.0	0	0	0	0	0	0	0	0	0	33630|A_52_P244931	7.0037356620056	True	False
GSM2533539	37269	A_51_P445985	Slc12a3	0	Slc12a3	NM_019415	1.743061507	0.0	0.0	1.0	1.0	1	1	0	0	0	0	0	0	0	37269|A_51_P445985	10.4289335453049	True	True
GSM2533539	38687	A_52_P515497	Atp1a1	0	Atp1a1	NM_144900	1.284993496	0.0	0.0	1.0	1.0	1	1	0	0	0	0	0	0	0	38687|A_52_P515497	15.3879523409682	True	True
GSM2533539	40389	A_52_P184322	Trpm6	0	Trpm6	NM_153417	0.365449825	0.0	0.0	1.0	1.0	1	1	0	0	0	0	0	0	0	40389|A_52_P184322	7.44191796015687	True	True
GSM2533539	40926	A_51_P197499	Bsnd	0	Bsnd	NM_080458	0.9771189423	0.0	0.0	1.0	1.0	1	1	0	0	0	0	0	0	0	40926|A_51_P197499	7.0768449136789	True	True
GSM2533539	44562	A_51_P335801	Calb1	0	Calb1	NM_009788	2.004851611	0.0	0.0	1.0	1.0	1	1	0	0	0	0	0	0	0	44562|A_51_P335801	13.5190974032497	True	True
GSM2533539	44811	A_51_P222543	Atp2b1	0	Atp2b1	BI080417	-0.1166675912	0.0	0.0	1.0	1.0	1	1	0	0	0	0	0	0	0	44811|A_51_P222543	8.34617253872442	True	True
GSM2533539	45034	A_52_P152274	Clcnka	0	Clcnka	NM_024412	1.170893327	0.0	0.0	1.0	1.0	1	1	0	0	0	0	0	0	0	45034|A_52_P152274	8.93075235713361	True	True
GSM2533540	2344	A_51_P335801	Calb1	0	Calb1	NM_009788	2.022944062	0.0	0.0	1.0	1.0	1	1	0	0	0	0	0	0	0	2344|A_51_P335801	14.2574230703917	True	True
GSM2533540	3560	A_51_P230799	Atp2b1	0	Atp2b1	NM_026482	-0.228222649	0.0	0.0	1.0	1.0	1	1	0	0	0	0	0	0	0	3560|A_51_P230799	7.5743823804857	True	True
GSM2533540	5551	A_51_P243073	Trpm6	0	Trpm6	AK080899	0.0	3.63627	2.90537	1.0	1.0	0	0	0	0	0	0	0	0	0	5551|A_51_P243073	7.1259820831037	True	False
GSM2533540	5837	A_51_P428512	Cldn16	0	Cldn16	NM_053241	1.38684331	0.0	0.0	1.0	1.0	0	1	0	0	0	0	0	0	0	5837|A_51_P428512	7.74052879903587	True	True
GSM2533540	5868	A_51_P281586	Cnnm2	0	Cnnm2	NM_033569	0.6758240748	0.0	0.0	1.0	1.0	1	1	0	0	0	0	0	0	0	5868|A_51_P281586	8.686673289215	True	True
GSM2533540	7768	A_51_P335801	Calb1	0	Calb1	NM_009788	2.005324892	0.0	0.0	1.0	1.0	1	1	0	0	0	0	0	0	0	7768|A_51_P335801	14.3507645759739	True	True
GSM2533540	10045	A_51_P442227	Slc12a1	0	Slc12a1	U61381	1.099366665	3.48124	0.0	1.0	1.0	0	1	0	0	0	0	0	0	0	10045|A_51_P442227	7.38630915389477	True	True
GSM2533540	10087	A_52_P260659	Kcnj10	0	Kcnj10	NM_001039484	2.070716061	0.0	0.0	1.0	1.0	1	1	0	0	0	0	0	0	0	10087|A_52_P260659	10.8945545318408	True	True
GSM2533540	11353	A_51_P335801	Calb1	0	Calb1	NM_009788	2.005968191	0.0	0.0	1.0	1.0	1	1	0	0	0	0	0	0	0	11353|A_51_P335801	14.7266588753975	True	True
GSM2533540	11562	A_51_P300817	Atp1a1	0	Atp1a1	NM_144900	1.305385173	0.0	0.0	1.0	1.0	1	1	0	0	0	0	0	0	0	11562|A_51_P300817	16.4855260524709	True	True
GSM2533540	12114	A_51_P151484	Atp1b1	0	Atp1b1	NM_009721	1.69463318	0.0	0.0	1.0	1.0	1	1	0	0	0	0	0	0	0	12114|A_51_P151484	14.647395047092	True	True
GSM2533540	12522	A_51_P335801	Calb1	0	Calb1	NM_009788	1.999746277	0.0	0.0	1.0	1.0	1	1	0	0	0	0	0	0	0	12522|A_51_P335801	14.6313259483298	True	True
GSM2533540	12999	A_52_P348986	Atp2b1	0	Atp2b1	NM_026482	-0.2902036832	0.0	0.0	1.0	1.0	1	1	0	0	0	0	0	0	0	12999|A_52_P348986	9.84621887166511	True	True
GSM2533540	13287	A_52_P26118	Slc12a1	0	Slc12a1	NM_001079690	2.552228673	0.0	0.0	1.0	1.0	1	1	0	0	0	0	0	0	0	13287|A_52_P26118	14.134852731116	True	True
GSM2533540	15381	A_51_P352572	Clcnkb	0	Clcnkb	NM_019701	1.5509712	0.0	0.0	1.0	1.0	1	1	0	0	0	0	0	0	0	15381|A_51_P352572	9.06253524394011	True	True
GSM2533540	15729	A_51_P335801	Calb1	0	Calb1	NM_009788	2.009163019	0.0	0.0	1.0	1.0	1	1	0	0	0	0	0	0	0	15729|A_51_P335801	14.3602437935703	True	True
GSM2533540	15983	A_52_P550331	Kcnj16	0	Kcnj16	NM_010604	2.595728994	3.46104	0.0	1.0	1.0	0	1	0	0	0	0	0	0	0	15983|A_52_P550331	9.67106617273017	True	True
GSM2533540	16664	A_51_P277373	Slc8a1	0	Slc8a1	AF004666	1.78993346	0.0	0.0	1.0	1.0	0	1	0	0	0	0	0	0	0	16664|A_51_P277373	8.62706471570875	True	True
GSM2533540	18179	A_52_P313284	Slc8a1	0	Slc8a1	AF108396	0.873572236	0.0	0.0	1.0	1.0	1	1	0	0	0	0	0	0	0	18179|A_52_P313284	8.03557296921528	True	True
GSM2533540	18232	A_51_P171332	Cldn19	0	Cldn19	NM_153105	0.7361042065	0.0	0.0	1.0	1.0	1	1	0	0	0	0	0	0	0	18232|A_51_P171332	7.86229908432692	True	True
GSM2533540	18861	A_51_P239601	Trpv5	0	Trpv5	NM_001007572	1.3823184	3.08489	0.0	1.0	1.0	0	1	0	0	0	0	0	0	0	18861|A_51_P239601	7.55908881122448	True	True
GSM2533540	19028	A_52_P231461	Slc8a1	0	Slc8a1	NM_011406	1.524922144	3.06857	0.0	1.0	1.0	0	1	0	0	0	0	0	0	0	19028|A_52_P231461	7.74332520651053	True	True
GSM2533540	20241	A_51_P335801	Calb1	0	Calb1	NM_009788	1.986152136	0.0	0.0	1.0	1.0	1	1	0	0	0	0	0	0	0	20241|A_51_P335801	14.4884593713298	True	True
GSM2533540	22525	A_52_P562704	Slc8a1	0	Slc8a1	NM_011406	0.9502635829	0.0	0.0	1.0	1.0	1	1	0	0	0	0	0	0	0	22525|A_52_P562704	8.21641393953451	True	True
GSM2533540	22740	A_52_P550325	Kcnj16	0	Kcnj16	NM_010604	2.171728816	0.0	0.0	1.0	1.0	1	1	0	0	0	0	0	0	0	22740|A_52_P550325	14.5967052461885	True	True
GSM2533540	23878	A_51_P335801	Calb1	0	Calb1	NM_009788	2.00197496	0.0	0.0	1.0	1.0	1	1	0	0	0	0	0	0	0	23878|A_51_P335801	14.6390277208554	True	True
GSM2533540	26196	A_51_P357773	Kcnj16	0	Kcnj16	NM_010604	1.895815561	0.0	0.0	1.0	1.0	1	1	0	0	0	0	0	0	0	26196|A_51_P357773	9.77872412807161	True	True
GSM2533540	26242	A_52_P499907	Kcnj1	0	Kcnj1	NM_019659	2.424247053	0.0	0.0	1.0	1.0	1	1	0	0	0	0	0	0	0	26242|A_52_P499907	14.4163259261207	True	True
GSM2533540	27676	A_52_P351913	Atp2b1	0	Atp2b1	AK053569	-0.03943086404	0.0	0.0	1.0	1.0	1	1	0	0	0	0	0	0	0	27676|A_52_P351913	7.71146407807819	True	True
GSM2533540	29730	A_52_P611783	Fxyd2	0	Fxyd2	NM_052824	1.779182683	0.0	0.0	1.0	1.0	1	1	0	0	0	0	0	0	0	29730|A_52_P611783	15.0466067371517	True	True
GSM2533540	29964	A_51_P335801	Calb1	0	Calb1	NM_009788	2.013151175	0.0	0.0	1.0	1.0	1	1	0	0	0	0	0	0	0	29964|A_51_P335801	14.5373982482462	True	True
GSM2533540	30753	A_51_P335801	Calb1	0	Calb1	NM_009788	2.001195958	0.0	0.0	1.0	1.0	1	1	0	0	0	0	0	0	0	30753|A_51_P335801	14.37178810068	True	True
GSM2533540	31276	A_52_P23661	Cldn19	0	Cldn19	NM_001038590	1.081504602	0.0	0.0	1.0	1.0	1	1	0	0	0	0	0	0	0	31276|A_52_P23661	8.57319194030314	True	True
GSM2533540	33630	A_52_P244931	Slc8a1	0	Slc8a1	AK048160	0.0	3.39564	2.59322	1.0	1.0	0	0	0	0	0	0	0	0	0	33630|A_52_P244931	7.13281632284845	True	False
GSM2533540	37269	A_51_P445985	Slc12a3	0	Slc12a3	NM_019415	1.846996636	0.0	0.0	1.0	1.0	1	1	0	0	0	0	0	0	0	37269|A_51_P445985	11.7018906762835	True	True
GSM2533540	38687	A_52_P515497	Atp1a1	0	Atp1a1	NM_144900	1.34039177	0.0	0.0	1.0	1.0	1	1	0	0	0	0	0	0	0	38687|A_52_P515497	15.5366619098411	True	True
GSM2533540	40389	A_52_P184322	Trpm6	0	Trpm6	NM_153417	0.6924099601	0.0	0.0	1.0	1.0	1	1	0	0	0	0	0	0	0	40389|A_52_P184322	7.78058730627384	True	True
GSM2533540	40926	A_51_P197499	Bsnd	0	Bsnd	NM_080458	0.6079741879	0.0	0.0	1.0	1.0	1	1	0	0	0	0	0	0	0	40926|A_51_P197499	8.06774448258538	True	True
GSM2533540	44562	A_51_P335801	Calb1	0	Calb1	NM_009788	2.006484262	0.0	0.0	1.0	1.0	1	1	0	0	0	0	0	0	0	44562|A_51_P335801	14.2692655598317	True	True
GSM2533540	44811	A_51_P222543	Atp2b1	0	Atp2b1	BI080417	-0.2021479703	0.0	0.0	1.0	1.0	1	1	0	0	0	0	0	0	0	44811|A_51_P222543	8.28260702593354	True	True
GSM2533540	45034	A_52_P152274	Clcnka	0	Clcnka	NM_024412	1.046782336	0.0	0.0	1.0	1.0	1	1	0	0	0	0	0	0	0	45034|A_52_P152274	8.57319194030314	True	True
GSM2533541	2344	A_51_P335801	Calb1	0		NM_009788	2.050747472					1	1	0	0	0	0	1	0	0	2344|A_51_P335801	14.239086300765	True	True
GSM2533541	3560	A_51_P230799	Atp2b1	0		NM_026482	-0.1982276525					1	1	0	0	0	0	0	0	0	3560|A_51_P230799	7.44989458224898	True	True
GSM2533541	5551	A_51_P243073	Trpm6	0		AK080899	0.1200600749					0	0	0	0	0	0	0	0	0	5551|A_51_P243073	7.10821176949454	True	False
GSM2533541	5837	A_51_P428512	Cldn16	0		NM_053241	1.663176911					0	1	0	0	0	0	0	0	0	5837|A_51_P428512	8.10133258296488	True	True
GSM2533541	5868	A_51_P281586	Cnnm2	0		NM_033569	0.5935433808					1	1	0	0	0	0	0	0	0	5868|A_51_P281586	8.68746935397415	True	True
GSM2533541	7768	A_51_P335801	Calb1	0		NM_009788	2.023365654					1	1	0	0	0	0	0	0	0	7768|A_51_P335801	14.5738575457979	True	True
GSM2533541	10045	A_51_P442227	Slc12a1	0		U61381	0.8175882634					0	1	0	0	0	0	0	0	0	10045|A_51_P442227	7.39363184574467	True	True
GSM2533541	10087	A_52_P260659	Kcnj10	0		NM_001039484	2.241004095					1	1	0	0	0	0	0	0	0	10087|A_52_P260659	11.2321760409051	True	True
GSM2533541	11353	A_51_P335801	Calb1	0		NM_009788	2.057251743					1	1	0	0	0	0	0	0	0	11353|A_51_P335801	14.8435157157153	True	True
GSM2533541	11562	A_51_P300817	Atp1a1	0		NM_144900	1.394804748					1	1	0	0	0	0	0	0	0	11562|A_51_P300817	16.9804648868135	True	True
GSM2533541	12114	A_51_P151484	Atp1b1	0		NM_009721	1.77812957					1	1	0	0	0	0	0	0	0	12114|A_51_P151484	14.958102059871	True	True
GSM2533541	12522	A_51_P335801	Calb1	0		NM_009788	2.054209969					1	1	0	0	0	0	0	0	0	12522|A_51_P335801	14.804217994113	True	True
GSM2533541	12999	A_52_P348986	Atp2b1	0		NM_026482	-0.2866341453					1	1	0	0	0	0	0	0	0	12999|A_52_P348986	9.63741306854052	True	True
GSM2533541	13287	A_52_P26118	Slc12a1	0		NM_001079690	2.711087419					1	1	0	0	0	0	0	0	0	13287|A_52_P26118	15.0237384649066	True	True
GSM2533541	15381	A_51_P352572	Clcnkb	0		AF124847	0.9908030788					1	1	0	0	0	0	0	0	0	15381|A_51_P352572	8.28983389412489	True	True
GSM2533541	15729	A_51_P335801	Calb1	0		NM_009788	2.075550188					1	1	0	0	0	0	0	0	0	15729|A_51_P335801	14.7614491424512	True	True
GSM2533541	15983	A_52_P550331	Kcnj16	0		NM_010604	2.122238066					0	1	0	0	0	0	0	0	0	15983|A_52_P550331	9.27611616338479	True	True
GSM2533541	16664	A_51_P277373	Slc8a1	0		NM_001286684	1.314537637					1	1	0	0	0	0	0	0	0	16664|A_51_P277373	8.69036566142865	True	True
GSM2533541	18179	A_52_P313284	Slc8a1	0		NR_104580	0.833125922					1	1	0	0	0	0	0	0	0	18179|A_52_P313284	8.2088096660969	True	True
GSM2533541	18232	A_51_P171332	Cldn19	0		NM_153105	0.97190488					1	1	0	0	0	0	0	0	0	18232|A_51_P171332	8.36657984088206	True	True
GSM2533541	18861	A_51_P239601	Trpv5	0		NM_001007572	1.048363013					0	1	0	0	0	0	0	0	0	18861|A_51_P239601	7.46575454306477	True	True
GSM2533541	19028	A_52_P231461	Slc8a1	0		NM_011406	1.18058073					0	1	0	0	0	0	0	0	0	19028|A_52_P231461	7.48831996606654	True	True
GSM2533541	20241	A_51_P335801	Calb1	0		NM_009788	2.053178925					1	1	0	0	0	0	0	0	0	20241|A_51_P335801	14.7667559505107	True	True
GSM2533541	22525	A_52_P562704	Slc8a1	0		NM_011406	0.6178965347					1	1	0	0	0	0	0	0	0	22525|A_52_P562704	8.14245725096958	True	True
GSM2533541	22740	A_52_P550325	Kcnj16	0		NM_010604	2.206068679					1	1	0	0	0	0	0	0	0	22740|A_52_P550325	14.2059184703958	True	True
GSM2533541	23878	A_51_P335801	Calb1	0		NM_009788	2.045690121					1	1	0	0	0	0	0	0	0	23878|A_51_P335801	14.6503730669508	True	True
GSM2533541	26196	A_51_P357773	Kcnj16	0		NM_010604	2.062331245					0	1	0	0	0	0	0	0	0	26196|A_51_P357773	9.31198045149112	True	True
GSM2533541	26242	A_52_P499907	Kcnj1	0		NM_019659	2.522548892					1	1	0	0	0	0	0	0	0	26242|A_52_P499907	14.9720351772955	True	True
GSM2533541	27676	A_52_P351913	Atp2b1	0		AK053569	0.3168108032					1	1	0	0	0	0	0	0	0	27676|A_52_P351913	8.15325091866167	True	True
GSM2533541	29730	A_52_P611783	Fxyd2	0		NM_052823	1.825007186					1	1	0	0	0	0	0	0	0	29730|A_52_P611783	15.6559327819849	True	True
GSM2533541	29964	A_51_P335801	Calb1	0		NM_009788	2.030993725					1	1	0	0	0	0	0	0	0	29964|A_51_P335801	14.8133567111057	True	True
GSM2533541	30753	A_51_P335801	Calb1	0		NM_009788	2.027495811					1	1	0	0	0	0	0	0	0	30753|A_51_P335801	14.5880497666142	True	True
GSM2533541	31276	A_52_P23661	Cldn19	0		NM_001038590	1.59626277					0	1	0	0	0	0	0	0	0	31276|A_52_P23661	9.06744133549826	True	True
GSM2533541	33630	A_52_P244931	Slc8a1	0		AK048160	0.0					0	0	0	0	0	0	0	0	0	33630|A_52_P244931	7.0306970866532	True	False
GSM2533541	37269	A_51_P445985	Slc12a3	0		NM_019415	1.80791841					1	1	0	0	0	0	0	0	0	37269|A_51_P445985	10.8059521250357	True	True
GSM2533541	38687	A_52_P515497	Atp1a1	0		NM_144900	1.503275998					1	1	0	0	0	0	0	0	0	38687|A_52_P515497	16.1797823474112	True	True
GSM2533541	40389	A_52_P184322	Trpm6	0		NM_153417	0.3192154944					1	1	0	0	0	0	0	0	0	40389|A_52_P184322	7.44212245526702	True	True
GSM2533541	40926	A_51_P197499	Bsnd	0		NM_080458	0.4508124159					1	1	0	0	0	0	0	0	0	40926|A_51_P197499	7.77103428929864	True	True
GSM2533541	44562	A_51_P335801	Calb1	0		NM_009788	2.072564492					1	1	0	0	0	0	1	0	0	44562|A_51_P335801	14.2217848932114	True	True
GSM2533541	44811	A_51_P222543	Atp2b1	0		NM_026482	-0.0533725365					1	1	0	0	0	0	0	0	0	44811|A_51_P222543	8.48921847657007	True	True
GSM2533541	45034	A_52_P152274	Clcnka	0		NM_024412	1.294377289					0	1	0	0	0	0	0	0	0	45034|A_52_P152274	8.59204379933815	True	True
GSM2533542	2344	A_51_P335801	Calb1	0		NM_009788	1.953253686					1	1	0	0	0	0	0	0	0	2344|A_51_P335801	13.8525266978958	True	True
GSM2533542	3560	A_51_P230799	Atp2b1	0		NM_026482	-0.03907990307					1	1	0	0	0	0	0	0	0	3560|A_51_P230799	7.86331052002973	True	True
GSM2533542	5551	A_51_P243073	Trpm6	0		AK080899	0.0					0	0	0	0	0	0	0	0	0	5551|A_51_P243073	7.05082742996692	True	False
GSM2533542	5837	A_51_P428512	Cldn16	0		NM_053241	1.37206377					0	1	0	0	0	0	0	0	0	5837|A_51_P428512	8.5155095707085	True	True
GSM2533542	5868	A_51_P281586	Cnnm2	0		NM_033569	0.5942071698					1	1	0	0	0	0	0	0	0	5868|A_51_P281586	8.2240737041571	True	True
GSM2533542	7768	A_51_P335801	Calb1	0		NM_009788	1.981637584					1	1	0	0	0	0	0	0	0	7768|A_51_P335801	13.757852815325	True	True
GSM2533542	10045	A_51_P442227	Slc12a1	0		U61381	0.8213828118					0	0	0	0	0	0	0	0	0	10045|A_51_P442227	7.26411787774166	True	False
GSM2533542	10087	A_52_P260659	Kcnj10	0		NM_001039484	2.17140385					1	1	0	0	0	0	0	0	0	10087|A_52_P260659	11.3696539424021	True	True
GSM2533542	11353	A_51_P335801	Calb1	0		NM_009788	1.936722383					1	1	0	0	0	0	0	0	0	11353|A_51_P335801	14.4134896146521	True	True
GSM2533542	11562	A_51_P300817	Atp1a1	0		NM_144900	1.451789321					1	1	0	0	0	0	0	0	0	11562|A_51_P300817	16.8222009493759	True	True
GSM2533542	12114	A_51_P151484	Atp1b1	0		NM_009721	1.698952169					1	1	0	0	0	0	0	0	0	12114|A_51_P151484	14.6889659010539	True	True
GSM2533542	12522	A_51_P335801	Calb1	0		NM_009788	1.871513684					1	1	0	0	0	0	0	0	0	12522|A_51_P335801	13.8848932886887	True	True
GSM2533542	12999	A_52_P348986	Atp2b1	0		NM_026482	-0.2823789882					1	1	0	0	0	0	0	0	0	12999|A_52_P348986	9.93762157687595	True	True
GSM2533542	13287	A_52_P26118	Slc12a1	0		NM_001079690	2.581795541					1	1	0	0	0	0	0	0	0	13287|A_52_P26118	14.579549123834	True	True
GSM2533542	15381	A_51_P352572	Clcnkb	0		AF124847	1.222581869					1	1	0	0	0	0	0	0	0	15381|A_51_P352572	8.68019021525045	True	True
GSM2533542	15729	A_51_P335801	Calb1	0		NM_009788	1.89787342					1	1	0	0	0	0	0	0	0	15729|A_51_P335801	13.8314876972459	True	True
GSM2533542	15983	A_52_P550331	Kcnj16	0		NM_010604	2.356651133					0	1	0	0	0	0	0	0	0	15983|A_52_P550331	9.25170664174671	True	True
GSM2533542	16664	A_51_P277373	Slc8a1	0		NM_001286684	1.340130403					0	1	0	0	0	0	0	0	0	16664|A_51_P277373	8.3755749798022	True	True
GSM2533542	18179	A_52_P313284	Slc8a1	0		NR_104580	0.7836010723					1	1	0	0	0	0	0	0	0	18179|A_52_P313284	8.11447169868544	True	True
GSM2533542	18232	A_51_P171332	Cldn19	0		NM_153105	1.370147942					0	1	0	0	0	0	0	0	0	18232|A_51_P171332	8.6782580136668	True	True
GSM2533542	18861	A_51_P239601	Trpv5	0		NM_001007572	1.168523884					0	1	0	0	0	0	0	0	0	18861|A_51_P239601	7.63878128679342	True	True
GSM2533542	19028	A_52_P231461	Slc8a1	0		NM_011406	1.538267292					0	1	0	0	0	0	0	0	0	19028|A_52_P231461	8.03474273959882	True	True
GSM2533542	20241	A_51_P335801	Calb1	0		NM_009788	1.922599056					1	1	0	0	0	0	0	0	0	20241|A_51_P335801	14.134852731116	True	True
GSM2533542	22525	A_52_P562704	Slc8a1	0		NM_011406	0.7725257664					1	1	0	0	0	0	0	0	0	22525|A_52_P562704	8.5538678729027	True	True
GSM2533542	22740	A_52_P550325	Kcnj16	0		NM_010604	1.996769293					1	1	0	0	0	0	0	0	0	22740|A_52_P550325	14.3146485145198	True	True
GSM2533542	23878	A_51_P335801	Calb1	0		NM_009788	1.951819347					1	1	0	0	0	0	0	0	0	23878|A_51_P335801	14.4859027713737	True	True
GSM2533542	26196	A_51_P357773	Kcnj16	0		NM_010604	2.152310367					0	1	0	0	0	0	0	0	0	26196|A_51_P357773	9.4684551121148	True	True
GSM2533542	26242	A_52_P499907	Kcnj1	0		NM_019659	2.361536392					1	1	0	0	0	0	0	0	0	26242|A_52_P499907	15.0302238827005	True	True
GSM2533542	27676	A_52_P351913	Atp2b1	0		AK053569	0.06745894522					1	1	0	0	0	0	0	0	0	27676|A_52_P351913	7.81383284101975	True	True
GSM2533542	29730	A_52_P611783	Fxyd2	0		NM_052823	1.709456584					1	1	0	0	0	0	0	0	0	29730|A_52_P611783	15.8806536221317	True	True
GSM2533542	29964	A_51_P335801	Calb1	0		NM_009788	1.924198311					1	1	0	0	0	0	0	0	0	29964|A_51_P335801	14.4083941752822	True	True
GSM2533542	30753	A_51_P335801	Calb1	0		NM_009788	1.991079782					1	1	0	0	0	0	0	0	0	30753|A_51_P335801	14.4912113084341	True	True
GSM2533542	31276	A_52_P23661	Cldn19	0		NM_001038590	1.429970416					1	1	0	0	0	0	0	0	0	31276|A_52_P23661	9.63527662693169	True	True
GSM2533542	33630	A_52_P244931	Slc8a1	0		AK048160	0.0					0	0	0	0	0	0	0	0	0	33630|A_52_P244931	7.07919630492557	True	False
GSM2533542	37269	A_51_P445985	Slc12a3	0		NM_019415	1.669185955					1	1	0	0	0	0	0	0	0	37269|A_51_P445985	12.0312539268299	True	True
GSM2533542	38687	A_52_P515497	Atp1a1	0		NM_144900	1.465366312					1	1	0	0	0	0	0	0	0	38687|A_52_P515497	16.005354113881	True	True
GSM2533542	40389	A_52_P184322	Trpm6	0		NM_153417	0.5304774137					1	1	0	0	0	0	0	0	0	40389|A_52_P184322	7.58865348741896	True	True
GSM2533542	40926	A_51_P197499	Bsnd	0		NM_080458	0.9041589993					1	1	0	0	0	0	0	0	0	40926|A_51_P197499	8.13771499042644	True	True
GSM2533542	44562	A_51_P335801	Calb1	0		NM_009788	1.93634954					1	1	0	0	0	0	0	0	0	44562|A_51_P335801	13.7010188230338	True	True
GSM2533542	44811	A_51_P222543	Atp2b1	0		NM_026482	-0.07761494514					1	1	0	0	0	0	0	0	0	44811|A_51_P222543	8.27819442933923	True	True
GSM2533542	45034	A_52_P152274	Clcnka	0		NM_024412	1.431877959					1	1	0	0	0	0	0	0	0	45034|A_52_P152274	9.5914425466932	True	True
GSM2533543	2344	A_51_P335801	Calb1	0		NM_009788	2.028158192					1	1	0	0	0	0	0	0	0	2344|A_51_P335801	13.4346400969654	True	True
GSM2533543	3560	A_51_P230799	Atp2b1	0		NM_026482	-0.1256370666					1	1	0	0	0	0	0	0	0	3560|A_51_P230799	7.63699318828461	True	True
GSM2533543	5551	A_51_P243073	Trpm6	0		AK080899	0.0					0	0	0	0	0	0	0	0	0	5551|A_51_P243073	7.02125090078543	True	False
GSM2533543	5837	A_51_P428512	Cldn16	0		NM_053241	1.747558064					0	1	0	0	0	0	0	0	0	5837|A_51_P428512	8.43325915654168	True	True
GSM2533543	5868	A_51_P281586	Cnnm2	0		NM_033569	0.6100054689					1	1	0	0	0	0	0	0	0	5868|A_51_P281586	8.52201582388486	True	True
GSM2533543	7768	A_51_P335801	Calb1	0		NM_009788	2.01425003					1	1	0	0	0	0	0	0	0	7768|A_51_P335801	13.4716345741252	True	True
GSM2533543	10045	A_51_P442227	Slc12a1	0		U61381	0.5268171521					0	0	0	0	0	0	0	0	0	10045|A_51_P442227	7.22876467331264	True	False
GSM2533543	10087	A_52_P260659	Kcnj10	0		NM_001039484	2.0894775					1	1	0	0	0	0	0	0	0	10087|A_52_P260659	11.0036323228871	True	True
GSM2533543	11353	A_51_P335801	Calb1	0		NM_009788	1.96385521					1	1	0	0	0	0	0	0	0	11353|A_51_P335801	13.8541158735983	True	True
GSM2533543	11562	A_51_P300817	Atp1a1	0		NM_144900	1.397757763					1	1	0	0	0	0	0	0	0	11562|A_51_P300817	16.8021897590529	True	True
GSM2533543	12114	A_51_P151484	Atp1b1	0		NM_009721	1.733978531					1	1	0	0	0	0	0	0	0	12114|A_51_P151484	14.8626226611625	True	True
GSM2533543	12522	A_51_P335801	Calb1	0		NM_009788	1.988684799					1	1	0	0	0	0	0	0	0	12522|A_51_P335801	13.6916724435872	True	True
GSM2533543	12999	A_52_P348986	Atp2b1	0		NM_026482	-0.36925523					1	1	0	0	0	0	0	0	0	12999|A_52_P348986	9.55146475902542	True	True
GSM2533543	13287	A_52_P26118	Slc12a1	0		NM_001079690	2.566453991					1	1	0	0	0	0	0	0	0	13287|A_52_P26118	14.1729121458655	True	True
GSM2533543	15381	A_51_P352572	Clcnkb	0		AF124847	1.162987541					0	1	0	0	0	0	0	0	0	15381|A_51_P352572	8.28218328831896	True	True
GSM2533543	15729	A_51_P335801	Calb1	0		NM_009788	2.001581814					1	1	0	0	0	0	0	0	0	15729|A_51_P335801	13.6960988852219	True	True
GSM2533543	15983	A_52_P550331	Kcnj16	0		NM_010604	2.510500385					0	1	0	0	0	0	0	0	0	15983|A_52_P550331	9.79498563976221	True	True
GSM2533543	16664	A_51_P277373	Slc8a1	0		NM_001286684	1.461769648					0	1	0	0	0	0	0	0	0	16664|A_51_P277373	8.35140717894338	True	True
GSM2533543	18179	A_52_P313284	Slc8a1	0		NR_104580	0.6926963058					1	1	0	0	0	0	0	0	0	18179|A_52_P313284	7.86055427032289	True	True
GSM2533543	18232	A_51_P171332	Cldn19	0		NM_153105	1.195593707					1	1	0	0	0	0	0	0	0	18232|A_51_P171332	8.42097707310463	True	True
GSM2533543	18861	A_51_P239601	Trpv5	0		NM_001007572	1.141472712					0	1	0	0	0	0	0	0	0	18861|A_51_P239601	7.49750895908793	True	True
GSM2533543	19028	A_52_P231461	Slc8a1	0		NM_011406	1.347901409					0	1	0	0	0	0	0	0	0	19028|A_52_P231461	7.71647214261612	True	True
GSM2533543	20241	A_51_P335801	Calb1	0		NM_009788	1.968161837					1	1	0	0	0	0	0	0	0	20241|A_51_P335801	13.7858703929179	True	True
GSM2533543	22525	A_52_P562704	Slc8a1	0		NM_011406	0.748844361					1	1	0	0	0	0	0	0	0	22525|A_52_P562704	8.23128749322269	True	True
GSM2533543	22740	A_52_P550325	Kcnj16	0		NM_010604	2.043071086					1	1	0	0	0	0	0	0	0	22740|A_52_P550325	14.5320042612206	True	True
GSM2533543	23878	A_51_P335801	Calb1	0		NM_009788	1.98295132					1	1	0	0	0	0	0	0	0	23878|A_51_P335801	13.7661905330859	True	True
GSM2533543	26196	A_51_P357773	Kcnj16	0		NM_010604	2.254796149					0	1	0	0	0	0	0	0	0	26196|A_51_P357773	10.1087280807876	True	True
GSM2533543	26242	A_52_P499907	Kcnj1	0		NM_019659	2.428428726					1	1	0	0	0	0	0	0	0	26242|A_52_P499907	14.1320074403321	True	True
GSM2533543	27676	A_52_P351913	Atp2b1	0		AK053569	0.01069897157					1	1	0	0	0	0	0	0	0	27676|A_52_P351913	7.73228951275025	True	True
GSM2533543	29730	A_52_P611783	Fxyd2	0		NM_052823	1.742114192					1	1	0	0	0	0	0	0	0	29730|A_52_P611783	15.6377200602739	True	True
GSM2533543	29964	A_51_P335801	Calb1	0		NM_009788	1.988199181					1	1	0	0	0	0	0	0	0	29964|A_51_P335801	13.9065816044632	True	True
GSM2533543	30753	A_51_P335801	Calb1	0		NM_009788	1.98729859					1	1	0	0	0	0	0	0	0	30753|A_51_P335801	13.7537610693919	True	True
GSM2533543	31276	A_52_P23661	Cldn19	0		NM_001038590	1.484542612					1	1	0	0	0	0	0	0	0	31276|A_52_P23661	9.07350667871735	True	True
GSM2533543	33630	A_52_P244931	Slc8a1	0		AK048160	0.0					0	0	0	0	0	0	0	0	0	33630|A_52_P244931	7.02125090078543	True	False
GSM2533543	37269	A_51_P445985	Slc12a3	0		NM_019415	1.700477268					1	1	0	0	0	0	0	0	0	37269|A_51_P445985	11.9293696028148	True	True
GSM2533543	38687	A_52_P515497	Atp1a1	0		NM_144900	1.350244452					1	1	0	0	0	0	0	0	0	38687|A_52_P515497	15.9716025146183	True	True
GSM2533543	40389	A_52_P184322	Trpm6	0		NM_153417	0.5070833331					1	1	0	0	0	0	0	0	0	40389|A_52_P184322	7.63699318828461	True	True
GSM2533543	40926	A_51_P197499	Bsnd	0		NM_080458	1.007799531					1	1	0	0	0	0	0	0	0	40926|A_51_P197499	8.26135024464727	True	True
GSM2533543	44562	A_51_P335801	Calb1	0		NM_009788	1.988320899					1	1	0	0	0	0	0	0	0	44562|A_51_P335801	13.3464874034193	True	True
GSM2533543	44811	A_51_P222543	Atp2b1	0		NM_026482	-0.2616568212					1	1	0	0	0	0	0	0	0	44811|A_51_P222543	8.09527484505544	True	True
GSM2533543	45034	A_52_P152274	Clcnka	0		NM_024412	1.579220076					1	1	0	0	0	0	0	0	0	45034|A_52_P152274	9.10512634165008	True	True
GSM2533544	2344	A_51_P335801	Calb1	0		NM_009788	2.063300986					1	1	0	0	0	0	0	0	0	2344|A_51_P335801	13.6842215042547	True	True
GSM2533544	3560	A_51_P230799	Atp2b1	0		NM_026482	-0.008478811001					1	1	0	0	0	0	0	0	0	3560|A_51_P230799	7.75543981446409	True	True
GSM2533544	5551	A_51_P243073	Trpm6	0		AK080899	0.0					0	0	0	0	0	0	0	0	0	5551|A_51_P243073	7.10881312988151	True	False
GSM2533544	5837	A_51_P428512	Cldn16	0		NM_053241	1.539033428					0	1	0	0	0	0	0	0	0	5837|A_51_P428512	8.04768633935861	True	True
GSM2533544	5868	A_51_P281586	Cnnm2	0		NM_033569	0.6968741838					1	1	0	0	0	0	0	0	0	5868|A_51_P281586	8.61919539966958	True	True
GSM2533544	7768	A_51_P335801	Calb1	0		NM_009788	2.066766039					1	1	0	0	0	0	0	0	0	7768|A_51_P335801	13.7313129956954	True	True
GSM2533544	10045	A_51_P442227	Slc12a1	0		U61381	0.2479673549					0	0	0	0	0	0	0	0	0	10045|A_51_P442227	7.13971697697319	True	False
GSM2533544	10087	A_52_P260659	Kcnj10	0		NM_001039484	2.268222125					0	1	0	0	0	0	0	0	0	10087|A_52_P260659	11.0043691165626	True	True
GSM2533544	11353	A_51_P335801	Calb1	0		NM_009788	2.008149135					1	1	0	0	0	0	0	0	0	11353|A_51_P335801	14.1938213540284	True	True
GSM2533544	11562	A_51_P300817	Atp1a1	0		NM_144900	1.474929713					1	1	0	0	0	0	0	0	0	11562|A_51_P300817	17.0114903415836	True	True
GSM2533544	12114	A_51_P151484	Atp1b1	0		NM_009721	1.720016312					1	1	0	0	0	0	0	0	0	12114|A_51_P151484	14.7266588753975	True	True
GSM2533544	12522	A_51_P335801	Calb1	0		NM_009788	1.980017259					1	1	0	0	0	0	0	0	0	12522|A_51_P335801	13.8741797175417	True	True
GSM2533544	12999	A_52_P348986	Atp2b1	0		NM_026482	-0.302839706					1	1	0	0	0	0	0	0	0	12999|A_52_P348986	9.62790724906796	True	True
GSM2533544	13287	A_52_P26118	Slc12a1	0		NM_001079690	2.483698453					1	1	0	0	0	0	0	0	0	13287|A_52_P26118	13.890258861064	True	True
GSM2533544	15381	A_51_P352572	Clcnkb	0		AF124847	1.204674342					0	1	0	0	0	0	0	0	0	15381|A_51_P352572	8.39574848400882	True	True
GSM2533544	15729	A_51_P335801	Calb1	0		NM_009788	1.973114794					1	1	0	0	0	0	0	0	0	15729|A_51_P335801	13.839243930001	True	True
GSM2533544	15983	A_52_P550331	Kcnj16	0		NM_010604	2.152241692					0	1	0	0	0	0	0	0	0	15983|A_52_P550331	9.78154293082626	True	True
GSM2533544	16664	A_51_P277373	Slc8a1	0		NM_001286684	1.472290652					0	1	0	0	0	0	0	0	0	16664|A_51_P277373	8.50749460894445	True	True
GSM2533544	18179	A_52_P313284	Slc8a1	0		NR_104580	0.7672050342					1	1	0	0	0	0	0	0	0	18179|A_52_P313284	7.88265838472315	True	True
GSM2533544	18232	A_51_P171332	Cldn19	0		NM_153105	1.251593214					1	1	0	0	0	0	0	0	0	18232|A_51_P171332	8.29764755980439	True	True
GSM2533544	18861	A_51_P239601	Trpv5	0		NM_001007572	0.9765269519					0	1	0	0	0	0	0	0	0	18861|A_51_P239601	7.41253636676418	True	True
GSM2533544	19028	A_52_P231461	Slc8a1	0		NM_011406	1.325196651					0	1	0	0	0	0	0	0	0	19028|A_52_P231461	7.7605756077244	True	True
GSM2533544	20241	A_51_P335801	Calb1	0		NM_009788	1.993845532					1	1	0	0	0	0	0	0	0	20241|A_51_P335801	13.9692699101658	True	True
GSM2533544	22525	A_52_P562704	Slc8a1	0		NM_011406	0.7849262834					1	1	0	0	0	0	0	0	0	22525|A_52_P562704	8.25173469922406	True	True
GSM2533544	22740	A_52_P550325	Kcnj16	0		NM_010604	2.084051116					1	1	0	0	0	0	0	0	0	22740|A_52_P550325	14.4594983204698	True	True
GSM2533544	23878	A_51_P335801	Calb1	0		NM_009788	2.019297576					1	1	0	0	0	0	0	0	0	23878|A_51_P335801	14.0088686735334	True	True
GSM2533544	26196	A_51_P357773	Kcnj16	0		NM_010604	2.047190409					0	1	0	0	0	0	0	0	0	26196|A_51_P357773	9.86967237244758	True	True
GSM2533544	26242	A_52_P499907	Kcnj1	0		NM_019659	2.491016594					1	1	0	0	0	0	0	0	0	26242|A_52_P499907	14.1876803706238	True	True
GSM2533544	27676	A_52_P351913	Atp2b1	0		AK053569	9.23696704e-05					1	1	0	0	0	0	0	0	0	27676|A_52_P351913	7.7371069252386	True	True
GSM2533544	29730	A_52_P611783	Fxyd2	0		NM_052823	1.766849696					1	1	0	0	0	0	0	0	0	29730|A_52_P611783	15.5414930892329	True	True
GSM2533544	29964	A_51_P335801	Calb1	0		NM_009788	2.00633908					1	1	0	0	0	0	0	0	0	29964|A_51_P335801	14.1916967272742	True	True
GSM2533544	30753	A_51_P335801	Calb1	0		NM_009788	2.013350796					1	1	0	0	0	0	0	0	0	30753|A_51_P335801	13.9553607798388	True	True
GSM2533544	31276	A_52_P23661	Cldn19	0		NM_001038590	1.466718341					0	1	0	0	0	0	0	0	0	31276|A_52_P23661	8.85023075740635	True	True
GSM2533544	33630	A_52_P244931	Slc8a1	0		AK048160	0.0					0	0	0	0	0	0	0	0	0	33630|A_52_P244931	7.03002841176676	True	False
GSM2533544	37269	A_51_P445985	Slc12a3	0		NM_019415	1.779658587					1	1	0	0	0	0	0	0	0	37269|A_51_P445985	12.0105726157378	True	True
GSM2533544	38687	A_52_P515497	Atp1a1	0		NM_144900	1.393081223					1	1	0	0	0	0	0	0	0	38687|A_52_P515497	16.110856458395	True	True
GSM2533544	40389	A_52_P184322	Trpm6	0		NM_153417	0.6316415128					1	1	0	0	0	0	0	0	0	40389|A_52_P184322	7.75543981446409	True	True
GSM2533544	40926	A_51_P197499	Bsnd	0		NM_080458	0.7601924971					1	1	0	0	0	0	0	0	0	40926|A_51_P197499	7.98419548951835	True	True
GSM2533544	44562	A_51_P335801	Calb1	0		NM_009788	2.011616816					1	1	0	0	0	0	0	0	0	44562|A_51_P335801	13.6495289372003	True	True
GSM2533544	44811	A_51_P222543	Atp2b1	0		NM_026482	-0.1664646415					1	1	0	0	0	0	0	0	0	44811|A_51_P222543	8.36515002880691	True	True
GSM2533544	45034	A_52_P152274	Clcnka	0		NM_024412	1.428049529					0	1	0	0	0	0	0	0	0	45034|A_52_P152274	8.82489219959499	True	True
GSM2533545	2344	A_51_P335801	Calb1	0		NM_009788	1.953681684					1	1	0	0	0	0	0	0	0	2344|A_51_P335801	13.4359461642906	True	True
GSM2533545	3560	A_51_P230799	Atp2b1	0		NM_026482	-0.1548355657					1	1	0	0	0	0	0	0	0	3560|A_51_P230799	7.57074968380652	True	True
GSM2533545	5551	A_51_P243073	Trpm6	0		AK080899	0.0					0	0	0	0	0	0	0	0	0	5551|A_51_P243073	7.09299936450891	True	False
GSM2533545	5837	A_51_P428512	Cldn16	0		NM_053241	1.506618428					0	1	0	0	0	0	0	0	0	5837|A_51_P428512	8.19293146315404	True	True
GSM2533545	5868	A_51_P281586	Cnnm2	0		NM_033569	0.5819794486					1	1	0	0	0	0	0	0	0	5868|A_51_P281586	8.60313473712014	True	True
GSM2533545	7768	A_51_P335801	Calb1	0		NM_009788	1.927788309					1	1	0	0	0	0	0	0	0	7768|A_51_P335801	13.485919177492	True	True
GSM2533545	10045	A_51_P442227	Slc12a1	0		U61381	0.7949846082					0	1	0	0	0	0	0	0	0	10045|A_51_P442227	7.29965607132859	True	True
GSM2533545	10087	A_52_P260659	Kcnj10	0		NM_001039484	2.098170338					1	1	0	0	0	0	0	0	0	10087|A_52_P260659	11.0413569215693	True	True
GSM2533545	11353	A_51_P335801	Calb1	0		NM_009788	1.929891262					1	1	0	0	0	0	0	0	0	11353|A_51_P335801	13.9209280352932	True	True
GSM2533545	11562	A_51_P300817	Atp1a1	0		NM_144900	1.407199596					1	1	0	0	0	0	0	0	0	11562|A_51_P300817	16.7371331284112	True	True
GSM2533545	12114	A_51_P151484	Atp1b1	0		NM_009721	1.72317441					1	1	0	0	0	0	0	0	0	12114|A_51_P151484	14.7930522501881	True	True
GSM2533545	12522	A_51_P335801	Calb1	0		NM_009788	1.911852373					1	1	0	0	0	0	0	0	0	12522|A_51_P335801	13.7060064330691	True	True
GSM2533545	12999	A_52_P348986	Atp2b1	0		NM_026482	-0.3010735431					1	1	0	0	0	0	0	0	0	12999|A_52_P348986	9.7350255374021	True	True
GSM2533545	13287	A_52_P26118	Slc12a1	0		NM_001079690	2.351740133					1	1	0	0	0	0	0	0	0	13287|A_52_P26118	14.03833935816	True	True
GSM2533545	15381	A_51_P352572	Clcnkb	0		AF124847	1.165526345					1	1	0	0	0	0	0	0	0	15381|A_51_P352572	8.77513055372886	True	True
GSM2533545	15729	A_51_P335801	Calb1	0		NM_009788	1.911390208					1	1	0	0	0	0	0	0	0	15729|A_51_P335801	13.5867696446028	True	True
GSM2533545	15983	A_52_P550331	Kcnj16	0		NM_010604	2.110909961					0	1	0	0	0	0	0	0	0	15983|A_52_P550331	9.77602315471381	True	True
GSM2533545	16664	A_51_P277373	Slc8a1	0		NM_001286684	1.230731604					1	1	0	0	0	0	0	0	0	16664|A_51_P277373	8.36499596012905	True	True
GSM2533545	18179	A_52_P313284	Slc8a1	0		NR_104580	0.637743002					1	1	0	0	0	0	0	0	0	18179|A_52_P313284	7.70510864464491	True	True
GSM2533545	18232	A_51_P171332	Cldn19	0		NM_153105	1.079415536					1	1	0	0	0	0	0	0	0	18232|A_51_P171332	8.44574158710361	True	True
GSM2533545	18861	A_51_P239601	Trpv5	0		NM_001007572	1.251111694					0	1	0	0	0	0	0	0	0	18861|A_51_P239601	7.45404337384932	True	True
GSM2533545	19028	A_52_P231461	Slc8a1	0		NM_011406	1.446792971					0	1	0	0	0	0	0	0	0	19028|A_52_P231461	7.59388490164532	True	True
GSM2533545	20241	A_51_P335801	Calb1	0		NM_009788	1.894439379					1	1	0	0	0	0	0	0	0	20241|A_51_P335801	13.7698799661579	True	True
GSM2533545	22525	A_52_P562704	Slc8a1	0		NM_011406	0.530540681					1	1	0	0	0	0	0	0	0	22525|A_52_P562704	8.19576574458234	True	True
GSM2533545	22740	A_52_P550325	Kcnj16	0		NM_010604	2.050558981					1	1	0	0	0	0	0	0	0	22740|A_52_P550325	14.426207025604	True	True
GSM2533545	23878	A_51_P335801	Calb1	0		NM_009788	1.946589027					1	1	0	0	0	0	0	0	0	23878|A_51_P335801	13.8704250328934	True	True
GSM2533545	26196	A_51_P357773	Kcnj16	0		NM_010604	1.903467386					1	1	0	0	0	0	0	0	0	26196|A_51_P357773	9.84779383575251	True	True
GSM2533545	26242	A_52_P499907	Kcnj1	0		NM_019659	2.327798548					1	1	0	0	0	0	0	0	0	26242|A_52_P499907	14.4163259261207	True	True
GSM2533545	27676	A_52_P351913	Atp2b1	0		AK053569	-0.040976859					1	1	0	0	0	0	0	0	0	27676|A_52_P351913	7.67717598039596	True	True
GSM2533545	29730	A_52_P611783	Fxyd2	0		NM_052823	1.706812654					1	1	0	0	0	0	0	0	0	29730|A_52_P611783	15.5691519160101	True	True
GSM2533545	29964	A_51_P335801	Calb1	0		NM_009788	1.944183624					1	1	0	0	0	0	0	0	0	29964|A_51_P335801	13.8578782891775	True	True
GSM2533545	30753	A_51_P335801	Calb1	0		NM_009788	1.944390971					1	1	0	0	0	0	0	0	0	30753|A_51_P335801	13.7682126602423	True	True
GSM2533545	31276	A_52_P23661	Cldn19	0		NM_001038590	1.360060628					1	1	0	0	0	0	0	0	0	31276|A_52_P23661	8.97457123064595	True	True
GSM2533545	33630	A_52_P244931	Slc8a1	0		AK048160	-0.002763577657					0	0	0	0	0	0	0	0	0	33630|A_52_P244931	7.08634551587872	True	False
GSM2533545	37269	A_51_P445985	Slc12a3	0		NM_019415	1.7057826					1	1	0	0	0	0	0	0	0	37269|A_51_P445985	11.7485856040598	True	True
GSM2533545	38687	A_52_P515497	Atp1a1	0		NM_144900	1.372621916					1	1	0	0	0	0	0	0	0	38687|A_52_P515497	16.1711302473974	True	True
GSM2533545	40389	A_52_P184322	Trpm6	0		NM_153417	0.5292749354					1	1	0	0	0	0	0	0	0	40389|A_52_P184322	7.55159677608837	True	True
GSM2533545	40926	A_51_P197499	Bsnd	0		NM_080458	0.9141355508					1	1	0	0	0	0	0	0	0	40926|A_51_P197499	8.42514789611915	True	True
GSM2533545	44562	A_51_P335801	Calb1	0		NM_009788	1.9499407					1	1	0	0	0	0	0	0	0	44562|A_51_P335801	13.4757329946382	True	True
GSM2533545	44811	A_51_P222543	Atp2b1	0		NM_026482	-0.2123326364					1	1	0	0	0	0	0	0	0	44811|A_51_P222543	8.22868984361669	True	True
GSM2533545	45034	A_52_P152274	Clcnka	0		NM_024412	1.429144182					1	1	0	0	0	0	0	0	0	45034|A_52_P152274	9.2545544620594	True	True
GSM2533546	2344	A_51_P335801	Calb1	0		NM_009788	1.9284038					1	1	0	0	0	0	0	0	0	2344|A_51_P335801	13.8594321909177	True	True
GSM2533546	3560	A_51_P230799	Atp2b1	0		NM_026482	-0.2202684731					1	1	0	0	0	0	0	0	0	3560|A_51_P230799	7.50469013967259	True	True
GSM2533546	5551	A_51_P243073	Trpm6	0		AK080899	0.0					0	0	0	0	0	0	0	0	0	5551|A_51_P243073	7.14548341995073	True	False
GSM2533546	5837	A_51_P428512	Cldn16	0		NM_053241	1.898716475					0	1	0	0	0	0	0	0	0	5837|A_51_P428512	8.41854837532401	True	True
GSM2533546	5868	A_51_P281586	Cnnm2	0		NM_033569	0.5153323109					1	1	0	0	0	0	0	0	0	5868|A_51_P281586	8.49415232074972	True	True
GSM2533546	7768	A_51_P335801	Calb1	0		NM_009788	1.895856227					1	1	0	0	0	0	0	0	0	7768|A_51_P335801	13.9568381236038	True	True
GSM2533546	10045	A_51_P442227	Slc12a1	0		U61381	0.6771857449					0	1	0	0	0	0	0	0	0	10045|A_51_P442227	7.31997572312782	True	True
GSM2533546	10087	A_52_P260659	Kcnj10	0		NM_001039484	2.009040608					1	1	0	0	0	0	0	0	0	10087|A_52_P260659	11.4787081443849	True	True
GSM2533546	11353	A_51_P335801	Calb1	0		NM_009788	1.903343142					1	1	0	0	0	0	0	0	0	11353|A_51_P335801	14.4569806384314	True	True
GSM2533546	11562	A_51_P300817	Atp1a1	0		NM_144900	1.538404506					1	1	0	0	0	0	0	0	0	11562|A_51_P300817	17.2612853631775	True	True
GSM2533546	12114	A_51_P151484	Atp1b1	0		NM_009721	1.690375464					1	1	0	0	0	0	0	0	0	12114|A_51_P151484	14.8241285022471	True	True
GSM2533546	12522	A_51_P335801	Calb1	0		NM_009788	1.861657427					1	1	0	0	0	0	0	0	0	12522|A_51_P335801	14.2915309234336	True	True
GSM2533546	12999	A_52_P348986	Atp2b1	0		NM_026482	-0.3106003603					1	1	0	0	0	0	0	0	0	12999|A_52_P348986	9.673712492273	True	True
GSM2533546	13287	A_52_P26118	Slc12a1	0		NM_001079690	2.552215635					1	1	0	0	0	0	0	0	0	13287|A_52_P26118	14.6889659010539	True	True
GSM2533546	15381	A_51_P352572	Clcnkb	0		AF124847	1.160947489					1	1	0	0	0	0	0	0	0	15381|A_51_P352572	8.75387512522437	True	True
GSM2533546	15729	A_51_P335801	Calb1	0		NM_009788	1.901351034					1	1	0	0	0	0	0	0	0	15729|A_51_P335801	14.1916967272742	True	True
GSM2533546	15983	A_52_P550331	Kcnj16	0		NM_010604	2.464824886					0	1	0	0	0	0	0	0	0	15983|A_52_P550331	9.57434702820847	True	True
GSM2533546	16664	A_51_P277373	Slc8a1	0		NM_001286684	1.310886732					1	1	0	0	0	0	0	0	0	16664|A_51_P277373	8.68253042000223	True	True
GSM2533546	18179	A_52_P313284	Slc8a1	0		NR_104580	0.6687630472					1	1	0	0	0	0	0	0	0	18179|A_52_P313284	7.93605374493002	True	True
GSM2533546	18232	A_51_P171332	Cldn19	0		NM_153105	1.271098135					1	1	0	0	0	0	0	0	0	18232|A_51_P171332	8.75387512522437	True	True
GSM2533546	18861	A_51_P239601	Trpv5	0		NM_001007572	1.35504249					0	1	0	0	0	0	0	0	0	18861|A_51_P239601	7.5803575994677	True	True
GSM2533546	19028	A_52_P231461	Slc8a1	0		NM_011406	1.51490294					0	1	0	0	0	0	0	0	0	19028|A_52_P231461	7.7599443010743	True	True
GSM2533546	20241	A_51_P335801	Calb1	0		NM_009788	1.885847122					1	1	0	0	0	0	0	0	0	20241|A_51_P335801	14.2414597029215	True	True
GSM2533546	22525	A_52_P562704	Slc8a1	0		NM_011406	0.5873105504					1	1	0	0	0	0	0	0	0	22525|A_52_P562704	8.34479973164765	True	True
GSM2533546	22740	A_52_P550325	Kcnj16	0		NM_010604	1.985926791					1	1	0	0	0	0	0	0	0	22740|A_52_P550325	14.232731740332	True	True
GSM2533546	23878	A_51_P335801	Calb1	0		NM_009788	1.89129997					1	1	0	0	0	0	0	0	0	23878|A_51_P335801	14.2964214087982	True	True
GSM2533546	26196	A_51_P357773	Kcnj16	0		NM_010604	1.984264209					0	1	0	0	0	0	0	0	0	26196|A_51_P357773	9.70960635683724	True	True
GSM2533546	26242	A_52_P499907	Kcnj1	0		NM_019659	2.334069401					1	1	0	0	0	0	0	0	0	26242|A_52_P499907	14.9348812242349	True	True
GSM2533546	27676	A_52_P351913	Atp2b1	0		AK053569	0.09348230559					1	1	0	0	0	0	0	0	0	27676|A_52_P351913	7.83268844665006	True	True
GSM2533546	29730	A_52_P611783	Fxyd2	0		NM_052823	1.66224685					1	1	0	0	0	0	0	0	0	29730|A_52_P611783	15.6156715046535	True	True
GSM2533546	29964	A_51_P335801	Calb1	0		NM_009788	1.890921721					1	1	0	0	0	0	0	0	0	29964|A_51_P335801	14.4691538076631	True	True
GSM2533546	30753	A_51_P335801	Calb1	0		NM_009788	1.893183607					1	1	0	0	0	0	0	0	0	30753|A_51_P335801	14.271967388915	True	True
GSM2533546	31276	A_52_P23661	Cldn19	0		NM_001038590	1.458371264					1	1	0	0	0	0	0	0	0	31276|A_52_P23661	9.26220033073282	True	True
GSM2533546	33630	A_52_P244931	Slc8a1	0		AK048160	0.0					0	0	0	0	0	0	0	0	0	33630|A_52_P244931	7.01631906520018	True	False
GSM2533546	37269	A_51_P445985	Slc12a3	0		NM_019415	1.68236088					1	1	0	0	0	0	0	0	0	37269|A_51_P445985	12.2646017082269	True	True
GSM2533546	38687	A_52_P515497	Atp1a1	0		NM_144900	1.439403831					1	1	0	0	0	0	0	0	0	38687|A_52_P515497	16.4581325203321	True	True
GSM2533546	40389	A_52_P184322	Trpm6	0		NM_153417	0.745875449					1	1	0	0	0	0	0	0	0	40389|A_52_P184322	7.81225615181535	True	True
GSM2533546	40926	A_51_P197499	Bsnd	0		NM_080458	0.926587702					1	1	0	0	0	0	0	0	0	40926|A_51_P197499	8.57921386612387	True	True
GSM2533546	44562	A_51_P335801	Calb1	0		NM_009788	1.897832924					1	1	0	0	0	0	0	0	0	44562|A_51_P335801	13.9701666061276	True	True
GSM2533546	44811	A_51_P222543	Atp2b1	0		NM_026482	-0.1701199207					1	1	0	0	0	0	0	0	0	44811|A_51_P222543	8.30658228525149	True	True
GSM2533546	45034	A_52_P152274	Clcnka	0		NM_024412	1.417524939					1	1	0	0	0	0	0	0	0	45034|A_52_P152274	9.53239186211323	True	True
GSM2533547	2344	A_51_P335801	Calb1	0		NM_009788	1.838863456					1	1	0	0	0	0	0	0	0	2344|A_51_P335801	14.0465505708602	True	True
GSM2533547	3560	A_51_P230799	Atp2b1	0		NM_026482	-0.1303453116					1	1	0	0	0	0	0	0	0	3560|A_51_P230799	7.65706290381847	True	True
GSM2533547	5551	A_51_P243073	Trpm6	0		AK080899	0.0					0	0	0	0	0	0	0	0	0	5551|A_51_P243073	7.05938327658741	True	False
GSM2533547	5837	A_51_P428512	Cldn16	0		NM_053241	1.367141452					1	1	0	0	0	0	0	0	0	5837|A_51_P428512	8.34555773936552	True	True
GSM2533547	5868	A_51_P281586	Cnnm2	0		NM_033569	0.5260213353					1	1	0	0	0	0	0	0	0	5868|A_51_P281586	8.55748225921817	True	True
GSM2533547	7768	A_51_P335801	Calb1	0		NM_009788	1.841894437					1	1	0	0	0	0	0	0	0	7768|A_51_P335801	14.1176104688001	True	True
GSM2533547	10045	A_51_P442227	Slc12a1	0		U61381	0.4990183004					0	1	0	0	0	0	0	0	0	10045|A_51_P442227	7.26015331444628	True	True
GSM2533547	10087	A_52_P260659	Kcnj10	0		NM_001039484	1.921089509					1	1	0	0	0	0	0	0	0	10087|A_52_P260659	11.3638421199927	True	True
GSM2533547	11353	A_51_P335801	Calb1	0		NM_009788	1.847834936					1	1	0	0	0	0	0	0	0	11353|A_51_P335801	14.6076465139941	True	True
GSM2533547	11562	A_51_P300817	Atp1a1	0		NM_144900	1.363991382					1	1	0	0	0	0	0	0	0	11562|A_51_P300817	16.9010019614423	True	True
GSM2533547	12114	A_51_P151484	Atp1b1	0		NM_009721	1.719093381					1	1	0	0	0	0	0	0	0	12114|A_51_P151484	14.8686126554242	True	True
GSM2533547	12522	A_51_P335801	Calb1	0		NM_009788	1.832761727					1	1	0	0	0	0	0	0	0	12522|A_51_P335801	14.3932449953606	True	True
GSM2533547	12999	A_52_P348986	Atp2b1	0		NM_026482	-0.2832602919					1	1	0	0	0	0	0	0	0	12999|A_52_P348986	9.71953862331716	True	True
GSM2533547	13287	A_52_P26118	Slc12a1	0		NM_001079690	2.494060748					1	1	0	0	0	0	0	0	0	13287|A_52_P26118	14.4912113084341	True	True
GSM2533547	15381	A_51_P352572	Clcnkb	0		AF124847	1.124031495					1	1	0	0	0	0	0	0	0	15381|A_51_P352572	8.6009700822875	True	True
GSM2533547	15729	A_51_P335801	Calb1	0		NM_009788	1.855113366					1	1	0	0	0	0	0	0	0	15729|A_51_P335801	14.3551765392482	True	True
GSM2533547	15983	A_52_P550331	Kcnj16	0		NM_010604	2.286573041					0	1	0	0	0	0	0	0	0	15983|A_52_P550331	9.63889487155294	True	True
GSM2533547	16664	A_51_P277373	Slc8a1	0		NM_001286684	1.333866047					1	1	0	0	0	0	0	0	0	16664|A_51_P277373	8.65495092389901	True	True
GSM2533547	18179	A_52_P313284	Slc8a1	0		NR_104580	0.6567090885					1	1	0	0	0	0	0	0	0	18179|A_52_P313284	7.77434249782835	True	True
GSM2533547	18232	A_51_P171332	Cldn19	0		NM_153105	1.033811855					1	1	0	0	0	0	0	0	0	18232|A_51_P171332	8.44255293553823	True	True
GSM2533547	18861	A_51_P239601	Trpv5	0		NM_001007572	1.069623754					0	1	0	0	0	0	0	0	0	18861|A_51_P239601	7.5153171231905	True	True
GSM2533547	19028	A_52_P231461	Slc8a1	0		NM_011406	1.693286822					0	1	0	0	0	0	0	0	0	19028|A_52_P231461	7.73459042444888	True	True
GSM2533547	20241	A_51_P335801	Calb1	0		NM_009788	1.846555823					1	1	0	0	0	0	0	0	0	20241|A_51_P335801	14.4443650909956	True	True
GSM2533547	22525	A_52_P562704	Slc8a1	0		NM_011406	0.6654040421					1	1	0	0	0	0	0	0	0	22525|A_52_P562704	8.17575767960444	True	True
GSM2533547	22740	A_52_P550325	Kcnj16	0		NM_010604	1.969428332					1	1	0	0	0	0	0	0	0	22740|A_52_P550325	14.2080619968213	True	True
GSM2533547	23878	A_51_P335801	Calb1	0		NM_009788	1.863260347					1	1	0	0	0	0	0	0	0	23878|A_51_P335801	14.4229900655947	True	True
GSM2533547	26196	A_51_P357773	Kcnj16	0		NM_010604	1.759685451					1	1	0	0	0	0	0	0	0	26196|A_51_P357773	9.79594019940182	True	True
GSM2533547	26242	A_52_P499907	Kcnj1	0		NM_019659	2.314543006					1	1	0	0	0	0	0	0	0	26242|A_52_P499907	14.8435157157153	True	True
GSM2533547	27676	A_52_P351913	Atp2b1	0		AK053569	0.1443341711					1	1	0	0	0	0	0	0	0	27676|A_52_P351913	7.82428316887943	True	True
GSM2533547	29730	A_52_P611783	Fxyd2	0		NM_052823	1.646646067					1	1	0	0	0	0	0	0	0	29730|A_52_P611783	15.5878115357986	True	True
GSM2533547	29964	A_51_P335801	Calb1	0		NM_009788	1.85127156					1	1	0	0	0	0	0	0	0	29964|A_51_P335801	14.6020473561952	True	True
GSM2533547	30753	A_51_P335801	Calb1	0		NM_009788	1.862626192					1	1	0	0	0	0	0	0	0	30753|A_51_P335801	14.4134896146521	True	True
GSM2533547	31276	A_52_P23661	Cldn19	0		NM_001038590	1.464208629					1	1	0	0	0	0	0	0	0	31276|A_52_P23661	8.88683556987348	True	True
GSM2533547	33630	A_52_P244931	Slc8a1	0		AK048160	-0.2748432257					0	0	0	0	0	0	0	0	0	33630|A_52_P244931	7.04811830428582	True	False
GSM2533547	37269	A_51_P445985	Slc12a3	0		NM_019415	1.614488605					1	1	0	0	0	0	0	0	0	37269|A_51_P445985	12.3187832689033	True	True
GSM2533547	38687	A_52_P515497	Atp1a1	0		NM_144900	1.383838602					1	1	0	0	0	0	0	0	0	38687|A_52_P515497	16.314658895669	True	True
GSM2533547	40389	A_52_P184322	Trpm6	0		NM_153417	0.6320740332					1	1	0	0	0	0	0	0	0	40389|A_52_P184322	7.83032607356368	True	True
GSM2533547	40926	A_51_P197499	Bsnd	0		NM_080458	0.8418313969					1	1	0	0	0	0	0	0	0	40926|A_51_P197499	8.34322935354285	True	True
GSM2533547	44562	A_51_P335801	Calb1	0		NM_009788	1.847648458					1	1	0	0	0	0	0	0	0	44562|A_51_P335801	14.1043454886472	True	True
GSM2533547	44811	A_51_P222543	Atp2b1	0		NM_026482	-0.2064688846					1	1	0	0	0	0	0	0	0	44811|A_51_P222543	8.26487829689855	True	True
GSM2533547	45034	A_52_P152274	Clcnka	0		NM_024412	1.338235694					1	1	0	0	0	0	0	0	0	45034|A_52_P152274	9.13330438359944	True	True
GSM2533548	2344	A_51_P335801	Calb1	0		NM_009788	1.894305956					1	1	0	0	0	0	0	0	0	2344|A_51_P335801	14.3430497683432	True	True
GSM2533548	3560	A_51_P230799	Atp2b1	0		NM_026482	-0.1233816458					1	1	0	0	0	0	0	0	0	3560|A_51_P230799	7.56076769458159	True	True
GSM2533548	5551	A_51_P243073	Trpm6	0		AK080899	0.05380272077					0	0	0	0	0	0	0	0	0	5551|A_51_P243073	7.08915943967207	True	False
GSM2533548	5837	A_51_P428512	Cldn16	0		NM_053241	1.513235775					0	1	0	0	0	0	0	0	0	5837|A_51_P428512	8.19396361329937	True	True
GSM2533548	5868	A_51_P281586	Cnnm2	0		NM_033569	0.632875506					1	1	0	0	0	0	0	0	0	5868|A_51_P281586	8.77234342701333	True	True
GSM2533548	7768	A_51_P335801	Calb1	0		NM_009788	1.90964304					1	1	0	0	0	0	0	0	0	7768|A_51_P335801	14.4620579843634	True	True
GSM2533548	10045	A_51_P442227	Slc12a1	0		U61381	0.8241517572					0	1	0	0	0	0	0	0	0	10045|A_51_P442227	7.3372227642204	True	True
GSM2533548	10087	A_52_P260659	Kcnj10	0		NM_001039484	2.083957917					1	1	0	0	0	0	0	0	0	10087|A_52_P260659	11.3242333088849	True	True
GSM2533548	11353	A_51_P335801	Calb1	0		NM_009788	1.888320549					1	1	0	0	0	0	0	0	0	11353|A_51_P335801	14.6744249901313	True	True
GSM2533548	11562	A_51_P300817	Atp1a1	0		NM_144900	1.498823758					1	1	0	0	0	0	0	0	0	11562|A_51_P300817	17.2612853631775	True	True
GSM2533548	12114	A_51_P151484	Atp1b1	0		NM_009721	1.679172535					1	1	0	0	0	0	0	0	0	12114|A_51_P151484	14.6252939931172	True	True
GSM2533548	12522	A_51_P335801	Calb1	0		NM_009788	1.882217571					1	1	0	0	0	0	0	0	0	12522|A_51_P335801	14.6917262067769	True	True
GSM2533548	12999	A_52_P348986	Atp2b1	0		NM_026482	-0.327684686					1	1	0	0	0	0	0	0	0	12999|A_52_P348986	9.45411685257652	True	True
GSM2533548	13287	A_52_P26118	Slc12a1	0		NM_001079690	2.577248498					1	1	0	0	0	0	0	0	0	13287|A_52_P26118	14.5823821662341	True	True
GSM2533548	15381	A_51_P352572	Clcnkb	0		AF124847	0.8017629183					1	1	0	0	0	0	0	0	0	15381|A_51_P352572	8.04132782634444	True	True
GSM2533548	15729	A_51_P335801	Calb1	0		NM_009788	1.92448173					1	1	0	0	0	0	0	0	0	15729|A_51_P335801	14.634053619179	True	True
GSM2533548	15983	A_52_P550331	Kcnj16	0		NM_010604	2.238444013					0	1	0	0	0	0	0	0	0	15983|A_52_P550331	9.5044558681663	True	True
GSM2533548	16664	A_51_P277373	Slc8a1	0		NM_001286684	1.245077689					1	1	0	0	0	0	0	0	0	16664|A_51_P277373	8.66683803683445	True	True
GSM2533548	18179	A_52_P313284	Slc8a1	0		NR_104580	0.711061865					1	1	0	0	0	0	0	0	0	18179|A_52_P313284	8.03871391156626	True	True
GSM2533548	18232	A_51_P171332	Cldn19	0		NM_153105	1.329499811					1	1	0	0	0	0	0	0	0	18232|A_51_P171332	8.80857404196223	True	True
GSM2533548	18861	A_51_P239601	Trpv5	0		NM_001007572	1.199412649					0	1	0	0	0	0	0	0	0	18861|A_51_P239601	7.60200701090193	True	True
GSM2533548	19028	A_52_P231461	Slc8a1	0		NM_011406	1.404208818					0	1	0	0	0	0	0	0	0	19028|A_52_P231461	7.77452771367453	True	True
GSM2533548	20241	A_51_P335801	Calb1	0		NM_009788	1.918626324					1	1	0	0	0	0	0	0	0	20241|A_51_P335801	14.677503273834	True	True
GSM2533548	22525	A_52_P562704	Slc8a1	0		NM_011406	0.7324825042					1	1	0	0	0	0	0	0	0	22525|A_52_P562704	8.49406780258792	True	True
GSM2533548	22740	A_52_P550325	Kcnj16	0		NM_010604	1.940197458					1	1	0	0	0	0	0	0	0	22740|A_52_P550325	14.2365716242809	True	True
GSM2533548	23878	A_51_P335801	Calb1	0		NM_009788	1.883345008					1	1	0	0	0	0	0	0	0	23878|A_51_P335801	14.6582778507305	True	True
GSM2533548	26196	A_51_P357773	Kcnj16	0		NM_010604	1.934831708					0	1	0	0	0	0	0	0	0	26196|A_51_P357773	9.74576226283035	True	True
GSM2533548	26242	A_52_P499907	Kcnj1	0		NM_019659	2.342937187					1	1	0	0	0	0	0	0	0	26242|A_52_P499907	14.8100920978561	True	True
GSM2533548	27676	A_52_P351913	Atp2b1	0		AK053569	-0.04838250434					1	1	0	0	0	0	0	0	0	27676|A_52_P351913	7.65544150651487	True	True
GSM2533548	29730	A_52_P611783	Fxyd2	0		NM_052823	1.68968467					1	1	0	0	0	0	0	0	0	29730|A_52_P611783	15.5740125318824	True	True
GSM2533548	29964	A_51_P335801	Calb1	0		NM_009788	1.928507963					1	1	0	0	0	0	0	0	0	29964|A_51_P335801	14.8241285022471	True	True
GSM2533548	30753	A_51_P335801	Calb1	0		NM_009788	1.875244061					1	1	0	0	0	0	0	0	0	30753|A_51_P335801	14.5765067627222	True	True
GSM2533548	31276	A_52_P23661	Cldn19	0		NM_001038590	1.284341047					1	1	0	0	0	0	0	0	0	31276|A_52_P23661	9.25293354622028	True	True
GSM2533548	33630	A_52_P244931	Slc8a1	0		AK048160	0.0					0	0	0	0	0	0	0	0	0	33630|A_52_P244931	7.03288417124641	True	False
GSM2533548	37269	A_51_P445985	Slc12a3	0		NM_019415	1.628682093					1	1	0	0	0	0	0	0	0	37269|A_51_P445985	12.4998753747197	True	True
GSM2533548	38687	A_52_P515497	Atp1a1	0		NM_144900	1.405347352					1	1	0	0	0	0	0	0	0	38687|A_52_P515497	15.9226848173623	True	True
GSM2533548	40389	A_52_P184322	Trpm6	0		NM_153417	0.8180733822					1	1	0	0	0	0	0	0	0	40389|A_52_P184322	7.90796714391021	True	True
GSM2533548	40926	A_51_P197499	Bsnd	0		NM_080458	0.8369027377					1	1	0	0	0	0	0	0	0	40926|A_51_P197499	8.5207399794153	True	True
GSM2533548	44562	A_51_P335801	Calb1	0		NM_009788	1.858276333					1	1	0	0	0	0	0	0	0	44562|A_51_P335801	14.0535470518775	True	True
GSM2533548	44811	A_51_P222543	Atp2b1	0		NM_026482	-0.2083563617					1	1	0	0	0	0	0	0	0	44811|A_51_P222543	8.08287789959515	True	True
GSM2533548	45034	A_52_P152274	Clcnka	0		NM_024412	1.402473025					1	1	0	0	0	0	0	0	0	45034|A_52_P152274	9.82959743071749	True	True
GSM2533549	2344	A_51_P335801	Calb1	0		NM_009788	1.917570697					1	1	0	0	0	0	0	0	0	2344|A_51_P335801	13.9803589185477	True	True
GSM2533549	3560	A_51_P230799	Atp2b1	0		NM_026482	-0.1490295332					1	1	0	0	0	0	0	0	0	3560|A_51_P230799	7.55908881122448	True	True
GSM2533549	5551	A_51_P243073	Trpm6	0		AK080899	0.005626521476					0	0	0	0	0	0	0	0	0	5551|A_51_P243073	7.10443610244297	True	False
GSM2533549	5837	A_51_P428512	Cldn16	0		NM_053241	1.679805245					0	1	0	0	0	0	0	0	0	5837|A_51_P428512	8.35230962499297	True	True
GSM2533549	5868	A_51_P281586	Cnnm2	0		NM_033569	0.6578389152					1	1	0	0	0	0	0	0	0	5868|A_51_P281586	8.79067331264878	True	True
GSM2533549	7768	A_51_P335801	Calb1	0		NM_009788	1.904549421					1	1	0	0	0	0	0	0	0	7768|A_51_P335801	14.1770070681841	True	True
GSM2533549	10045	A_51_P442227	Slc12a1	0		U61381	0.6760067845					0	1	0	0	0	0	0	0	0	10045|A_51_P442227	7.3026864462792	True	True
GSM2533549	10087	A_52_P260659	Kcnj10	0		NM_001039484	2.011550477					1	1	0	0	0	0	0	0	0	10087|A_52_P260659	11.655246264577	True	True
GSM2533549	11353	A_51_P335801	Calb1	0		NM_009788	1.880508881					1	1	0	0	0	0	0	0	0	11353|A_51_P335801	14.4366917984592	True	True
GSM2533549	11562	A_51_P300817	Atp1a1	0		NM_144900	1.508311297					1	1	0	0	0	0	0	0	0	11562|A_51_P300817	17.2612853631775	True	True
GSM2533549	12114	A_51_P151484	Atp1b1	0		NM_009721	1.75447283					1	1	0	0	0	0	0	0	0	12114|A_51_P151484	14.865786323608	True	True
GSM2533549	12522	A_51_P335801	Calb1	0		NM_009788	1.886720101					1	1	0	0	0	0	0	0	0	12522|A_51_P335801	14.3932449953606	True	True
GSM2533549	12999	A_52_P348986	Atp2b1	0		NM_026482	-0.221893609					1	1	0	0	0	0	0	0	0	12999|A_52_P348986	9.7820542729988	True	True
GSM2533549	13287	A_52_P26118	Slc12a1	0		NM_001079690	2.57725392					1	1	0	0	0	0	0	0	0	13287|A_52_P26118	14.7211130716799	True	True
GSM2533549	15381	A_51_P352572	Clcnkb	0		AF124847	0.8401293602					1	1	0	0	0	0	0	0	0	15381|A_51_P352572	8.06209976766458	True	True
GSM2533549	15729	A_51_P335801	Calb1	0		NM_009788	1.906388971					1	1	0	0	0	0	0	0	0	15729|A_51_P335801	14.3878499538915	True	True
GSM2533549	15983	A_52_P550331	Kcnj16	0		NM_010604	2.171674359					0	1	0	0	0	0	0	0	0	15983|A_52_P550331	9.77140757508152	True	True
GSM2533549	16664	A_51_P277373	Slc8a1	0		NM_001286684	1.220791444					1	1	0	0	0	0	0	0	0	16664|A_51_P277373	8.60899393558818	True	True
GSM2533549	18179	A_52_P313284	Slc8a1	0		NR_104580	0.7704325362					1	1	0	0	0	0	0	0	0	18179|A_52_P313284	8.14541554864464	True	True
GSM2533549	18232	A_51_P171332	Cldn19	0		NM_153105	1.196361938					1	1	0	0	0	0	0	0	0	18232|A_51_P171332	8.46986946698516	True	True
GSM2533549	18861	A_51_P239601	Trpv5	0		NM_001007572	1.110388503					0	1	0	0	0	0	0	0	0	18861|A_51_P239601	7.66917395880891	True	True
GSM2533549	19028	A_52_P231461	Slc8a1	0		NM_011406	1.388226341					0	1	0	0	0	0	0	0	0	19028|A_52_P231461	7.67320700804405	True	True
GSM2533549	20241	A_51_P335801	Calb1	0		NM_009788	1.896317802					1	1	0	0	0	0	0	0	0	20241|A_51_P335801	14.3507645759739	True	True
GSM2533549	22525	A_52_P562704	Slc8a1	0		NM_011406	0.7082459008					1	1	0	0	0	0	0	0	0	22525|A_52_P562704	8.37303524203531	True	True
GSM2533549	22740	A_52_P550325	Kcnj16	0		NM_010604	1.970159458					1	1	0	0	0	0	0	0	0	22740|A_52_P550325	14.4971547200132	True	True
GSM2533549	23878	A_51_P335801	Calb1	0		NM_009788	1.871594831					1	1	0	0	0	0	0	0	0	23878|A_51_P335801	14.2866563393817	True	True
GSM2533549	26196	A_51_P357773	Kcnj16	0		NM_010604	1.779356412					1	1	0	0	0	0	0	0	0	26196|A_51_P357773	9.9725445628611	True	True
GSM2533549	26242	A_52_P499907	Kcnj1	0		NM_019659	2.368144293					1	1	0	0	0	0	0	0	0	26242|A_52_P499907	14.9853596359283	True	True
GSM2533549	27676	A_52_P351913	Atp2b1	0		AK053569	0.08727127365					1	1	0	0	0	0	0	0	0	27676|A_52_P351913	7.84163828807417	True	True
GSM2533549	29730	A_52_P611783	Fxyd2	0		NM_052823	1.684752087					1	1	0	0	0	0	0	0	0	29730|A_52_P611783	15.6101617632191	True	True
GSM2533549	29964	A_51_P335801	Calb1	0		NM_009788	1.912927243					1	1	0	0	0	0	0	0	0	29964|A_51_P335801	14.4656647059662	True	True
GSM2533549	30753	A_51_P335801	Calb1	0		NM_009788	1.879727642					1	1	0	0	0	0	0	0	0	30753|A_51_P335801	14.2671039515626	True	True
GSM2533549	31276	A_52_P23661	Cldn19	0		NM_001038590	1.34191337					1	1	0	0	0	0	0	0	0	31276|A_52_P23661	9.21841472286403	True	True
GSM2533549	33630	A_52_P244931	Slc8a1	0		AK048160	0.0					0	0	0	0	0	0	0	0	0	33630|A_52_P244931	7.00319769327201	True	False
GSM2533549	37269	A_51_P445985	Slc12a3	0		NM_019415	1.646021929					1	1	0	0	0	0	0	0	0	37269|A_51_P445985	12.110572055889	True	True
GSM2533549	38687	A_52_P515497	Atp1a1	0		NM_144900	1.466978152					1	1	0	0	0	0	0	0	0	38687|A_52_P515497	16.0690756258031	True	True
GSM2533549	40389	A_52_P184322	Trpm6	0		NM_153417	0.6257778513					1	1	0	0	0	0	0	0	0	40389|A_52_P184322	7.75337128642786	True	True
GSM2533549	40926	A_51_P197499	Bsnd	0		NM_080458	0.8176771946					1	1	0	0	0	0	0	0	0	40926|A_51_P197499	8.2984944758328	True	True
GSM2533549	44562	A_51_P335801	Calb1	0		NM_009788	1.896290731					1	1	0	0	0	0	0	1	0	44562|A_51_P335801	13.7858703929179	False	False
GSM2533549	44811	A_51_P222543	Atp2b1	0		NM_026482	-0.1133840238					1	1	0	0	0	0	0	0	0	44811|A_51_P222543	8.25838007985522	True	True
GSM2533549	45034	A_52_P152274	Clcnka	0		NM_024412	1.344016692					1	1	0	0	0	0	0	0	0	45034|A_52_P152274	9.1397226213475	True	True
GSM2533550	2344	A_51_P335801	Calb1	0		NM_009788	1.954142711					1	1	0	0	0	0	0	1	0	2344|A_51_P335801	13.8796997984374	False	False
GSM2533550	3560	A_51_P230799	Atp2b1	0		NM_026482	-0.2840859364					1	1	0	0	0	0	0	0	0	3560|A_51_P230799	7.53202835227468	True	True
GSM2533550	5551	A_51_P243073	Trpm6	0		AK080899	0.0					0	0	0	0	0	0	0	0	0	5551|A_51_P243073	7.06169387286003	True	False
GSM2533550	5837	A_51_P428512	Cldn16	0		NM_053241	1.639083804					0	1	0	0	0	0	0	0	0	5837|A_51_P428512	8.05499256003898	True	True
GSM2533550	5868	A_51_P281586	Cnnm2	0		NM_033569	0.7356909895					1	1	0	0	0	0	0	0	0	5868|A_51_P281586	8.91403577780063	True	True
GSM2533550	7768	A_51_P335801	Calb1	0		NM_009788	1.921379247					1	1	0	0	0	0	0	0	0	7768|A_51_P335801	14.1621879104105	True	True
GSM2533550	10045	A_51_P442227	Slc12a1	0		U61381	0.4077539277					0	0	0	0	0	0	0	0	0	10045|A_51_P442227	7.19646263711617	True	False
GSM2533550	10087	A_52_P260659	Kcnj10	0		NM_001039484	2.125498205					1	1	0	0	0	0	0	0	0	10087|A_52_P260659	11.0296298353963	True	True
GSM2533550	11353	A_51_P335801	Calb1	0		NM_009788	1.920683586					1	1	0	0	0	0	0	0	0	11353|A_51_P335801	14.3374711973283	True	True
GSM2533550	11562	A_51_P300817	Atp1a1	0		NM_144900	1.524375408					1	1	0	0	0	0	0	0	0	11562|A_51_P300817	17.3043479888756	True	True
GSM2533550	12114	A_51_P151484	Atp1b1	0		NM_009721	1.738833864					1	1	0	0	0	0	0	0	0	12114|A_51_P151484	14.7958609956757	True	True
GSM2533550	12522	A_51_P335801	Calb1	0		NM_009788	1.924375937					1	1	0	0	0	0	0	0	0	12522|A_51_P335801	14.3208918501019	True	True
GSM2533550	12999	A_52_P348986	Atp2b1	0		NM_026482	-0.3512172809					1	1	0	0	0	0	0	0	0	12999|A_52_P348986	9.39215961346244	True	True
GSM2533550	13287	A_52_P26118	Slc12a1	0		NM_001079690	2.49367581					1	1	0	0	0	0	0	0	0	13287|A_52_P26118	14.1536762954762	True	True
GSM2533550	15381	A_51_P352572	Clcnkb	0		AF124847	0.8883049832					1	1	0	0	0	0	0	0	0	15381|A_51_P352572	8.18921519747006	True	True
GSM2533550	15729	A_51_P335801	Calb1	0		NM_009788	1.965473756					1	1	0	0	0	0	0	0	0	15729|A_51_P335801	14.2217848932114	True	True
GSM2533550	15983	A_52_P550331	Kcnj16	0		NM_010604	2.548434078					0	1	0	0	0	0	0	0	0	15983|A_52_P550331	9.98652840399735	True	True
GSM2533550	16664	A_51_P277373	Slc8a1	0		NM_001286684	1.199562568					1	1	0	0	0	0	0	0	0	16664|A_51_P277373	8.55361712615004	True	True
GSM2533550	18179	A_52_P313284	Slc8a1	0		NR_104580	0.8092331952					1	1	0	0	0	0	0	0	0	18179|A_52_P313284	8.03791519824952	True	True
GSM2533550	18232	A_51_P171332	Cldn19	0		NM_153105	1.038406962					1	1	0	0	0	0	0	0	0	18232|A_51_P171332	8.20994414709358	True	True
GSM2533550	18861	A_51_P239601	Trpv5	0		NM_001007572	1.132878525					0	1	0	0	0	0	0	0	0	18861|A_51_P239601	7.48421320577351	True	True
GSM2533550	19028	A_52_P231461	Slc8a1	0		NM_011406	1.322971441					0	1	0	0	0	0	0	0	0	19028|A_52_P231461	7.61335516837358	True	True
GSM2533550	20241	A_51_P335801	Calb1	0		NM_009788	1.95977757					1	1	0	0	0	0	0	0	0	20241|A_51_P335801	14.2692655598317	True	True
GSM2533550	22525	A_52_P562704	Slc8a1	0		NM_011406	0.7577290505					1	1	0	0	0	0	0	0	0	22525|A_52_P562704	8.3588819429124	True	True
GSM2533550	22740	A_52_P550325	Kcnj16	0		NM_010604	1.991206101					1	1	0	0	0	0	0	0	0	22740|A_52_P550325	14.6713097523398	True	True
GSM2533550	23878	A_51_P335801	Calb1	0		NM_009788	1.92348208					1	1	0	0	0	0	0	0	0	23878|A_51_P335801	14.1963991459871	True	True
GSM2533550	26196	A_51_P357773	Kcnj16	0		NM_010604	2.031072239					0	1	0	0	0	0	0	0	0	26196|A_51_P357773	10.1581425506028	True	True
GSM2533550	26242	A_52_P499907	Kcnj1	0		NM_019659	2.386687388					1	1	0	0	0	0	0	0	0	26242|A_52_P499907	14.1559884122231	True	True
GSM2533550	27676	A_52_P351913	Atp2b1	0		AK053569	0.09082153549					1	1	0	0	0	0	0	0	0	27676|A_52_P351913	7.82145127993219	True	True
GSM2533550	29730	A_52_P611783	Fxyd2	0		NM_052823	1.738855381					1	1	0	0	0	0	0	0	0	29730|A_52_P611783	15.5878115357986	True	True
GSM2533550	29964	A_51_P335801	Calb1	0		NM_009788	1.941564415					1	1	0	0	0	0	0	0	0	29964|A_51_P335801	14.340410852496	True	True
GSM2533550	30753	A_51_P335801	Calb1	0		NM_009788	1.930808013					1	1	0	0	0	0	0	0	0	30753|A_51_P335801	14.1729121458655	True	True
GSM2533550	31276	A_52_P23661	Cldn19	0		NM_001038590	1.206314455					1	1	0	0	0	0	0	0	0	31276|A_52_P23661	8.88783289216785	True	True
GSM2533550	33630	A_52_P244931	Slc8a1	0		AK048160	0.0					0	0	0	0	0	0	0	0	0	33630|A_52_P244931	7.11196194901517	True	False
GSM2533550	37269	A_51_P445985	Slc12a3	0		NM_019415	1.701209951					1	1	0	0	0	0	0	0	0	37269|A_51_P445985	11.7654363108198	True	True
GSM2533550	38687	A_52_P515497	Atp1a1	0		NM_144900	1.419443848					1	1	0	0	0	0	0	0	0	38687|A_52_P515497	16.005354113881	True	True
GSM2533550	40389	A_52_P184322	Trpm6	0		NM_153417	0.5928582051					1	1	0	0	0	0	0	0	0	40389|A_52_P184322	7.71950310869746	True	True
GSM2533550	40926	A_51_P197499	Bsnd	0		NM_080458	0.8540610073					1	1	0	0	0	0	0	0	0	40926|A_51_P197499	8.023651587798	True	True
GSM2533550	44562	A_51_P335801	Calb1	0		NM_009788	1.925996562					1	1	0	0	0	0	0	1	0	44562|A_51_P335801	13.6995953101278	False	False
GSM2533550	44811	A_51_P222543	Atp2b1	0		NM_026482	-0.2016441428					1	1	0	0	0	0	0	0	0	44811|A_51_P222543	8.13649762502806	True	True
GSM2533550	45034	A_52_P152274	Clcnka	0		NM_024412	1.521641582					1	1	0	0	0	0	0	0	0	45034|A_52_P152274	9.16863858834514	True	True
GSM2533551	2344	A_51_P335801	Calb1	0		NM_009788	1.996307122					1	1	0	0	0	0	0	0	0	2344|A_51_P335801	12.9224910504457	True	True
GSM2533551	3560	A_51_P230799	Atp2b1	0		NM_026482	-0.2275382958					1	1	0	0	0	0	0	0	0	3560|A_51_P230799	7.52127489864178	True	True
GSM2533551	5551	A_51_P243073	Trpm6	0		AK080899	0.0					0	0	0	0	0	0	0	0	0	5551|A_51_P243073	7.1558312545445	True	False
GSM2533551	5837	A_51_P428512	Cldn16	0		NM_053241	1.366724054					0	1	0	0	0	0	0	0	0	5837|A_51_P428512	8.17112814038147	True	True
GSM2533551	5868	A_51_P281586	Cnnm2	0		NM_033569	0.5980699475					1	1	0	0	0	0	0	0	0	5868|A_51_P281586	8.65479968609274	True	True
GSM2533551	7768	A_51_P335801	Calb1	0		NM_009788	1.978769824					1	1	0	0	0	0	0	0	0	7768|A_51_P335801	13.1897520111974	True	True
GSM2533551	10045	A_51_P442227	Slc12a1	0		U61381	0.214000171					0	0	0	0	0	0	0	0	0	10045|A_51_P442227	7.28271050242456	True	False
GSM2533551	10087	A_52_P260659	Kcnj10	0		NM_001039484	2.155528214					1	1	0	0	0	0	0	0	0	10087|A_52_P260659	11.3308367273924	True	True
GSM2533551	11353	A_51_P335801	Calb1	0		NM_009788	1.940735596					1	1	0	0	0	0	0	0	0	11353|A_51_P335801	13.4057644231515	True	True
GSM2533551	11562	A_51_P300817	Atp1a1	0		NM_144900	1.479333342					1	1	0	0	0	0	0	0	0	11562|A_51_P300817	17.2224910529049	True	True
GSM2533551	12114	A_51_P151484	Atp1b1	0		NM_009721	1.736945878					1	1	0	0	0	0	0	0	0	12114|A_51_P151484	14.8352292576215	True	True
GSM2533551	12522	A_51_P335801	Calb1	0		NM_009788	1.935408407					1	1	0	0	0	0	0	0	0	12522|A_51_P335801	13.3341163858518	True	True
GSM2533551	12999	A_52_P348986	Atp2b1	0		NM_026482	-0.2048249571					1	1	0	0	0	0	0	0	0	12999|A_52_P348986	9.7839918481879	True	True
GSM2533551	13287	A_52_P26118	Slc12a1	0		NM_001079690	2.474496498					1	1	0	0	0	0	0	0	0	13287|A_52_P26118	14.1621879104105	True	True
GSM2533551	15381	A_51_P352572	Clcnkb	0		AF124847	0.8480229838					1	1	0	0	0	0	0	0	0	15381|A_51_P352572	8.01779262941415	True	True
GSM2533551	15729	A_51_P335801	Calb1	0		NM_009788	1.945989947					1	1	0	0	0	0	0	0	0	15729|A_51_P335801	13.2957518453307	True	True
GSM2533551	15983	A_52_P550331	Kcnj16	0		NM_010604	2.187114041					0	1	0	0	0	0	0	0	0	15983|A_52_P550331	10.0475011002595	True	True
GSM2533551	16664	A_51_P277373	Slc8a1	0		NM_001286684	1.009808655					1	1	0	0	0	0	0	0	0	16664|A_51_P277373	8.17701667592193	True	True
GSM2533551	18179	A_52_P313284	Slc8a1	0		NR_104580	0.4614998954					1	1	0	0	0	0	0	0	0	18179|A_52_P313284	7.66512816525604	True	True
GSM2533551	18232	A_51_P171332	Cldn19	0		NM_153105	1.05998358					1	1	0	0	0	0	0	0	0	18232|A_51_P171332	8.2531958675273	True	True
GSM2533551	18861	A_51_P239601	Trpv5	0		NM_001007572	0.9157002433					0	1	0	0	0	0	0	0	0	18861|A_51_P239601	7.41762651363071	True	True
GSM2533551	19028	A_52_P231461	Slc8a1	0		NM_011406	1.080934895					0	1	0	0	0	0	0	0	0	19028|A_52_P231461	7.36098612668996	True	True
GSM2533551	20241	A_51_P335801	Calb1	0		NM_009788	1.964266097					1	1	0	0	0	0	0	0	0	20241|A_51_P335801	13.3290003555277	True	True
GSM2533551	22525	A_52_P562704	Slc8a1	0		NM_011406	0.5551646124					1	1	0	0	0	0	0	0	0	22525|A_52_P562704	7.99596105328058	True	True
GSM2533551	22740	A_52_P550325	Kcnj16	0		NM_010604	1.991537039					1	1	0	0	0	0	0	0	0	22740|A_52_P550325	14.5936569739392	True	True
GSM2533551	23878	A_51_P335801	Calb1	0		NM_009788	1.948702772					1	1	0	0	0	0	0	0	0	23878|A_51_P335801	13.2078946410024	True	True
GSM2533551	26196	A_51_P357773	Kcnj16	0		NM_010604	1.901113943					1	1	0	0	0	0	0	0	0	26196|A_51_P357773	10.1945633197137	True	True
GSM2533551	26242	A_52_P499907	Kcnj1	0		NM_019659	2.375774621					1	1	0	0	0	0	0	0	0	26242|A_52_P499907	14.0365696132334	True	True
GSM2533551	27676	A_52_P351913	Atp2b1	0		AK053569	-0.07110588225					1	1	0	0	0	0	0	0	0	27676|A_52_P351913	7.64067362793037	True	True
GSM2533551	29730	A_52_P611783	Fxyd2	0		NM_052823	1.730514077					1	1	0	0	0	0	0	0	0	29730|A_52_P611783	15.4970169988863	True	True
GSM2533551	29964	A_51_P335801	Calb1	0		NM_009788	1.955133164					1	1	0	0	0	0	0	0	0	29964|A_51_P335801	13.3341163858518	True	True
GSM2533551	30753	A_51_P335801	Calb1	0		NM_009788	1.947285244					1	1	0	0	0	0	0	0	0	30753|A_51_P335801	13.1729339912037	True	True
GSM2533551	31276	A_52_P23661	Cldn19	0		NM_001038590	1.309457462					1	1	0	0	0	0	0	0	0	31276|A_52_P23661	8.80066969569704	True	True
GSM2533551	33630	A_52_P244931	Slc8a1	0		AK048160	0.0					0	0	0	0	0	0	0	0	0	33630|A_52_P244931	7.03603366044205	True	False
GSM2533551	37269	A_51_P445985	Slc12a3	0		NM_019415	1.706963319					1	1	0	0	0	0	0	0	0	37269|A_51_P445985	11.5588799032335	True	True
GSM2533551	38687	A_52_P515497	Atp1a1	0		NM_144900	1.407592388					1	1	0	0	0	0	0	0	0	38687|A_52_P515497	16.05154822596	True	True
GSM2533551	40389	A_52_P184322	Trpm6	0		NM_153417	0.5123858575					1	1	0	0	0	0	0	0	0	40389|A_52_P184322	7.5848104351863	True	True
GSM2533551	40926	A_51_P197499	Bsnd	0		NM_080458	0.6836806862					1	1	0	0	0	0	0	0	0	40926|A_51_P197499	8.0909578557661	True	True
GSM2533551	44562	A_51_P335801	Calb1	0		NM_009788	1.962527211					1	1	0	0	0	0	0	1	0	44562|A_51_P335801	12.7262033996728	False	False
GSM2533551	44811	A_51_P222543	Atp2b1	0		NM_026482	-0.1291812716					1	1	0	0	0	0	0	0	0	44811|A_51_P222543	8.31598668294436	True	True
GSM2533551	45034	A_52_P152274	Clcnka	0		NM_024412	1.357041767					1	1	0	0	0	0	0	0	0	45034|A_52_P152274	8.92230258721314	True	True
GSM2533552	2344	A_51_P335801	Calb1	0		NM_009788	1.867798258					1	1	0	0	0	0	0	0	0	2344|A_51_P335801	13.6380964510864	True	True
GSM2533552	3560	A_51_P230799	Atp2b1	0		NM_026482	-0.2508191723					1	1	0	0	0	0	0	0	0	3560|A_51_P230799	7.46017008288456	True	True
GSM2533552	5551	A_51_P243073	Trpm6	0		AK080899	0.0					0	0	0	0	0	0	0	0	0	5551|A_51_P243073	7.05832137885128	True	False
GSM2533552	5837	A_51_P428512	Cldn16	0		NM_053241	1.674735848					0	1	0	0	0	0	0	0	0	5837|A_51_P428512	8.22454296744986	True	True
GSM2533552	5868	A_51_P281586	Cnnm2	0		NM_033569	0.7941933172					1	1	0	0	0	0	0	0	0	5868|A_51_P281586	8.87442514553421	True	True
GSM2533552	7768	A_51_P335801	Calb1	0		NM_009788	1.856878229					1	1	0	0	0	0	0	0	0	7768|A_51_P335801	13.8883017070954	True	True
GSM2533552	10045	A_51_P442227	Slc12a1	0		U61381	0.5083795107					0	1	0	0	0	0	0	0	0	10045|A_51_P442227	7.3105432312206	True	True
GSM2533552	10087	A_52_P260659	Kcnj10	0		NM_001039484	1.972582235					1	1	0	0	0	0	0	0	0	10087|A_52_P260659	11.1361534551928	True	True
GSM2533552	11353	A_51_P335801	Calb1	0		NM_009788	1.830860953					1	1	0	0	0	0	0	0	0	11353|A_51_P335801	14.0143876029141	True	True
GSM2533552	11562	A_51_P300817	Atp1a1	0		NM_144900	1.368171219					1	1	0	0	0	0	0	0	0	11562|A_51_P300817	16.7584582831615	True	True
GSM2533552	12114	A_51_P151484	Atp1b1	0		NM_009721	1.717959969					1	1	0	0	0	0	0	0	0	12114|A_51_P151484	14.8435157157153	True	True
GSM2533552	12522	A_51_P335801	Calb1	0		NM_009788	1.832910723					1	1	0	0	0	0	0	0	0	12522|A_51_P335801	14.0028217649711	True	True
GSM2533552	12999	A_52_P348986	Atp2b1	0		NM_026482	-0.3167319414					1	1	0	0	0	0	0	0	0	12999|A_52_P348986	9.59939672526227	True	True
GSM2533552	13287	A_52_P26118	Slc12a1	0		NM_001079690	2.442764077					1	1	0	0	0	0	0	0	0	13287|A_52_P26118	13.8685691523491	True	True
GSM2533552	15381	A_51_P352572	Clcnkb	0		AF124847	1.220419317					1	1	0	0	0	0	0	0	0	15381|A_51_P352572	8.66701301314959	True	True
GSM2533552	15729	A_51_P335801	Calb1	0		NM_009788	1.847728608					1	1	0	0	0	0	0	0	0	15729|A_51_P335801	13.6731667063305	True	True
GSM2533552	15983	A_52_P550331	Kcnj16	0		NM_010604	1.789370874					1	1	0	0	0	0	0	0	0	15983|A_52_P550331	10.0608956309907	True	True
GSM2533552	16664	A_51_P277373	Slc8a1	0		NM_001286684	1.51527641					0	1	0	0	0	0	0	0	0	16664|A_51_P277373	8.49589962077881	True	True
GSM2533552	18179	A_52_P313284	Slc8a1	0		NR_104580	0.5507814806					1	1	0	0	0	0	0	0	0	18179|A_52_P313284	7.90040299239285	True	True
GSM2533552	18232	A_51_P171332	Cldn19	0		NM_153105	1.100322898					0	1	0	0	0	0	0	0	0	18232|A_51_P171332	8.0453471507555	True	True
GSM2533552	18861	A_51_P239601	Trpv5	0		NM_001007572	1.204618435					0	1	0	0	0	0	0	0	0	18861|A_51_P239601	7.47641895973974	True	True
GSM2533552	19028	A_52_P231461	Slc8a1	0		NM_011406	1.23748534					0	1	0	0	0	0	0	0	0	19028|A_52_P231461	7.53376044439283	True	True
GSM2533552	20241	A_51_P335801	Calb1	0		NM_009788	1.818892378					1	1	0	0	0	0	0	0	0	20241|A_51_P335801	13.7858703929179	True	True
GSM2533552	22525	A_52_P562704	Slc8a1	0		NM_011406	0.839357308					1	1	0	0	0	0	0	0	0	22525|A_52_P562704	8.19784712756526	True	True
GSM2533552	22740	A_52_P550325	Kcnj16	0		NM_010604	1.876512115					1	1	0	0	0	0	0	0	0	22740|A_52_P550325	14.6582778507305	True	True
GSM2533552	23878	A_51_P335801	Calb1	0		NM_009788	1.816148408					1	1	0	0	0	0	0	0	0	23878|A_51_P335801	13.8485464275831	True	True
GSM2533552	26196	A_51_P357773	Kcnj16	0		NM_010604	1.891217004					1	1	0	0	0	0	0	0	0	26196|A_51_P357773	10.2720656624802	True	True
GSM2533552	26242	A_52_P499907	Kcnj1	0		NM_019659	2.262160248					1	1	0	0	0	0	0	0	0	26242|A_52_P499907	14.4032872399581	True	True
GSM2533552	27676	A_52_P351913	Atp2b1	0		AK053569	-0.1126239759					1	1	0	0	0	0	0	0	0	27676|A_52_P351913	7.69621831712852	True	True
GSM2533552	29730	A_52_P611783	Fxyd2	0		NM_052823	1.640866762					1	1	0	0	0	0	0	0	0	29730|A_52_P611783	15.6156715046535	True	True
GSM2533552	29964	A_51_P335801	Calb1	0		NM_009788	1.810543105					1	1	0	0	0	0	0	0	0	29964|A_51_P335801	14.0264545877825	True	True
GSM2533552	30753	A_51_P335801	Calb1	0		NM_009788	1.81047325					1	1	0	0	0	0	0	0	0	30753|A_51_P335801	13.8156404458333	True	True
GSM2533552	31276	A_52_P23661	Cldn19	0		NM_001038590	1.229439779					1	1	0	0	0	0	0	0	0	31276|A_52_P23661	8.64938540622107	True	True
GSM2533552	33630	A_52_P244931	Slc8a1	0		AK048160	0.0					0	0	0	0	0	0	0	0	0	33630|A_52_P244931	7.08619616523799	True	False
GSM2533552	37269	A_51_P445985	Slc12a3	0		NM_019415	1.604595588					1	1	0	0	0	0	0	0	0	37269|A_51_P445985	11.5505119672222	True	True
GSM2533552	38687	A_52_P515497	Atp1a1	0		NM_144900	1.33513258					1	1	0	0	0	0	0	0	0	38687|A_52_P515497	15.770819252492	True	True
GSM2533552	40389	A_52_P184322	Trpm6	0		NM_153417	0.4640560392					1	1	0	0	0	0	0	0	0	40389|A_52_P184322	7.7599443010743	True	True
GSM2533552	40926	A_51_P197499	Bsnd	0		NM_080458	0.6641937064					1	1	0	0	0	0	0	0	0	40926|A_51_P197499	8.25215129402105	True	True
GSM2533552	44562	A_51_P335801	Calb1	0		NM_009788	1.810053038					1	1	0	0	0	0	0	1	0	44562|A_51_P335801	13.2281392143739	False	False
GSM2533552	44811	A_51_P222543	Atp2b1	0		NM_026482	-0.2053341613					1	1	0	0	0	0	0	0	0	44811|A_51_P222543	8.11872598691135	True	True
GSM2533552	45034	A_52_P152274	Clcnka	0		NM_024412	1.222816844					1	1	0	0	0	0	0	0	0	45034|A_52_P152274	8.82330283252361	True	True
